completions,attempts,passing_yards,passing_tds,passing_interceptions,carries,rushing_yards,rushing_tds,rushing_2pt_conversions,sacks_suffered,sack_yards_lost,sack_fumbles,sack_fumbles_lost,passing_air_yards,passing_yards_after_catch,passing_first_downs,passing_epa,passing_cpoe,pacr
197,334.0,2347,22,10,44,218,4,0,0,0,0,0,0,0,0,0.0,,
16,24.0,173,1,0,6,7,0,0,0,0,0,0,0,0,0,0.0,,
27,45.0,188,1,1,13,10,0,0,0,0,0,0,0,0,0,0.0,,
40,73.0,480,5,0,24,-5,1,0,0,0,0,0,0,0,0,0.0,,
107,216.0,957,4,4,43,3,0,0,0,0,0,0,0,0,0,0.0,,
19,32.0,223,1,1,1,-6,0,0,0,0,0,0,0,0,0,0.0,,
1,1.0,19,0,0,1,8,0,0,0,0,0,0,0,0,0,0.0,,
1,3.0,8,0,0,3,-2,0,0,1,-7,0,0,7,1,0,-2.6052306575584225,21.733033657073975,1.1428571428571428
21,37.0,225,0,1,5,39,1,0,5,-43,0,0,313,130,11,-8.248081752186408,-37.34947303310037,0.3652597402597403
1,1.0,20,0,0,0,0,0,0,1,-12,0,0,18,2,1,-1.2490409561432898,46.14003300666809,1.1111111111111112
4,5.0,19,0,0,0,0,0,0,1,-9,0,0,-8,20,0,-5.251072044600733,2.957920730113983,0.0
1,1.0,31,0,0,4,-1,0,0,0,0,0,0,0,0,0,0.0,,
4,9.0,58,2,0,2,-5,0,0,0,0,0,0,0,0,0,0.0,,
2,4.0,10,0,0,0,0,0,0,0,0,0,0,0,0,0,0.0,,
130,222.0,1494,10,8,20,-12,0,0,0,0,0,0,0,0,0,0.0,,
38,74.0,565,1,2,12,76,1,0,0,0,0,0,0,0,0,0.0,,
21,28.0,373,1,1,4,19,0,0,0,0,0,0,0,0,0,0.0,,
372,597.0,4442,25,2,43,269,2,1,49,-353,4,3,5241,2134,200,53.97709843791431,-0.20690420050219255,0.8507061348438009
400,635.0,4571,30,6,52,197,1,1,41,-322,5,3,5561,2294,217,82.59070298164625,2.071479338713539,0.8663989000387505
428,610.0,4941,53,6,42,146,4,0,25,-214,1,1,4800,2575,250,209.5500701654558,7.00437081909784,1.0724350877677595
386,560.0,4340,37,4,33,101,3,0,35,-217,2,0,4304,2305,221,127.73082298495487,5.95493534985539,1.0506562416654897
350,542.0,3695,26,12,34,94,1,0,32,-258,4,2,4327,1893,177,-5.150945535983277,1.0704132273034586,0.965035884016148
0,1.0,0,0,0,0,0,0,0,1,-10,0,0,17,0,0,-2.0319598843343556,,0.0
368,584.0,3897,28,11,22,107,0,0,40,-302,5,2,4022,2119,192,11.295307453811038,-2.3488512487963877,1.046191963724974
344,531.0,3468,24,8,21,61,1,0,33,-216,5,2,3298,2192,149,1.7170857693713835,-0.8150096604042142,1.268175206527548
66,113.0,700,4,2,7,12,0,0,8,-77,2,1,1009,409,33,-20.722332721937022,-2.458915050047115,0.7269123098773561
21,39.0,392,1,3,25,-22,0,0,0,0,0,0,0,0,0,0.0,,
116,213.0,1121,7,9,119,299,4,0,0,0,0,0,0,0,0,0.0,,
0,1.0,0,0,0,0,0,0,0,0,0,0,0,0,0,0,0.0,,
70,104.0,711,5,4,16,-15,1,0,0,0,0,0,0,0,0,0.0,,
258,387.0,2685,29,5,39,-188,0,0,0,0,0,0,0,0,0,0.0,,
237,369.0,2401,13,10,44,-105,0,0,0,0,0,0,0,0,0,0.0,,
35,58.0,249,1,2,42,2,0,0,0,0,0,0,0,0,0,0.0,,
7,12.0,105,1,1,14,59,0,0,0,0,0,0,0,0,0,0.0,,
28,50.0,268,1,0,11,-8,0,0,0,0,0,0,0,0,0,0.0,,
102,188.0,1294,9,10,47,57,1,0,0,0,0,0,0,0,0,0.0,,
147,252.0,1619,12,8,60,60,2,0,0,0,0,0,0,0,0,0.0,,
214,312.0,2958,19,4,23,-57,0,0,0,0,0,0,0,0,0,0.0,,
204,333.0,2769,25,6,25,-94,0,0,0,0,0,0,0,0,0,0.0,,
192,324.0,2415,13,12,96,234,3,0,0,0,0,0,0,0,0,0.0,,
128,203.0,1392,10,3,81,227,6,0,0,0,0,0,0,0,0,0.0,,
16,29.0,183,2,1,17,171,2,0,0,0,0,0,0,0,0,0.0,,
2,6.0,6,0,0,0,0,0,0,0,0,0,0,0,0,0,0.0,,
0,1.0,0,0,0,0,0,0,0,0,0,0,0,0,0,0,0.0,,
213,343.0,2218,12,7,17,11,1,0,24,-173,3,2,2561,1063,107,-17.799607789448427,-3.612946339713692,0.9037146923097293
154,243.0,1612,8,4,21,30,1,0,10,-82,0,0,1921,731,78,2.408663681980774,-2.459299498828242,0.8082656510990227
10,22.0,102,0,0,1,7,0,0,1,-5,0,0,184,31,5,-5.86369217034538,-23.571797934445467,0.5543478260869565
98,165.0,1083,6,5,21,3,2,0,0,0,0,0,0,0,0,0.0,,
6,9.0,78,1,0,31,93,6,0,0,0,0,0,0,0,0,0.0,,
21,50.0,228,0,3,8,-8,1,0,0,0,0,0,0,0,0,0.0,,
87,144.0,955,9,3,32,113,1,0,0,0,0,0,0,0,0,0.0,,
4,11.0,39,0,1,0,0,0,0,0,0,0,0,0,0,0,0.0,,
112,194.0,1436,10,6,76,225,4,0,0,0,0,0,0,0,0,0.0,,
2,3.0,13,0,0,1,4,0,0,0,0,0,0,0,0,0,0.0,,
204,340.0,2442,17,12,24,-38,0,0,0,0,0,0,0,0,0,0.0,,
1,1.0,6,0,0,2,-3,0,0,0,0,0,0,0,0,0,0.0,,
18,24.0,286,5,1,13,190,1,0,0,0,0,0,0,0,0,0.0,,
0,1.0,0,0,1,0,0,0,0,0,0,0,0,0,0,0,0.0,,
111,173.0,1267,10,3,31,-59,1,0,0,0,0,0,0,0,0,0.0,,
33,47.0,332,2,0,6,-15,0,0,0,0,0,0,0,0,0,0.0,,
11,21.0,130,0,0,8,8,0,0,0,0,0,0,0,0,0,0.0,,
3,6.0,80,2,0,0,0,0,0,0,0,0,0,0,0,0,0.0,,
23,38.0,246,1,1,0,0,0,0,0,0,0,0,0,0,0,0.0,,
4,5.0,28,0,0,7,33,1,0,0,0,0,0,0,0,0,0.0,,
26,49.0,151,3,2,57,269,1,0,0,0,0,0,0,0,0,0.0,,
3,3.0,37,0,0,10,42,1,0,0,0,0,0,0,0,0,0.0,,
205,328.0,2180,10,5,41,168,1,0,22,-121,3,1,2650,975,106,-7.5640124047215735,-2.0965298957811247,0.936852666728355
168,252.0,1582,6,8,10,3,0,0,22,-139,1,0,1286,949,74,-32.68786899831443,-2.991539160758019,1.3108666764286467
1,1.0,1,0,0,0,0,0,0,0,0,0,0,1,0,0,-0.04524400760419667,18.01081895828247,1.0
212,354.0,2596,26,4,135,450,7,0,0,0,0,0,0,0,0,0.0,,
216,370.0,2806,23,8,127,589,15,0,0,0,0,0,0,0,0,0.0,,
7,12.0,101,1,1,12,21,0,0,0,0,0,0,0,0,0,0.0,,
117,211.0,1565,7,6,44,-41,0,0,0,0,0,0,0,0,0,0.0,,
189,291.0,2594,19,8,120,347,7,0,0,0,0,0,0,0,0,0.0,,
5,10.0,18,0,0,8,33,0,0,0,0,0,0,0,0,0,0.0,,
35,59.0,636,5,2,19,109,2,0,0,0,0,0,0,0,0,0.0,,
4,13.0,62,0,0,14,55,0,0,0,0,0,0,0,0,0,0.0,,
4,9.0,15,0,0,9,32,0,0,0,0,0,0,0,0,0,0.0,,
4,6.0,27,0,0,14,133,2,0,0,0,0,0,0,0,0,0.0,,
113,160.0,1770,20,1,71,518,4,0,0,0,0,0,0,0,0,0.0,,
187,314.0,2344,16,4,73,109,0,0,0,0,0,0,0,0,0,0.0,,
468,707.0,5018,42,16,56,194,0,0,21,-158,4,2,5406,2064,260,101.210537937082,0.3083854713444606,0.976724451821116
226,365.0,2566,21,11,16,99,0,0,21,-157,1,0,2947,1142,132,26.43002385996771,-3.3626386827156227,0.9277958879622527
314,528.0,3494,16,14,32,73,4,1,37,-249,5,4,4278,1547,170,-15.902740260757046,-3.8365775923877186,0.8297745085443923
216,333.0,2170,14,8,28,114,0,0,24,-184,1,0,2289,1043,116,-11.20087004566314,0.03226493764473588,0.8966436151013265
149,236.0,1515,8,9,16,76,0,0,18,-143,1,1,1643,752,83,-30.054053774520156,0.6884769460509377,1.0944489763497556
252,378.0,2871,18,9,30,54,0,0,25,-189,2,1,2981,1318,135,19.043597040069933,0.3714147528023006,1.001332664489548
34,58.0,361,2,0,3,12,0,0,3,-27,0,0,477,128,17,4.548329591227218,-5.506343590585809,0.7568134171907757
106,160.0,989,7,6,11,34,0,0,7,-37,0,0,1062,459,50,-19.042891326278156,-12.341451448089382,0.825815402540386
25,37.0,293,1,1,5,-2,0,0,8,-54,1,1,348,90,17,-5.661670377857174,9.602464021815358,0.9063510420682303
0,1.0,0,0,1,0,0,0,0,0,0,0,0,2,0,0,-5.569074313913006,-57.41029977798462,0.0
150,231.0,2061,17,5,104,358,6,0,0,0,0,0,0,0,0,0.0,,
7,11.0,124,1,0,3,7,0,0,0,0,0,0,0,0,0,0.0,,
19,28.0,195,2,1,107,527,8,0,0,0,0,0,0,0,0,0.0,,
22,49.0,302,0,2,3,-5,0,0,5,-14,1,1,401,142,13,-16.465219842051994,-12.697199980417887,0.5635882741899934
195,299.0,2200,14,7,53,80,2,0,0,0,0,0,0,0,0,0.0,,
198,320.0,2125,13,11,128,277,2,0,0,0,0,0,0,0,0,0.0,,
275,417.0,3459,23,9,127,650,10,0,0,0,0,0,0,0,0,0.0,,
44,82.0,774,6,4,33,43,2,0,0,0,0,0,0,0,0,0.0,,
8,14.0,32,0,0,5,13,0,0,0,0,0,0,0,0,0,0.0,,
50,84.0,577,3,1,25,136,4,0,7,-29,1,0,676,297,31,6.693791287072113,-5.1702428447174675,1.4780840823477057
126,264.0,1814,8,12,86,499,6,1,14,-115,2,2,3224,776,73,-39.16521618690269,-8.728106780493357,0.7060176038646523
1,2.0,9,0,0,4,-1,0,0,0,0,0,0,31,7,1,-1.2116199531592429,-8.090043067932129,0.2903225806451613
0,2.0,0,0,1,1,8,0,0,0,0,0,0,0,0,0,0.0,,
1,1.0,14,1,0,4,7,0,0,0,0,0,0,0,0,0,0.0,,
61,90.0,938,9,2,25,108,4,0,0,0,0,0,0,0,0,0.0,,
248,404.0,3163,26,7,92,399,10,0,0,0,0,0,0,0,0,0.0,,
45,78.0,479,1,5,33,67,2,0,0,0,0,0,0,0,0,0.0,,
48,95.0,517,5,4,44,133,1,0,0,0,0,0,0,0,0,0.0,,
5,10.0,59,0,0,13,79,1,0,0,0,0,0,0,0,0,0.0,,
1,1.0,21,0,0,3,1,0,0,0,0,0,0,0,0,0,0.0,,
0,4.0,0,0,1,2,14,0,0,0,0,0,0,0,0,0,0.0,,
7,7.0,52,0,0,2,6,0,0,0,0,0,0,0,0,0,0.0,,
58,111.0,848,8,5,53,188,3,0,0,0,0,0,0,0,0,0.0,,
170,271.0,1700,10,12,148,669,3,0,0,0,0,0,0,0,0,0.0,,
68,119.0,797,3,2,63,280,2,0,0,0,0,0,0,0,0,0.0,,
4,7.0,9,0,0,7,-21,0,0,0,0,0,0,0,0,0,0.0,,
17,26.0,142,1,0,13,40,1,0,0,0,0,0,0,0,0,0.0,,
89,171.0,1111,4,5,48,91,4,0,0,0,0,0,0,0,0,0.0,,
47,98.0,517,3,4,37,141,1,0,0,0,0,0,0,0,0,0.0,,
213,395.0,2696,18,7,92,251,3,0,0,0,0,0,0,0,0,0.0,,
229,368.0,3124,20,7,96,-26,4,0,0,0,0,0,0,0,0,0.0,,
1,1.0,0,0,0,0,0,0,0,0,0,0,0,0,0,0,0.0,,
3,6.0,23,1,1,1,13,0,0,0,0,0,0,0,0,0,0.0,,
2,3.0,39,1,0,0,0,0,0,0,0,0,0,0,0,0,0.0,,
24,32.0,228,2,0,9,22,1,0,0,0,0,0,0,0,0,0.0,,
9,15.0,102,1,1,2,20,0,0,0,0,0,0,0,0,0,0.0,,
124,217.0,1597,13,7,20,-79,0,0,0,0,0,0,0,0,0,0.0,,
2,2.0,7,0,0,0,0,0,0,0,0,0,0,0,0,0,0.0,,
1,2.0,40,0,0,0,0,0,0,0,0,0,0,0,0,0,0.0,,
19,32.0,282,2,0,5,14,0,0,0,0,0,0,0,0,0,0.0,,
45,75.0,744,4,5,22,71,1,0,0,0,0,0,0,0,0,0.0,,
211,335.0,2301,15,7,118,239,4,0,0,0,0,0,0,0,0,0.0,,
12,18.0,158,2,0,9,59,1,0,0,0,0,0,0,0,0,0.0,,
22,32.0,219,2,1,15,104,1,0,0,0,0,0,0,0,0,0.0,,
9,24.0,119,1,3,51,240,1,0,0,0,0,0,0,0,0,0.0,,
217,372.0,2712,25,10,113,605,7,0,0,0,0,0,0,0,0,0.0,,
204,341.0,2380,18,6,109,477,8,0,0,0,0,0,0,0,0,0.0,,
92,154.0,1120,8,2,128,568,2,0,0,0,0,0,0,0,0,0.0,,
159,310.0,1846,9,7,193,856,7,0,0,0,0,0,0,0,0,0.0,,
65,92.0,781,5,3,10,0,0,0,6,-40,2,2,624,384,37,7.685017908631561,4.997401954360372,1.244562145811209
127,212.0,1272,6,9,17,83,1,0,25,-191,2,1,1686,637,53,-81.79545271547397,-7.991986088099639,0.9369872497106094
16,31.0,170,1,2,2,2,0,0,1,-5,0,0,220,101,8,-16.848805408400583,-13.554070393244425,0.7727272727272727
310,486.0,3725,27,14,39,131,0,0,25,-173,3,2,4515,1696,171,33.30804157179606,3.0700152544593022,0.8652933049909272
317,534.0,3827,22,21,28,141,3,0,40,-285,4,2,4521,1820,179,-11.71658590377632,-3.6331555062807634,0.8934258467006426
349,557.0,4030,30,9,62,179,1,0,27,-170,4,3,4554,1622,211,104.69737834460929,2.7758514432040986,0.9202150521772824
253,418.0,3010,17,13,37,134,1,0,43,-269,5,3,3659,1383,143,-5.397413046271426,-1.4436767185932478,0.8605238401053656
201,335.0,2163,10,8,31,89,1,0,36,-217,3,1,2276,1127,94,-51.288697183107516,-6.855945276905694,1.0672360110108283
412,643.0,4730,34,12,66,194,1,0,48,-292,5,3,5493,2272,219,65.21260209138454,-0.09114571551803274,0.8979795159700148
422,588.0,4685,43,16,67,401,3,0,41,-250,4,1,4109,2520,236,128.88774369680075,4.5220246659588055,1.215047088074329
343,543.0,3693,26,11,55,382,1,0,36,-234,10,3,4406,1923,172,0.6775508272753221,-2.4748366410730087,0.8695870920678843
61,96.0,615,2,2,11,65,1,0,13,-60,2,2,852,373,26,-29.848879422685854,1.1488184851294285,0.8987552569054943
3,5.0,4,0,0,4,28,0,0,0,0,0,0,0,0,0,0.0,,
1,1.0,43,1,0,0,0,0,0,0,0,0,0,0,0,0,0.0,,
12,22.0,142,1,0,13,32,1,0,0,0,0,0,0,0,0,0.0,,
47,79.0,630,5,3,26,63,0,0,0,0,0,0,0,0,0,0.0,,
69,92.0,577,2,1,55,150,2,0,0,0,0,0,0,0,0,0.0,,
18,30.0,181,0,1,3,15,0,0,0,0,0,0,0,0,0,0.0,,
186,316.0,2159,12,6,95,188,3,0,0,0,0,0,0,0,0,0.0,,
251,387.0,3033,15,7,147,527,11,0,0,0,0,0,0,0,0,0.0,,
206,310.0,2077,12,11,159,998,16,0,0,0,0,0,0,0,0,0.0,,
277,403.0,3230,26,3,242,1468,27,0,0,0,0,0,0,0,0,0.0,,
26,35.0,275,5,1,38,242,4,0,0,0,0,0,0,0,0,0.0,,
182,270.0,1946,11,9,95,297,6,0,0,0,0,0,0,0,0,0.0,,
2,2.0,7,0,0,2,-17,0,0,0,0,0,0,0,0,0,0.0,,
11,22.0,83,1,1,5,-1,0,0,0,0,0,0,0,0,0,0.0,,
293,463.0,3300,27,8,55,-22,1,0,0,0,0,0,0,0,0,0.0,,
219,333.0,2780,22,6,43,-113,0,0,0,0,0,0,0,0,0,0.0,,
23,43.0,219,0,0,6,22,0,0,7,-73,3,2,349,134,11,-27.5776076356174,-2.419303383743554,0.8292066027689031
211,387.0,2581,16,9,80,51,0,0,0,0,0,0,0,0,0,0.0,,
186,362.0,2475,19,9,69,130,2,0,0,0,0,0,0,0,0,0.0,,
78,128.0,943,4,4,14,-7,1,0,0,0,0,0,0,0,0,0.0,,
148,260.0,1813,9,10,33,-201,0,0,0,0,0,0,0,0,0,0.0,,
18,38.0,273,0,2,22,104,1,0,0,0,0,0,0,0,0,0.0,,
452,675.0,5129,34,16,31,98,3,0,24,-166,3,2,5254,2802,248,146.11118901639534,2.7374072007290327,1.0966729370633759
35,62.0,351,0,1,1,7,0,0,2,-7,1,0,576,193,14,-13.165258220506058,-12.541512398855062,0.6346120313862249
446,676.0,4304,37,14,26,11,0,0,13,-118,2,0,4790,2139,222,62.41003472373711,-0.7035291132858486,0.92109523226373
419,649.0,3955,24,10,22,4,1,0,40,-253,9,5,4389,2040,203,-48.948384646677354,-2.0502509788653693,0.9429743256727275
192,291.0,2453,17,6,65,174,5,0,0,0,0,0,0,0,0,0.0,,
2,3.0,3,0,0,1,-2,0,0,0,0,0,0,0,0,0,0.0,,
0,2.0,0,0,0,0,0,0,0,0,0,0,0,0,0,0,0.0,,
50,83.0,420,3,2,13,-17,0,0,0,0,0,0,0,0,0,0.0,,
16,24.0,181,1,0,2,6,0,0,0,0,0,0,0,0,0,0.0,,
169,269.0,2319,16,4,66,25,1,0,0,0,0,0,0,0,0,0.0,,
273,420.0,2881,15,9,81,150,5,0,0,0,0,0,0,0,0,0.0,,
7,16.0,113,0,0,0,0,0,0,0,0,0,0,0,0,0,0.0,,
0,1.0,0,0,1,0,0,0,0,0,0,0,0,0,0,0,0.0,,
6,7.0,50,1,1,5,7,0,0,0,0,0,0,0,0,0,0.0,,
48,79.0,604,3,1,37,161,1,0,0,0,0,0,0,0,0,0.0,,
200,294.0,2072,12,6,116,326,9,0,0,0,0,0,0,0,0,0.0,,
61,101.0,626,4,4,6,0,0,0,5,-37,0,0,710,301,32,-23.27536538691046,-9.905923011959146,0.8414332952820786
9,16.0,143,2,0,9,16,0,0,1,-7,1,0,108,80,5,-0.5905255278180657,-42.381504476070404,1.3240740740740742
7,11.0,67,0,0,9,-7,0,0,1,-10,0,0,90,39,4,0.1918351231798563,-8.095344603061676,1.0880952380952382
6,8.0,29,1,0,0,0,0,0,0,0,0,0,20,37,2,0.2152441979269497,3.490244224667549,1.45
18,35.0,185,0,3,7,45,0,0,1,-9,0,0,198,118,8,-16.143287105163772,-9.541536775128595,0.9610778443113772
145,263.0,1669,10,15,90,-49,3,0,0,0,0,0,0,0,0,0.0,,
42,74.0,459,0,1,29,51,1,0,0,0,0,0,0,0,0,0.0,,
5,21.0,80,1,0,19,55,1,0,0,0,0,0,0,0,0,0.0,,
8,19.0,69,0,1,5,-16,0,0,0,0,0,0,0,0,0,0.0,,
18,34.0,314,1,3,17,11,1,0,0,0,0,0,0,0,0,0.0,,
102,155.0,1252,5,3,73,260,3,0,0,0,0,0,0,0,0,0.0,,
243,403.0,2718,13,11,58,365,1,0,31,-173,5,2,2889,1480,128,-24.306520929399362,-6.6657045597361995,1.0300561428280077
1,2.0,3,0,0,2,-9,0,0,0,0,0,0,-3,6,0,-1.4286358838435262,12.419778108596802,0.0
10,15.0,39,1,1,36,162,3,0,0,0,0,0,0,0,0,0.0,,
80,139.0,1353,13,4,176,1254,17,0,0,0,0,0,0,0,0,0.0,,
97,159.0,1580,12,6,224,1200,16,0,0,0,0,0,0,0,0,0.0,,
74,108.0,974,8,1,34,36,2,0,0,0,0,0,0,0,0,0.0,,
195,304.0,2436,15,8,112,26,3,0,0,0,0,0,0,0,0,0.0,,
9,17.0,131,1,0,11,81,1,0,0,0,0,0,0,0,0,0.0,,
91,139.0,959,5,3,15,-2,0,0,0,0,0,0,0,0,0,0.0,,
63,113.0,706,7,2,15,2,0,0,0,0,0,0,0,0,0,0.0,,
389,589.0,3919,30,12,96,473,4,0,26,-212,1,0,4376,2102,176,27.00351234117554,0.3180650902303116,1.0210158267194362
414,658.0,4210,28,12,95,385,5,0,22,-119,2,1,4791,2209,209,66.78537636631948,-1.3088247337233827,1.1636293713712762
56,93.0,605,4,3,12,15,1,0,5,-23,2,1,545,310,29,-7.023302525487177,-2.5637763089168386,1.167981771518436
8,15.0,118,1,0,23,171,4,0,0,0,0,0,0,0,0,0.0,,
251,352.0,3223,21,7,174,744,17,0,0,0,0,0,0,0,0,0.0,,
268,407.0,3611,34,11,14,9,1,0,0,0,0,0,0,0,0,0.0,,
5,10.0,51,0,0,5,-9,0,0,0,0,0,0,0,0,0,0.0,,
101,164.0,1087,4,8,88,120,1,0,0,0,0,0,0,0,0,0.0,,
41,72.0,295,2,2,3,-13,0,0,0,0,0,0,0,0,0,0.0,,
6,7.0,56,1,0,4,5,0,0,0,0,0,0,0,0,0,0.0,,
12,19.0,98,1,1,1,1,0,0,0,0,0,0,0,0,0,0.0,,
8,12.0,75,1,2,1,4,0,0,0,0,0,0,0,0,0,0.0,,
200,320.0,2525,11,2,87,223,5,0,0,0,0,0,0,0,0,0.0,,
88,153.0,739,2,7,13,49,0,0,19,-125,2,1,867,417,35,-68.34386066202579,-10.757090098047643,0.8874145482725087
40,87.0,384,3,3,12,-23,0,0,0,0,0,0,0,0,0,0.0,,
4,6.0,54,0,1,0,0,0,0,0,0,0,0,0,0,0,0.0,,
5,10.0,62,0,0,1,9,0,0,0,0,0,0,0,0,0,0.0,,
19,40.0,136,1,3,18,4,0,0,0,0,0,0,0,0,0,0.0,,
3,5.0,25,0,0,6,-13,0,0,0,0,0,0,0,0,0,0.0,,
14,21.0,134,2,1,4,21,0,0,0,0,0,0,0,0,0,0.0,,
171,294.0,2051,15,13,20,-30,0,0,0,0,0,0,0,0,0,0.0,,
182,349.0,2173,17,11,58,147,3,0,0,0,0,0,0,0,0,0.0,,
271,458.0,3132,25,7,74,211,2,0,0,0,0,0,0,0,0,0.0,,
122,196.0,1240,7,7,76,88,2,0,0,0,0,0,0,0,0,0.0,,
164,296.0,1936,13,10,22,4,2,0,0,0,0,0,0,0,0,0.0,,
5,15.0,68,0,1,5,-23,0,0,0,0,0,0,0,0,0,0.0,,
39,84.0,515,3,2,10,39,0,0,9,-59,0,0,646,234,20,-21.548339772038965,-13.177751016916423,0.7929461509750709
90,142.0,925,5,4,13,27,0,0,7,-51,1,1,940,557,42,-9.506670388327887,-7.0763129388769155,0.9835211897496154
17,34.0,149,2,0,7,-1,0,0,4,-33,1,0,174,120,5,-11.592085469604525,-20.787320697102054,0.5823170731707317
3,3.0,22,0,0,3,-1,0,0,1,0,0,0,10,12,1,-0.6882539251500881,26.575076580047607,2.2
17,30.0,199,1,2,3,4,0,0,2,-2,2,1,241,116,8,-12.354177547361862,-18.548646454627697,0.4649532710280374
17,30.0,72,0,1,0,0,0,0,1,-7,0,0,109,80,3,-24.02839085522935,-13.082239627838135,0.6605504587155964
0,1.0,0,0,0,3,5,0,0,0,0,0,0,0,0,0,0.0,,
12,30.0,89,2,1,26,92,2,0,0,0,0,0,0,0,0,0.0,,
64,127.0,756,4,7,37,81,1,0,0,0,0,0,0,0,0,0.0,,
19,36.0,157,2,2,11,66,0,0,0,0,0,0,0,0,0,0.0,,
52,88.0,424,1,3,27,4,0,0,0,0,0,0,0,0,0,0.0,,
20,34.0,199,2,0,13,39,0,0,0,0,0,0,0,0,0,0.0,,
18,46.0,151,0,1,26,50,0,0,0,0,0,0,0,0,0,0.0,,
11,13.0,169,1,0,13,-1,1,0,0,0,0,0,0,0,0,0.0,,
18,36.0,243,2,2,49,173,3,0,0,0,0,0,0,0,0,0.0,,
9,19.0,110,0,0,44,414,6,0,0,0,0,0,0,0,0,0.0,,
227,374.0,2755,14,8,43,80,4,0,0,0,0,0,0,0,0,0.0,,
44,82.0,488,1,2,14,-3,1,0,0,0,0,0,0,0,0,0.0,,
1,2.0,9,0,1,0,0,0,0,0,0,0,0,0,0,0,0.0,,
11,17.0,91,0,0,3,10,0,0,0,0,0,0,0,0,0,0.0,,
233,404.0,2591,19,13,135,267,6,0,0,0,0,0,0,0,0,0.0,,
124,206.0,1624,19,2,134,610,4,0,0,0,0,0,0,0,0,0.0,,
254,400.0,3053,24,8,98,215,1,0,0,0,0,0,0,0,0,0.0,,
0,1.0,0,0,0,0,0,0,0,0,0,0,0,0,0,0,0.0,,
249,389.0,2813,18,7,106,445,9,0,0,0,0,0,0,0,0,0.0,,
206,335.0,2786,26,5,100,580,9,0,0,0,0,0,0,0,0,0.0,,
38,53.0,474,3,3,47,151,4,0,0,0,0,0,0,0,0,0.0,,
19,30.0,222,2,2,31,76,0,0,0,0,0,0,0,0,0,0.0,,
211,312.0,2290,16,7,157,775,8,0,0,0,0,0,0,0,0,0.0,,
253,368.0,2673,16,7,151,660,9,0,0,0,0,0,0,0,0,0.0,,
86,141.0,1111,12,8,22,-47,0,0,0,0,0,0,0,0,0,0.0,,
103,180.0,1193,7,7,27,26,2,0,0,0,0,0,0,0,0,0.0,,
3,6.0,25,0,0,0,0,0,0,0,0,0,0,0,0,0,0.0,,
2,3.0,19,0,1,1,1,0,0,0,0,0,0,0,0,0,0.0,,
0,1.0,0,0,0,1,5,0,0,0,0,0,0,0,0,0,0.0,,
217,379.0,2921,21,11,55,6,1,0,0,0,0,0,0,0,0,0.0,,
2,6.0,17,0,0,12,53,0,0,0,0,0,0,0,0,0,0.0,,
5,11.0,49,0,0,7,41,0,0,2,-11,0,0,114,34,2,-3.366053305552138,-9.383056119636253,0.21212121212121213
27,40.0,295,2,4,5,-5,0,0,1,0,1,0,346,82,12,-1.6855928609875948,11.294661323347734,1.0029349789283564
0,2.0,0,0,0,0,0,0,0,0,0,0,0,11,0,0,-2.059117787517607,-54.719167947769165,0.0
53,88.0,483,2,4,6,7,0,0,8,-47,1,1,734,267,24,-29.22884806378002,-5.095192033829343,0.778904176304065
18,38.0,172,0,1,3,19,0,0,2,-18,1,1,315,84,8,-19.725291507413438,-20.106422305107117,0.6443180181477748
1,2.0,7,0,0,11,-8,0,0,0,0,0,0,4,10,0,-3.0019380084704608,-28.569602966308594,0.0
35,65.0,372,4,4,8,2,0,0,5,-47,2,1,559,157,22,-27.041138597857874,-7.09462539660625,0.7860096593958141
15,24.0,130,0,1,1,8,0,0,2,-18,1,1,196,56,8,-9.247645761185158,-1.3374165348384692,0.6632653061224489
9,11.0,227,1,0,11,-8,0,0,0,0,0,0,97,143,8,20.87713444084511,16.28043692972925,3.222794612794613
5,6.0,37,0,0,0,0,0,0,1,-8,0,0,28,22,2,-2.126523873504231,12.952211002508799,1.3214285714285714
23,42.0,231,0,2,3,-3,0,0,1,-8,0,0,344,80,14,-8.780772753364403,-7.965638777241111,0.7129464285714285
4,8.0,21,0,0,24,129,3,0,0,0,0,0,0,0,0,0.0,,
166,262.0,1803,9,3,203,963,14,0,0,0,0,0,0,0,0,0.0,,
3,4.0,15,0,0,2,-17,0,0,0,0,0,0,0,0,0,0.0,,
51,114.0,597,4,5,35,97,0,0,0,0,0,0,0,0,0,0.0,,
6,10.0,69,2,0,7,43,0,0,0,0,0,0,0,0,0,0.0,,
1,3.0,11,0,1,0,0,0,0,0,0,0,0,0,0,0,0.0,,
113,178.0,1247,6,4,8,21,0,0,17,-130,0,0,1424,669,58,-8.481884581689163,2.7146118965238233,0.8776188174764453
155,233.0,1943,16,4,29,37,2,0,15,-107,1,1,1752,988,93,57.893392230968466,1.8313639637680108,1.3145044040850873
374,552.0,5054,34,12,53,218,2,0,32,-173,4,2,4554,2411,230,163.73804537757596,4.588538239251534,1.1644812115165868
300,455.0,3864,20,12,66,323,5,0,31,-156,5,3,3904,1644,178,77.78267370798577,1.877465742862213,1.046677222323386
230,342.0,2569,22,13,47,208,3,0,14,-74,4,3,2607,1072,152,56.35048703468499,5.756864370376537,0.9842042519416402
60,83.0,789,9,1,10,93,1,0,0,0,0,0,623,385,42,51.08633417272975,8.299572119179073,1.3268291507505314
27,59.0,320,3,3,13,0,1,0,0,0,0,0,0,0,0,0.0,,
12,16.0,130,1,0,9,17,0,0,0,0,0,0,0,0,0,0.0,,
125,218.0,1593,10,8,90,131,0,0,0,0,0,0,0,0,0,0.0,,
32,53.0,389,2,0,7,26,1,0,0,0,0,0,0,0,0,0.0,,
56,107.0,564,4,2,34,62,0,0,0,0,0,0,0,0,0,0.0,,
169,288.0,1682,6,12,52,126,1,0,0,0,0,0,0,0,0,0.0,,
49,99.0,735,5,5,16,19,0,0,0,0,0,0,0,0,0,0.0,,
173,263.0,2135,11,4,55,-24,1,0,0,0,0,0,0,0,0,0.0,,
172,290.0,1914,9,10,68,137,2,0,0,0,0,0,0,0,0,0.0,,
13,28.0,138,1,1,26,43,1,0,0,0,0,0,0,0,0,0.0,,
14,37.0,239,1,2,6,10,0,0,0,0,0,0,0,0,0,0.0,,
43,79.0,533,2,4,28,71,0,0,0,0,0,0,0,0,0,0.0,,
19,34.0,161,1,2,19,90,0,0,6,-50,0,0,196,65,10,-18.650931321044094,-5.975496106677586,0.5953637090327738
106,158.0,1398,16,0,16,-16,0,0,0,0,0,0,0,0,0,0.0,,
202,335.0,2428,11,9,88,392,6,0,0,0,0,0,0,0,0,0.0,,
315,527.0,2877,11,10,39,253,0,1,62,-477,9,6,4009,1300,133,-159.27344187473722,-1.2513310972330436,0.7991650970847383
234,384.0,2403,15,9,43,249,6,0,29,-186,3,1,3358,969,117,-25.86607748218469,1.2121957703247284,0.7282051611796366
325,518.0,3275,24,12,57,240,3,0,29,-216,3,2,3467,1664,165,-30.023828888880132,0.847729967828549,0.9775426605962145
72,121.0,939,7,2,3,16,1,0,7,-52,0,0,1117,377,46,20.675816562091832,5.179203942641186,0.8580682719889307
77,126.0,856,12,6,68,530,5,0,0,0,0,0,0,0,0,0.0,,
211,356.0,2802,18,5,189,740,10,0,0,0,0,0,0,0,0,0.0,,
5,7.0,40,1,0,1,-2,0,0,0,0,0,0,0,0,0,0.0,,
54,103.0,1007,9,4,311,1653,32,0,0,0,0,0,0,0,0,0.0,,
1,1.0,6,0,0,0,0,0,0,0,0,0,0,0,0,0,0.0,,
21,35.0,301,3,0,61,513,10,0,0,0,0,0,0,0,0,0.0,,
153,244.0,1558,9,6,67,-6,0,0,0,0,0,0,0,0,0,0.0,,
78,132.0,836,2,0,68,269,3,0,0,0,0,0,0,0,0,0.0,,
226,341.0,3158,28,7,175,1008,14,0,0,0,0,0,0,0,0,0.0,,
102,169.0,1252,8,7,19,69,1,0,18,-156,3,3,1115,728,60,-26.175466675058146,-7.035439914983252,1.1367164268766679
66,104.0,787,6,0,6,28,0,0,9,-71,3,3,851,344,42,9.21819843474302,-5.716372223758192,0.8518669045324786
2,2.0,33,0,0,1,2,0,0,0,0,0,0,27,6,1,1.829054368659854,39.272160828113556,1.2222222222222223
7,11.0,35,0,1,4,-4,0,0,1,-5,0,0,57,20,2,-11.6011407254408,-7.987712820370992,0.6085106382978723
40,53.0,349,1,0,8,35,0,0,6,-27,0,0,339,150,19,4.633714992024477,7.704486288886139,0.9525684213079171
195,293.0,2741,24,6,41,33,3,0,0,0,0,0,0,0,0,0.0,,
65,111.0,597,2,4,27,-78,0,0,0,0,0,0,0,0,0,0.0,,
354,553.0,4557,26,5,43,177,3,1,38,-331,6,3,4908,2012,206,72.13164220208688,-0.452307772473096,0.9406720872174945
377,593.0,4254,21,13,64,317,0,0,63,-487,4,2,5011,1844,211,-10.987474132529496,-0.25897381585486867,0.9293966974601278
314,502.0,3503,21,13,51,220,1,0,29,-214,2,2,4106,1544,157,24.588385509485498,-1.1145512146311864,0.9681079960364245
72,120.0,794,3,0,7,54,0,0,10,-70,2,2,1132,283,34,-7.954509056953743,-1.7030892184188773,0.6975323448140144
196,302.0,2412,17,10,99,279,5,0,0,0,0,0,0,0,0,0.0,,
273,397.0,3105,25,9,89,215,6,0,0,0,0,0,0,0,0,0.0,,
19,31.0,184,0,1,18,49,0,0,0,0,0,0,0,0,0,0.0,,
8,14.0,58,0,0,5,-18,0,0,0,0,0,0,0,0,0,0.0,,
29,54.0,295,1,0,34,-48,1,0,0,0,0,0,0,0,0,0.0,,
10,19.0,140,1,1,8,1,0,0,0,0,0,0,0,0,0,0.0,,
190,336.0,2381,19,5,122,346,8,0,0,0,0,0,0,0,0,0.0,,
24,63.0,212,0,2,30,-25,0,0,0,0,0,0,0,0,0,0.0,,
0,2.0,0,0,0,0,0,0,0,0,0,0,0,0,0,0,0.0,,
1,1.0,8,0,0,1,1,0,0,0,0,0,0,0,0,0,0.0,,
308,486.0,3639,36,6,119,462,7,0,0,0,0,0,0,0,0,0.0,,
257,392.0,2943,16,6,83,94,4,0,0,0,0,0,0,0,0,0.0,,
40,71.0,540,4,3,14,-2,0,0,0,0,0,0,0,0,0,0.0,,
104,172.0,1017,6,5,13,-31,0,0,0,0,0,0,0,0,0,0.0,,
123,184.0,1292,7,6,35,40,2,0,0,0,0,0,0,0,0,0.0,,
130,211.0,1514,9,4,182,1075,7,0,0,0,0,0,0,0,0,0.0,,
7,13.0,58,0,1,2,-25,0,0,0,0,0,0,0,0,0,0.0,,
240,345.0,3206,32,10,125,437,3,0,0,0,0,0,0,0,0,0.0,,
258,389.0,3108,25,10,113,150,7,0,0,0,0,0,0,0,0,0.0,,
345,514.0,3652,24,17,81,45,4,0,0,0,0,0,0,0,0,0.0,,
86,163.0,1021,5,5,55,88,1,0,0,0,0,0,0,0,0,0.0,,
47,87.0,694,4,3,305,1215,18,0,0,0,0,0,0,0,0,0.0,,
30,52.0,341,2,2,2,-8,1,0,0,0,0,0,0,0,0,0.0,,
28,43.0,342,4,3,1,-1,0,0,0,0,0,0,0,0,0,0.0,,
4,10.0,61,0,2,7,-31,0,0,0,0,0,0,0,0,0,0.0,,
25,50.0,479,2,0,5,-3,1,0,0,0,0,0,0,0,0,0.0,,
39,76.0,422,2,1,7,-1,0,0,0,0,0,0,0,0,0,0.0,,
351,562.0,3541,20,6,81,489,0,0,68,-466,6,3,4486,1866,171,-47.27484325542776,0.055146370552857586,0.8968716136715003
377,658.0,4560,31,12,86,448,3,0,25,-174,2,1,5841,2094,216,55.97221913322834,-3.75067831435469,0.8002438384014399
36,55.0,407,2,1,15,107,2,0,5,-28,0,0,437,200,18,17.517405125461753,5.501640323910825,1.0063758567557515
126,212.0,1528,6,6,99,365,3,0,0,0,0,0,0,0,0,0.0,,
41,72.0,333,0,0,31,170,1,0,0,0,0,0,0,0,0,0.0,,
258,351.0,3252,33,4,145,631,12,0,0,0,0,0,0,0,0,0.0,,
320,471.0,3395,24,13,101,488,4,0,29,-213,3,0,3380,1743,180,32.34535891689222,3.4205364818328325,1.051347892072888
50,89.0,572,0,1,5,-2,0,0,6,-43,0,0,793,204,29,-6.708514295089003,-6.208012454824033,0.8021008403361345
242,368.0,2657,8,10,137,592,12,0,31,-195,1,0,2496,1258,133,-3.5086872045570203,-2.4580908891845192,1.0425122267043336
69,126.0,684,4,5,47,230,5,0,10,-83,0,0,878,309,32,-39.72842059471429,-11.9852269020776,0.8949673843595884
149,235.0,1682,10,5,102,160,5,0,0,0,0,0,0,0,0,0.0,,
133,209.0,1743,13,6,89,336,6,0,0,0,0,0,0,0,0,0.0,,
323,540.0,3169,15,7,39,159,2,0,55,-410,9,7,3905,1547,153,-109.09375108860479,-1.8581136506470524,0.9645139226013741
55,88.0,504,2,1,9,30,2,0,5,-27,0,0,558,272,24,-13.937294510427263,2.2726989902702033,0.9459482038429408
18,38.0,310,4,1,24,163,2,0,0,0,0,0,0,0,0,0.0,,
51,108.0,698,5,2,51,239,4,0,0,0,0,0,0,0,0,0.0,,
160,249.0,2031,14,5,75,338,6,0,0,0,0,0,0,0,0,0.0,,
123,218.0,1654,13,9,77,389,5,0,0,0,0,0,0,0,0,0.0,,
4,9.0,11,0,1,8,83,0,0,0,0,0,0,0,0,0,0.0,,
119,184.0,1259,13,1,61,284,4,0,0,0,0,0,0,0,0,0.0,,
5,8.0,67,1,0,0,0,0,0,0,0,0,0,0,0,0,0.0,,
5,6.0,64,0,0,7,28,2,0,0,0,0,0,0,0,0,0.0,,
0,2.0,0,0,0,7,29,0,0,0,0,0,0,0,0,0,0.0,,
61,121.0,844,4,3,42,76,0,0,0,0,0,0,0,0,0,0.0,,
184,289.0,2779,21,7,99,500,5,0,0,0,0,0,0,0,0,0.0,,
34,66.0,555,7,3,8,33,0,0,0,0,0,0,0,0,0,0.0,,
305,454.0,4313,39,7,60,204,4,0,0,0,0,0,0,0,0,0.0,,
5,11.0,37,0,0,13,65,2,0,0,0,0,0,0,0,0,0.0,,
110,175.0,1621,10,7,99,382,12,0,0,0,0,0,0,0,0,0.0,,
57,93.0,608,3,2,24,61,1,0,0,0,0,0,0,0,0,0.0,,
171,256.0,2043,17,5,159,658,6,0,0,0,0,0,0,0,0,0.0,,
87,153.0,964,6,4,104,341,3,0,0,0,0,0,0,0,0,0.0,,
40,65.0,400,2,2,53,120,1,0,0,0,0,0,0,0,0,0.0,,
290,448.0,3485,28,12,55,71,1,0,0,0,0,0,0,0,0,0.0,,
338,468.0,3813,30,12,62,43,2,0,0,0,0,0,0,0,0,0.0,,
142,226.0,1794,14,7,60,125,0,0,0,0,0,0,0,0,0,0.0,,
255,406.0,2759,27,8,36,-19,0,0,0,0,0,0,0,0,0,0.0,,
47,96.0,354,1,2,15,-16,0,0,0,0,0,0,0,0,0,0.0,,
1,1.0,9,0,0,0,0,0,0,0,0,0,0,0,0,0,0.0,,
0,2.0,0,0,0,0,0,0,0,0,0,0,0,0,0,0,0.0,,
35,59.0,431,4,5,3,12,0,0,0,0,0,0,0,0,0,0.0,,
69,107.0,642,2,4,19,-26,0,0,0,0,0,0,0,0,0,0.0,,
5,10.0,36,0,0,0,0,0,0,0,0,0,0,0,0,0,0.0,,
279,401.0,3074,21,7,34,93,0,0,31,-202,7,6,3120,1397,159,37.26509486905656,5.061961786579558,1.0212801029862026
389,611.0,4042,27,7,62,243,1,0,38,-231,10,4,4913,1810,213,37.27008633075512,-2.278076493882396,0.8547567962506174
251,437.0,2620,16,15,52,276,5,0,50,-326,7,3,3871,996,130,-82.68033393573735,-4.090562111329097,0.7132383120483298
322,516.0,3563,27,7,57,215,1,0,32,-227,4,4,3937,1650,165,13.058730000047253,-2.7587619853786394,0.9539242308580057
172,276.0,1755,11,9,22,86,1,0,26,-159,3,1,2147,826,85,-39.92165213974798,-3.858302905976153,0.8597749521934941
17,24.0,163,2,1,17,56,1,0,2,-14,0,0,159,65,11,8.117853062212934,6.663065241730732,1.0251572327044025
12,19.0,118,0,0,3,0,0,0,4,-22,0,0,125,68,5,-6.755748213689312,14.57001737811986,2.408333333333333
110,169.0,1216,6,5,11,57,0,0,19,-125,2,0,1288,573,58,6.300602965152777,0.601380786263978,1.0005967286642377
23,39.0,276,3,0,8,5,0,0,6,-35,0,0,298,99,13,5.500415377177218,-7.790953705185338,0.9270452184126123
1,1.0,3,0,0,0,0,0,0,0,0,0,0,0,0,0,0.0,,
88,169.0,1296,10,5,47,-35,0,0,0,0,0,0,0,0,0,0.0,,
151,237.0,1880,11,6,62,188,3,0,0,0,0,0,0,0,0,0.0,,
111,173.0,1001,6,8,33,39,0,0,0,0,0,0,0,0,0,0.0,,
214,321.0,2417,18,5,86,68,1,0,0,0,0,0,0,0,0,0.0,,
200,338.0,2234,17,7,83,328,9,0,0,0,0,0,0,0,0,0.0,,
26,46.0,201,2,1,44,87,1,0,0,0,0,0,0,0,0,0.0,,
365,586.0,3890,18,15,26,93,2,0,34,-235,6,1,4369,1795,179,-20.644758365198065,-1.18440668459978,0.922197157374715
160,247.0,1707,11,5,9,12,1,0,15,-145,4,2,1700,800,83,-5.105230231121206,-1.0347588472213631,1.0147966323597946
5,10.0,46,0,0,0,0,0,0,0,0,0,0,27,28,2,-4.156520829652436,-19.234349992540146,1.7037037037037037
47,72.0,462,3,1,12,22,0,0,5,-29,1,1,420,306,25,-8.276253173967334,-8.124431179638838,1.049743462429659
2,7.0,8,0,0,5,0,0,0,0,0,0,0,57,5,0,-5.786273917416111,-44.247276186943054,0.125
34,53.0,291,1,3,2,1,0,0,6,-60,0,0,377,146,14,-20.65132938160174,-4.574227771338294,0.721785765533075
24,34.0,247,2,0,4,6,1,0,0,0,0,0,209,120,14,7.252864893835351,2.77622648898293,1.1818181818181819
1,5.0,6,0,0,0,0,0,0,0,0,0,0,0,0,0,0.0,,
22,38.0,223,0,1,18,5,1,0,0,0,0,0,0,0,0,0.0,,
12,23.0,110,0,0,6,-10,0,0,0,0,0,0,0,0,0,0.0,,
0,2.0,0,0,0,0,0,0,0,0,0,0,0,0,0,0,0.0,,
187,307.0,2054,16,3,47,-12,1,0,0,0,0,0,0,0,0,0.0,,
2,3.0,29,0,0,1,3,0,0,0,0,0,0,18,15,2,0.37695603776955977,-6.725561618804932,1.6111111111111112
34,46.0,314,2,1,9,10,1,0,3,-10,0,0,237,230,19,13.960725153329598,8.580149608033318,2.676831281035621
11,16.0,82,0,0,8,0,0,0,0,0,0,0,125,24,6,4.047984530450776,3.2737002770105996,0.656
5,9.0,23,1,0,6,-6,0,0,0,0,0,0,28,12,3,0.8154382042703219,-36.14936981882368,0.359375
2,2.0,41,0,0,0,0,0,0,0,0,0,0,0,0,0,0.0,,
116,169.0,1553,12,5,65,100,1,0,0,0,0,0,0,0,0,0.0,,
1,2.0,10,0,0,1,-9,0,0,0,0,0,0,0,0,0,0.0,,
8,16.0,67,0,1,10,0,0,0,0,0,0,0,0,0,0,0.0,,
1,1.0,6,0,0,13,30,1,0,0,0,0,0,0,0,0,0.0,,
10,23.0,141,0,0,18,65,2,0,0,0,0,0,0,0,0,0.0,,
2,3.0,22,0,0,4,63,2,0,0,0,0,0,0,0,0,0.0,,
63,87.0,897,5,1,26,88,2,0,0,0,0,0,0,0,0,0.0,,
322,509.0,3774,31,12,60,242,4,0,0,0,0,0,0,0,0,0.0,,
282,436.0,3000,16,9,64,245,5,0,0,0,0,0,0,0,0,0.0,,
12,25.0,117,0,0,29,86,1,0,0,0,0,0,0,0,0,0.0,,
53,109.0,424,3,6,29,-21,0,0,0,0,0,0,0,0,0,0.0,,
26,54.0,197,1,1,17,9,0,0,0,0,0,0,0,0,0,0.0,,
1,2.0,20,0,0,3,11,0,0,0,0,0,0,0,0,0,0.0,,
18,25.0,205,2,0,67,411,6,0,0,0,0,0,0,0,0,0.0,,
4,4.0,30,0,0,1,2,0,0,0,0,0,0,0,0,0,0.0,,
25,41.0,258,1,5,11,-1,0,0,0,0,0,0,0,0,0,0.0,,
2,3.0,22,1,0,2,23,0,0,0,0,0,0,0,0,0,0.0,,
138,232.0,1940,11,6,37,104,6,0,0,0,0,0,0,0,0,0.0,,
53,76.0,515,3,2,13,3,0,0,9,-40,1,0,648,168,24,-5.774031971985904,4.198723410824811,0.7957443109376812
45,64.0,435,3,2,6,6,0,0,7,-48,0,0,430,135,22,4.713880895449913,-13.378577099906074,0.8831395348837209
29,43.0,264,1,2,2,16,0,0,3,-29,0,0,275,119,14,-14.95696151156864,-0.7413390147335398,0.9277417882163683
8,12.0,52,1,0,1,4,0,0,1,-1,0,0,17,63,4,2.4290408995098574,-16.778848473987882,0.18939393939393942
77,117.0,840,6,3,27,63,1,0,0,0,0,0,0,0,0,0.0,,
109,205.0,1262,9,9,37,43,1,0,0,0,0,0,0,0,0,0.0,,
119,172.0,1025,9,2,151,531,5,0,0,0,0,0,0,0,0,0.0,,
17,26.0,133,2,0,46,464,6,0,0,0,0,0,0,0,0,0.0,,
146,224.0,2021,15,4,68,174,6,0,0,0,0,0,0,0,0,0.0,,
38,56.0,489,2,2,19,55,2,0,0,0,0,0,0,0,0,0.0,,
12,24.0,215,3,0,14,-13,0,0,0,0,0,0,0,0,0,0.0,,
7,12.0,58,1,0,10,25,0,0,0,0,0,0,0,0,0,0.0,,
4,4.0,22,1,0,7,108,1,0,0,0,0,0,0,0,0,0.0,,
79,122.0,875,9,4,30,31,1,0,0,0,0,0,0,0,0,0.0,,
1,2.0,43,1,0,4,-4,0,0,0,0,0,0,0,0,0,0.0,,
17,29.0,174,3,0,4,-18,0,0,0,0,0,0,0,0,0,0.0,,
59,121.0,659,5,3,35,36,2,0,0,0,0,0,0,0,0,0.0,,
1,2.0,37,1,0,6,37,0,0,0,0,0,0,0,0,0,0.0,,
35,55.0,235,1,0,5,18,0,0,8,-93,2,1,277,156,10,-30.123129132397064,-3.937399643503762,0.8863795518207284
0,2.0,0,0,0,8,31,0,0,0,0,0,0,0,0,0,0.0,,
182,288.0,2673,21,5,151,705,12,0,0,0,0,0,0,0,0,0.0,,
2,7.0,18,0,1,1,9,0,0,0,0,0,0,0,0,0,0.0,,
54,99.0,454,2,4,95,467,5,0,0,0,0,0,0,0,0,0.0,,
11,16.0,105,1,1,4,15,0,0,2,-10,1,0,106,98,5,-13.418105398392072,-2.857004851102829,0.9905660377358491
6,9.0,36,0,0,3,6,0,0,2,-17,0,0,38,22,1,-4.2565559186041355,-8.501462472809685,0.9473684210526315
10,15.0,90,0,0,9,54,0,0,0,0,0,0,131,17,5,1.7202607482904568,6.250468293825786,0.6870229007633588
4,8.0,66,0,0,0,0,0,0,0,0,0,0,0,0,0,0.0,,
1,3.0,26,0,0,1,12,0,0,0,0,0,0,0,0,0,0.0,,
162,289.0,1924,12,9,75,249,2,0,0,0,0,0,0,0,0,0.0,,
166,291.0,2047,13,11,28,74,1,0,0,0,0,0,0,0,0,0.0,,
41,86.0,513,3,3,9,53,0,0,0,0,0,0,0,0,0,0.0,,
19,34.0,190,0,0,13,68,1,0,0,0,0,0,0,0,0,0.0,,
45,71.0,406,4,1,25,41,0,0,0,0,0,0,0,0,0,0.0,,
106,167.0,1030,3,6,85,328,6,0,0,0,0,0,0,0,0,0.0,,
111,179.0,1246,7,5,98,402,5,0,0,0,0,0,0,0,0,0.0,,
18,25.0,239,1,1,13,60,0,0,0,0,0,0,0,0,0,0.0,,
44,86.0,577,3,8,100,530,3,0,0,0,0,0,0,0,0,0.0,,
3,4.0,25,0,0,1,1,0,0,0,0,0,0,0,0,0,0.0,,
12,21.0,62,0,2,8,30,1,1,7,-41,1,1,53,43,3,-34.74954317265656,5.094799697399139,1.0918367346938775
2,2.0,8,0,0,7,-4,0,0,0,0,0,0,4,4,0,-1.1280186781659722,18.651771545410156,2.0
7,15.0,42,0,1,5,23,0,0,5,-44,1,0,58,28,2,-19.899344522098545,-25.720939189195633,0.7586618876941458
63,109.0,1054,6,2,71,370,6,0,0,0,0,0,0,0,0,0.0,,
0,1.0,0,0,0,4,-7,0,0,0,0,0,0,0,0,0,0.0,,
35,56.0,503,4,1,94,501,1,0,0,0,0,0,0,0,0,0.0,,
85,131.0,709,2,2,19,123,0,0,22,-149,5,3,880,345,35,-39.81243987040202,2.7094915735148573,0.8848205719541712
5,6.0,51,1,0,5,42,0,0,0,0,0,0,0,0,0,0.0,,
10,22.0,108,1,1,15,92,0,0,0,0,0,0,0,0,0,0.0,,
6,8.0,28,0,0,3,3,0,0,0,0,0,0,0,0,0,0.0,,
2,2.0,8,0,0,3,15,0,0,0,0,0,0,0,0,0,0.0,,
196,312.0,2471,12,5,59,194,2,0,0,0,0,0,0,0,0,0.0,,
11,22.0,118,1,1,2,1,0,0,0,0,0,0,0,0,0,0.0,,
81,148.0,853,4,7,125,498,7,0,0,0,0,0,0,0,0,0.0,,
10,16.0,125,2,1,21,165,1,0,0,0,0,0,0,0,0,0.0,,
162,225.0,2719,16,4,136,777,13,0,0,0,0,0,0,0,0,0.0,,
5,7.0,57,1,0,2,10,0,0,0,0,0,0,0,0,0,0.0,,
126,208.0,1601,7,5,54,5,1,0,0,0,0,0,0,0,0,0.0,,
239,402.0,2676,15,9,136,322,4,0,0,0,0,0,0,0,0,0.0,,
1,5.0,3,0,1,1,-4,0,0,0,0,0,0,0,0,0,0.0,,
2,4.0,10,0,0,0,0,0,0,0,0,0,0,0,0,0,0.0,,
32,71.0,308,1,2,18,51,0,0,0,0,0,0,0,0,0,0.0,,
0,1.0,0,0,0,0,0,0,0,0,0,0,0,0,0,0,0.0,,
182,272.0,2289,17,4,72,175,5,0,0,0,0,0,0,0,0,0.0,,
198,289.0,2704,26,11,39,59,2,0,0,0,0,0,0,0,0,0.0,,
28,55.0,414,3,1,41,143,2,0,0,0,0,0,0,0,0,0.0,,
29,51.0,191,0,2,8,3,0,0,0,0,0,0,0,0,0,0.0,,
147,268.0,1982,13,5,39,-82,0,0,0,0,0,0,0,0,0,0.0,,
34,54.0,372,3,3,10,63,0,0,6,-36,1,0,479,151,17,-5.9617262664558,9.176974986728869,1.2423868312757202
18,27.0,122,0,1,2,14,0,0,6,-44,2,0,177,34,5,-22.01641057850793,-5.398119489351909,0.6892655367231638
40,66.0,375,1,1,9,12,0,0,5,-24,1,1,590,127,19,-8.611052741327853,-0.3174025016242341,0.566067189619476
74,99.0,740,3,1,22,37,0,0,6,-40,2,1,512,452,39,14.313491760355214,-0.36896221836407994,1.6270463939532391
90,132.0,780,1,3,14,36,0,0,13,-97,0,0,801,368,34,-30.083980903608307,-1.0570151536237624,0.9727239345739903
1,1.0,4,0,0,0,0,0,0,0,0,0,0,0,0,0,0.0,,
23,52.0,320,1,2,7,21,0,0,0,0,0,0,0,0,0,0.0,,
0,2.0,0,0,1,2,-2,0,0,0,0,0,0,0,0,0,0.0,,
133,222.0,1623,11,5,114,647,11,0,0,0,0,0,0,0,0,0.0,,
173,288.0,2619,21,10,157,1011,13,0,0,0,0,0,0,0,0,0.0,,
21,37.0,282,2,1,16,55,1,0,0,0,0,0,0,0,0,0.0,,
64,96.0,737,4,2,28,67,2,0,0,0,0,0,0,0,0,0.0,,
26,38.0,299,3,0,3,0,0,0,0,0,0,0,0,0,0,0.0,,
64,114.0,819,3,5,28,101,0,0,0,0,0,0,0,0,0,0.0,,
232,356.0,2705,25,9,170,703,11,0,0,0,0,0,0,0,0,0.0,,
269,402.0,3044,18,5,48,-91,2,0,0,0,0,0,0,0,0,0.0,,
35,68.0,453,3,2,15,-50,0,0,0,0,0,0,0,0,0,0.0,,
5,10.0,49,0,1,8,51,0,0,0,0,0,0,0,0,0,0.0,,
0,1.0,0,0,0,4,29,0,0,0,0,0,0,0,0,0,0.0,,
176,342.0,2102,13,5,119,417,7,0,0,0,0,0,0,0,0,0.0,,
87,147.0,1074,8,4,37,-42,1,0,0,0,0,0,0,0,0,0.0,,
87,162.0,1144,12,6,79,201,1,0,0,0,0,0,0,0,0,0.0,,
46,95.0,601,2,4,8,8,0,0,0,0,0,0,0,0,0,0.0,,
30,47.0,422,3,1,9,-8,0,0,3,-19,1,1,424,207,18,8.025694479129601,6.833193904409806,3.5910033167495854
94,162.0,1051,5,3,9,6,0,0,7,-49,2,0,1247,455,52,-9.40141764110182,-9.152031692835017,0.6341636248513107
18,24.0,144,0,1,12,-5,0,0,1,-8,0,0,215,80,7,-5.2399477475692215,4.186272987770656,1.640868999421631
187,308.0,1844,12,5,26,18,0,0,13,-95,2,1,2137,942,92,-22.864515513453274,-10.444027675400324,0.8434674913705393
34,52.0,303,0,4,4,-4,0,0,1,-16,0,0,335,149,13,-18.84717217733835,-0.8588281962258076,0.9812046848856665
22,39.0,229,1,4,2,20,0,0,5,-28,0,0,183,172,10,-27.955623498998968,-13.613432521236938,1.3342318059299192
3,4.0,16,0,0,6,6,0,0,0,0,0,0,0,0,0,0.0,,
127,222.0,1666,12,7,49,161,1,0,0,0,0,0,0,0,0,0.0,,
81,125.0,1060,7,1,21,80,3,0,0,0,0,0,0,0,0,0.0,,
8,11.0,98,0,1,12,17,0,0,0,0,0,0,0,0,0,0.0,,
178,319.0,2117,20,11,90,183,1,0,0,0,0,0,0,0,0,0.0,,
26,53.0,338,2,4,10,-43,0,0,0,0,0,0,0,0,0,0.0,,
198,301.0,2160,15,12,66,85,2,0,0,0,0,0,0,0,0,0.0,,
92,182.0,1476,13,7,34,63,1,0,0,0,0,0,0,0,0,0.0,,
8,11.0,69,0,1,3,18,0,0,0,0,0,0,0,0,0,0.0,,
71,128.0,941,6,2,39,122,1,0,0,0,0,0,0,0,0,0.0,,
115,195.0,1268,10,5,38,150,4,0,0,0,0,0,0,0,0,0.0,,
1,2.0,6,0,0,5,19,0,0,0,0,0,0,0,0,0,0.0,,
127,216.0,1555,11,7,152,667,9,0,0,0,0,0,0,0,0,0.0,,
6,13.0,149,2,2,3,-3,0,0,0,0,0,0,0,0,0,0.0,,
17,43.0,245,2,4,4,-29,0,0,0,0,0,0,0,0,0,0.0,,
115,192.0,1915,12,9,51,101,0,0,0,0,0,0,0,0,0,0.0,,
213,337.0,2264,16,14,71,136,1,0,0,0,0,0,0,0,0,0.0,,
84,156.0,1065,4,6,37,-8,0,0,0,0,0,0,0,0,0,0.0,,
2,3.0,42,0,0,3,-10,0,0,0,0,0,0,0,0,0,0.0,,
20,33.0,228,0,1,8,19,0,0,0,0,0,0,0,0,0,0.0,,
23,38.0,161,1,1,11,58,1,0,0,0,0,0,0,0,0,0.0,,
9,16.0,93,1,1,11,19,1,0,0,0,0,0,0,0,0,0.0,,
11,20.0,109,1,1,17,58,1,0,0,0,0,0,0,0,0,0.0,,
44,75.0,555,4,2,38,243,4,0,0,0,0,0,0,0,0,0.0,,
221,352.0,2846,22,5,145,847,18,0,0,0,0,0,0,0,0,0.0,,
398,591.0,4377,24,9,83,337,8,1,58,-365,6,5,4452,2110,206,28.6763559358615,0.5671393780977365,1.015069076952402
388,596.0,4902,30,11,52,277,3,0,23,-151,4,2,5613,1880,229,124.63704022900036,1.6300083642708072,0.9524354497789131
151,222.0,1856,9,4,18,93,3,1,10,-66,3,3,1762,810,93,32.12379507945464,-0.47659585076069677,1.0720134198913942
433,639.0,4703,38,11,52,173,2,1,35,-184,6,3,5001,2126,238,94.27810125968266,2.088217140990595,1.0233382062140168
309,464.0,3371,28,17,56,228,2,0,22,-134,2,0,3794,1418,167,59.65786855458576,1.419604977212833,0.9571988934206749
451,650.0,4919,39,11,61,287,2,1,43,-271,2,1,5101,2114,247,117.42546169444549,3.5320408200560407,1.0261076501043995
185,286.0,1978,11,8,13,54,1,0,21,-112,4,1,2270,939,87,-9.26138597291867,0.11873898880526657,0.9700854096160605
404,600.0,4552,30,10,53,177,2,0,31,-208,2,1,4809,2023,220,114.34943320495893,1.826439789595626,1.0283136613195463
73,105.0,730,7,1,10,59,0,0,3,-22,0,0,825,294,42,38.80646084392557,7.305377593871513,0.908163849124986
2,2.0,35,2,0,3,9,0,0,0,0,0,0,0,0,0,0.0,,
13,30.0,126,0,2,7,1,0,0,0,0,0,0,0,0,0,0.0,,
42,84.0,385,1,4,10,16,0,0,0,0,0,0,0,0,0,0.0,,
8,11.0,60,0,1,8,20,0,0,0,0,0,0,0,0,0,0.0,,
23,40.0,262,3,1,7,0,0,0,0,0,0,0,0,0,0,0.0,,
49,71.0,791,8,1,42,80,5,0,0,0,0,0,0,0,0,0.0,,
284,459.0,3027,24,12,45,279,2,0,38,-295,11,8,3689,1395,140,-40.20385683480773,-1.0345230216897243,0.8445059128311011
280,448.0,2943,11,10,65,423,1,0,45,-286,8,4,3402,1114,158,-24.32168887915478,-2.070031542912394,0.8902071675987759
232,361.0,2428,10,7,62,298,2,2,22,-160,5,2,2640,1098,116,-11.39888125137738,-0.9223935266063518,0.9873794634070309
356,534.0,3641,17,6,143,810,7,0,52,-281,5,2,3446,1829,179,20.216391368664386,1.8949490815238619,1.1218871775073798
108,160.0,909,2,6,40,206,1,0,30,-167,3,1,1096,440,43,-61.40200420571694,-2.56721738151738,0.8292473550151077
216,341.0,2070,8,7,67,265,2,0,29,-172,3,2,2509,944,106,-38.116812343811915,1.780472498153363,0.860143693917
261,384.0,3101,19,8,45,164,5,0,22,-158,6,3,3073,1351,149,65.25551499758664,2.603710182044914,1.0537549922929417
65,98.0,611,3,3,7,19,0,0,6,-41,2,2,644,293,31,-10.59742150311656,-0.6257761294683865,0.9861552918156024
30,52.0,339,1,1,12,72,0,0,0,0,0,0,0,0,0,0.0,,
0,1.0,0,0,1,2,12,0,0,0,0,0,0,0,0,0,0.0,,
1,2.0,26,1,0,2,0,0,0,0,0,0,0,0,0,0,0.0,,
231,330.0,2662,23,8,48,-16,0,0,0,0,0,0,0,0,0,0.0,,
175,285.0,1852,11,10,42,10,0,0,0,0,0,0,0,0,0,0.0,,
52,85.0,618,5,1,3,9,0,0,0,0,0,0,0,0,0,0.0,,
209,330.0,2181,12,6,74,89,1,0,0,0,0,0,0,0,0,0.0,,
61,90.0,635,5,5,50,58,1,0,0,0,0,0,0,0,0,0.0,,
148,243.0,1961,12,7,133,717,12,0,0,0,0,0,0,0,0,0.0,,
7,8.0,49,0,0,1,6,0,0,0,0,0,0,0,0,0,0.0,,
296,412.0,3565,30,10,73,156,2,0,0,0,0,0,0,0,0,0.0,,
46,87.0,551,5,4,23,34,2,0,0,0,0,0,0,0,0,0.0,,
206,318.0,2498,21,10,51,41,0,0,0,0,0,0,0,0,0,0.0,,
1,1.0,15,0,0,0,0,0,0,0,0,0,0,0,0,0,0.0,,
8,13.0,153,1,1,3,9,1,0,0,0,0,0,0,0,0,0.0,,
189,287.0,2723,22,6,60,132,1,0,0,0,0,0,0,0,0,0.0,,
334,500.0,3973,34,6,59,-32,1,0,0,0,0,0,0,0,0,0.0,,
70,107.0,740,5,7,17,25,0,0,0,0,0,0,0,0,0,0.0,,
166,287.0,2337,29,15,23,23,1,0,0,0,0,0,0,0,0,0.0,,
152,245.0,1941,12,8,138,615,9,0,0,0,0,0,0,0,0,0.0,,
94,174.0,984,4,6,8,31,0,0,14,-104,0,0,1484,329,47,-43.66567715721553,-13.756287349291057,0.6469334029479941
6,10.0,49,0,1,1,18,0,0,1,-10,0,0,82,27,1,-9.727418455877341,0.5884593725204468,0.5975609756097561
38,58.0,402,2,2,4,5,0,0,5,-24,1,1,481,225,18,-4.8270291654770485,2.282509098798908,1.1674372014177838
16,27.0,111,0,3,4,-14,0,0,0,0,0,0,0,0,0,0.0,,
3,4.0,8,1,0,3,3,0,0,0,0,0,0,0,0,0,0.0,,
5,9.0,75,1,0,1,-5,0,0,0,0,0,0,0,0,0,0.0,,
2,2.0,15,0,0,2,37,0,0,0,0,0,0,0,0,0,0.0,,
125,207.0,1515,7,2,58,216,7,0,0,0,0,0,0,0,0,0.0,,
148,263.0,1672,15,8,110,441,3,0,0,0,0,0,0,0,0,0.0,,
5,7.0,46,1,0,4,2,0,0,0,0,0,0,0,0,0,0.0,,
37,63.0,492,7,2,30,215,0,0,0,0,0,0,0,0,0,0.0,,
263,394.0,2664,16,10,18,44,0,1,31,-206,4,1,2869,1232,118,-44.68131005825806,-2.0222054324972865,0.901858309960574
292,479.0,3118,17,15,32,108,2,0,31,-244,5,2,3734,1524,135,-74.22938193844655,-3.1627821645198972,0.8634520096672429
19,40.0,179,2,0,5,5,0,0,2,-13,0,0,313,80,12,-6.212419551826315,0.3725013732910156,0.732284421635492
20,36.0,212,0,0,3,11,0,0,2,-18,0,0,223,72,9,-5.212639526289422,-20.290253017887927,0.7616383616383616
91,159.0,915,5,1,13,60,1,0,8,-60,0,0,1360,269,48,-16.755250391262173,-10.826193745142222,0.6314746931493872
133,207.0,1198,7,9,17,-22,0,0,0,0,0,0,0,0,0,0.0,,
23,40.0,168,1,0,6,41,1,0,0,0,0,0,204,76,11,-2.4633255358413764,-6.994058034921947,0.8235294117647058
13,27.0,122,0,0,6,55,1,0,0,0,0,0,0,0,0,0.0,,
20,42.0,187,0,2,5,39,0,0,4,-38,1,1,428,63,8,-26.913568605436012,-10.447660434458937,0.6048951048951049
36,75.0,412,2,1,10,5,1,0,0,0,0,0,0,0,0,0.0,,
226,346.0,2417,14,11,54,5,2,0,0,0,0,0,0,0,0,0.0,,
223,347.0,2528,19,7,30,-1,2,0,0,0,0,0,0,0,0,0.0,,
2,3.0,44,0,0,6,6,0,0,0,0,0,0,0,0,0,0.0,,
39,72.0,440,0,3,36,42,2,0,0,0,0,0,0,0,0,0.0,,
82,105.0,944,8,1,83,282,2,0,0,0,0,0,0,0,0,0.0,,
246,354.0,3065,25,8,143,612,6,0,0,0,0,0,0,0,0,0.0,,
23,43.0,307,3,2,21,66,2,0,0,0,0,0,0,0,0,0.0,,
106,181.0,1451,9,6,89,395,4,0,0,0,0,0,0,0,0,0.0,,
42,70.0,465,0,4,1,-1,0,0,5,-33,2,2,618,174,22,-38.59778605819132,-5.01348299997367,0.7743316135084428
381,553.0,4049,19,10,24,47,1,0,51,-299,11,7,3778,1994,197,-0.15284695851283914,4.232292228675463,1.1438058967443603
361,513.0,4054,21,8,27,82,2,0,29,-184,1,0,3355,2135,191,98.17589957714766,5.9470117864412595,1.2782262262202106
348,517.0,4103,27,9,39,140,3,0,26,-150,8,7,4184,1956,193,61.22419369506125,2.7884392236114466,1.0204999930320875
457,680.0,5114,24,15,41,128,0,0,43,-269,10,6,5495,2406,232,37.41489513803972,2.162145197442724,0.9816468805707846
305,502.0,3522,24,14,24,102,0,0,27,-191,3,0,4602,1509,161,26.45458384664378,-2.9996894746850886,0.7830374060896859
375,548.0,3878,25,8,32,40,0,0,31,-218,5,2,4280,1696,185,28.025057313621545,4.297364738078107,0.9767787799727888
189,279.0,2145,15,5,17,71,1,0,8,-48,2,0,2178,1087,93,47.56937511315902,3.5139552718666502,1.092704579766883
283,434.0,3937,31,6,26,-34,0,0,0,0,0,0,0,0,0,0.0,,
189,265.0,2439,27,5,15,-55,1,0,0,0,0,0,0,0,0,0.0,,
1,3.0,10,0,0,7,67,0,0,0,0,0,0,0,0,0,0.0,,
374,554.0,4400,27,10,107,627,5,0,65,-402,6,2,4672,1892,215,47.58769881218838,3.742409771694074,1.006118336112292
384,572.0,4487,29,12,102,505,9,1,55,-311,4,2,5101,1925,222,86.90488605456146,2.761874805745352,0.9183768220300152
382,544.0,4823,33,7,90,444,3,0,49,-293,4,2,4842,1971,221,131.65595543682207,6.44080882843265,1.0015099235870684
99,170.0,1102,7,5,36,175,1,0,20,-106,0,0,1214,530,53,-23.890652044285634,-4.2993546694708975,1.0183569799990133
105,171.0,1115,7,4,26,142,1,3,17,-85,3,1,1593,499,52,-18.950161800698037,-6.044020802490016,0.6495524840398194
137,216.0,1148,5,3,31,148,1,0,33,-191,3,2,1579,584,49,-61.54127600711165,-0.7097685279527379,0.8433723461531547
56,82.0,587,5,1,24,105,0,0,9,-52,1,0,512,341,26,7.356058236052249,1.0281403436971353,1.307002776301022
100,200.0,1802,10,6,41,-130,1,0,0,0,0,0,0,0,0,0.0,,
41,82.0,618,6,3,11,-11,0,0,0,0,0,0,0,0,0,0.0,,
73,115.0,708,2,0,16,64,0,0,9,-33,1,1,940,328,37,4.537197660166861,-1.6228210781032377,0.8147177808404347
249,388.0,2836,12,12,53,193,5,0,31,-197,6,4,3184,1222,136,-32.2407411758443,-0.08999737659578297,0.9229391519588283
52,85.0,458,2,2,9,36,0,0,10,-64,2,2,683,201,24,-22.081513387401152,-0.7238340365633469,0.7725015693538302
92,181.0,1188,10,4,104,469,5,0,0,0,0,0,0,0,0,0.0,,
15,21.0,112,0,0,14,33,0,0,0,0,0,0,0,0,0,0.0,,
23,47.0,335,2,0,27,81,1,0,0,0,0,0,0,0,0,0.0,,
6,18.0,31,0,2,4,-3,0,0,0,0,0,0,0,0,0,0.0,,
120,198.0,1046,4,5,36,-38,1,0,0,0,0,0,0,0,0,0.0,,
17,25.0,259,2,0,13,178,4,0,0,0,0,0,0,0,0,0.0,,
1,2.0,8,0,0,3,23,0,0,0,0,0,0,0,0,0,0.0,,
11,20.0,114,1,0,7,13,0,0,0,0,0,0,0,0,0,0.0,,
4,7.0,48,1,1,3,-15,0,0,0,0,0,0,0,0,0,0.0,,
124,214.0,1682,11,8,75,312,5,0,0,0,0,0,0,0,0,0.0,,
267,410.0,3746,24,8,84,78,3,0,0,0,0,0,0,0,0,0.0,,
45,82.0,432,3,2,11,-31,0,0,0,0,0,0,0,0,0,0.0,,
8,17.0,74,0,1,3,-20,0,0,0,0,0,0,0,0,0,0.0,,
12,28.0,85,1,1,23,76,3,0,0,0,0,0,0,0,0,0.0,,
32,65.0,357,3,7,28,107,1,0,0,0,0,0,0,0,0,0.0,,
8,8.0,47,0,0,4,10,0,0,0,0,0,0,0,0,0,0.0,,
100,160.0,1063,5,8,21,68,0,0,15,-102,3,1,1175,574,51,-21.942790638822153,2.3740638183070377,1.1485797429815692
226,390.0,2768,12,12,156,1152,19,0,0,0,0,0,0,0,0,0.0,,
212,334.0,2490,24,5,146,835,10,0,0,0,0,0,0,0,0,0.0,,
11,16.0,121,1,0,38,136,1,0,0,0,0,0,0,0,0,0.0,,
19,36.0,273,2,2,85,297,3,0,0,0,0,0,0,0,0,0.0,,
19,30.0,248,3,0,12,45,1,0,0,0,0,0,0,0,0,0.0,,
67,125.0,787,6,3,41,153,3,0,0,0,0,0,0,0,0,0.0,,
2,3.0,19,0,0,2,2,0,0,0,0,0,0,0,0,0,0.0,,
128,223.0,1405,8,9,125,269,4,0,0,0,0,0,0,0,0,0.0,,
177,298.0,2293,20,4,193,800,8,0,0,0,0,0,0,0,0,0.0,,
267,378.0,3539,29,8,167,862,10,0,0,0,0,0,0,0,0,0.0,,
2,3.0,11,0,0,5,7,0,0,0,0,0,0,0,0,0,0.0,,
99,148.0,831,4,5,34,35,1,0,0,0,0,0,0,0,0,0.0,,
326,447.0,3857,30,6,75,149,7,0,0,0,0,0,0,0,0,0.0,,
110,185.0,937,7,2,14,86,0,0,19,-127,0,0,1078,500,45,-44.89784183595683,-3.919476614516732,1.2019257647625667
0,1.0,0,0,0,2,9,0,0,0,0,0,0,0,0,0,0.0,,
156,246.0,1941,13,3,55,113,2,0,0,0,0,0,0,0,0,0.0,,
53,88.0,514,1,1,27,-55,2,0,0,0,0,0,0,0,0,0.0,,
0,1.0,0,0,0,2,-4,0,0,0,0,0,0,0,0,0,0.0,,
17,25.0,179,1,3,5,15,0,0,0,0,0,0,0,0,0,0.0,,
2,5.0,29,0,0,0,0,0,0,0,0,0,0,0,0,0,0.0,,
87,133.0,867,4,8,66,159,3,0,0,0,0,0,0,0,0,0.0,,
60,112.0,440,1,4,14,65,0,1,6,-60,1,0,662,204,26,-39.52713009677772,-2.735478700553634,0.35842639913668345
61,118.0,440,0,6,21,122,0,0,8,-47,2,1,710,251,20,-71.14114697335754,-20.75771442595011,0.46109460737136193
4,5.0,50,1,0,1,6,0,0,0,0,0,0,0,0,0,0.0,,
246,389.0,2382,18,6,34,-119,4,0,0,0,0,0,0,0,0,0.0,,
225,338.0,2276,15,10,54,421,2,0,34,-229,5,4,2473,1192,112,-26.453309328381344,-5.64297694871892,0.8293346223885181
424,612.0,5222,37,12,132,628,5,1,68,-334,12,6,5725,2154,238,125.68553368048794,8.903435001073783,0.9860750686951821
51,80.0,585,1,6,15,82,0,0,9,-38,1,1,704,250,21,-20.053717056583857,2.407894103086367,0.8533447149966928
253,408.0,2996,21,8,74,89,3,0,0,0,0,0,0,0,0,0.0,,
262,394.0,3327,24,8,96,302,6,0,0,0,0,0,0,0,0,0.0,,
103,159.0,1100,8,3,36,172,1,0,0,0,0,0,0,0,0,0.0,,
418,567.0,4542,36,7,36,20,4,0,21,-146,3,1,4115,2096,225,168.80096418382155,6.154635633935721,1.212674334866909
307,411.0,3187,28,5,10,1,1,0,15,-120,1,1,2625,1582,170,78.57683413268262,5.440814806975427,1.2106465152908978
322,463.0,3341,27,9,23,3,2,0,13,-89,5,2,2723,1700,169,63.825985748036665,0.16564873470870367,1.2733279168266896
20,38.0,137,0,0,9,20,0,0,0,0,0,0,0,0,0,0.0,,
10,21.0,123,1,0,9,25,0,0,0,0,0,0,0,0,0,0.0,,
1,2.0,28,0,0,3,13,1,0,0,0,0,0,0,0,0,0.0,,
21,48.0,250,0,3,15,-3,0,0,0,0,0,0,0,0,0,0.0,,
100,156.0,1020,7,3,18,72,0,0,5,-26,1,0,1065,550,54,13.724927441140382,0.5284058498235542,0.9748849987847643
254,443.0,2933,16,15,44,160,3,0,19,-123,4,3,3908,1394,145,-35.506874665106324,-6.693927417176487,0.7919148972032242
67,111.0,787,2,2,10,53,2,0,9,-52,1,0,1107,350,32,-9.218843522528495,-3.865517367866932,0.7562510871272746
48,76.0,543,3,3,5,14,0,0,6,-26,0,0,621,305,20,-1.600722791097846,-15.490615990773964,0.820123494847566
107,181.0,1071,6,5,18,133,2,0,12,-88,3,2,1107,611,45,-41.6694468111007,-2.583055392479435,0.8177739603267414
2,3.0,15,0,0,6,-5,0,0,0,0,0,0,5,16,1,-0.8927228087559342,-14.289780457814535,3.0
35,48.0,422,4,0,2,13,0,0,2,-23,0,0,366,210,20,22.533870438133924,6.721697846701095,1.1902830158780464
30,46.0,462,2,2,14,87,1,0,0,0,0,0,0,0,0,0.0,,
319,465.0,4369,34,9,57,89,5,0,0,0,0,0,0,0,0,0.0,,
49,82.0,391,3,3,15,21,0,0,0,0,0,0,0,0,0,0.0,,
94,151.0,882,4,5,30,-14,0,0,0,0,0,0,0,0,0,0.0,,
194,312.0,1972,18,10,54,-239,0,0,0,0,0,0,0,0,0,0.0,,
44,75.0,532,5,3,16,-57,0,0,0,0,0,0,0,0,0,0.0,,
136,240.0,2030,18,3,61,38,3,0,0,0,0,0,0,0,0,0.0,,
80,115.0,833,3,0,31,8,0,0,0,0,0,0,0,0,0,0.0,,
5,9.0,43,0,0,25,102,2,0,0,0,0,0,0,0,0,0.0,,
119,203.0,1365,7,7,20,101,0,0,29,-204,3,2,1751,615,65,-52.23089594989867,-4.583710935772897,0.9027097815977814
148,241.0,1439,5,7,20,46,1,0,20,-141,5,3,1622,867,73,-40.51915050245559,-7.633124488768636,0.9475728015486647
84,147.0,913,4,4,21,-113,0,0,0,0,0,0,0,0,0,0.0,,
5,6.0,23,0,0,1,16,0,0,0,0,0,0,0,0,0,0.0,,
190,284.0,2025,12,5,36,-37,1,0,0,0,0,0,0,0,0,0.0,,
1,1.0,6,0,0,0,0,0,0,0,0,0,0,0,0,0,0.0,,
274,409.0,2806,13,11,50,-65,0,0,0,0,0,0,0,0,0,0.0,,
181,250.0,2000,18,6,46,-87,0,0,0,0,0,0,0,0,0,0.0,,
73,118.0,915,5,2,29,43,0,0,0,0,0,0,0,0,0,0.0,,
1,3.0,7,0,1,0,0,0,0,0,0,0,0,0,0,0,0.0,,
271,438.0,2710,17,13,29,12,1,0,0,0,0,0,0,0,0,0.0,,
192,277.0,2030,13,11,50,148,1,0,0,0,0,0,0,0,0,0.0,,
6,19.0,57,0,0,10,18,0,0,0,0,0,0,0,0,0,0.0,,
9,16.0,64,1,1,13,14,0,0,0,0,0,0,0,0,0,0.0,,
210,296.0,2142,16,4,108,287,3,0,0,0,0,0,0,0,0,0.0,,
0,1.0,0,0,1,3,52,1,0,0,0,0,0,0,0,0,0.0,,
84,128.0,916,6,1,68,252,2,0,0,0,0,0,0,0,0,0.0,,
33,48.0,285,1,1,35,287,3,0,0,0,0,0,0,0,0,0.0,,
1,1.0,4,0,0,1,-2,0,0,0,0,0,0,0,4,0,-0.2389741421211511,21.72062397003174,0.0
111,174.0,1129,3,1,27,144,1,0,14,-122,5,4,1204,581,53,-34.01198611579233,-4.90620581277713,1.0068919615628134
22,40.0,234,2,3,9,33,0,0,0,0,0,0,0,0,0,0.0,,
198,304.0,2731,31,7,79,318,4,0,0,0,0,0,0,0,0,0.0,,
29,52.0,290,2,1,29,23,0,0,0,0,0,0,0,0,0,0.0,,
36,72.0,491,4,2,55,236,1,0,0,0,0,0,0,0,0,0.0,,
179,290.0,2225,17,7,81,328,3,0,0,0,0,0,0,0,0,0.0,,
77,125.0,1081,12,6,36,88,1,0,0,0,0,0,0,0,0,0.0,,
380,576.0,4299,21,11,15,20,1,0,47,-358,7,4,4229,2162,206,29.09834421025058,1.8735371342885738,1.091934903749116
91,147.0,1042,6,5,4,7,0,0,5,-44,2,1,1199,417,47,-6.980309829768172,-2.387128822910868,0.8778777564036419
211,338.0,1840,12,8,39,-69,1,0,0,0,0,0,0,0,0,0.0,,
28,48.0,274,2,3,14,-23,0,0,0,0,0,0,0,0,0,0.0,,
74,127.0,829,4,2,17,-96,0,0,0,0,0,0,0,0,0,0.0,,
181,263.0,1715,12,5,167,632,8,0,0,0,0,0,0,0,0,0.0,,
28,37.0,317,3,1,31,112,0,0,0,0,0,0,0,0,0,0.0,,
125,217.0,1621,16,5,26,-23,1,0,0,0,0,0,0,0,0,0.0,,
16,26.0,187,1,1,0,0,0,0,0,0,0,0,0,0,0,0.0,,
13,19.0,156,0,0,4,19,0,0,0,0,0,0,0,0,0,0.0,,
46,77.0,320,2,3,15,-6,0,0,0,0,0,0,0,0,0,0.0,,
232,355.0,2502,11,11,31,29,0,0,0,0,0,0,0,0,0,0.0,,
132,226.0,1360,8,6,38,34,0,0,0,0,0,0,0,0,0,0.0,,
29,49.0,246,1,3,13,-13,0,0,0,0,0,0,0,0,0,0.0,,
123,206.0,1402,11,8,80,132,2,0,0,0,0,0,0,0,0,0.0,,
50,120.0,849,0,7,97,209,3,0,0,0,0,0,0,0,0,0.0,,
18,41.0,279,3,0,13,-55,0,0,0,0,0,0,0,0,0,0.0,,
235,363.0,2727,16,11,83,137,1,0,0,0,0,0,0,0,0,0.0,,
50,93.0,780,6,2,140,846,5,0,0,0,0,0,0,0,0,0.0,,
52,92.0,645,3,3,102,416,4,0,0,0,0,0,0,0,0,0.0,,
1,2.0,9,0,1,0,0,0,0,0,0,0,0,0,0,0,0.0,,
123,178.0,1339,8,4,35,-46,1,0,0,0,0,0,0,0,0,0.0,,
143,245.0,1608,12,6,53,129,2,0,0,0,0,0,0,0,0,0.0,,
3,4.0,27,0,1,0,0,0,0,0,0,0,0,0,0,0,0.0,,
1,6.0,17,0,1,7,24,0,0,0,0,0,0,0,0,0,0.0,,
1,3.0,10,0,0,0,0,0,0,0,0,0,0,0,0,0,0.0,,
148,271.0,2120,14,8,107,447,5,0,0,0,0,0,0,0,0,0.0,,
151,266.0,1961,10,12,100,258,5,0,0,0,0,0,0,0,0,0.0,,
199,302.0,2107,14,3,63,-126,1,0,0,0,0,0,0,0,0,0.0,,
26,46.0,243,0,2,12,-5,0,0,0,0,0,0,0,0,0,0.0,,
181,308.0,2032,15,9,87,20,3,0,0,0,0,0,0,0,0,0.0,,
190,314.0,2098,25,2,75,191,2,0,0,0,0,0,0,0,0,0.0,,
265,386.0,3004,16,6,87,105,2,0,0,0,0,0,0,0,0,0.0,,
273,379.0,3535,41,6,90,276,7,0,0,0,0,0,0,0,0,0.0,,
60,103.0,541,1,5,28,28,1,0,0,0,0,0,0,0,0,0.0,,
3,4.0,13,1,0,2,3,0,0,0,0,0,0,0,0,0,0.0,,
101,154.0,1331,14,3,12,-102,0,0,0,0,0,0,0,0,0,0.0,,
15,29.0,174,0,1,26,106,1,0,0,0,0,0,0,0,0,0.0,,
62,100.0,501,2,3,34,119,1,0,0,0,0,0,0,0,0,0.0,,
1,2.0,10,0,0,0,0,0,0,0,0,0,0,0,0,0,0.0,,
15,26.0,140,0,2,4,15,0,0,0,0,0,0,0,0,0,0.0,,
20,34.0,239,2,2,67,400,3,0,0,0,0,0,0,0,0,0.0,,
285,470.0,3271,21,6,67,344,0,0,33,-184,9,5,3472,1531,150,-12.463492822133723,-3.87417558067094,1.0135949872828491
216,327.0,2259,16,5,29,153,1,0,27,-147,4,4,2558,1016,117,16.78118177080021,5.170852073063754,0.9769888436819699
41,60.0,439,4,1,9,21,0,0,5,-31,1,0,346,263,24,15.881597512397237,8.178848088389694,0.8780738506228701
44,76.0,663,3,3,9,1,1,0,6,-28,1,0,717,251,30,7.425531540988395,-4.008070079554968,0.9879472405931216
305,490.0,3305,15,9,34,100,3,0,34,-187,6,5,3579,1566,147,-6.592706553653355,-5.417709024829008,0.9930342514504503
203,306.0,2013,9,10,19,58,0,0,29,-164,4,3,1847,1099,106,-46.01077278283449,0.14575732643234537,1.1152047865084327
6,13.0,37,0,1,6,2,0,0,0,0,0,0,68,31,2,-6.414683026901912,-14.620621662054742,0.5399305555555556
17,33.0,192,2,1,9,91,0,0,0,0,0,0,0,0,0,0.0,,
186,289.0,1860,6,5,98,275,8,0,0,0,0,0,0,0,0,0.0,,
2,3.0,40,0,0,0,0,0,0,1,-5,0,0,17,30,1,-0.35654913168400526,0.7060547669728597,2.3529411764705883
0,3.0,0,0,0,3,-3,0,0,0,0,0,0,47,0,0,-1.0598793326935265,-66.51498079299927,0.0
21,38.0,243,1,1,3,28,0,0,2,-23,0,0,348,52,10,-5.159788554968008,-6.425811712806289,0.6982758620689655
20,31.0,194,0,0,0,0,0,0,2,-20,1,0,197,97,8,-2.7503931065014506,0.7595975697040558,0.9847715736040609
189,316.0,2300,15,12,133,751,6,0,0,0,0,0,0,0,0,0.0,,
336,524.0,4039,29,12,36,-39,3,0,0,0,0,0,0,0,0,0.0,,
194,288.0,1927,12,5,29,-57,1,0,0,0,0,0,0,0,0,0.0,,
13,20.0,86,0,0,14,48,1,0,0,0,0,0,0,0,0,0.0,,
16,27.0,201,2,2,3,18,0,0,0,0,0,0,0,0,0,0.0,,
34,48.0,290,2,2,15,-9,0,0,0,0,0,0,0,0,0,0.0,,
18,29.0,225,1,4,9,-35,0,0,0,0,0,0,0,0,0,0.0,,
75,122.0,836,4,2,48,68,3,0,0,0,0,0,0,0,0,0.0,,
51,82.0,542,6,2,35,176,6,0,0,0,0,0,0,0,0,0.0,,
16,39.0,287,3,4,49,183,2,0,0,0,0,0,0,0,0,0.0,,
63,112.0,731,4,2,52,263,4,0,0,0,0,0,0,0,0,0.0,,
29,54.0,306,2,2,11,16,0,0,0,0,0,0,0,0,0,0.0,,
1,4.0,8,0,0,8,2,0,0,1,-16,1,1,11,11,0,-6.86530107389159,-18.635079264640808,0.0
4,5.0,33,0,0,2,-2,0,0,1,-3,0,0,25,14,3,0.6387938609695993,9.432286024093628,1.32
65,95.0,702,5,1,9,42,1,0,13,-117,1,1,664,360,31,-1.2367402815664583,6.451777850559031,1.1854748703134221
424,607.0,4535,32,12,72,394,1,0,49,-373,6,3,4637,1857,220,29.69246698966034,6.023745316421489,1.0766373653877979
323,499.0,3624,20,9,37,155,1,0,31,-231,4,2,3500,1714,169,34.54653651417416,1.8974714348044623,1.0550475960196983
407,578.0,4320,21,15,53,272,2,0,50,-338,3,0,3996,2181,209,21.75309638779609,6.6361556610956,1.2476366042288105
302,448.0,3025,19,17,41,109,0,0,55,-405,3,1,2762,1713,148,-72.92140604885863,1.2797004851556701,1.3603876654884837
77,102.0,783,4,0,13,36,0,0,9,-73,1,1,741,365,34,24.918335773197356,11.161198380632678,1.0869066865732377
7,9.0,69,0,0,0,0,0,0,0,0,0,0,0,0,0,0.0,,
3,4.0,27,0,1,7,30,0,0,0,0,0,0,0,0,0,0.0,,
123,202.0,1300,3,6,59,328,5,0,0,0,0,0,0,0,0,0.0,,
24,33.0,256,2,0,16,31,0,0,0,0,0,0,0,0,0,0.0,,
46,80.0,761,7,8,16,35,3,0,0,0,0,0,0,0,0,0.0,,
205,311.0,2557,18,5,82,465,7,0,0,0,0,0,0,0,0,0.0,,
170,261.0,1747,10,5,86,133,3,0,0,0,0,0,0,0,0,0.0,,
1,1.0,84,1,0,0,0,0,0,0,0,0,0,0,0,0,0.0,,
72,94.0,791,6,2,18,56,1,0,0,0,0,0,0,0,0,0.0,,
5,6.0,61,1,0,4,14,0,0,0,0,0,0,0,0,0,0.0,,
19,41.0,261,3,2,13,45,0,0,0,0,0,0,0,0,0,0.0,,
166,250.0,1938,22,3,77,360,5,0,0,0,0,0,0,0,0,0.0,,
63,110.0,595,3,2,43,73,2,0,0,0,0,0,0,0,0,0.0,,
180,301.0,2274,26,5,52,-114,0,0,0,0,0,0,0,0,0,0.0,,
48,86.0,507,4,3,28,47,1,0,0,0,0,0,0,0,0,0.0,,
1,1.0,5,0,0,1,6,0,0,0,0,0,0,0,0,0,0.0,,
106,166.0,1202,6,2,37,79,3,0,0,0,0,0,0,0,0,0.0,,
87,151.0,1196,7,5,54,65,0,0,0,0,0,0,0,0,0,0.0,,
128,232.0,1415,8,8,47,-86,0,0,0,0,0,0,0,0,0,0.0,,
53,80.0,518,3,2,19,53,0,0,0,0,0,0,0,0,0,0.0,,
47,74.0,533,5,1,42,230,8,0,0,0,0,0,0,0,0,0.0,,
183,279.0,2142,9,7,89,413,11,0,0,0,0,0,0,0,0,0.0,,
4,11.0,41,0,1,0,0,0,0,0,0,0,0,0,0,0,0.0,,
29,53.0,228,2,2,1,-6,0,0,0,0,0,0,0,0,0,0.0,,
243,429.0,2680,14,13,142,241,6,0,0,0,0,0,0,0,0,0.0,,
45,64.0,440,1,1,21,-13,0,0,0,0,0,0,0,0,0,0.0,,
269,386.0,2894,24,5,129,462,10,0,0,0,0,0,0,0,0,0.0,,
4,6.0,37,0,2,0,0,0,0,0,0,0,0,0,0,0,0.0,,
0,1.0,0,0,0,2,5,0,0,0,0,0,0,0,0,0,0.0,,
150,252.0,1941,19,5,161,851,9,0,0,0,0,0,0,0,0,0.0,,
224,357.0,2593,16,10,96,141,1,0,0,0,0,0,0,0,0,0.0,,
27,43.0,403,6,3,3,10,0,0,0,0,0,0,0,0,0,0.0,,
11,21.0,107,1,1,3,-3,1,0,0,0,0,0,0,0,0,0.0,,
1,1.0,14,0,0,1,4,1,0,0,0,0,0,0,0,0,0.0,,
24,33.0,227,3,0,2,17,0,0,0,0,0,0,0,0,0,0.0,,
3,3.0,49,1,0,5,33,0,0,0,0,0,0,0,0,0,0.0,,
5,10.0,96,1,0,4,27,1,0,0,0,0,0,0,0,0,0.0,,
53,98.0,674,6,3,22,-6,0,0,0,0,0,0,0,0,0,0.0,,
1,1.0,11,0,0,1,2,0,0,0,0,0,0,0,0,0,0.0,,
111,166.0,1372,10,7,70,307,4,0,0,0,0,0,0,0,0,0.0,,
175,281.0,2511,18,6,76,451,4,0,0,0,0,0,0,0,0,0.0,,
208,312.0,2410,18,8,39,-101,0,0,0,0,0,0,0,0,0,0.0,,
196,269.0,2114,14,2,126,577,11,0,0,0,0,0,0,0,0,0.0,,
252,361.0,2951,14,6,185,953,15,0,0,0,0,0,0,0,0,0.0,,
6,9.0,62,0,0,5,2,0,0,1,-9,0,0,58,30,3,-2.076887565394496,-11.88434229956733,1.1404040404040403
26,45.0,243,2,1,11,39,0,0,0,0,0,0,0,0,0,0.0,,
2,5.0,22,0,0,5,41,0,0,0,0,0,0,0,0,0,0.0,,
7,17.0,93,1,0,7,17,0,0,0,0,0,0,0,0,0,0.0,,
39,98.0,596,4,3,22,-6,0,0,0,0,0,0,0,0,0,0.0,,
24,40.0,200,2,2,4,-8,0,0,0,0,0,0,0,0,0,0.0,,
2,2.0,33,0,0,1,6,0,0,0,0,0,0,0,0,0,0.0,,
0,1.0,0,0,0,2,10,0,0,0,0,0,0,0,0,0,0.0,,
1,1.0,8,0,0,1,3,0,0,0,0,0,0,0,0,0,0.0,,
4,4.0,54,2,0,18,114,1,0,0,0,0,0,0,0,0,0.0,,
0,1.0,0,0,0,0,0,0,0,0,0,0,0,0,0,0,0.0,,
144,248.0,1641,9,7,46,-27,0,0,0,0,0,0,0,0,0,0.0,,
35,51.0,344,7,2,58,219,6,0,0,0,0,0,0,0,0,0.0,,
100,162.0,1160,5,9,17,-3,1,0,0,0,0,0,0,0,0,0.0,,
33,66.0,473,5,4,15,21,0,0,0,0,0,0,0,0,0,0.0,,
73,128.0,852,3,0,19,57,1,0,0,0,0,0,0,0,0,0.0,,
62,118.0,664,2,7,14,-22,0,0,0,0,0,0,0,0,0,0.0,,
175,281.0,1811,12,8,168,647,9,0,0,0,0,0,0,0,0,0.0,,
104,182.0,1108,5,4,74,276,2,0,0,0,0,0,0,0,0,0.0,,
13,15.0,103,1,0,11,76,2,0,0,0,0,0,0,0,0,0.0,,
12,20.0,135,0,2,3,6,0,0,8,-54,0,0,76,81,5,-29.729809938871767,-7.278274496396382,1.7763157894736843
0,1.0,0,0,0,1,3,0,0,0,0,0,0,0,0,0,0.0,,
31,54.0,279,2,2,21,145,1,0,0,0,0,0,0,0,0,0.0,,
127,225.0,1510,10,11,59,47,0,0,0,0,0,0,0,0,0,0.0,,
0,1.0,0,0,0,3,3,0,0,0,0,0,0,0,0,0,0.0,,
5,12.0,37,0,0,13,36,0,0,0,0,0,0,0,0,0,0.0,,
35,67.0,343,3,2,43,248,1,0,0,0,0,0,0,0,0,0.0,,
17,31.0,201,1,0,7,24,0,0,0,0,0,0,0,0,0,0.0,,
3,3.0,28,0,0,15,160,0,0,0,0,0,0,0,0,0,0.0,,
11,14.0,195,4,0,10,46,0,0,0,0,0,0,0,0,0,0.0,,
18,32.0,132,0,1,15,40,0,0,0,0,0,0,0,0,0,0.0,,
133,216.0,1465,12,2,30,50,1,0,0,0,0,0,0,0,0,0.0,,
140,243.0,1632,11,12,37,181,4,0,27,-149,2,2,2142,692,80,-54.1059147833337,-4.79683457976911,0.8930893826403503
1,1.0,1,1,0,15,80,1,0,0,0,0,0,0,0,0,0.0,,
0,2.0,0,0,0,6,45,1,0,0,0,0,0,0,0,0,0.0,,
269,410.0,2831,17,11,118,238,2,0,0,0,0,0,0,0,0,0.0,,
249,390.0,2924,20,8,133,315,6,0,0,0,0,0,0,0,0,0.0,,
18,32.0,218,2,3,15,-4,0,0,0,0,0,0,0,0,0,0.0,,
2,7.0,18,0,0,13,67,0,0,0,0,0,0,0,0,0,0.0,,
0,1.0,0,0,0,1,-3,0,0,0,0,0,0,0,0,0,0.0,,
29,50.0,218,0,1,39,133,1,0,0,0,0,0,0,0,0,0.0,,
5,8.0,61,0,1,25,80,0,0,0,0,0,0,0,0,0,0.0,,
76,158.0,996,5,8,36,-101,0,0,0,0,0,0,0,0,0,0.0,,
139,207.0,1471,13,3,19,-48,0,0,0,0,0,0,0,0,0,0.0,,
3,5.0,35,1,0,2,5,1,0,0,0,0,0,0,0,0,0.0,,
123,231.0,1262,9,9,104,446,3,0,0,0,0,0,0,0,0,0.0,,
6,18.0,37,1,1,10,26,0,0,0,0,0,0,0,0,0,0.0,,
163,257.0,2236,21,8,98,321,6,0,0,0,0,0,0,0,0,0.0,,
92,153.0,1179,10,2,42,282,3,0,0,0,0,0,0,0,0,0.0,,
6,18.0,31,0,0,15,38,1,0,0,0,0,0,0,0,0,0.0,,
74,140.0,716,4,6,56,115,2,0,0,0,0,0,0,0,0,0.0,,
6,10.0,203,2,0,6,28,1,0,0,0,0,0,0,0,0,0.0,,
124,250.0,1561,8,10,87,154,2,0,0,0,0,0,0,0,0,0.0,,
59,107.0,605,5,6,45,82,1,0,0,0,0,0,0,0,0,0.0,,
13,19.0,136,1,0,2,4,0,0,0,0,0,0,0,0,0,0.0,,
19,41.0,205,1,1,14,24,0,0,0,0,0,0,0,0,0,0.0,,
159,296.0,1714,7,8,87,213,2,0,0,0,0,0,0,0,0,0.0,,
99,154.0,1477,14,4,26,18,1,0,0,0,0,0,0,0,0,0.0,,
213,327.0,2486,13,10,87,152,4,0,0,0,0,0,0,0,0,0.0,,
44,83.0,675,8,4,28,80,1,0,0,0,0,0,0,0,0,0.0,,
192,316.0,1838,14,6,88,86,1,0,0,0,0,0,0,0,0,0.0,,
47,83.0,483,1,2,36,-5,0,0,0,0,0,0,0,0,0,0.0,,
158,304.0,1853,13,9,79,54,1,0,0,0,0,0,0,0,0,0.0,,
165,232.0,1857,11,3,111,553,7,0,0,0,0,0,0,0,0,0.0,,
6,9.0,68,0,0,6,7,0,0,0,0,0,0,0,0,0,0.0,,
71,115.0,511,2,8,76,223,3,0,0,0,0,0,0,0,0,0.0,,
8,15.0,59,0,1,2,16,0,0,2,-13,1,1,53,52,4,-12.85961258248426,-21.318088259015763,1.1132075471698113
2,3.0,10,0,0,1,4,0,0,0,0,0,0,0,0,0,0.0,,
40,76.0,471,2,2,13,16,0,0,0,0,0,0,0,0,0,0.0,,
30,50.0,306,1,2,15,4,0,0,0,0,0,0,0,0,0,0.0,,
90,167.0,1320,11,5,31,23,0,0,0,0,0,0,0,0,0,0.0,,
29,45.0,324,2,3,18,13,0,0,0,0,0,0,0,0,0,0.0,,
64,90.0,619,3,2,15,-18,0,0,0,0,0,0,0,0,0,0.0,,
20,42.0,232,1,4,14,41,0,0,0,0,0,0,0,0,0,0.0,,
154,246.0,1421,12,3,150,444,3,0,0,0,0,0,0,0,0,0.0,,
136,215.0,1309,6,2,112,311,8,0,0,0,0,0,0,0,0,0.0,,
117,187.0,1390,9,2,77,235,0,0,0,0,0,0,0,0,0,0.0,,
3,6.0,15,0,1,1,8,0,0,0,0,0,0,0,0,0,0.0,,
128,201.0,1354,9,3,54,15,1,0,0,0,0,0,0,0,0,0.0,,
7,10.0,142,3,0,8,41,1,0,0,0,0,0,0,0,0,0.0,,
59,115.0,693,4,9,51,227,1,0,0,0,0,0,0,0,0,0.0,,
0,3.0,0,0,0,28,172,0,0,0,0,0,0,0,0,0,0.0,,
9,11.0,84,2,1,3,7,0,0,0,0,0,0,0,0,0,0.0,,
129,190.0,1506,13,3,55,352,4,0,0,0,0,0,0,0,0,0.0,,
2,6.0,8,0,0,2,13,0,0,0,0,0,0,0,0,0,0.0,,
6,15.0,74,0,2,1,-2,0,0,0,0,0,0,0,0,0,0.0,,
11,14.0,84,0,1,4,2,0,0,0,0,0,0,0,0,0,0.0,,
21,35.0,219,1,0,6,4,0,0,0,0,0,0,0,0,0,0.0,,
257,369.0,3548,26,6,78,7,1,0,0,0,0,0,0,0,0,0.0,,
247,376.0,3244,28,11,94,-16,3,0,0,0,0,0,0,0,0,0.0,,
2,4.0,22,0,0,3,-4,0,0,0,0,0,0,0,0,0,0.0,,
24,39.0,323,4,0,8,28,0,0,0,0,0,0,0,0,0,0.0,,
2,5.0,25,0,1,0,0,0,0,0,0,0,0,63,7,2,-3.102543077489827,-24.654836058616638,0.3968253968253968
3,5.0,59,0,1,0,0,0,0,0,0,0,0,20,50,2,-2.261281799641438,-5.314946174621582,2.95
33,68.0,342,0,4,13,17,0,0,0,0,0,0,0,0,0,0.0,,
2,2.0,18,0,0,3,18,0,0,0,0,0,0,0,0,0,0.0,,
82,118.0,819,6,5,37,97,0,0,0,0,0,0,0,0,0,0.0,,
2,5.0,27,0,0,0,0,0,0,0,0,0,0,0,0,0,0.0,,
2,3.0,23,0,0,6,23,1,0,0,0,0,0,0,0,0,0.0,,
2,4.0,2,0,0,7,-7,0,0,0,0,0,0,82,1,1,-0.6780378912808374,-3.1443054477373757,0.3055555555555555
272,447.0,2942,18,6,56,228,4,0,27,-159,4,3,3545,1519,143,11.997698714470456,-2.4303786659147253,0.9828884034181774
2,8.0,17,0,0,18,19,3,0,2,-15,0,0,65,18,1,-8.438660981715657,-40.53862988948822,0.6071428571428571
141,225.0,1283,5,4,19,70,1,0,19,-132,4,3,1703,508,69,-22.858021311611587,5.320673146621563,0.8276338585379154
236,369.0,2608,12,6,49,243,2,0,24,-160,5,3,3221,1063,129,18.745632323502797,1.634563579018528,0.8496642956509645
18,23.0,224,3,0,3,19,0,0,0,0,0,0,178,70,10,16.375734796136385,19.585780901277168,1.2989304812834224
95,161.0,826,2,1,15,62,0,0,18,-119,3,1,1086,437,41,-37.114678355448525,-5.734936044229422,0.6756334580722358
315,485.0,3366,23,8,38,168,1,0,43,-288,4,4,3697,1557,165,-3.2154313428554455,-3.603242216262594,0.8476672969875862
82,117.0,652,4,1,11,25,1,0,5,-22,0,0,710,279,37,11.002512403609296,2.3500815768334404,0.9102871214180164
186,320.0,2459,15,6,71,103,3,0,0,0,0,0,0,0,0,0.0,,
85,138.0,1130,9,2,56,277,0,0,0,0,0,0,0,0,0,0.0,,
34,66.0,387,1,4,53,401,4,0,0,0,0,0,0,0,0,0.0,,
3,5.0,97,1,1,16,142,2,0,0,0,0,0,0,0,0,0.0,,
170,280.0,2430,23,3,38,-19,1,0,0,0,0,0,0,0,0,0.0,,
204,331.0,2829,25,7,48,78,3,0,0,0,0,0,0,0,0,0.0,,
98,167.0,1223,7,6,59,81,0,0,0,0,0,0,0,0,0,0.0,,
26,51.0,384,2,4,16,144,1,0,0,0,0,0,0,0,0,0.0,,
67,128.0,821,4,3,44,201,2,0,0,0,0,0,0,0,0,0.0,,
1,10.0,4,0,1,5,-23,0,0,0,0,0,0,0,0,0,0.0,,
17,42.0,264,1,1,10,-4,0,0,0,0,0,0,0,0,0,0.0,,
0,2.0,0,0,1,1,-6,0,0,0,0,0,0,0,0,0,0.0,,
41,76.0,439,2,4,21,-35,1,0,0,0,0,0,0,0,0,0.0,,
7,9.0,78,0,0,10,7,1,0,0,0,0,0,0,0,0,0.0,,
0,1.0,0,0,0,0,0,0,0,0,0,0,0,0,0,0,0.0,,
171,243.0,1936,12,7,27,127,3,0,24,-169,3,0,1554,1109,93,23.35207713649097,-1.1761499144560368,1.2587689034351117
81,125.0,771,6,8,9,39,1,0,9,-60,1,0,959,367,33,-38.38703885115973,6.011966243917373,0.9721699563628118
83,148.0,937,3,7,45,159,3,0,0,0,0,0,0,0,0,0.0,,
3,9.0,24,0,0,3,13,0,0,0,0,0,0,0,0,0,0.0,,
27,60.0,210,1,3,8,65,0,0,6,-33,2,1,434,99,10,-35.15658075193642,-18.06244909349415,0.46871770025839793
109,181.0,1426,8,12,40,46,2,0,0,0,0,0,0,0,0,0.0,,
18,39.0,226,1,1,11,22,0,0,6,-55,0,0,345,97,10,-14.948479153761138,-25.86484159714256,0.6119142021222805
5,12.0,46,0,2,4,16,0,0,0,0,0,0,0,0,0,0.0,,
7,13.0,69,1,0,4,21,0,0,0,0,0,0,0,0,0,0.0,,
2,5.0,27,0,1,3,2,0,0,0,0,0,0,0,0,0,0.0,,
60,110.0,624,2,6,1,13,1,0,7,-52,2,0,876,275,31,-36.12808508705165,-10.926270377185991,0.7257836767160754
25,37.0,305,2,1,16,20,0,0,0,0,0,0,0,0,0,0.0,,
6,9.0,48,0,0,7,22,0,0,0,0,0,0,0,0,0,0.0,,
13,24.0,173,2,0,4,16,0,0,0,0,0,0,0,0,0,0.0,,
211,367.0,2896,19,12,100,417,6,0,0,0,0,0,0,0,0,0.0,,
242,391.0,3168,15,7,129,634,16,0,0,0,0,0,0,0,0,0.0,,
34,61.0,355,2,1,15,-20,1,0,0,0,0,0,0,0,0,0.0,,
1,1.0,0,0,0,1,-1,0,0,0,0,0,0,0,0,0,0.0,,
105,152.0,997,4,3,25,-47,0,0,0,0,0,0,0,0,0,0.0,,
189,290.0,1788,11,11,34,62,1,0,0,0,0,0,0,0,0,0.0,,
172,304.0,2099,18,6,60,108,2,0,0,0,0,0,0,0,0,0.0,,
164,278.0,2008,11,13,117,469,7,0,0,0,0,0,0,0,0,0.0,,
3,4.0,7,1,0,1,3,0,0,0,0,0,0,0,0,0,0.0,,
3,3.0,9,0,0,0,0,0,0,0,0,0,0,0,0,0,0.0,,
98,199.0,897,2,6,33,-94,0,0,0,0,0,0,0,0,0,0.0,,
215,330.0,2085,9,13,70,298,2,0,0,0,0,0,0,0,0,0.0,,
14,32.0,183,1,0,23,119,0,0,0,0,0,0,0,0,0,0.0,,
2,2.0,18,1,0,1,9,0,0,0,0,0,0,0,0,0,0.0,,
30,53.0,370,5,0,29,83,1,0,0,0,0,0,0,0,0,0.0,,
10,17.0,58,0,0,2,2,0,0,0,0,0,0,0,0,0,0.0,,
77,148.0,1061,6,4,63,354,3,0,13,-59,2,0,1353,468,45,-5.568174177050525,2.530638434824895,0.9568543717808683
288,475.0,3402,17,11,147,823,10,0,28,-164,6,1,4347,1635,153,13.446945736503288,-0.29850486069936877,0.8434113417332971
364,547.0,4280,25,6,200,903,18,3,42,-239,5,2,4516,2031,190,89.39672720813799,2.5365118139748666,1.0274780518999147
377,573.0,4108,24,15,158,610,15,0,39,-238,3,1,4913,1799,194,59.28913132649342,4.18550470116728,0.8492893854418931
313,452.0,3629,23,6,184,824,19,0,51,-371,6,3,3431,1760,174,66.27040378912122,6.198541784019222,1.0347267968580307
314,489.0,3392,26,6,110,435,8,0,33,-182,3,1,4385,1352,157,31.068619426615737,3.5123274716033563,0.8529919974765836
56,87.0,620,5,3,16,87,1,0,8,-45,0,0,670,210,28,-0.915500543829495,5.637080897480267,0.9354439370877726
196,316.0,2209,17,11,45,-60,0,0,0,0,0,0,0,0,0,0.0,,
223,337.0,2462,13,11,34,-39,0,0,0,0,0,0,0,0,0,0.0,,
4,7.0,50,0,0,5,27,1,0,0,0,0,0,0,0,0,0.0,,
9,21.0,105,1,0,45,216,5,0,0,0,0,0,0,0,0,0.0,,
205,319.0,2844,16,11,168,726,20,0,0,0,0,0,0,0,0,0.0,,
38,66.0,541,4,3,19,0,0,0,0,0,0,0,0,0,0,0.0,,
13,18.0,88,0,0,1,8,0,0,0,0,0,0,0,0,0,0.0,,
171,300.0,2454,14,12,93,447,6,0,0,0,0,0,0,0,0,0.0,,
198,319.0,2504,22,7,117,423,4,0,0,0,0,0,0,0,0,0.0,,
0,3.0,0,0,1,1,9,0,0,0,0,0,0,106,0,0,-0.45671842122101225,-51.423268020153046,0.0
1,3.0,11,0,0,1,2,0,0,0,0,0,0,0,0,0,0.0,,
5,5.0,16,0,0,0,0,0,0,0,0,0,0,0,0,0,0.0,,
244,378.0,2992,19,14,49,281,1,0,27,-157,2,2,4086,895,152,43.6953902170237,2.83911195612537,0.7624375237734486
380,626.0,5109,33,30,59,250,1,2,47,-282,9,4,6481,1885,243,44.04615093639266,0.6708911092308685,0.8058191963871889
8,12.0,131,1,0,8,-6,0,0,2,-11,0,0,79,89,6,5.444161294658114,25.616126159826916,1.0784313725490196
95,161.0,1170,14,3,32,166,1,0,11,-69,1,1,1340,578,56,21.81038703891622,-3.44649220908272,1.2104648451005449
73,115.0,858,4,5,5,16,0,0,11,-74,1,0,1315,202,35,-5.95992297735435,3.057402193100534,0.6944656528273804
25,47.0,264,2,3,5,-6,0,0,2,-13,0,0,610,85,10,-9.789019574831215,-16.86616987111452,0.48072707832130446
181,296.0,2121,13,12,25,83,1,0,24,-130,4,2,2640,765,103,-25.473956939174567,-0.4612800221159795,0.6894716932174724
37,66.0,567,2,2,7,23,1,0,3,-11,1,1,619,210,25,15.391700988232628,-12.052409979409353,0.6140168811401688
25,49.0,229,0,1,4,15,0,0,5,-19,0,0,430,97,12,-22.605173133936113,-15.063819541502252,0.6225990396158463
5,11.0,88,2,1,3,-15,0,0,0,0,0,0,0,0,0,0.0,,
5,6.0,41,0,0,0,0,0,0,0,0,0,0,0,0,0,0.0,,
11,17.0,96,2,0,59,363,1,0,0,0,0,0,0,0,0,0.0,,
2,9.0,21,0,0,1,-9,0,0,0,0,0,0,0,0,0,0.0,,
35,52.0,374,2,1,8,-5,0,0,0,0,0,0,0,0,0,0.0,,
245,362.0,2784,18,14,51,-56,0,0,0,0,0,0,0,0,0,0.0,,
18,29.0,197,2,1,7,-14,0,0,0,0,0,0,0,0,0,0.0,,
21,31.0,144,0,0,4,-7,0,0,0,0,0,0,0,0,0,0.0,,
238,368.0,2413,24,11,106,493,7,0,0,0,0,0,0,0,0,0.0,,
2,2.0,24,0,0,2,-4,0,0,0,0,0,0,0,0,0,0.0,,
423,667.0,5400,33,14,52,130,2,0,38,-262,8,5,5768,2394,268,111.39135828522909,0.3587717021226198,0.9755367563631316
394,626.0,4638,22,16,33,40,2,0,22,-170,7,4,4841,2244,220,60.89775038160346,-1.6121026441036659,0.974752852322032
400,598.0,4281,22,13,56,109,4,0,29,-202,5,3,3929,2261,210,26.813754254835555,0.8187388450946055,1.1902360972474422
332,494.0,3245,19,8,17,87,0,0,35,-280,6,4,3148,1754,162,-25.531083544353343,0.9835992000550343,1.0969943069014316
382,587.0,4438,29,7,29,73,0,1,23,-156,5,3,4129,2285,227,102.01767571744924,-1.4997325525802836,1.1202949082424682
484,716.0,5412,34,12,41,24,2,0,37,-242,5,2,4820,2587,277,107.26987175719731,1.5600788108478703,1.1919876229090511
413,579.0,4942,38,15,36,63,0,0,33,-250,7,1,3737,2788,253,164.11480203246154,6.709345803515012,1.514427374990163
393,578.0,4564,34,8,19,45,0,0,38,-259,3,3,3715,2422,223,106.46015123964267,2.8896239743856804,1.337268736393566
77,109.0,802,8,0,9,15,0,0,7,-59,1,0,737,349,43,36.56694535602992,3.3429863212660886,1.1197592916802808
12,16.0,101,1,0,1,-5,0,0,0,0,0,0,0,0,0,0.0,,
2,2.0,32,0,0,7,9,2,0,0,0,0,0,0,0,0,0.0,,
76,112.0,1208,8,3,57,171,4,0,0,0,0,0,0,0,0,0.0,,
38,52.0,320,6,2,129,645,9,0,0,0,0,0,0,0,0,0.0,,
40,78.0,344,0,0,50,160,4,0,0,0,0,0,0,0,0,0.0,,
13,20.0,168,0,1,6,14,0,0,4,-28,2,2,156,99,7,-12.676042797437358,2.8744880799893977,1.6418108897510788
315,491.0,3446,18,9,60,-120,4,0,0,0,0,0,0,0,0,0.0,,
171,283.0,1686,12,5,45,74,0,0,0,0,0,0,0,0,0,0.0,,
2,4.0,14,0,1,2,-2,0,0,1,-7,0,0,21,5,1,-10.149865640560165,-40.861843029658,0.3888888888888889
22,44.0,256,2,3,7,7,0,0,4,-21,0,0,268,174,12,-19.06952885928331,-9.251777086229552,1.4598488012095905
53,83.0,656,4,3,14,84,0,0,7,-47,2,1,763,261,32,-5.130124091908549,0.33643259645789475,0.8035527486271913
40,66.0,496,2,1,9,8,0,0,7,-46,0,0,565,334,19,5.053421196005665,-3.654841370880604,0.8838625489343193
17,31.0,133,1,1,5,22,0,0,3,-31,1,1,182,72,8,-15.533969123045152,-5.823332512820208,0.7307692307692307
0,1.0,0,0,0,2,20,0,0,0,0,0,0,0,0,0,0.0,,
28,49.0,252,0,2,8,18,0,0,0,0,0,0,0,0,0,0.0,,
40,65.0,310,2,1,45,195,0,0,0,0,0,0,0,0,0,0.0,,
205,288.0,2002,10,2,129,459,10,0,0,0,0,0,0,0,0,0.0,,
5,7.0,31,0,1,28,171,0,0,0,0,0,0,0,0,0,0.0,,
7,8.0,40,0,0,33,195,2,0,0,0,0,0,0,0,0,0.0,,
20,39.0,222,2,2,18,37,0,0,0,0,0,0,0,0,0,0.0,,
3,11.0,41,0,0,13,107,2,0,0,0,0,0,0,0,0,0.0,,
3,10.0,66,1,1,9,33,0,0,0,0,0,0,0,0,0,0.0,,
1,6.0,12,0,0,4,24,0,0,0,0,0,0,0,0,0,0.0,,
174,277.0,1969,12,2,60,-107,2,0,0,0,0,0,0,0,0,0.0,,
0,1.0,0,0,0,0,0,0,0,0,0,0,0,0,0,0,0.0,,
66,110.0,823,7,5,65,239,0,0,0,0,0,0,0,0,0,0.0,,
2,2.0,26,0,0,0,0,0,0,0,0,0,0,0,0,0,0.0,,
67,95.0,604,4,3,5,8,0,0,0,0,0,0,0,0,0,0.0,,
276,398.0,4279,29,6,124,495,3,0,0,0,0,0,0,0,0,0.0,,
216,339.0,2272,15,5,86,487,9,0,35,-152,2,1,2773,1161,102,3.4194322537895676,-0.5579858195066051,0.8443922939200291
26,34.0,250,3,0,11,54,0,0,2,-1,1,0,292,88,16,20.796662726585055,4.02109046434534,0.6821537125488494
1,1.0,18,0,0,1,2,0,0,0,0,0,0,0,0,0,0.0,,
406,594.0,4390,30,10,183,1026,7,1,51,-265,2,0,4275,2212,213,91.11349189102347,4.225334817600624,1.0657303689842943
114,188.0,1262,8,3,58,278,2,0,18,-79,2,1,1390,577,59,-4.776996021824435,-3.0478825805139933,0.9737814380393832
29,51.0,260,3,0,12,100,0,0,1,-1,0,0,472,117,14,4.0851992593445114,0.024649276044862,0.5683524982191921
143,244.0,1810,9,8,67,103,4,0,0,0,0,0,0,0,0,0.0,,
101,169.0,1201,11,6,20,45,4,0,0,0,0,0,0,0,0,0.0,,
265,403.0,3711,24,10,54,157,6,0,0,0,0,0,0,0,0,0.0,,
4,9.0,39,0,2,2,-4,0,0,0,0,0,0,0,0,0,0.0,,
36,63.0,495,2,3,29,108,2,0,0,0,0,0,0,0,0,0.0,,
36,73.0,479,2,1,23,-38,0,0,0,0,0,0,0,0,0,0.0,,
7,18.0,50,0,0,29,146,1,0,0,0,0,0,0,0,0,0.0,,
116,221.0,1536,9,11,105,422,5,0,0,0,0,0,0,0,0,0.0,,
0,1.0,0,0,0,2,6,0,0,0,0,0,0,0,0,0,0.0,,
259,420.0,2783,16,10,137,387,3,0,0,0,0,0,0,0,0,0.0,,
332,500.0,3364,19,11,154,428,7,0,0,0,0,0,0,0,0,0.0,,
72,116.0,820,6,5,18,-1,2,0,0,0,0,0,0,0,0,0.0,,
207,325.0,2094,14,7,72,226,2,0,0,0,0,0,0,0,0,0.0,,
105,176.0,1003,6,2,25,130,2,0,16,-122,3,1,1378,506,50,-15.101213113746837,1.0900069009237303,0.8564283573922579
62,105.0,685,4,4,22,151,1,0,11,-46,1,0,851,290,31,-9.507895203102178,-2.431084178291858,0.803568475252156
35,64.0,432,3,2,6,28,0,0,11,-98,0,0,638,131,18,-13.539785704285187,-6.1547379236173985,0.708431629532547
14,20.0,108,1,0,20,75,0,0,2,-13,0,0,45,79,5,-2.0113410300109535,1.0812247792879746,1.4924812030075187
13,26.0,166,2,2,7,33,0,0,3,-26,0,0,232,74,8,-10.957208045409061,-10.962532877922058,0.7155172413793104
37,63.0,456,3,1,26,34,1,0,0,0,0,0,0,0,0,0.0,,
22,34.0,185,2,0,21,31,0,0,0,0,0,0,0,0,0,0.0,,
13,25.0,168,0,0,24,101,1,0,0,0,0,0,0,0,0,0.0,,
105,188.0,1261,10,6,100,522,5,0,0,0,0,0,0,0,0,0.0,,
2,5.0,24,0,0,5,5,1,0,0,0,0,0,0,0,0,0.0,,
8,11.0,126,1,1,4,-1,0,0,0,0,0,0,0,0,0,0.0,,
2,2.0,8,0,0,1,6,1,0,0,0,0,0,0,0,0,0.0,,
4,5.0,28,0,0,1,3,0,0,0,0,0,0,0,0,0,0.0,,
223,382.0,2570,26,12,133,607,8,0,0,0,0,0,0,0,0,0.0,,
21,47.0,258,0,4,6,-6,0,0,0,0,0,0,0,0,0,0.0,,
17,43.0,200,0,4,12,32,0,0,0,0,0,0,0,0,0,0.0,,
165,276.0,1767,9,13,37,30,2,0,0,0,0,0,0,0,0,0.0,,
53,89.0,718,5,3,8,33,0,0,13,-97,2,0,792,368,35,-0.48411393099176614,-6.281647386857205,0.9957654686588594
366,534.0,4405,29,16,56,63,1,0,40,-263,5,4,3552,2372,218,82.7750056900916,1.7092541881844212,1.3712540517636425
94,140.0,1096,7,5,10,25,0,0,11,-77,1,0,879,714,55,24.87557400059915,0.6801680792853529,1.257969312576528
344,515.0,4345,22,15,40,56,3,0,33,-226,4,2,3732,2284,202,91.9296637308327,0.6961288348894582,1.2364280823555591
207,308.0,2437,16,4,23,33,2,0,18,-100,1,1,2124,1443,114,75.50642052189109,-1.9660623823062027,1.1849239988589004
110,169.0,1205,7,9,20,39,0,0,14,-101,0,0,1364,468,60,-18.10863541386211,-11.149824955668349,0.8355284774449835
27,41.0,334,2,1,2,5,0,0,3,-15,0,0,221,232,16,2.0776321841180367,-3.0714814364910126,1.51131221719457
20,49.0,218,1,2,40,221,1,0,0,0,0,0,0,0,0,0.0,,
0,3.0,0,0,0,2,-1,0,0,0,0,0,0,0,0,0,0.0,,
264,404.0,2688,13,5,37,142,3,0,32,-231,4,3,3429,1142,150,48.966724960736016,1.8986409949118876,0.791044962850991
463,662.0,5716,39,16,51,149,2,0,70,-507,4,2,5106,2877,250,100.83133106635944,5.958738518020743,1.1516870577332683
486,715.0,5196,39,14,90,327,6,0,51,-319,6,3,4889,2476,255,105.22093984173922,2.9760257213996377,1.0966152123558854
244,365.0,2309,15,6,31,88,0,0,24,-180,2,1,2347,1239,115,6.095037059046859,1.0097979794640373,1.0068844015755407
460,652.0,4918,43,9,42,201,2,0,48,-278,9,5,4614,2192,253,115.12695542445556,6.852702962956832,1.1150037149281815
173,259.0,1809,17,5,14,41,0,0,17,-113,0,0,1868,824,100,36.60709334252305,4.6295991731295505,1.0139311575753867
73,103.0,743,6,1,8,32,0,0,7,-47,1,1,658,297,37,11.47748940050671,2.911094941243022,1.1364095620067793
120,207.0,1631,20,4,30,60,1,0,0,0,0,0,0,0,0,0.0,,
284,412.0,3441,28,1,47,131,3,0,0,0,0,0,0,0,0,0.0,,
232,379.0,2465,12,6,19,45,0,0,16,-79,2,1,3237,1015,122,17.285783355289723,-2.0253577761965667,0.7823768519356458
171,262.0,1822,6,5,12,20,0,0,26,-194,7,3,1777,907,86,-22.228209896883964,0.21625678447130614,1.0914893103810668
74,134.0,864,6,3,6,22,0,0,7,-69,0,0,1425,342,36,-9.165092195278266,2.5280218231249094,0.8881774460442939
27,42.0,338,3,0,2,3,0,0,2,-13,1,1,336,175,14,6.294119076454828,19.673059185345966,1.2351136964569012
110,191.0,1051,5,3,3,6,0,0,10,-66,5,4,1537,432,55,-25.36170515305042,-9.871276481809996,0.5851999863683647
157,250.0,1923,14,10,12,15,0,0,12,-96,3,1,2224,808,74,-18.313879266057178,-1.316903271312215,0.9769319936291825
162,248.0,1761,12,7,9,26,0,0,18,-123,3,3,2215,651,87,2.0523858721668686,0.7124819403592719,0.79842243231338
251,416.0,2479,15,10,21,35,1,0,18,-118,3,3,3047,1165,115,-40.87212521742496,-0.849984366810399,0.8868365846976115
22,29.0,241,1,0,10,16,1,0,0,0,0,0,280,72,14,11.790716131760057,17.12494382151851,0.8607142857142858
15,24.0,183,1,2,5,50,0,0,0,0,0,0,260,78,9,0.6370323602229799,7.726169265806675,0.9320300867923158
3,7.0,35,1,0,1,-3,0,0,0,0,0,0,0,0,0,0.0,,
164,278.0,2265,17,6,59,159,1,0,0,0,0,0,0,0,0,0.0,,
89,159.0,1021,11,7,43,117,2,0,0,0,0,0,0,0,0,0.0,,
218,390.0,3002,23,14,58,217,2,0,0,0,0,0,0,0,0,0.0,,
272,404.0,3565,24,10,71,101,4,0,0,0,0,0,0,0,0,0.0,,
94,160.0,1114,7,7,21,19,0,0,0,0,0,0,0,0,0,0.0,,
147,208.0,1854,13,6,54,-17,0,0,0,0,0,0,0,0,0,0.0,,
0,1.0,0,0,0,1,5,1,0,0,0,0,0,0,0,0,0.0,,
43,67.0,497,4,0,15,14,0,0,0,0,0,0,0,0,0,0.0,,
17,25.0,153,3,1,4,15,0,0,0,0,0,0,0,0,0,0.0,,
25,49.0,286,2,1,35,19,0,0,0,0,0,0,0,0,0,0.0,,
29,79.0,415,1,5,78,172,1,0,0,0,0,0,0,0,0,0.0,,
5,15.0,7,0,0,4,11,0,0,0,0,0,0,0,0,0,0.0,,
224,347.0,3139,29,7,178,826,15,0,0,0,0,0,0,0,0,0.0,,
247,397.0,2885,14,11,149,431,8,0,0,0,0,0,0,0,0,0.0,,
128,230.0,1208,5,6,127,418,6,0,0,0,0,0,0,0,0,0.0,,
14,29.0,135,0,1,34,123,2,0,0,0,0,0,0,0,0,0.0,,
17,31.0,240,0,3,11,-52,1,0,0,0,0,0,0,0,0,0.0,,
1,1.0,-1,0,0,0,0,0,0,0,0,0,0,0,0,0,0.0,,
25,44.0,260,0,1,7,58,0,0,3,-8,0,0,418,98,14,-4.796585336207856,-11.704097325737411,0.564292364990689
1,4.0,5,0,1,2,-1,0,0,1,-8,0,0,19,7,0,-6.360478993272409,-53.385670483112335,0.0
38,62.0,390,1,3,8,32,0,0,7,-49,2,1,504,198,19,-19.748739064894636,-6.1142599317762585,0.7754532995163754
4,7.0,42,0,2,2,-8,0,0,0,0,0,0,0,0,0,0.0,,
148,261.0,1623,4,16,32,32,0,0,0,0,0,0,0,0,0,0.0,,
124,241.0,1726,9,8,143,557,4,0,0,0,0,0,0,0,0,0.0,,
106,179.0,1110,8,5,30,-23,0,0,0,0,0,0,0,0,0,0.0,,
7,14.0,96,1,0,1,-5,0,0,0,0,0,0,0,0,0,0.0,,
12,24.0,50,0,0,18,69,0,0,0,0,0,0,0,0,0,0.0,,
4,9.0,58,0,1,5,-11,0,0,0,0,0,0,0,0,0,0.0,,
47,89.0,420,1,6,8,-22,0,0,0,0,0,0,0,0,0,0.0,,
2,5.0,11,0,0,4,30,0,0,0,0,0,0,0,0,0,0.0,,
54,89.0,557,4,3,42,68,0,0,0,0,0,0,0,0,0,0.0,,
9,20.0,71,0,1,1,-5,0,0,0,0,0,0,0,0,0,0.0,,
240,408.0,3052,16,9,53,185,4,0,0,0,0,0,0,0,0,0.0,,
35,61.0,382,3,2,51,142,1,0,0,0,0,0,0,0,0,0.0,,
14,24.0,168,1,0,23,135,2,0,0,0,0,0,0,0,0,0.0,,
22,31.0,200,3,1,9,29,0,0,0,0,0,0,0,0,0,0.0,,
36,62.0,411,2,3,12,27,0,1,3,-23,2,1,494,233,22,-7.069919718026815,-5.805319018012398,0.8701917914325663
14,21.0,195,1,0,1,-1,0,0,0,0,0,0,151,117,9,3.5308599969274166,-2.3546324421962104,1.2046156609195402
409,634.0,4625,37,13,56,249,4,0,30,-242,4,1,5321,2120,230,111.82883910613103,1.5966028907569936,0.916915927399662
288,458.0,3601,25,14,27,93,1,0,16,-112,1,0,4034,1781,163,56.629444056107445,0.1695490616966731,0.9763041281160237
315,485.0,3704,27,6,48,210,0,0,22,-170,2,2,4340,1673,174,128.60209631178313,4.889832918484305,1.0624551837137859
65,124.0,844,6,2,2,0,0,0,8,-44,3,1,1077,388,39,-2.300941871300917,-10.58680915207188,0.7641248594517962
7,9.0,63,0,0,3,16,0,0,0,0,0,0,0,0,0,0.0,,
272,389.0,3222,30,13,74,278,7,0,0,0,0,0,0,0,0,0.0,,
1,3.0,8,0,0,3,-26,0,0,0,0,0,0,0,0,0,0.0,,
4,6.0,48,0,0,40,235,4,0,0,0,0,0,0,0,0,0.0,,
97,170.0,973,6,5,33,-23,1,0,0,0,0,0,0,0,0,0.0,,
10,25.0,107,1,0,10,-36,0,0,0,0,0,0,0,0,0,0.0,,
31,65.0,226,1,3,30,87,1,0,0,0,0,0,0,0,0,0.0,,
168,319.0,2044,10,12,89,631,8,0,28,-213,3,1,3509,913,88,-39.512357425362126,-6.711145175955465,0.659365734867031
295,507.0,3353,20,9,118,602,9,1,41,-264,7,3,4674,1499,159,-14.45940320510876,-1.9779089649145722,0.7454853860522206
473,692.0,5361,42,11,127,566,9,0,34,-253,7,2,5939,2166,272,169.12876670816868,5.996153942602295,0.954737326653261
457,708.0,5044,45,15,139,897,6,1,28,-180,4,1,5823,1959,261,121.16119073542697,3.0160400540235615,0.9013527827887363
407,648.0,4899,38,17,136,808,8,1,41,-201,8,4,6219,1769,242,88.1577151487008,0.8618445093391318,0.8171787322718779
432,648.0,4695,33,18,131,670,18,0,26,-166,2,1,5459,2255,222,101.15974853776603,3.9225913356228306,0.9087690162989797
365,565.0,4367,32,6,131,636,14,0,19,-85,5,2,4696,2327,199,151.62479603002208,2.7759038364291237,1.0134727401913792
372,534.0,4224,29,12,135,678,16,0,44,-327,2,2,3996,2251,203,86.07712564739356,3.3263926006071793,1.2846024632759627
56,86.0,786,5,2,28,114,6,0,8,-46,2,1,884,304,37,29.165268245527596,4.32618587062909,0.8980997017848772
117,207.0,1323,6,3,92,304,2,0,0,0,0,0,0,0,0,0.0,,
2,6.0,13,1,1,9,60,0,0,0,0,0,0,0,0,0,0.0,,
65,111.0,593,2,2,49,230,1,0,0,0,0,0,0,0,0,0.0,,
78,130.0,689,4,3,54,155,1,0,0,0,0,0,0,0,0,0.0,,
313,471.0,3949,27,11,47,-19,4,0,0,0,0,0,0,0,0,0.0,,
272,413.0,3472,29,13,55,4,2,0,0,0,0,0,0,0,0,0.0,,
0,1.0,0,0,1,0,0,0,0,0,0,0,0,0,0,0,0.0,,
52,91.0,590,3,4,23,120,1,0,9,-67,2,0,839,302,29,-10.128199859591298,-3.567967787551109,0.8960752648239596
57,85.0,638,5,2,9,28,0,1,3,-23,0,0,620,283,39,27.387476933403597,-6.587324863153614,1.6223786063643715
8,15.0,84,0,0,4,5,0,0,2,-14,0,0,69,56,4,-2.861416120606009,-16.164572943340648,3.0522388059701493
6,14.0,126,1,3,14,94,0,0,0,0,0,0,0,0,0,0.0,,
2,3.0,17,0,0,4,1,0,0,1,-5,0,0,53,2,1,-1.8097355109639466,37.2974619269371,0.1509433962264151
16,28.0,374,4,2,34,71,1,0,0,0,0,0,0,0,0,0.0,,
34,54.0,372,1,2,12,55,1,0,2,-14,0,0,313,213,21,3.8190098875594023,-1.431065225785438,1.373411536770926
60,110.0,539,1,4,5,32,0,0,7,-35,0,0,805,308,27,-32.38688326054918,-26.139813918353273,0.4994735283228434
21,29.0,198,0,0,7,21,0,0,6,-14,0,0,168,93,11,-3.004052768061224,-3.455885459076274,1.1413449564134495
217,393.0,2278,11,14,23,138,0,0,45,-320,7,5,3262,977,112,-150.63271166350515,-8.322271948876244,0.7480367245510325
58,109.0,567,1,5,3,13,0,0,16,-93,1,0,899,319,26,-49.46513307753881,-15.87042658428351,0.7316353442749753
2,11.0,19,0,2,0,0,0,0,0,0,0,0,121,11,1,-18.704876960255206,-43.843138962984085,0.13823529411764704
6,12.0,43,0,1,4,11,0,0,0,0,0,0,59,19,2,-10.654129022965208,0.18994733691215515,0.5006587615283268
4,5.0,2,0,0,2,20,0,0,0,0,0,0,0,13,0,-2.623088019026909,17.833222448825836,0.0
40,68.0,411,2,2,8,44,0,0,6,-26,3,2,538,213,25,-8.974636538833105,0.13162299816371448,0.8090939561527797
262,417.0,2464,13,10,77,421,6,2,30,-217,7,5,3320,1003,126,-81.59065717074796,-2.0036268541385036,0.7707500428742786
32,47.0,361,2,2,9,24,2,0,2,-28,1,0,373,101,18,5.55747983542185,10.964649525426683,0.9470934799685782
7,10.0,65,0,0,10,-5,0,0,0,0,0,0,119,48,3,-0.0719429492467123,1.7468368634581566,0.5573076923076923
18,23.0,294,3,2,17,129,3,0,0,0,0,0,0,0,0,0.0,,
5,7.0,36,0,0,26,110,0,0,0,0,0,0,0,0,0,0.0,,
18,28.0,195,1,1,37,118,6,0,0,0,0,0,0,0,0,0.0,,
152,260.0,1898,14,5,86,589,7,0,0,0,0,0,0,0,0,0.0,,
5,10.0,46,0,0,8,35,0,0,0,0,0,0,0,0,0,0.0,,
15,22.0,104,1,0,6,17,0,0,0,0,0,0,0,0,0,0.0,,
7,13.0,72,2,1,21,88,1,0,0,0,0,0,0,0,0,0.0,,
2,6.0,39,0,0,22,47,2,0,0,0,0,0,0,0,0,0.0,,
52,94.0,589,4,0,23,-36,0,0,0,0,0,0,0,0,0,0.0,,
5,12.0,84,1,0,2,24,0,0,0,0,0,0,0,0,0,0.0,,
301,391.0,3610,32,8,42,-44,0,0,0,0,0,0,0,0,0,0.0,,
21,45.0,189,1,4,5,3,0,0,0,0,0,0,0,0,0,0.0,,
159,270.0,1870,7,10,72,420,2,0,36,-264,8,4,2645,683,83,-64.92877211484534,-1.5904246386364882,0.7689132075610745
192,318.0,2242,17,11,160,1143,8,0,55,-359,7,2,2889,958,91,-67.55924912026882,-3.2303910625427323,0.7784443656667066
227,370.0,2562,16,9,124,657,4,0,44,-285,7,3,2961,1224,121,-38.19047671384594,0.4279882023079749,1.0523716402983536
106,162.0,1106,5,1,62,289,5,0,16,-124,2,1,1256,520,45,7.122525860269608,-8.76521227324781,0.724140649095006
128,204.0,1259,7,1,71,383,4,2,27,-192,2,1,1379,586,58,-22.451623025007635,-6.876551432524284,0.8834949427088064
135,231.0,1527,9,9,32,-53,1,0,0,0,0,0,0,0,0,0.0,,
396,595.0,4336,31,10,55,234,5,0,32,-218,3,1,4368,2220,216,90.67423721345527,1.02852682648861,1.0217752061335632
443,672.0,5014,38,15,63,302,3,0,31,-214,1,1,5058,2403,256,121.55570376370669,0.03264494024844901,1.0605604780685955
502,742.0,5012,26,10,57,159,0,0,41,-226,4,3,4743,2639,241,32.15717203889694,1.3354123969052405,1.0853965742867349
297,456.0,3134,20,7,52,228,3,0,29,-233,3,1,3490,1568,150,27.91685552285643,-1.6007306647854738,0.9318860221658766
346,536.0,4112,24,7,69,306,2,0,45,-275,4,1,4740,1800,184,49.147290920706816,0.9608531569879888,0.915926099537179
359,543.0,3886,26,13,93,555,2,1,60,-340,5,2,4252,1728,183,2.8343411644525425,1.382990918796348,0.9714284244933582
52,88.0,627,3,4,12,48,0,0,8,-40,2,0,834,293,28,-12.54040959618608,-4.486824524229717,0.7510983383825467
24,47.0,300,4,2,68,94,8,0,0,0,0,0,0,0,0,0.0,,
255,356.0,3172,26,3,176,734,16,0,0,0,0,0,0,0,0,0.0,,
14,19.0,165,1,2,9,20,0,0,0,0,0,0,0,0,0,0.0,,
24,35.0,179,1,0,8,-9,0,0,0,0,0,0,0,0,0,0.0,,
2,4.0,14,0,0,3,5,0,0,0,0,0,0,0,0,0,0.0,,
20,30.0,155,1,1,6,52,0,0,0,0,0,0,0,0,0,0.0,,
151,244.0,1497,11,5,72,243,3,0,0,0,0,0,0,0,0,0.0,,
4,4.0,59,0,0,1,3,0,0,0,0,0,0,0,0,0,0.0,,
33,54.0,441,3,0,11,52,2,0,0,0,0,0,0,0,0,0.0,,
64,108.0,1012,7,4,61,193,2,0,0,0,0,0,0,0,0,0.0,,
70,120.0,955,6,3,22,49,2,0,0,0,0,0,0,0,0,0.0,,
189,336.0,1971,12,10,43,-33,0,0,0,0,0,0,0,0,0,0.0,,
23,43.0,236,1,3,27,92,3,0,0,0,0,0,0,0,0,0.0,,
275,427.0,2900,25,10,54,-81,1,0,0,0,0,0,0,0,0,0.0,,
21,36.0,159,0,2,3,-22,0,0,0,0,0,0,0,0,0,0.0,,
76,138.0,954,8,5,16,-25,0,0,0,0,0,0,0,0,0,0.0,,
0,1.0,0,0,0,0,0,0,0,0,0,0,0,0,0,0,0.0,,
139,237.0,1699,9,6,55,39,1,0,0,0,0,0,0,0,0,0.0,,
1,1.0,9,0,0,0,0,0,0,0,0,0,0,0,0,0,0.0,,
7,13.0,98,0,0,8,9,2,0,0,0,0,0,0,0,0,0.0,,
22,45.0,269,1,3,12,28,0,0,0,0,0,0,0,0,0,0.0,,
121,206.0,1386,7,7,115,557,9,0,0,0,0,0,0,0,0,0.0,,
16,36.0,232,1,0,5,-16,0,0,0,0,0,0,0,0,0,0.0,,
147,261.0,1886,15,6,114,587,7,0,0,0,0,0,0,0,0,0.0,,
127,204.0,1414,10,7,104,357,5,0,0,0,0,0,0,0,0,0.0,,
37,48.0,394,3,0,20,18,0,0,0,0,0,0,0,0,0,0.0,,
5,13.0,113,1,2,24,120,0,0,0,0,0,0,0,0,0,0.0,,
32,52.0,427,3,0,51,282,2,0,0,0,0,0,0,0,0,0.0,,
43,77.0,629,5,1,82,458,8,0,0,0,0,0,0,0,0,0.0,,
73,142.0,772,3,5,42,116,0,0,0,0,0,0,0,0,0,0.0,,
224,357.0,2154,12,5,76,224,3,0,0,0,0,0,0,0,0,0.0,,
6,18.0,90,0,0,17,54,0,0,0,0,0,0,0,0,0,0.0,,
1,1.0,7,0,0,0,0,0,0,0,0,0,0,0,0,0,0.0,,
0,4.0,0,0,0,2,-4,0,0,0,0,0,0,0,0,0,0.0,,
2,2.0,14,0,0,0,0,0,0,0,0,0,0,0,0,0,0.0,,
39,73.0,416,2,3,15,71,1,0,0,0,0,0,0,0,0,0.0,,
149,245.0,2006,18,11,49,170,4,0,0,0,0,0,0,0,0,0.0,,
269,408.0,3300,19,6,85,193,9,0,0,0,0,0,0,0,0,0.0,,
112,189.0,1111,7,6,57,159,7,0,0,0,0,0,0,0,0,0.0,,
325,470.0,4070,33,9,68,67,8,0,0,0,0,0,0,0,0,0.0,,
1,2.0,-2,0,0,0,0,0,0,0,0,0,0,3,0,0,-2.1466314259450883,-31.81181252002716,0.0
6,9.0,12,0,0,17,24,0,0,0,0,0,0,0,0,0,0.0,,
124,217.0,1557,12,7,70,180,1,0,0,0,0,0,0,0,0,0.0,,
11,15.0,143,2,0,3,17,0,0,0,0,0,0,0,0,0,0.0,,
200,267.0,2155,17,2,94,372,9,0,0,0,0,0,0,0,0,0.0,,
244,376.0,2780,26,7,102,485,3,0,0,0,0,0,0,0,0,0.0,,
1,3.0,0,0,0,11,50,0,0,0,0,0,0,0,0,0,0.0,,
1,3.0,14,0,0,3,14,0,0,0,0,0,0,0,0,0,0.0,,
2,3.0,5,0,0,0,0,0,0,0,0,0,0,0,9,0,-1.7575525424908847,-6.2244713306427,0.0
6,14.0,74,0,0,49,207,3,0,0,0,0,0,0,0,0,0.0,,
10,13.0,97,1,0,4,12,0,0,0,0,0,0,0,0,0,0.0,,
33,46.0,282,1,2,9,-2,1,0,0,0,0,0,0,0,0,0.0,,
12,24.0,87,0,1,13,126,0,0,0,0,0,0,0,0,0,0.0,,
7,16.0,76,1,2,13,39,0,0,0,0,0,0,0,0,0,0.0,,
1,1.0,4,0,0,2,12,1,0,0,0,0,0,0,0,0,0.0,,
20,26.0,196,0,0,7,84,1,0,0,0,0,0,0,0,0,0.0,,
245,389.0,2404,7,9,55,237,3,0,27,-182,1,1,2957,1042,123,-8.959706766791422,-3.683038647944959,0.7757877256229211
201,324.0,2070,6,4,42,54,1,0,23,-173,0,0,2288,1046,91,-41.188491946606106,-1.6024504285975756,0.9565600956983888
25,43.0,291,2,1,14,8,1,0,4,-33,1,0,353,57,12,0.7170360489984176,-23.53940389760129,0.42720662733178383
28,45.0,188,1,2,5,22,0,0,8,-54,0,0,262,62,8,-28.787691949274503,-11.411753798524538,1.7863688181704005
0,1.0,0,0,0,2,20,0,0,0,0,0,0,3,0,0,-0.38113494333811104,-77.15720534324646,0.0
248,381.0,3189,23,11,101,354,5,0,0,0,0,0,0,0,0,0.0,,
300,454.0,3641,26,13,70,54,4,0,0,0,0,0,0,0,0,0.0,,
12,17.0,194,2,0,7,27,0,0,0,0,0,0,0,0,0,0.0,,
45,74.0,427,1,1,24,49,1,0,0,0,0,0,0,0,0,0.0,,
116,203.0,1516,7,6,83,60,4,0,0,0,0,0,0,0,0,0.0,,
188,304.0,2557,22,8,75,130,2,0,0,0,0,0,0,0,0,0.0,,
164,263.0,1742,9,6,52,114,5,0,0,0,0,0,0,0,0,0.0,,
6,22.0,57,0,3,6,-2,0,0,0,0,0,0,0,0,0,0.0,,
16,36.0,185,1,2,58,243,2,0,0,0,0,0,0,0,0,0.0,,
11,17.0,105,1,0,4,8,0,0,0,0,0,0,0,0,0,0.0,,
90,160.0,796,1,7,65,182,2,0,0,0,0,0,0,0,0,0.0,,
0,1.0,0,0,0,4,6,1,0,0,0,0,0,0,0,0,0.0,,
2,4.0,8,0,0,35,91,1,0,0,0,0,0,0,0,0,0.0,,
153,272.0,1560,10,8,211,608,5,0,0,0,0,0,0,0,0,0.0,,
43,76.0,442,3,2,4,11,0,0,0,0,0,0,0,0,0,0.0,,
174,303.0,2278,20,7,80,321,7,0,0,0,0,0,0,0,0,0.0,,
425,606.0,4298,30,10,44,123,1,0,40,-262,5,5,4396,1947,218,-10.79667924128233,2.5503333932080334,1.0358436741799748
347,504.0,4017,28,7,33,62,1,0,36,-262,6,3,3829,1965,182,83.42153407412206,4.934378488724282,1.2062026164848123
349,516.0,4265,35,13,32,156,1,0,39,-256,8,4,4103,1936,212,95.06042305263253,4.26865398236962,1.368738031206004
372,561.0,4221,33,7,29,115,1,0,28,-197,10,2,4573,1813,192,68.7925677748154,0.7851476949997176,0.9530656445034832
455,682.0,4820,31,14,32,98,3,0,46,-329,5,3,5089,2094,246,32.92447018871769,2.6053070125203823,1.000364587565439
216,311.0,2331,18,5,14,25,0,0,17,-110,4,3,2252,996,112,37.10304547110406,4.469140010719892,1.0603742909050413
303,453.0,3508,18,16,23,0,0,0,28,-201,7,2,3374,1687,163,21.13438802219035,1.0863261842769014,1.1001653806257814
166,269.0,1721,10,5,14,7,1,0,13,-79,2,0,1870,983,86,-0.9307982777622996,-4.49578235682066,1.1054878466039928
62,92.0,661,9,3,12,-2,0,0,5,-26,1,0,782,230,37,15.347312922743278,4.054468822205204,0.8367941476856702
149,253.0,1585,9,6,34,-18,0,0,0,0,0,0,0,0,0,0.0,,
53,88.0,493,3,4,9,1,0,0,0,0,0,0,0,0,0,0.0,,
19,24.0,202,2,0,5,3,1,0,0,0,0,0,0,0,0,0.0,,
76,117.0,824,4,3,31,76,0,0,0,0,0,0,0,0,0,0.0,,
258,429.0,3011,24,10,48,77,2,0,0,0,0,0,0,0,0,0.0,,
0,2.0,0,0,1,0,0,0,0,0,0,0,0,0,0,0,0.0,,
11,18.0,84,0,0,9,30,1,0,0,0,0,0,0,0,0,0.0,,
222,320.0,3042,29,5,46,-35,2,0,0,0,0,0,0,0,0,0.0,,
20,31.0,266,2,0,5,19,1,0,0,0,0,0,243,92,11,13.093619223171949,14.84762718556104,1.1042780748663101
303,489.0,3322,17,16,32,106,2,0,46,-397,10,6,3989,1647,188,-30.03240231823991,-0.7136601770357378,0.8723466992202982
60,87.0,610,4,1,7,26,1,0,7,-44,1,1,523,324,30,5.793599191286817,6.858756895060147,1.3610543297788449
12,19.0,120,1,0,2,11,0,0,2,-5,1,1,135,46,6,0.39260218954598525,-4.850399009883404,0.9033362792752982
46,78.0,416,2,4,6,13,0,0,5,-41,2,0,560,239,19,-35.89856570365411,-9.166375298588239,0.799047619047619
1,1.0,19,0,0,0,0,0,0,0,0,0,0,13,6,1,1.4325529362540692,27.48546004295349,1.4615384615384615
0,2.0,0,0,0,3,-3,0,0,0,0,0,0,10,0,0,-1.3552653677443862,-63.74935805797577,0.0
14,29.0,169,1,2,8,21,2,0,0,0,0,0,0,0,0,0.0,,
0,1.0,0,0,0,0,0,0,0,0,0,0,0,0,0,0,0.0,,
0,5.0,0,0,1,1,-2,0,0,0,0,0,0,76,0,0,-6.705424459069036,-50.98486840724945,0.0
3,7.0,18,1,0,9,57,1,0,0,0,0,0,0,0,0,0.0,,
75,114.0,854,8,4,78,458,5,0,0,0,0,0,0,0,0,0.0,,
391,592.0,4779,34,12,67,-65,3,0,0,0,0,0,0,0,0,0.0,,
3,9.0,23,0,0,0,0,0,0,0,0,0,0,99,20,1,-5.332559636328369,-22.49189428985119,0.23232323232323232
0,1.0,0,0,0,1,-1,0,0,0,0,0,0,3,0,0,-1.8803028730234743,-47.043803334236145,0.0
1,1.0,5,0,0,5,-4,0,0,0,0,0,0,-3,8,0,0.29781093914061785,12.927263975143433,0.0
34,59.0,335,1,3,39,176,2,0,0,0,0,0,0,0,0,0.0,,
137,212.0,1352,9,4,115,438,6,0,0,0,0,0,0,0,0,0.0,,
349,542.0,3722,20,12,93,544,4,0,48,-309,2,0,4055,1846,173,4.996438923084724,-1.3264445824756708,1.0502911111491826
375,558.0,3971,26,12,133,819,11,0,27,-176,4,4,4355,1743,205,31.909793619689477,1.8490767200377927,0.9191372360539394
352,515.0,3924,24,12,90,429,5,0,33,-301,1,0,4102,1883,179,42.464747413677,3.3291485484273524,1.0355023793667113
259,390.0,2368,14,7,67,418,3,1,25,-192,2,0,2678,1254,119,-17.928843285701486,1.1676782325791086,1.2263748874157907
176,268.0,1799,10,5,44,244,3,0,18,-119,2,0,1935,977,88,-16.66646907547618,-2.0872703704623925,1.0189387336307831
372,541.0,3851,21,11,78,572,5,1,30,-220,3,1,3693,1970,191,65.65436788089345,2.402263198091478,1.1303520680226218
110,161.0,962,6,3,29,173,1,0,16,-111,0,0,941,545,50,5.72059112573841,-0.08482319005967157,1.0391137860085835
18,34.0,186,1,2,4,26,0,0,3,-16,0,0,287,93,6,-16.562241482777026,1.2177624106407166,0.5904761904761904
136,224.0,1562,10,6,98,337,6,0,0,0,0,0,0,0,0,0.0,,
178,315.0,1919,17,9,170,644,9,0,0,0,0,0,0,0,0,0.0,,
6,11.0,55,1,1,15,75,1,0,0,0,0,0,0,0,0,0.0,,
113,199.0,1395,8,4,156,749,5,0,23,-126,3,3,1725,605,67,-12.572372454018094,-4.166894461823537,0.8328420880244575
296,460.0,3492,37,8,196,1349,7,0,27,-126,1,1,4208,1452,179,131.49029375458787,4.904327248451591,0.9205473545219627
273,424.0,3098,26,11,184,1175,8,0,37,-198,4,2,3634,1289,150,46.57568625576835,2.030691576172483,0.9193301150229185
246,382.0,2882,16,13,133,767,2,0,38,-190,2,1,3534,1150,135,18.436700874048647,2.6763601102512795,0.9133300487854301
203,326.0,2242,17,7,112,764,3,0,26,-114,1,1,2754,974,105,10.480335525684676,-1.4510748148342063,0.8847527579807508
343,516.0,4102,27,8,167,975,7,0,44,-264,7,5,4350,1920,188,57.93990344634792,4.484058445076162,1.0458731753308346
350,520.0,4601,45,5,160,1035,4,1,26,-173,3,2,4487,2255,218,186.28956618525328,6.404725300262754,1.222926016235001
192,302.0,2549,21,7,67,349,2,0,36,-239,5,3,2648,1064,109,18.157022170954196,2.9059863640800367,1.0242300318520083
53,76.0,745,4,1,17,124,1,0,5,-51,1,1,771,344,33,25.589048397979944,7.284120509108365,0.9880575011164489
0,1.0,0,0,0,4,11,0,0,0,0,0,0,0,0,0,0.0,,
155,277.0,2321,18,8,189,614,11,0,0,0,0,0,0,0,0,0.0,,
19,40.0,185,2,2,14,70,0,0,0,0,0,0,0,0,0,0.0,,
6,8.0,38,1,0,15,97,1,0,0,0,0,0,0,0,0,0.0,,
1,5.0,0,0,0,1,11,0,0,0,0,0,0,0,0,0,0.0,,
34,52.0,406,2,3,6,12,1,0,0,0,0,0,0,0,0,0.0,,
71,141.0,765,4,4,17,-15,0,0,0,0,0,0,0,0,0,0.0,,
197,300.0,2527,18,7,165,681,7,0,0,0,0,0,0,0,0,0.0,,
178,293.0,2437,13,8,149,270,5,0,0,0,0,0,0,0,0,0.0,,
0,1.0,0,0,0,1,4,0,0,0,0,0,0,0,0,0,0.0,,
6,10.0,49,0,1,9,108,0,0,0,0,0,0,0,0,0,0.0,,
5,12.0,90,0,0,9,16,0,0,0,0,0,0,0,0,0,0.0,,
5,8.0,65,1,1,1,9,0,0,0,0,0,0,0,0,0,0.0,,
2,7.0,18,0,0,0,0,0,0,0,0,0,0,0,0,0,0.0,,
76,115.0,1018,13,2,74,300,4,0,0,0,0,0,0,0,0,0.0,,
211,314.0,2376,19,6,138,548,7,0,0,0,0,0,0,0,0,0.0,,
4,4.0,25,0,0,2,-4,0,0,0,0,0,0,0,0,0,0.0,,
30,49.0,326,3,1,14,20,0,0,0,0,0,0,0,0,0,0.0,,
75,120.0,1294,9,5,190,922,13,0,0,0,0,0,0,0,0,0.0,,
11,14.0,139,1,0,11,66,2,0,0,0,0,0,0,0,0,0.0,,
4,5.0,74,2,0,3,15,0,0,0,0,0,0,0,0,0,0.0,,
7,12.0,90,1,1,2,-5,0,0,0,0,0,0,0,0,0,0.0,,
9,16.0,76,0,1,6,10,0,0,0,0,0,0,0,0,0,0.0,,
157,246.0,1781,13,2,52,120,5,0,0,0,0,0,0,0,0,0.0,,
203,361.0,2232,11,12,83,-3,1,0,0,0,0,0,0,0,0,0.0,,
1,2.0,2,0,0,1,3,0,0,0,0,0,0,0,0,0,0.0,,
111,167.0,1149,8,4,116,417,9,0,0,0,0,0,0,0,0,0.0,,
15,20.0,145,1,0,18,57,2,0,0,0,0,0,0,0,0,0.0,,
11,19.0,123,0,0,22,175,3,0,0,0,0,0,0,0,0,0.0,,
1,3.0,7,0,0,7,10,0,0,0,0,0,0,17,0,1,1.5348045515129343,-17.402535676956177,0.5
3,4.0,27,0,1,1,6,0,0,1,-7,0,0,6,29,3,-10.079575101757655,-2.8932034969329834,4.5
80,142.0,729,8,3,40,182,2,0,0,0,0,0,0,0,0,0.0,,
66,114.0,562,3,3,64,350,7,0,0,0,0,0,0,0,0,0.0,,
8,20.0,108,0,0,7,-17,0,0,0,0,0,0,0,0,0,0.0,,
2,3.0,11,0,0,4,19,0,0,0,0,0,0,0,0,0,0.0,,
5,16.0,121,1,0,4,-27,0,0,0,0,0,0,0,0,0,0.0,,
1,3.0,1,0,1,1,-14,0,0,0,0,0,0,0,0,0,0.0,,
9,13.0,40,0,0,15,14,0,0,0,0,0,0,0,0,0,0.0,,
5,12.0,32,1,1,19,67,2,0,0,0,0,0,0,0,0,0.0,,
26,41.0,245,2,3,30,138,1,0,0,0,0,0,0,0,0,0.0,,
211,347.0,2717,22,6,99,217,4,0,0,0,0,0,0,0,0,0.0,,
246,365.0,3007,22,5,100,242,5,0,0,0,0,0,0,0,0,0.0,,
255,386.0,2635,16,9,34,-24,0,0,0,0,0,0,0,0,0,0.0,,
19,30.0,171,1,0,9,34,0,0,0,0,0,0,0,0,0,0.0,,
5,7.0,22,0,0,10,28,1,0,0,0,0,0,0,0,0,0.0,,
17,36.0,160,2,2,5,-20,0,0,0,0,0,0,0,0,0,0.0,,
21,34.0,235,2,0,0,0,0,0,0,0,0,0,0,0,0,0.0,,
40,66.0,559,7,0,44,105,2,0,0,0,0,0,0,0,0,0.0,,
47,73.0,416,0,3,0,0,0,0,16,-96,2,1,404,264,15,-55.896267641615914,-4.416863087451819,1.0538417171342644
5,6.0,65,0,0,0,0,0,0,0,0,0,0,0,0,0,0.0,,
44,84.0,502,3,2,63,113,0,0,0,0,0,0,0,0,0,0.0,,
5,9.0,73,0,0,8,25,1,0,0,0,0,0,0,0,0,0.0,,
5,14.0,52,0,1,5,8,0,0,0,0,0,0,0,0,0,0.0,,
41,71.0,492,4,2,22,30,0,0,0,0,0,0,0,0,0,0.0,,
3,5.0,58,0,0,3,49,0,0,0,0,0,0,0,0,0,0.0,,
0,1.0,0,0,0,0,0,0,0,0,0,0,0,0,0,0,0.0,,
2,3.0,33,0,1,0,0,0,0,0,0,0,0,0,0,0,0.0,,
49,92.0,663,4,5,9,-7,0,0,0,0,0,0,0,0,0,0.0,,
28,46.0,336,3,1,11,-48,1,0,0,0,0,0,0,0,0,0.0,,
63,105.0,628,6,3,27,73,0,0,0,0,0,0,0,0,0,0.0,,
61,98.0,726,6,3,52,92,1,0,0,0,0,0,0,0,0,0.0,,
36,61.0,350,5,5,28,12,1,0,0,0,0,0,0,0,0,0.0,,
35,60.0,304,1,4,11,31,0,0,0,0,0,0,0,0,0,0.0,,
254,421.0,2932,26,12,19,-79,2,0,0,0,0,0,0,0,0,0.0,,
160,276.0,1802,9,8,23,-58,1,0,0,0,0,0,0,0,0,0.0,,
1,1.0,2,0,0,1,2,0,0,0,0,0,0,0,0,0,0.0,,
36,61.0,293,3,2,31,85,0,0,0,0,0,0,0,0,0,0.0,,
376,559.0,4033,24,15,46,147,0,0,31,-257,4,2,4401,1861,190,56.36419697154514,2.7800304261423148,1.0587294361512516
288,442.0,2997,14,11,47,102,1,0,34,-231,2,1,3459,1431,127,-30.194190213467962,-1.4215249240722607,0.9044175087426112
224,345.0,2120,10,12,26,96,0,0,22,-127,2,1,2410,1211,100,-54.70160128159115,-3.5490088673236087,1.1277824467157027
171,262.0,1672,8,8,28,92,1,0,14,-100,1,1,1928,908,77,-3.298469664451563,0.9421776015001007,1.0173735852278123
203,293.0,2155,13,6,37,67,0,0,16,-108,3,2,2162,957,107,42.0458450150152,1.4909612869866382,0.9529520519944477
66,120.0,795,5,2,54,93,0,0,0,0,0,0,0,0,0,0.0,,
247,396.0,3018,23,6,57,221,5,0,0,0,0,0,0,0,0,0.0,,
176,302.0,2333,18,9,57,81,4,0,0,0,0,0,0,0,0,0.0,,
44,75.0,499,2,4,15,-19,1,0,0,0,0,0,0,0,0,0.0,,
59,120.0,814,1,2,35,30,0,0,0,0,0,0,0,0,0,0.0,,
12,17.0,128,0,1,2,-11,0,0,0,0,0,0,0,0,0,0.0,,
104,190.0,1163,8,9,23,-13,0,0,0,0,0,0,0,0,0,0.0,,
21,28.0,358,1,0,16,67,3,0,0,0,0,0,0,0,0,0.0,,
38,64.0,439,5,2,49,202,1,0,0,0,0,0,0,0,0,0.0,,
21,32.0,120,0,0,19,76,2,0,0,0,0,0,0,0,0,0.0,,
16,30.0,114,1,0,5,40,0,0,0,0,0,0,0,0,0,0.0,,
90,145.0,978,10,2,61,309,4,0,0,0,0,0,0,0,0,0.0,,
273,473.0,2963,17,9,55,317,4,0,0,0,0,0,0,0,0,0.0,,
31,61.0,276,0,3,27,123,1,0,10,-49,0,0,498,144,11,-38.837689051219954,-14.195171482861042,0.5773971389847073
4,5.0,74,0,0,5,21,0,0,4,-30,0,0,39,55,1,-0.068276936013552,14.360389113426208,1.8974358974358974
40,54.0,550,3,0,20,138,1,0,8,-37,1,1,430,274,20,15.299639245377364,-6.647148123878217,1.0976422291377121
30,35.0,422,3,0,22,123,2,0,3,-15,0,0,354,126,19,28.084425085735283,24.975324552748113,2.863034188034188
49,86.0,627,1,2,17,101,1,0,9,-50,0,0,871,321,24,-5.08283038742622,-8.177315435035856,0.8040019094811038
147,240.0,1864,15,6,116,547,7,0,0,0,0,0,0,0,0,0.0,,
234,377.0,3169,25,12,104,493,6,0,0,0,0,0,0,0,0,0.0,,
8,20.0,113,0,0,9,30,0,0,0,0,0,0,0,0,0,0.0,,
2,4.0,35,1,0,33,88,1,0,0,0,0,0,0,0,0,0.0,,
0,3.0,0,0,0,17,63,0,0,0,0,0,0,0,0,0,0.0,,
228,331.0,2528,11,8,64,357,2,0,42,-243,5,1,2516,1266,121,8.214828941137633,3.0975276651316994,1.1428454025226202
96,161.0,1207,7,2,25,134,0,0,25,-162,2,0,1130,605,50,-7.529459486154753,5.214056318128881,1.3510186412223923
17,28.0,226,1,1,9,88,1,0,0,0,0,0,273,76,11,8.426394028313185,-2.654235752729269,0.8278388278388278
1,2.0,4,0,0,13,87,1,0,0,0,0,0,31,8,0,-0.7204284254694358,-10.441631078720093,0.0
184,300.0,2219,15,9,85,438,4,0,28,-195,3,1,3093,912,111,8.159635507238566,-0.07367827133805581,0.8526464989270041
15,23.0,164,1,1,8,52,0,0,3,-11,1,1,178,72,10,-5.110095864364313,-1.325395479798317,2.0277456647398844
34,44.0,364,4,0,20,93,1,0,3,-29,0,0,408,107,22,18.86635162629314,4.017107975045942,0.5377336743304019
139,227.0,1695,10,7,50,297,1,0,16,-107,3,1,2295,639,79,-3.8985720439669818,0.45425556399621037,0.7898199395989228
30,47.0,294,4,0,6,14,0,0,2,-7,0,0,435,114,17,10.579270452003751,3.8915536925196648,0.6657430567534932
206,338.0,2721,23,7,98,380,10,0,0,0,0,0,0,0,0,0.0,,
166,262.0,1741,10,7,130,545,16,0,0,0,0,0,0,0,0,0.0,,
0,1.0,0,0,0,1,-2,0,0,0,0,0,0,0,0,0,0.0,,
19,35.0,138,0,3,1,8,0,0,7,-42,1,0,220,87,3,-31.6875793812898,-16.849120259284973,0.5946428571428571
90,152.0,1028,7,3,76,199,1,0,0,0,0,0,0,0,0,0.0,,
2,6.0,9,0,1,1,10,0,0,0,0,0,0,0,0,0,0.0,,
2,7.0,23,0,1,2,12,0,0,0,0,0,0,0,0,0,0.0,,
1,2.0,22,0,0,2,12,0,0,0,0,0,0,0,0,0,0.0,,
20,38.0,187,0,1,16,21,0,0,0,0,0,0,0,0,0,0.0,,
3,8.0,19,0,0,6,7,0,0,0,0,0,0,0,0,0,0.0,,
201,316.0,2357,16,8,86,88,2,0,0,0,0,0,0,0,0,0.0,,
21,38.0,202,2,1,11,88,1,0,0,0,0,0,0,0,0,0.0,,
176,283.0,1765,13,9,21,42,0,0,15,-124,4,0,2286,934,80,-18.302914257979374,-0.6750833475508102,0.9431347635614988
25,43.0,324,2,1,7,-6,0,0,1,-8,0,0,432,102,13,9.245174881400015,1.6361888171288006,0.3178628389154705
35,58.0,277,1,1,5,53,0,0,0,0,0,0,360,122,16,-8.753380168744872,-3.5978022582676945,0.95
77,113.0,948,5,1,12,24,0,0,7,-54,2,1,800,525,40,13.184287708632544,5.3780371144899455,1.1586641977464844
146,228.0,1530,9,9,25,106,1,0,11,-71,2,0,1630,656,78,-0.883141146490229,0.5579558248148067,1.2475356353305829
39,53.0,312,2,2,7,6,0,0,2,-12,1,1,272,256,18,3.7606674001701528,1.3676766591138005,0.6725290116046418
0,1.0,0,0,0,1,3,0,0,0,0,0,0,6,0,0,-0.4178705445956439,-76.33558511734009,0.0
15,25.0,232,2,0,3,-2,0,0,1,-8,0,0,310,77,12,14.352384895724782,4.7301753759384155,0.7483870967741936
27,51.0,359,0,3,2,-4,0,0,2,-10,2,1,403,156,15,-10.370137384771544,-12.430077878867879,0.911203412662775
11,21.0,197,1,1,6,-6,0,0,1,-7,0,0,251,55,9,0.14290039491606876,-9.82555760277642,0.8050264550264551
7,17.0,59,0,1,2,13,0,0,1,-13,0,0,124,29,2,-15.966980080935173,-31.08795389533043,0.44285714285714284
0,2.0,0,0,1,39,200,3,0,0,0,0,0,0,0,0,0.0,,
3,3.0,16,0,0,36,133,3,0,0,0,0,0,0,0,0,0.0,,
59,91.0,659,4,0,5,-1,0,0,8,-65,2,0,630,287,35,6.999018010198256,-22.692711923608815,0.7722766301642608
181,318.0,1934,12,7,87,242,3,0,0,0,0,0,0,0,0,0.0,,
26,52.0,213,1,4,3,-8,0,0,0,0,0,0,0,0,0,0.0,,
422,608.0,4924,35,7,33,125,3,0,42,-296,9,5,5201,2133,236,120.77863280527052,4.172390155230862,0.9621246644200969
408,616.0,4466,26,14,34,147,1,0,48,-316,8,4,5051,1626,228,17.73553498400357,2.137204855227871,0.8889341225762506
407,626.0,4581,26,11,29,92,2,0,41,-257,4,2,5342,1642,242,67.56989269310293,1.105596008084198,0.8980834580032611
375,560.0,3968,20,12,40,82,1,1,40,-274,5,3,4002,1721,195,6.330791799200408,1.2546745938666797,1.0493934308857085
309,461.0,3057,14,13,27,70,1,0,38,-287,11,3,2772,1405,156,-28.548005779762068,-0.4083936978035461,1.1151941235611165
5,7.0,20,0,0,1,0,0,0,0,0,0,0,32,8,1,-2.4365082403528504,0.20876526832580566,0.625
50,67.0,580,3,1,3,-3,0,0,2,-19,1,1,488,266,30,24.936006570535916,9.57040579163118,1.0477905302189112
14,18.0,136,1,0,7,28,0,0,0,0,0,0,0,0,0,0.0,,
226,369.0,2673,19,7,150,605,8,0,0,0,0,0,0,0,0,0.0,,
47,88.0,503,4,2,16,-23,0,0,0,0,0,0,0,0,0,0.0,,
141,224.0,1608,13,8,48,47,5,0,0,0,0,0,0,0,0,0.0,,
8,11.0,85,1,0,2,64,0,0,0,0,0,0,0,0,0,0.0,,
144,233.0,2049,16,4,65,-18,3,0,0,0,0,0,0,0,0,0.0,,
107,174.0,1275,7,2,50,86,0,0,0,0,0,0,0,0,0,0.0,,
137,226.0,1389,9,7,54,173,0,0,0,0,0,0,0,0,0,0.0,,
21,48.0,318,6,1,39,253,1,0,0,0,0,0,0,0,0,0.0,,
8,11.0,100,3,2,42,239,3,0,0,0,0,0,0,0,0,0.0,,
367,555.0,3777,21,11,25,71,0,0,40,-255,5,3,3836,2030,198,7.4154323858591304,-1.609643099305985,1.0421898438618624
187,291.0,2499,19,5,20,66,0,0,18,-137,3,2,3109,890,117,68.66149178939001,2.252688070948511,0.8010339214390848
339,528.0,4084,26,10,29,112,0,0,38,-254,2,1,4609,1741,205,56.05889820564013,-1.5773420169855616,1.053996243773978
502,741.0,6074,50,20,50,85,2,0,37,-285,3,2,6296,2667,291,166.74135705608086,1.760677653946078,1.0085172425881723
206,303.0,2087,10,8,13,9,1,0,29,-208,4,3,2027,1119,105,-24.03734681550175,-0.14821639675803483,1.0764412471698706
351,557.0,4332,26,11,21,65,0,0,32,-215,0,0,4368,2097,202,72.76716255160824,-1.9698754322422167,1.0506046736959027
385,588.0,4295,24,8,34,45,0,0,35,-253,5,3,4511,1905,201,41.92034610653537,-0.7678074261795651,1.0153556243992814
454,716.0,5643,52,9,34,16,0,0,29,-197,5,2,6876,2218,283,173.11037278027885,0.965866628626938,0.8614102580709904
67,111.0,872,6,4,8,11,0,0,5,-33,0,0,1072,362,39,12.328863291871489,0.9144035209806599,0.8074090358681082
12,22.0,128,0,2,12,110,1,0,0,0,0,0,0,0,0,0.0,,
312,496.0,3847,30,7,34,-39,0,0,0,0,0,0,0,0,0,0.0,,
183,273.0,2062,12,6,39,76,2,0,0,0,0,0,0,0,0,0.0,,
3,4.0,10,0,1,0,0,0,0,0,0,0,0,0,0,0,0.0,,
268,403.0,2829,18,6,71,-37,5,0,0,0,0,0,0,0,0,0.0,,
47,71.0,328,0,4,7,11,0,0,14,-100,2,1,312,249,18,-56.524260006414266,-5.39233182369847,1.5166276705333568
43,93.0,561,3,6,33,85,0,0,0,0,0,0,0,0,0,0.0,,
1,3.0,7,0,1,4,23,0,0,0,0,0,0,0,0,0,0.0,,
2,2.0,13,0,0,0,0,0,0,0,0,0,0,0,0,0,0.0,,
95,167.0,1059,4,5,17,-73,0,0,0,0,0,0,0,0,0,0.0,,
0,1.0,0,0,0,3,7,0,0,0,0,0,0,0,0,0,0.0,,
1,4.0,5,0,0,4,22,0,0,0,0,0,0,0,0,0,0.0,,
12,19.0,71,0,1,6,10,1,0,0,0,0,0,0,0,0,0.0,,
54,87.0,437,2,0,9,38,0,0,0,0,0,0,0,0,0,0.0,,
4,5.0,80,1,0,3,-2,1,0,0,0,0,0,0,0,0,0.0,,
4,5.0,33,0,0,5,28,0,0,0,0,0,0,0,0,0,0.0,,
173,322.0,2498,16,6,106,154,3,0,0,0,0,0,0,0,0,0.0,,
49,70.0,585,6,0,19,59,0,0,0,0,0,0,0,0,0,0.0,,
285,430.0,3106,24,9,81,105,1,0,0,0,0,0,0,0,0,0.0,,
3,11.0,1,0,1,9,20,0,0,0,0,0,0,0,0,0,0.0,,
21,34.0,128,0,2,13,-49,0,0,0,0,0,0,0,0,0,0.0,,
86,160.0,1118,12,6,89,508,3,0,0,0,0,0,0,0,0,0.0,,
27,45.0,407,1,1,70,200,3,0,0,0,0,0,0,0,0,0.0,,
1,1.0,14,0,0,1,-9,0,0,0,0,0,0,0,0,0,0.0,,
32,56.0,374,3,1,11,17,0,0,0,0,0,0,0,0,0,0.0,,
76,120.0,783,3,2,69,204,1,0,0,0,0,0,0,0,0,0.0,,
15,27.0,167,3,0,15,58,1,0,0,0,0,0,0,0,0,0.0,,
2,3.0,31,0,0,4,-8,0,0,0,0,0,0,0,0,0,0.0,,
12,23.0,62,1,0,27,42,0,0,0,0,0,0,0,0,0,0.0,,
24,45.0,288,1,3,8,1,0,0,0,0,0,0,0,0,0,0.0,,
34,57.0,445,8,3,10,21,0,0,0,0,0,0,0,0,0,0.0,,
9,12.0,86,0,1,5,-31,0,0,0,0,0,0,0,0,0,0.0,,
21,41.0,350,1,0,19,28,1,0,0,0,0,0,0,0,0,0.0,,
61,105.0,775,3,3,7,11,1,0,4,-14,2,0,1073,271,35,14.553116952157449,3.5076213620662826,1.5372248638142176
166,276.0,1982,9,3,21,70,1,0,13,-101,3,2,2300,888,99,5.139894674856958,-2.5222542306870483,0.9146298602435969
18,25.0,256,1,1,2,-2,0,0,0,0,0,0,149,167,8,9.511075021051639,8.77433743165887,1.7181208053691275
35,85.0,316,1,4,20,21,3,0,0,0,0,0,0,0,0,0.0,,
0,1.0,0,0,0,0,0,0,0,0,0,0,0,0,0,0,0.0,,
140,256.0,1886,11,7,69,-12,5,0,0,0,0,0,0,0,0,0.0,,
94,151.0,1010,8,2,48,129,1,0,0,0,0,0,0,0,0,0.0,,
7,18.0,60,1,1,8,-4,0,0,0,0,0,0,0,0,0,0.0,,
15,21.0,174,1,0,0,0,0,0,1,-8,0,0,177,84,8,8.741517671151087,5.886567809752055,1.0345528455284554
6,10.0,56,1,0,2,0,0,0,0,0,0,0,112,18,3,1.0464354921714403,7.963065803050995,0.53125
111,179.0,1072,7,5,6,17,0,0,9,-53,1,1,1424,405,57,-18.639893170183505,-3.995889289382036,0.737722603217249
90,167.0,790,4,10,7,33,1,0,9,-68,4,3,1210,415,43,-81.78796342919406,-9.595286360489222,0.6325893576995815
88,132.0,953,5,8,5,-1,0,0,4,-18,0,0,781,566,49,1.9931785218303997,-2.2086196978718027,1.2913717290370281
103,175.0,1192,3,4,6,9,1,0,9,-76,2,1,1303,568,56,-7.627866973863519,-4.4803884651801535,1.0626990009525663
5,6.0,74,1,1,8,-9,0,0,0,0,0,0,23,51,1,-7.240901717566885,-0.2278842031955719,0.6380952380952382
3,11.0,28,0,0,0,0,0,0,0,0,0,0,98,32,1,-7.152866298856679,-36.900807510722764,0.2857142857142857
39,67.0,356,0,1,17,82,1,0,0,0,0,0,0,0,0,0.0,,
3,7.0,13,0,0,18,72,2,0,0,0,0,0,0,0,0,0.0,,
276,392.0,2887,18,11,47,-192,0,0,0,0,0,0,0,0,0,0.0,,
350,493.0,4319,36,12,43,-145,1,0,0,0,0,0,0,0,0,0.0,,
5,6.0,51,1,0,0,0,0,0,0,0,0,0,0,0,0,0.0,,
7,14.0,120,1,2,7,9,0,0,0,0,0,0,0,0,0,0.0,,
233,362.0,2555,18,9,21,-18,2,0,0,0,0,0,0,0,0,0.0,,
244,380.0,2679,16,7,54,-65,9,0,0,0,0,0,0,0,0,0.0,,
26,36.0,357,2,0,14,29,1,0,0,0,0,0,0,0,0,0.0,,
315,477.0,3526,25,12,71,430,3,0,26,-155,5,2,4305,1479,163,59.22283038808349,2.1475777626704557,0.8460991334369106
326,516.0,3138,17,10,48,193,2,0,38,-234,3,2,4108,1403,156,-35.02320500346647,-2.871258145201381,0.8681838935236759
218,326.0,2254,17,8,36,205,1,0,19,-133,4,2,2603,1061,132,26.175790058291586,1.2200315024006532,0.9502462823635218
6,8.0,43,0,1,16,22,1,0,0,0,0,0,41,17,2,-1.6611338711809367,16.476852297782898,1.7451923076923077
117,180.0,1252,4,5,19,38,2,0,11,-68,0,0,1754,378,65,8.783268376912256,2.663999355302638,0.7878816465567
67,107.0,632,4,5,16,54,2,0,7,-42,0,0,983,274,36,-18.596531939842507,-3.8944815522874405,0.6433249654353224
19,26.0,179,2,0,20,-2,0,0,0,0,0,0,142,149,7,9.716510242314136,8.104878455400467,0.5800347222222222
25,35.0,313,4,0,9,6,0,0,0,0,0,0,255,136,19,25.734475121658996,-4.208575543903169,1.0970616523477603
139,259.0,1793,10,7,72,140,0,0,0,0,0,0,0,0,0,0.0,,
139,255.0,1473,8,9,119,317,4,0,0,0,0,0,0,0,0,0.0,,
116,208.0,1312,9,7,27,-57,0,0,0,0,0,0,0,0,0,0.0,,
18,27.0,184,3,1,4,22,0,0,0,0,0,0,0,0,0,0.0,,
1,2.0,-8,0,0,0,0,0,0,0,0,0,0,0,0,0,0.0,,
15,41.0,215,0,2,57,197,3,0,0,0,0,0,0,0,0,0.0,,
94,175.0,1004,7,6,118,662,7,0,0,0,0,0,0,0,0,0.0,,
1,2.0,19,0,0,0,0,0,0,0,0,0,0,0,0,0,0.0,,
5,7.0,34,0,0,0,0,0,0,0,0,0,0,0,0,0,0.0,,
168,284.0,2209,16,10,131,313,6,0,0,0,0,0,0,0,0,0.0,,
198,337.0,2590,17,11,112,265,9,0,0,0,0,0,0,0,0,0.0,,
2,9.0,40,1,1,1,7,0,0,0,0,0,0,0,0,0,0.0,,
83,143.0,1245,10,1,73,292,4,0,0,0,0,0,0,0,0,0.0,,
262,402.0,3372,21,8,116,345,8,0,0,0,0,0,0,0,0,0.0,,
0,1.0,0,0,0,4,2,1,0,0,0,0,0,0,0,0,0.0,,
1,1.0,-9,0,0,0,0,0,0,0,0,0,0,0,0,0,0.0,,
1,2.0,0,0,0,13,84,2,0,0,0,0,0,0,0,0,0.0,,
1,2.0,22,1,0,2,-2,0,0,0,0,0,0,9,23,1,2.7612737589515746,-23.551008105278015,0.0
5,12.0,32,0,1,2,12,0,0,2,-16,0,0,118,18,1,-4.724890282494016,-10.592576530244616,0.2711864406779661
98,167.0,1056,10,5,35,25,0,0,0,0,0,0,0,0,0,0.0,,
5,11.0,41,0,0,2,-16,0,0,0,0,0,0,0,0,0,0.0,,
12,19.0,214,3,0,7,90,1,0,0,0,0,0,0,0,0,0.0,,
25,44.0,381,4,1,7,88,1,0,0,0,0,0,0,0,0,0.0,,
15,32.0,290,3,0,5,52,0,0,0,0,0,0,0,0,0,0.0,,
44,81.0,296,1,7,10,50,1,0,7,-34,0,0,493,183,13,-46.03248223019446,-10.575405815638266,1.5420176580268794
3,5.0,25,0,0,1,9,0,0,2,-16,0,0,9,21,1,-3.5255508897244,-20.998283624649048,2.7777777777777777
14,25.0,139,1,1,2,7,0,0,1,-6,0,0,265,44,9,-5.093470546009485,-12.682587030338267,0.32795442501324856
1,3.0,10,0,0,2,5,0,0,0,0,0,0,0,0,0,0.0,,
1,1.0,9,0,0,1,-2,0,0,0,0,0,0,0,0,0,0.0,,
24,36.0,236,2,1,40,153,1,0,0,0,0,0,0,0,0,0.0,,
2,5.0,104,2,1,11,133,1,0,0,0,0,0,0,0,0,0.0,,
1,1.0,3,0,0,1,0,0,0,0,0,0,0,0,0,0,0.0,,
37,56.0,434,5,2,40,120,2,0,0,0,0,0,0,0,0,0.0,,
66,98.0,720,2,2,40,57,1,0,0,0,0,0,0,0,0,0.0,,
18,34.0,276,3,3,7,-55,0,0,0,0,0,0,0,0,0,0.0,,
5,13.0,56,0,1,11,-6,0,0,0,0,0,0,0,0,0,0.0,,
97,180.0,918,5,5,80,245,3,0,0,0,0,0,0,0,0,0.0,,
10,15.0,105,1,0,1,-2,0,0,0,0,0,0,0,0,0,0.0,,
184,266.0,1880,10,8,12,16,1,0,10,-55,3,2,1955,909,88,19.77085730873533,2.450644289437062,1.0623611895082279
77,117.0,736,3,2,4,23,0,0,8,-60,2,2,990,354,31,-16.422143405052548,-2.4784876352693876,0.8065078166958828
202,312.0,1852,10,8,16,1,1,0,18,-145,1,0,2502,701,93,-34.602163438031766,-5.766236769592328,0.6617121492954623
24,35.0,250,1,0,4,8,0,0,4,-21,1,0,198,165,14,5.539182382183368,2.477973358971732,1.2626262626262625
25,42.0,225,0,4,2,8,0,0,8,-48,0,0,343,91,9,-34.17122693501303,-8.33580793587716,0.7012962962962963
34,52.0,524,7,0,133,662,11,0,0,0,0,0,0,0,0,0.0,,
21,37.0,264,2,0,12,34,0,0,0,0,0,0,0,0,0,0.0,,
6,13.0,104,1,0,3,21,0,0,0,0,0,0,0,0,0,0.0,,
79,125.0,825,10,4,45,141,3,0,0,0,0,0,0,0,0,0.0,,
322,514.0,3671,23,7,112,235,10,0,0,0,0,0,0,0,0,0.0,,
176,274.0,2277,13,10,18,-16,0,0,17,-127,1,0,1900,1220,106,32.170421214049135,2.007640594419059,1.3007688608415942
211,326.0,2437,12,12,9,8,0,0,19,-139,5,4,2053,1239,120,3.124368974394109,-1.1995393894180064,1.2389560236680903
20,30.0,147,1,0,0,0,0,0,0,0,0,0,213,71,9,2.1646621113421176,4.743573069572449,0.6901408450704225
21,25.0,224,1,1,4,8,0,0,0,0,0,0,170,117,11,12.437495140812455,20.95986037300183,1.1440637065637067
100,148.0,1306,7,8,10,25,0,0,12,-105,2,0,1380,477,57,12.29686876892386,5.177564219724852,0.9672554032796162
2,2.0,38,0,0,3,-2,0,0,0,0,0,0,24,14,2,4.8687256226548925,42.22909063100815,2.904761904761905
3,3.0,19,0,0,12,-8,0,0,0,0,0,0,4,15,2,2.8997661510420993,26.217644661664963,1.3333333333333333
22,49.0,271,2,1,28,149,1,0,0,0,0,0,0,0,0,0.0,,
4,8.0,19,0,0,8,34,0,0,0,0,0,0,0,0,0,0.0,,
269,418.0,3092,16,10,86,77,1,0,0,0,0,0,0,0,0,0.0,,
219,357.0,2157,16,7,62,20,2,0,0,0,0,0,0,0,0,0.0,,
65,119.0,765,4,3,22,-47,0,0,0,0,0,0,0,0,0,0.0,,
165,273.0,1572,5,10,42,-15,0,0,0,0,0,0,0,0,0,0.0,,
213,334.0,2616,19,5,109,364,3,0,0,0,0,0,0,0,0,0.0,,
208,323.0,1928,13,7,112,505,4,0,0,0,0,0,0,0,0,0.0,,
0,1.0,0,0,0,1,-7,0,0,0,0,0,0,0,0,0,0.0,,
94,198.0,1219,5,7,28,98,1,0,0,0,0,0,0,0,0,0.0,,
18,38.0,167,1,3,9,8,0,0,0,0,0,0,0,0,0,0.0,,
14,27.0,188,0,1,16,36,1,0,0,0,0,0,0,0,0,0.0,,
260,430.0,2958,18,12,66,17,1,0,0,0,0,0,0,0,0,0.0,,
275,429.0,3228,29,6,115,222,3,0,0,0,0,0,0,0,0,0.0,,
17,39.0,175,0,2,8,-21,0,0,0,0,0,0,0,0,0,0.0,,
30,56.0,333,4,1,13,0,0,0,0,0,0,0,0,0,0,0.0,,
247,402.0,2817,18,11,79,186,6,0,0,0,0,0,0,0,0,0.0,,
8,23.0,109,1,0,12,13,1,0,0,0,0,0,0,0,0,0.0,,
1,2.0,4,0,0,0,0,0,0,0,0,0,0,0,0,0,0.0,,
6,14.0,72,1,0,9,19,0,0,0,0,0,0,0,0,0,0.0,,
5,10.0,38,0,0,7,1,0,0,0,0,0,0,0,0,0,0.0,,
165,269.0,2090,15,7,56,146,0,0,0,0,0,0,0,0,0,0.0,,
294,467.0,3424,25,10,86,340,3,0,0,0,0,0,0,0,0,0.0,,
276,409.0,2990,30,7,45,24,1,0,0,0,0,0,0,0,0,0.0,,
22,38.0,261,1,3,20,92,1,0,0,0,0,0,0,0,0,0.0,,
32,56.0,368,1,5,5,-2,0,0,4,-31,0,0,583,141,17,-22.446498510842197,-12.614221695591421,0.444546985545513
36,66.0,362,1,3,7,13,0,0,7,-47,0,0,594,137,19,-14.449125904082484,-21.160337194090797,0.5345640053523639
63,106.0,731,3,3,6,39,0,0,7,-46,0,0,837,408,30,-19.931912035956493,-7.164330996434998,0.6402911701262908
54,111.0,674,1,5,13,30,0,0,11,-90,3,2,902,398,27,-34.964733364887934,-14.11700786494953,0.5975911609758925
74,159.0,1079,7,4,60,109,1,0,0,0,0,0,0,0,0,0.0,,
0,3.0,0,0,0,1,11,0,0,0,0,0,0,0,0,0,0.0,,
3,7.0,88,1,0,5,-29,0,0,0,0,0,0,0,0,0,0.0,,
195,295.0,2423,13,11,160,1047,18,0,0,0,0,0,0,0,0,0.0,,
188,303.0,2375,14,11,161,886,9,0,0,0,0,0,0,0,0,0.0,,
0,1.0,0,0,0,1,13,0,0,0,0,0,0,0,0,0,0.0,,
8,15.0,93,0,1,6,16,1,0,0,0,0,0,0,0,0,0.0,,
215,367.0,2219,14,9,63,-28,2,0,0,0,0,0,0,0,0,0.0,,
236,400.0,3092,24,4,50,3,3,0,0,0,0,0,0,0,0,0.0,,
7,15.0,73,1,2,11,-36,0,0,0,0,0,0,0,0,0,0.0,,
9,13.0,86,1,1,8,55,1,0,0,0,0,0,0,0,0,0.0,,
7,13.0,81,0,2,11,23,0,0,0,0,0,0,0,0,0,0.0,,
426,652.0,5670,53,12,65,291,3,1,34,-242,4,2,6043,2888,262,228.39231869483464,3.8172279353161382,0.9850457917540449
391,596.0,4932,36,7,67,353,4,0,23,-147,3,2,5156,2333,219,175.29386373287076,2.5159875743635682,1.1389583635431462
466,705.0,5590,42,8,75,360,3,0,26,-174,4,2,5689,2705,281,204.37680443750196,2.6842622912213394,1.0521289239407847
525,780.0,5896,48,16,79,498,3,1,37,-227,6,2,5523,3324,316,172.78916457250847,3.7792931864975534,1.1371506742368878
507,748.0,5953,48,12,73,418,4,1,29,-199,1,1,5333,3182,312,222.60817022054007,4.329615990179321,1.1306391498409225
505,746.0,5234,33,15,98,530,0,0,32,-205,4,3,4846,3091,259,86.93810603804346,4.107130926672871,1.162087425220096
447,664.0,4607,31,13,80,389,4,0,47,-297,2,1,4269,2629,246,73.56810260137107,2.282906403734741,1.1462042298491664
315,502.0,3587,22,11,64,422,5,0,34,-193,3,0,4050,1895,173,68.24694077617175,0.137741621895884,0.9569122777749415
67,98.0,812,7,2,10,41,1,0,4,-23,0,0,556,519,37,24.046583815128958,3.4964007263758945,1.4564747414503734
367,617.0,4065,33,15,64,96,3,0,0,0,0,0,0,0,0,0.0,,
199,317.0,2713,21,9,112,283,2,0,0,0,0,0,0,0,0,0.0,,
38,71.0,586,4,2,18,88,0,0,0,0,0,0,0,0,0,0.0,,
22,41.0,272,1,4,16,74,1,0,0,0,0,0,0,0,0,0.0,,
1,3.0,1,0,0,0,0,0,0,0,0,0,0,0,0,0,0.0,,
394,591.0,4799,35,13,21,22,0,0,35,-225,1,1,4720,2336,237,148.4918916182611,3.3858671119920443,1.1496650640445674
390,591.0,4615,23,20,12,29,0,0,34,-222,5,2,5047,2154,217,68.73409827071933,4.678529517238965,0.9881229647271571
396,589.0,4478,26,11,19,-9,0,0,19,-118,2,1,4240,2341,217,119.25038751201079,0.5963162686168382,1.1008500602063422
58,92.0,544,4,3,2,-1,0,0,5,-37,1,0,717,271,30,-11.195535567243311,-3.7531283478612205,0.7614786980590008
3,4.0,11,0,0,4,6,0,0,0,0,0,0,0,0,0,0.0,,
249,405.0,3125,18,13,64,-179,1,0,0,0,0,0,0,0,0,0.0,,
1,3.0,9,0,1,5,4,0,0,0,0,0,0,0,0,0,0.0,,
22,33.0,181,2,1,7,-9,0,0,0,0,0,0,0,0,0,0.0,,
30,51.0,421,5,1,12,27,0,0,0,0,0,0,0,0,0,0.0,,
222,370.0,2400,17,12,49,14,1,0,0,0,0,0,0,0,0,0.0,,
43,72.0,400,1,3,43,55,0,0,0,0,0,0,0,0,0,0.0,,
3,3.0,36,1,0,2,12,0,0,0,0,0,0,0,0,0,0.0,,
25,43.0,455,3,2,126,466,7,0,0,0,0,0,0,0,0,0.0,,
58,92.0,897,8,4,152,683,7,0,0,0,0,0,0,0,0,0.0,,
1,4.0,4,0,0,10,77,1,0,0,0,0,0,0,0,0,0.0,,
79,139.0,1066,10,5,39,160,3,0,0,0,0,0,0,0,0,0.0,,
277,394.0,2684,18,12,147,391,7,0,0,0,0,0,0,0,0,0.0,,
175,257.0,1672,6,6,87,79,0,0,0,0,0,0,0,0,0,0.0,,
147,223.0,1457,8,0,47,57,2,0,0,0,0,0,0,0,0,0.0,,
293,445.0,3472,31,12,57,-82,2,0,0,0,0,0,0,0,0,0.0,,
55,83.0,622,3,3,8,19,0,0,8,-59,1,0,693,354,29,-2.2515222003800766,-0.12440538939905532,0.8612991418883225
14,25.0,181,2,1,34,278,3,0,0,0,0,0,0,0,0,0.0,,
17,40.0,184,0,0,44,209,2,0,0,0,0,0,0,0,0,0.0,,
17,32.0,183,0,0,7,5,0,0,0,0,0,0,0,0,0,0.0,,
176,265.0,2186,16,4,57,139,3,0,0,0,0,0,0,0,0,0.0,,
18,24.0,148,0,1,8,21,0,0,0,0,0,0,0,0,0,0.0,,
2,2.0,11,0,0,0,0,0,0,0,0,0,0,0,0,0,0.0,,
243,362.0,2800,25,7,87,105,4,0,0,0,0,0,0,0,0,0.0,,
117,170.0,1568,11,4,62,145,3,0,0,0,0,0,0,0,0,0.0,,
77,141.0,878,8,7,76,315,5,0,0,0,0,0,0,0,0,0.0,,
139,214.0,1701,11,6,102,519,7,0,0,0,0,0,0,0,0,0.0,,
137,202.0,1348,10,5,153,572,7,0,0,0,0,0,0,0,0,0.0,,
6,7.0,20,0,0,5,12,0,0,0,0,0,0,0,0,0,0.0,,
5,7.0,36,0,0,4,20,0,0,0,0,0,0,0,0,0,0.0,,
120,203.0,1363,10,3,112,415,4,0,0,0,0,0,0,0,0,0.0,,
61,112.0,522,3,4,89,377,3,0,0,0,0,0,0,0,0,0.0,,
14,25.0,138,0,2,19,-22,0,0,0,0,0,0,0,0,0,0.0,,
25,47.0,197,1,1,6,-12,0,0,0,0,0,0,0,0,0,0.0,,
5,10.0,64,1,1,0,0,0,0,0,0,0,0,0,0,0,0.0,,
83,128.0,806,3,5,13,-53,0,0,0,0,0,0,0,0,0,0.0,,
2,3.0,17,0,0,3,15,1,0,0,0,0,0,0,0,0,0.0,,
213,347.0,2189,20,5,66,140,2,0,0,0,0,0,0,0,0,0.0,,
5,5.0,35,0,0,4,18,0,0,0,0,0,0,0,0,0,0.0,,
97,181.0,1042,6,10,54,126,1,0,0,0,0,0,0,0,0,0.0,,
39,81.0,426,1,5,6,3,0,0,0,0,0,0,0,0,0,0.0,,
269,403.0,2861,21,8,184,906,17,0,0,0,0,0,0,0,0,0.0,,
39,67.0,415,2,3,6,27,2,0,2,-17,1,1,537,168,18,-8.226148502326646,-38.34641930920168,0.3454864087471665
7,13.0,52,0,0,6,20,0,0,0,0,0,0,0,0,0,0.0,,
23,32.0,324,2,0,41,227,2,0,0,0,0,0,0,0,0,0.0,,
191,322.0,2472,12,8,130,554,9,0,0,0,0,0,0,0,0,0.0,,
133,256.0,1773,15,8,82,263,6,0,0,0,0,0,0,0,0,0.0,,
67,108.0,585,3,2,30,6,0,0,0,0,0,0,0,0,0,0.0,,
2,6.0,21,0,0,0,0,0,0,0,0,0,0,72,26,1,0.059968120603833164,-24.569643288850784,0.2625
23,38.0,225,1,2,20,70,0,0,5,-19,0,0,282,84,10,-0.30862840273244885,-9.83033996489313,1.3807061846535529
8,14.0,42,0,2,12,69,0,0,3,-20,0,0,123,34,1,-20.32961395784514,0.0941627969344457,0.7358024691358024
3,11.0,19,0,1,5,-22,0,0,0,0,0,0,0,0,0,0.0,,
272,457.0,3505,25,9,98,318,8,0,0,0,0,0,0,0,0,0.0,,
204,337.0,2565,16,9,87,111,8,0,0,0,0,0,0,0,0,0.0,,
1,7.0,42,1,0,29,173,3,0,0,0,0,0,0,0,0,0.0,,
2,6.0,28,0,1,4,8,0,0,0,0,0,0,0,0,0,0.0,,
139,212.0,1432,9,7,52,108,2,0,0,0,0,0,0,0,0,0.0,,
4,9.0,41,0,0,2,5,0,0,0,0,0,0,0,0,0,0.0,,
78,135.0,1011,7,0,38,160,2,0,0,0,0,0,0,0,0,0.0,,
14,20.0,171,1,1,11,53,1,0,0,0,0,0,0,0,0,0.0,,
187,327.0,2167,12,13,65,77,2,0,0,0,0,0,0,0,0,0.0,,
93,170.0,1374,6,5,39,38,3,0,0,0,0,0,0,0,0,0.0,,
9,25.0,139,0,0,9,-44,0,0,0,0,0,0,0,0,0,0.0,,
131,208.0,1519,12,14,68,111,3,0,0,0,0,0,0,0,0,0.0,,
18,34.0,249,2,1,9,4,0,0,0,0,0,0,0,0,0,0.0,,
1,1.0,-1,0,0,2,0,0,0,0,0,0,0,0,0,0,0.0,,
11,28.0,73,0,2,28,7,0,0,0,0,0,0,0,0,0,0.0,,
298,454.0,3681,36,7,70,390,1,0,52,-362,5,2,4057,1483,162,67.64845031110204,7.288255331942869,0.9310438444738164
380,577.0,4712,33,5,91,451,3,0,54,-338,5,0,5537,1946,215,113.08795315420112,7.731611308437114,0.8970464398589864
395,585.0,4386,42,14,87,563,2,0,52,-333,2,2,5201,1867,218,62.84967749830397,5.916816408292438,0.8858566996188174
259,400.0,3113,25,6,43,183,2,0,33,-266,4,1,3955,1383,135,16.61203137326887,3.610457123738518,0.8461610309671455
292,483.0,3524,16,11,55,277,3,0,55,-368,4,2,4264,1720,142,-56.944009727900315,-0.6311413108647582,0.8787952270762989
297,447.0,3070,26,8,80,341,3,0,45,-258,7,4,3189,1735,135,-15.177197524169006,4.47618180849135,1.047400296329859
234,365.0,2752,18,5,46,161,2,0,37,-238,3,2,2912,1248,121,6.202910982047639,5.293495900986707,0.9748239386530161
69,119.0,831,3,3,18,106,0,0,10,-66,2,0,1058,376,32,-15.666261939590669,-11.179765863344073,0.7186115369871553
4,13.0,42,0,1,1,-15,0,0,0,0,0,0,0,0,0,0.0,,
2,7.0,17,0,1,11,118,1,0,0,0,0,0,0,0,0,0.0,,
43,76.0,532,4,2,50,155,0,0,0,0,0,0,0,0,0,0.0,,
199,338.0,2153,9,10,66,206,4,0,0,0,0,0,0,0,0,0.0,,
8,19.0,88,0,0,17,70,1,0,0,0,0,0,0,0,0,0.0,,
41,87.0,474,2,2,10,77,0,0,11,-93,4,3,721,203,20,-52.63675865250967,-15.687838038950588,0.6550696611106427
17,32.0,164,1,2,11,66,1,0,9,-63,0,0,335,71,8,-24.136624170034832,-6.901959125157241,1.4868688802787289
164,246.0,2366,17,12,36,152,2,0,14,-76,3,1,2546,874,113,60.621221629376784,4.6505490944521215,0.9443355975996559
311,502.0,3529,20,13,54,243,4,0,40,-209,3,1,4513,1239,182,23.52855438890904,1.7500867548242816,0.799885555041003
183,267.0,2091,13,8,30,151,2,1,14,-65,1,0,2080,855,106,48.69321799468204,5.595822776814476,1.0167044158210299
3,6.0,13,0,0,1,2,0,0,1,-2,1,0,9,6,0,-4.27462314258315,-17.919545372327168,1.4444444444444444
2,4.0,18,0,0,4,-1,0,0,0,0,0,0,12,13,1,-0.6239215268287808,-3.9851864178975425,1.5
9,15.0,121,0,1,2,-4,0,0,0,0,0,0,0,0,0,0.0,,
0,1.0,0,0,0,0,0,0,0,0,0,0,0,0,0,0,0.0,,
17,24.0,122,1,0,12,54,1,0,0,0,0,0,0,0,0,0.0,,
1,1.0,12,0,0,0,0,0,0,0,0,0,0,0,0,0,0.0,,
77,125.0,879,8,1,7,44,1,0,0,0,0,0,0,0,0,0.0,,
16,27.0,161,1,2,5,13,0,0,0,0,0,0,0,0,0,0.0,,
0,4.0,0,0,0,3,4,0,0,0,0,0,0,0,0,0,0.0,,
30,55.0,426,3,4,19,30,1,0,0,0,0,0,0,0,0,0.0,,
33,46.0,465,5,2,24,30,3,0,0,0,0,0,0,0,0,0.0,,
99,175.0,1290,7,4,58,159,6,0,0,0,0,0,0,0,0,0.0,,
176,274.0,1979,17,9,32,145,0,0,35,-279,4,3,2229,1071,92,-53.82381453888741,-0.7421127699132787,0.9589342673876207
237,346.0,3111,27,7,56,220,5,1,36,-252,6,3,3307,1393,147,65.08151636135393,6.48686408416909,0.9688305852178569
333,507.0,3984,34,8,45,272,7,2,25,-180,5,1,4212,1599,211,125.7853902430579,2.1882411893873193,0.9716873873610794
372,555.0,3954,22,17,58,282,7,0,48,-334,6,3,4215,1825,201,21.212295382878597,2.2207650428046466,0.9990209603961921
212,325.0,2536,13,6,34,98,2,0,33,-238,2,1,2532,1179,116,20.770154413364573,0.9637508210823752,1.0419350361531043
149,230.0,1616,4,7,17,74,1,0,32,-230,2,0,1816,795,74,-22.866367662793895,1.7786124560076908,1.0258877830633155
62,98.0,708,7,5,32,-4,2,0,0,0,0,0,0,0,0,0.0,,
50,80.0,400,2,4,2,7,0,0,6,-33,3,2,512,192,16,-32.02339148496674,-5.93546082376773,0.7767991024569971
239,414.0,2865,17,15,43,135,1,0,30,-204,1,1,3832,1278,130,-14.117609732253541,-3.99438445358366,0.807393940382018
273,441.0,3024,19,13,33,62,2,0,33,-212,5,3,3755,1466,147,-14.315234343549422,1.4125695588208704,0.8565224876521127
217,364.0,2208,9,11,37,217,2,0,35,-234,4,2,2794,1155,109,-76.8571539423759,-1.8286930121390876,0.8557583792085003
243,406.0,2527,9,13,48,222,5,0,35,-204,5,2,2932,1387,123,-76.71357971897748,-5.311386736159746,0.922016043364127
82,140.0,1143,7,3,26,106,2,0,10,-78,1,1,1138,553,57,21.072685399863992,2.3320741100430022,1.046814505047686
28,46.0,297,2,1,21,15,1,0,6,-40,2,1,371,155,15,-0.2621567214636231,-3.32121599820944,0.512
386,585.0,4564,36,13,71,231,1,0,57,-417,6,3,5026,1852,218,19.71650974334327,4.0061586193151,0.9582073542135068
379,568.0,4720,30,14,40,109,0,0,33,-237,7,5,4563,2065,215,98.2836800910732,5.768720931904738,1.0908331175683847
32,47.0,392,4,2,1,5,0,0,1,-5,0,0,312,171,22,2.004011433473191,-9.460881081494417,1.0713804713804715
64,101.0,573,3,3,17,87,0,0,14,-87,1,1,722,294,28,-40.58373256801548,-3.43819151887351,0.7787147535793185
11,19.0,169,1,1,5,35,1,0,3,-11,0,0,160,75,6,-7.461784537902072,-4.900194704532623,1.05625
388,612.0,3946,21,21,48,263,5,1,65,-449,3,1,4588,2019,180,-103.5551776275185,-2.6311673330242513,0.8573020724890071
5,14.0,24,0,1,1,2,0,0,4,-21,0,0,83,7,1,-15.572918311471668,-33.19926879235676,0.2891566265060241
1,1.0,10,0,0,0,0,0,0,0,0,0,0,0,0,0,0.0,,
216,350.0,2885,24,6,110,443,5,0,0,0,0,0,0,0,0,0.0,,
145,239.0,1628,10,3,73,306,5,0,0,0,0,0,0,0,0,0.0,,
174,258.0,2387,27,4,23,-38,0,0,0,0,0,0,0,0,0,0.0,,
232,349.0,2686,22,7,30,-183,0,0,0,0,0,0,0,0,0,0.0,,
4,7.0,72,1,0,18,83,1,0,0,0,0,0,0,0,0,0.0,,
38,78.0,489,7,2,70,429,7,0,0,0,0,0,0,0,0,0.0,,
49,112.0,519,3,5,37,131,1,0,0,0,0,0,0,0,0,0.0,,
229,368.0,3071,28,8,63,230,4,0,0,0,0,0,0,0,0,0.0,,
304,503.0,3681,31,12,56,17,3,0,0,0,0,0,0,0,0,0.0,,
10,16.0,53,1,0,9,19,0,0,0,0,0,0,0,0,0,0.0,,
101,170.0,1276,7,6,84,201,3,0,0,0,0,0,0,0,0,0.0,,
1,1.0,11,0,0,1,-3,0,0,0,0,0,0,0,0,0,0.0,,
165,262.0,1974,11,8,46,-33,1,0,0,0,0,0,0,0,0,0.0,,
1,2.0,28,0,0,0,0,0,0,0,0,0,0,0,0,0,0.0,,
1,1.0,37,0,0,3,-2,0,0,0,0,0,0,34,3,1,2.1436268281540833,58.596500754356384,1.088235294117647
2,3.0,23,0,0,7,-9,0,0,0,0,0,0,-10,27,1,1.2564425312073348,-14.918847878774008,0.0
12,21.0,126,0,2,6,-5,0,0,0,0,0,0,132,66,6,-4.060896042318954,-13.562365472316742,0.9545454545454546
22,36.0,189,1,0,2,14,0,0,2,-15,0,0,233,94,8,-10.911595458092904,-5.38791282212033,0.8111587982832618
309,477.0,3502,25,6,80,190,1,0,0,0,0,0,0,0,0,0.0,,
234,363.0,2321,22,8,46,-51,2,0,0,0,0,0,0,0,0,0.0,,
10,19.0,141,1,2,7,1,0,0,0,0,0,0,0,0,0,0.0,,
7,14.0,88,0,0,1,4,0,0,5,-22,0,0,138,28,4,-6.825472935443697,-16.771898361352775,0.6376811594202898
1,4.0,11,0,0,7,45,1,0,0,0,0,0,0,0,0,0.0,,
353,477.0,4134,37,10,100,-50,4,0,0,0,0,0,0,0,0,0.0,,
120,212.0,1400,7,10,21,169,1,0,23,-164,2,1,1525,830,54,-59.30007444472817,-6.550263556481393,1.0744751545384021
1,1.0,0,0,0,0,0,0,0,0,0,0,0,-4,4,0,-0.4044223628588952,13.08276653289795,0.0
183,301.0,2051,18,8,101,296,4,0,0,0,0,0,0,0,0,0.0,,
6,11.0,73,0,0,10,13,1,0,0,0,0,0,0,0,0,0.0,,
2,4.0,16,0,0,1,3,0,0,0,0,0,0,0,0,0,0.0,,
78,150.0,754,2,5,16,24,0,0,10,-71,1,1,1280,314,38,-42.358160591811846,-14.06556539341169,0.9806599430370676
21,33.0,187,0,0,1,4,0,0,6,-44,2,0,230,85,8,-15.511025142013118,1.5133561714301034,0.8370098039215687
0,1.0,0,0,0,0,0,0,0,0,0,0,0,0,0,0,0.0,,
149,236.0,1591,10,6,80,237,2,0,0,0,0,0,0,0,0,0.0,,
117,211.0,1418,13,11,103,396,8,0,0,0,0,0,0,0,0,0.0,,
159,298.0,1640,11,6,81,294,5,0,0,0,0,0,0,0,0,0.0,,
158,275.0,1771,11,3,136,395,6,0,0,0,0,0,0,0,0,0.0,,
214,327.0,2315,17,11,36,35,1,0,0,0,0,0,0,0,0,0.0,,
130,228.0,1317,4,5,18,146,0,0,22,-136,4,3,1834,642,62,-75.73932699372507,-10.318859999223006,0.750063964715791
174,257.0,1586,8,5,31,167,0,0,18,-104,3,1,2030,642,74,-21.49794801793607,2.8165975453915797,0.7357881148257794
1,1.0,11,0,0,3,9,0,0,0,0,0,0,0,0,0,0.0,,
0,1.0,0,0,0,1,-1,0,0,0,0,0,0,0,0,0,0.0,,
3,3.0,51,0,0,2,11,1,0,0,0,0,0,0,0,0,0.0,,
2,3.0,18,0,0,3,4,1,0,0,0,0,0,0,0,0,0.0,,
2,3.0,13,0,0,1,9,0,0,0,0,0,0,23,3,1,0.1888701870921068,-5.17047643661499,0.5652173913043478
24,36.0,268,3,0,9,9,0,0,0,0,0,0,0,0,0,0.0,,
97,155.0,1317,10,2,23,-32,1,0,0,0,0,0,0,0,0,0.0,,
3,3.0,33,0,0,1,1,0,0,0,0,0,0,0,0,0,0.0,,
65,120.0,673,7,2,57,207,0,0,0,0,0,0,0,0,0,0.0,,
265,398.0,2931,18,10,133,383,10,0,0,0,0,0,0,0,0,0.0,,
0,2.0,0,0,1,0,0,0,0,0,0,0,0,0,0,0,0.0,,
131,213.0,1748,15,6,81,300,5,0,0,0,0,0,0,0,0,0.0,,
48,75.0,490,1,2,11,20,0,0,0,0,0,0,0,0,0,0.0,,
127,201.0,1244,6,7,28,-51,0,0,0,0,0,0,0,0,0,0.0,,
74,123.0,904,5,1,40,120,4,0,0,0,0,0,0,0,0,0.0,,
3,7.0,18,0,0,1,7,0,0,0,0,0,0,0,0,0,0.0,,
206,356.0,2520,17,12,83,125,3,0,0,0,0,0,0,0,0,0.0,,
17,26.0,173,2,0,12,15,0,0,0,0,0,0,0,0,0,0.0,,
139,254.0,1253,6,7,45,15,2,0,0,0,0,0,0,0,0,0.0,,
22,30.0,200,0,0,53,138,8,0,0,0,0,0,0,0,0,0.0,,
0,1.0,0,0,0,23,31,3,0,0,0,0,0,0,0,0,0.0,,
65,116.0,708,3,1,47,103,1,0,0,0,0,0,0,0,0,0.0,,
132,234.0,1590,8,6,107,317,3,0,0,0,0,0,0,0,0,0.0,,
93,175.0,1155,9,5,61,83,2,0,0,0,0,0,0,0,0,0.0,,
6,10.0,86,0,0,3,18,1,0,0,0,0,0,0,0,0,0.0,,
8,15.0,78,1,1,11,73,0,0,0,0,0,0,0,0,0,0.0,,
30,45.0,323,4,0,5,-1,0,0,2,-17,0,0,322,138,17,14.677713276299727,10.064035299711112,1.0173789173789174
24,43.0,274,1,1,8,8,0,0,3,-14,0,0,411,100,16,-2.4619381445586193,15.570097460466272,0.9039071242073853
2,6.0,43,0,0,13,28,0,0,0,0,0,0,0,0,0,0.0,,
3,4.0,29,0,0,4,34,0,0,0,0,0,0,0,0,0,0.0,,
3,3.0,51,1,0,2,13,0,0,0,0,0,0,0,0,0,0.0,,
127,172.0,1428,12,3,58,56,2,0,0,0,0,0,0,0,0,0.0,,
271,365.0,3508,38,2,97,321,1,0,0,0,0,0,0,0,0,0.0,,
98,165.0,985,7,7,26,-90,0,0,0,0,0,0,0,0,0,0.0,,
0,2.0,0,0,0,0,0,0,0,0,0,0,0,0,0,0,0.0,,
230,381.0,3153,15,9,156,602,8,0,0,0,0,0,0,0,0,0.0,,
198,326.0,2714,19,11,138,779,8,0,0,0,0,0,0,0,0,0.0,,
35,57.0,320,1,3,5,31,0,0,2,-17,0,0,508,151,19,-17.19115018417993,7.408086908798592,0.6364358493390752
38,63.0,443,2,1,9,68,1,0,3,-24,0,0,640,140,21,1.7274313922134987,0.3164338868527419,0.6660300483829895
321,494.0,3419,20,15,60,313,1,1,38,-278,4,2,3779,1747,167,-29.357315579167377,0.23935042455763478,0.9392599909508201
161,259.0,1859,12,6,28,96,1,0,19,-141,6,5,2146,772,93,-12.710993751717222,2.110041044456098,0.8970883098222693
74,136.0,890,5,4,15,124,1,0,8,-47,0,0,1136,508,41,-1.6432791084098852,-9.107390350367783,0.852139058118347
3,5.0,28,0,0,2,20,0,0,3,-28,0,0,32,9,1,-5.95559958711965,-7.286757230758667,0.9444444444444443
23,37.0,349,4,1,15,73,3,0,0,0,0,0,0,0,0,0.0,,
200,315.0,2151,10,8,54,85,3,0,0,0,0,0,0,0,0,0.0,,
59,84.0,985,9,0,11,65,0,0,0,0,0,0,0,0,0,0.0,,
14,23.0,118,1,1,11,5,0,0,2,-8,0,0,141,53,8,-8.28122925839898,-38.732814079239255,0.4338235294117647
133,196.0,1384,9,2,28,31,0,0,12,-89,1,0,1212,748,67,23.955843418472337,6.262039496846569,1.0208423724217737
340,492.0,3733,15,11,53,279,5,0,31,-205,2,2,3507,1884,174,33.611893115549215,3.445364823311481,1.095676451675491
285,426.0,3052,18,7,30,106,2,0,31,-211,0,0,3424,1387,146,57.114571553219875,2.524410452849729,0.9137666077238089
49,79.0,683,4,4,3,27,0,0,7,-45,0,0,704,307,32,-0.5638175600222453,-18.606581074256965,0.5670134521456458
1,1.0,3,0,0,0,0,0,0,0,0,0,0,3,0,1,-0.13195179169997573,18.561673164367676,1.0
8,15.0,62,0,0,3,4,0,0,2,-21,0,0,98,52,2,-12.498526949668303,-16.29420667886734,0.6326530612244898
2,4.0,49,1,0,1,7,0,0,0,0,0,0,0,0,0,0.0,,
2,4.0,14,0,0,25,109,5,0,0,0,0,0,0,0,0,0.0,,
55,102.0,614,3,2,54,262,5,0,0,0,0,0,0,0,0,0.0,,
99,161.0,1366,18,5,93,194,1,0,0,0,0,0,0,0,0,0.0,,
180,309.0,2760,15,9,137,557,9,0,0,0,0,0,0,0,0,0.0,,
38,86.0,575,4,1,31,115,1,0,0,0,0,0,0,0,0,0.0,,
3,4.0,15,0,0,5,-7,0,0,0,0,0,0,10,14,1,-0.45442071673460305,8.479483425617218,1.5
61,94.0,526,3,6,2,13,0,0,0,0,0,0,593,265,28,-3.8455106693562593,-3.8593155031172834,0.8537111720048554
2,8.0,33,0,2,2,-2,0,0,0,0,0,0,101,32,2,-5.456478976833634,-37.26350553333759,0.32673267326732675
48,77.0,360,1,4,4,5,0,0,9,-64,1,0,477,190,16,-30.987578107018386,-8.510645553863869,0.7023375452274535
27,50.0,276,1,1,3,9,0,0,2,-11,0,0,313,151,11,-14.487911420525052,-8.026658623785407,0.900550109363059
4,8.0,46,2,0,11,86,0,0,0,0,0,0,0,0,0,0.0,,
14,21.0,163,3,0,19,39,1,0,0,0,0,0,0,0,0,0.0,,
81,111.0,857,3,2,40,97,3,0,0,0,0,0,0,0,0,0.0,,
460,695.0,5308,31,14,28,31,2,0,22,-156,5,2,5324,2615,255,115.46292409501129,0.06949669807507615,1.0847476866631423
393,650.0,4266,24,9,26,34,3,0,27,-185,2,1,4942,1997,204,28.486658345768994,-2.6656730283164514,0.9043834156282976
482,748.0,5694,50,15,43,3,4,0,27,-180,1,0,6903,2256,288,172.656931725399,2.7263728376389,0.8373739693655923
544,810.0,5916,46,13,29,81,2,0,29,-193,4,3,6400,2851,297,139.03876664654877,1.5336332175589071,0.9692922536280743
525,799.0,5045,27,10,29,-1,1,0,24,-177,3,2,5387,2484,257,56.64548264528233,0.21803716357976752,0.9613582257486782
0,1.0,0,0,0,0,0,0,0,0,0,0,0,0,0,0,0.0,,
114,178.0,1101,8,3,36,195,1,0,37,-196,0,0,1149,583,46,-49.32223220494569,-3.2013157096697165,1.0979524221685903
31,44.0,257,0,0,8,32,0,0,6,-31,0,0,263,119,15,-8.008932490309235,6.065483982193059,1.0185363505055367
3,5.0,30,0,0,1,2,0,0,0,0,0,0,64,15,2,-0.5362695390358567,3.0441194772720337,0.46875
0,1.0,0,0,0,0,0,0,0,0,0,0,0,0,0,0,0.0,,
204,301.0,2783,31,2,121,1037,15,0,0,0,0,0,0,0,0,0.0,,
256,385.0,2819,17,6,78,480,8,0,0,0,0,0,0,0,0,0.0,,
334,516.0,3568,40,12,107,428,7,0,0,0,0,0,0,0,0,0.0,,
20,29.0,202,0,0,8,-51,1,0,0,0,0,0,0,0,0,0.0,,
81,175.0,1342,15,8,62,-22,1,0,0,0,0,0,0,0,0,0.0,,
3,5.0,9,0,0,1,1,0,0,0,0,0,0,0,0,0,0.0,,
45,76.0,545,3,3,27,98,4,0,0,0,0,0,0,0,0,0.0,,
0,1.0,0,0,0,5,28,0,0,0,0,0,0,0,0,0,0.0,,
3,10.0,90,1,0,5,17,0,0,0,0,0,0,89,53,2,2.1845523178344592,-33.18268160025279,0.8911764705882352
45,83.0,412,0,5,15,61,0,0,3,-27,1,1,644,207,17,-37.3351795077863,-10.561218887821353,0.6465999555375823
21,35.0,191,2,0,8,10,0,0,0,0,0,0,0,0,0,0.0,,
26,48.0,257,2,3,12,12,0,0,0,0,0,0,0,0,0,0.0,,
2,5.0,8,0,1,3,16,0,0,0,0,0,0,0,0,0,0.0,,
2,5.0,35,0,0,2,1,0,0,0,0,0,0,0,0,0,0.0,,
2,3.0,71,1,0,0,0,0,0,0,0,0,0,0,0,0,0.0,,
0,1.0,0,0,0,0,0,0,0,0,0,0,0,0,0,0,0.0,,
359,602.0,3641,12,17,73,334,2,0,32,-238,6,5,4738,1634,177,-60.74785959799543,-4.281166818345793,0.822605312068349
439,670.0,4618,30,13,66,325,5,1,31,-211,7,5,4950,2244,235,77.94637667901009,1.1102252988113475,1.036231176081175
370,564.0,4016,21,14,70,339,4,0,35,-224,8,5,4613,1778,179,-0.06368614373231818,1.3847897301253476,0.9210538118736662
172,284.0,2045,11,7,26,119,3,0,18,-140,2,1,2658,834,97,6.113572620628485,-2.045905249967971,0.840695749484531
359,590.0,4214,32,14,88,390,9,1,42,-249,3,2,5168,1712,205,39.1510003843122,-1.4664065128060995,0.8399432621966292
54,81.0,616,7,2,8,34,0,0,4,-31,0,0,724,175,31,22.46410929328012,9.73453157937821,0.8831118732985078
3,6.0,3,0,0,0,0,0,0,2,-17,0,0,41,11,0,-5.561112757772207,-6.651374697685242,0.07317073170731707
108,188.0,1154,11,3,9,20,1,0,9,-64,2,1,1329,507,61,-10.492305688234495,-4.127522829897954,0.8631373380579531
15,26.0,184,1,1,4,8,0,0,2,-14,0,0,171,116,7,-7.1543913324834385,1.9538367787996926,0.5203488372093024
86,153.0,724,2,4,11,40,0,0,8,-40,4,2,814,471,35,-54.594705236723684,-11.802561215077988,0.93986405705348
34,59.0,326,3,2,4,3,0,0,0,0,0,0,0,0,0,0.0,,
1,1.0,4,0,0,2,5,0,0,0,0,0,0,0,0,0,0.0,,
150,245.0,1767,13,9,48,-80,1,0,0,0,0,0,0,0,0,0.0,,
287,419.0,2967,17,13,35,-176,1,0,0,0,0,0,0,0,0,0.0,,
67,106.0,644,3,4,98,609,5,0,0,0,0,0,0,0,0,0.0,,
41,71.0,603,5,2,38,168,1,1,4,-15,0,0,658,288,27,10.68492744550112,5.1291513159751325,1.1427758981696448
15,31.0,194,0,1,16,67,0,0,2,-9,0,0,210,80,6,-9.725712290665726,-9.959366420904795,2.9019607843137254
25,41.0,266,0,1,11,41,0,0,4,-23,0,0,268,149,13,-8.364336361202223,2.6863210279532157,0.8505517503805174
27,57.0,226,0,1,17,85,0,0,6,-44,1,1,535,105,10,-39.46669255959233,3.90212687484005,1.1343047236354167
14,28.0,128,1,0,12,72,1,0,0,0,0,0,0,0,0,0.0,,
2,4.0,19,0,0,1,3,0,0,0,0,0,0,0,0,0,0.0,,
2,4.0,26,0,0,0,0,0,0,0,0,0,0,0,0,0,0.0,,
1,2.0,8,0,0,1,21,0,0,0,0,0,0,0,0,0,0.0,,
294,445.0,3937,22,3,133,527,8,0,0,0,0,0,0,0,0,0.0,,
23,50.0,252,4,3,9,-32,0,0,0,0,0,0,0,0,0,0.0,,
14,27.0,108,0,0,20,3,1,0,0,0,0,0,0,0,0,0.0,,
37,53.0,385,3,2,13,-38,0,0,0,0,0,0,0,0,0,0.0,,
186,290.0,1814,11,5,36,109,3,0,20,-136,1,1,2175,766,100,-14.35321187346172,2.1130319914139735,0.9032293932521529
263,388.0,2653,16,10,42,128,3,0,20,-152,6,1,2735,1231,137,20.961968126926603,-0.830106832979035,0.9779241800931704
259,400.0,3548,25,8,24,70,0,0,21,-163,4,1,3833,1274,162,96.42123342997455,0.74626254729032,0.9369266705770676
408,599.0,4823,30,15,38,99,0,0,31,-182,1,1,4572,2267,230,107.72952037596896,3.9408218177803653,1.209103553405601
291,399.0,2867,19,7,17,49,0,0,21,-154,4,2,2271,1685,161,85.83315489330296,3.9332328542616497,1.2778232349884975
260,384.0,2660,20,15,20,43,0,0,30,-195,1,1,2613,1417,142,14.395063419654823,1.3644719318659135,1.074746917295016
233,385.0,2793,24,8,97,364,7,0,0,0,0,0,0,0,0,0.0,,
207,320.0,2515,21,9,46,144,4,0,0,0,0,0,0,0,0,0.0,,
27,49.0,373,3,1,39,118,0,0,0,0,0,0,0,0,0,0.0,,
130,222.0,1537,9,6,116,126,5,0,0,0,0,0,0,0,0,0.0,,
3,5.0,20,0,0,3,9,0,0,0,0,0,0,0,0,0,0.0,,
1,3.0,45,0,0,0,0,0,0,0,0,0,0,0,0,0,0.0,,
0,2.0,0,0,0,2,6,0,0,0,0,0,0,0,0,0,0.0,,
14,26.0,74,1,0,2,11,0,0,0,0,0,0,0,0,0,0.0,,
92,162.0,1305,9,9,67,321,4,0,0,0,0,0,0,0,0,0.0,,
22,42.0,328,3,2,21,70,1,0,0,0,0,0,0,0,0,0.0,,
21,41.0,192,3,2,27,104,3,0,0,0,0,0,0,0,0,0.0,,
1,1.0,9,0,0,3,21,0,0,0,0,0,0,0,0,0,0.0,,
187,286.0,2255,13,2,104,437,7,0,0,0,0,0,0,0,0,0.0,,
230,350.0,2705,16,4,80,192,1,0,0,0,0,0,0,0,0,0.0,,
14,25.0,167,0,0,8,44,1,0,0,0,0,0,0,0,0,0.0,,
305,473.0,3567,28,5,90,93,2,0,0,0,0,0,0,0,0,0.0,,
1,1.0,9,0,0,9,13,0,0,0,0,0,0,0,0,0,0.0,,
1,5.0,18,0,0,0,0,0,0,0,0,0,0,43,13,1,-1.1256110534304753,-32.680319994688034,0.4186046511627907
0,1.0,0,0,0,19,32,1,0,0,0,0,0,0,0,0,0.0,,
178,293.0,2543,14,7,227,1344,15,0,0,0,0,0,0,0,0,0.0,,
12,23.0,132,0,2,17,189,3,0,0,0,0,0,0,0,0,0.0,,
204,308.0,2330,20,3,155,670,11,0,0,0,0,0,0,0,0,0.0,,
9,18.0,75,0,0,13,55,0,0,1,-8,1,0,178,31,3,-10.061501068645157,-0.3591908189730771,0.7466827989514014
122,188.0,1081,3,4,47,294,2,0,18,-107,3,2,1407,446,55,-30.697212040843034,-3.652369752494343,0.7513365834320385
92,141.0,884,4,4,52,191,1,1,9,-51,0,0,1021,376,42,-3.7453263161317984,1.2722144736653254,0.8903089687014737
21,37.0,203,3,0,15,55,0,0,4,-28,0,0,249,78,13,3.800454755120649,5.56778562265438,0.7441176470588236
86,133.0,829,3,3,26,135,2,0,15,-92,3,1,1036,352,45,-19.742036515060114,2.463801269674142,0.8277314352314352
52,67.0,426,2,0,24,151,0,0,8,-38,0,0,429,148,19,5.65948320099755,14.331643269950902,1.055463382808089
27,58.0,286,0,1,43,233,1,0,0,0,0,0,0,0,0,0.0,,
182,263.0,2021,17,4,63,172,0,0,0,0,0,0,0,0,0,0.0,,
1,2.0,13,0,0,4,13,0,0,0,0,0,0,0,0,0,0.0,,
198,317.0,2335,15,11,52,-15,0,0,0,0,0,0,0,0,0,0.0,,
166,293.0,2011,25,7,54,139,3,0,0,0,0,0,0,0,0,0.0,,
244,389.0,3195,23,6,42,19,1,0,0,0,0,0,0,0,0,0.0,,
221,327.0,2384,10,6,45,186,3,1,31,-195,2,1,2708,1051,107,2.059938944321194,-2.7484557376568506,0.811106359718231
91,132.0,917,8,3,14,67,1,0,10,-73,3,3,1007,354,48,6.294562097558087,5.735342422356972,0.9506318555038386
43,68.0,422,1,0,15,26,1,0,0,0,0,0,0,0,0,0.0,,
1,2.0,5,0,0,0,0,0,0,0,0,0,0,0,0,0,0.0,,
55,92.0,442,3,0,11,26,0,0,0,0,0,0,0,0,0,0.0,,
40,69.0,551,2,4,98,405,6,0,0,0,0,0,0,0,0,0.0,,
39,63.0,550,6,2,23,63,0,0,0,0,0,0,0,0,0,0.0,,
156,277.0,1638,8,10,128,157,4,0,0,0,0,0,0,0,0,0.0,,
42,85.0,473,2,2,16,125,1,0,13,-81,1,0,846,198,17,-28.325977112094122,-8.19724740900411,0.4016426550075603
4,6.0,33,1,0,10,7,0,0,0,0,0,0,32,19,3,3.6523738623363897,15.054237246513367,1.02
16,30.0,208,0,0,6,7,0,0,2,-1,0,0,335,80,10,-0.1912330587976525,-2.4686184422723176,0.6208955223880597
91,150.0,966,5,5,19,151,3,0,13,-119,0,0,1107,491,44,-14.875614879206069,-4.032346139757959,1.0666647524667099
6,8.0,58,1,1,5,70,0,0,3,-18,1,1,99,26,3,-3.332336910490878,2.87276009718577,0.9467592592592593
116,180.0,1341,5,3,38,197,0,0,17,-94,2,0,1541,578,52,1.169015696653961,-0.6149158864764814,0.6960946885779897
17,22.0,119,3,0,3,13,0,0,0,0,0,0,88,68,9,11.063086127557092,12.30355458190808,1.3087153367289193
80,134.0,779,5,5,27,143,1,0,14,-82,1,1,1145,331,41,-13.314910775482884,-7.356643169142863,0.670969143935074
1,1.0,2,0,0,1,7,0,0,0,0,0,0,0,0,0,0.0,,
94,143.0,859,3,6,23,109,2,0,5,-35,2,2,814,498,48,-26.3647472920779,-1.629309379684009,1.3434307364434308
2,2.0,11,0,0,6,-7,0,0,0,0,0,0,1,10,1,0.31886750092962757,17.403337359428406,1.0
3,4.0,47,0,0,2,7,0,0,0,0,0,0,30,39,2,2.305082613544073,19.688149293263752,0.38571428571428573
5,9.0,54,0,0,0,0,0,0,1,-9,0,0,71,10,2,-2.844369002346954,8.033519983291626,0.7605633802816901
10,13.0,112,1,0,3,-3,0,0,0,0,0,0,0,0,0,0.0,,
5,10.0,54,0,0,6,3,0,0,0,0,0,0,0,0,0,0.0,,
56,102.0,575,5,2,16,6,0,0,0,0,0,0,0,0,0,0.0,,
188,299.0,2823,23,9,39,57,1,0,0,0,0,0,0,0,0,0.0,,
187,316.0,2897,30,6,52,-24,1,0,0,0,0,0,0,0,0,0.0,,
19,37.0,248,1,0,8,7,0,0,0,0,0,0,0,0,0,0.0,,
28,55.0,310,4,2,11,-23,0,0,0,0,0,0,0,0,0,0.0,,
188,328.0,2504,13,10,29,99,0,0,0,0,0,0,0,0,0,0.0,,
232,393.0,3058,17,9,33,96,0,0,0,0,0,0,0,0,0,0.0,,
138,226.0,1845,18,6,37,-61,2,0,0,0,0,0,0,0,0,0.0,,
234,375.0,3215,24,9,64,77,5,0,0,0,0,0,0,0,0,0.0,,
0,2.0,0,0,0,0,0,0,0,0,0,0,0,0,0,0,0.0,,
18,41.0,155,0,3,15,82,1,0,0,0,0,0,0,0,0,0.0,,
2,5.0,18,0,0,4,18,0,0,0,0,0,0,0,0,0,0.0,,
4,9.0,49,1,0,3,15,0,0,0,0,0,0,0,0,0,0.0,,
3,6.0,24,0,0,0,0,0,0,0,0,0,0,0,0,0,0.0,,
7,9.0,84,3,0,31,111,3,0,0,0,0,0,0,0,0,0.0,,
2,3.0,40,0,0,1,8,0,0,0,0,0,0,0,0,0,0.0,,
102,180.0,1395,12,4,41,19,2,0,0,0,0,0,0,0,0,0.0,,
2,4.0,6,0,0,3,10,0,0,0,0,0,0,0,0,0,0.0,,
23,32.0,252,1,1,49,380,4,0,0,0,0,0,0,0,0,0.0,,
44,63.0,547,5,0,17,63,1,0,0,0,0,0,0,0,0,0.0,,
115,196.0,1327,11,5,57,30,2,0,0,0,0,0,0,0,0,0.0,,
6,8.0,34,0,0,2,-15,0,0,0,0,0,0,0,0,0,0.0,,
28,52.0,228,0,4,7,22,0,0,6,-44,0,0,491,179,12,-28.179330784515837,-25.35043551427562,0.3010788752864889
35,57.0,471,2,2,17,49,2,0,0,0,0,0,0,0,0,0.0,,
68,108.0,668,7,3,43,299,5,0,0,0,0,0,0,0,0,0.0,,
309,423.0,4010,35,10,105,226,7,0,0,0,0,0,0,0,0,0.0,,
1,1.0,33,0,0,0,0,0,0,0,0,0,0,0,0,0,0.0,,
149,255.0,1808,8,4,25,57,1,0,28,-185,5,2,2688,746,81,-12.833490839610919,-0.9152967482196956,0.6835391501360158
190,301.0,2091,13,12,45,183,0,0,41,-233,5,3,2621,929,86,-65.51893214026178,-0.2726562275613233,0.9106578190712501
29,60.0,263,2,1,9,18,1,0,0,0,0,0,0,0,0,0.0,,
10,21.0,145,1,2,3,3,0,0,0,0,0,0,0,0,0,0.0,,
169,257.0,1958,14,6,36,-23,0,0,0,0,0,0,0,0,0,0.0,,
48,75.0,496,2,4,42,167,1,0,0,0,0,0,0,0,0,0.0,,
7,11.0,72,1,0,1,2,0,0,0,0,0,0,0,0,0,0.0,,
0,1.0,0,0,0,1,-3,0,0,0,0,0,0,0,0,0,0.0,,
220,311.0,2458,14,7,34,-79,0,0,0,0,0,0,0,0,0,0.0,,
3,5.0,16,0,1,43,146,10,0,0,0,0,0,0,0,0,0.0,,
12,19.0,80,2,1,5,-7,1,0,0,0,0,0,0,0,0,0.0,,
34,58.0,481,1,2,40,19,1,0,0,0,0,0,0,0,0,0.0,,
2,4.0,77,0,0,9,22,1,0,0,0,0,0,0,0,0,0.0,,
1,2.0,0,0,0,1,7,0,0,0,0,0,0,0,0,0,0.0,,
3,4.0,103,3,0,29,152,2,0,0,0,0,0,0,0,0,0.0,,
2,8.0,12,0,0,0,0,0,0,0,0,0,0,0,0,0,0.0,,
82,158.0,1166,8,6,76,323,7,0,0,0,0,0,0,0,0,0.0,,
0,1.0,0,0,0,16,21,0,0,0,0,0,0,0,0,0,0.0,,
19,33.0,236,1,2,19,50,0,0,0,0,0,0,0,0,0,0.0,,
0,3.0,0,0,0,0,0,0,0,0,0,0,0,0,0,0,0.0,,
1,2.0,2,0,0,0,0,0,0,0,0,0,0,0,0,0,0.0,,
1,3.0,16,0,1,0,0,0,0,0,0,0,0,0,0,0,0.0,,
12,32.0,116,0,4,6,17,0,0,0,0,0,0,0,0,0,0.0,,
6,9.0,86,2,0,3,7,0,0,0,0,0,0,0,0,0,0.0,,
334,508.0,3614,33,9,97,317,5,0,0,0,0,0,0,0,0,0.0,,
28,58.0,238,0,2,14,23,1,0,0,0,0,0,0,0,0,0.0,,
102,151.0,1004,7,2,43,53,1,0,0,0,0,0,0,0,0,0.0,,
31,53.0,323,3,3,2,3,0,0,0,0,0,0,0,0,0,0.0,,
74,134.0,1011,10,0,28,22,1,0,0,0,0,0,0,0,0,0.0,,
3,8.0,21,0,0,2,12,0,0,0,0,0,0,0,0,0,0.0,,
5,7.0,8,0,1,20,119,1,0,0,0,0,0,0,0,0,0.0,,
69,118.0,1088,9,3,61,276,3,0,0,0,0,0,0,0,0,0.0,,
35,65.0,409,2,3,36,115,4,0,0,0,0,0,0,0,0,0.0,,
22,38.0,347,3,1,20,41,0,0,0,0,0,0,0,0,0,0.0,,
84,166.0,1069,11,2,27,-29,0,0,0,0,0,0,0,0,0,0.0,,
33,51.0,296,2,3,19,52,1,0,0,0,0,0,0,0,0,0.0,,
213,383.0,2334,9,11,29,185,4,1,44,-370,4,1,2885,1099,112,-95.57318635706599,-9.820057303152492,0.896500596411397
132,242.0,1688,6,7,28,102,1,0,23,-175,1,1,2189,810,73,-36.21105495186014,-6.2267367184348865,0.8001155454395052
221,368.0,2271,8,7,36,211,0,1,46,-340,7,4,2672,1113,104,-101.19415159158767,-4.41064276402691,0.913842236578022
6,11.0,32,0,0,3,1,0,0,0,0,0,0,61,23,3,-6.621344425424468,-13.730032617847124,0.1568627450980392
155,262.0,1454,3,7,52,117,2,0,0,0,0,0,0,0,0,0.0,,
83,130.0,824,4,8,113,381,4,0,0,0,0,0,0,0,0,0.0,,
10,21.0,108,1,1,12,79,0,0,0,0,0,0,0,0,0,0.0,,
37,50.0,424,4,2,11,28,1,0,0,0,0,0,0,0,0,0.0,,
192,306.0,2092,15,12,114,371,8,0,0,0,0,0,0,0,0,0.0,,
0,1.0,0,0,0,1,3,0,0,0,0,0,0,0,0,0,0.0,,
40,59.0,409,1,1,21,135,1,0,0,0,0,0,0,0,0,0.0,,
10,19.0,81,0,2,3,-34,0,0,0,0,0,0,0,0,0,0.0,,
167,305.0,2229,12,6,45,-16,1,0,0,0,0,0,0,0,0,0.0,,
7,12.0,104,2,1,16,161,2,0,0,0,0,0,0,0,0,0.0,,
