player,position,season,data_source,completions,attempts,passing_yards,passing_tds,passing_interceptions,carries,rushing_yards,rushing_tds,rushing_2pt_conversions,sacks_suffered,sack_yards_lost,sack_fumbles,sack_fumbles_lost,passing_air_yards,passing_yards_after_catch,passing_first_downs,passing_epa,passing_cpoe,pacr,total_games_played,completion_percentage,passing_yards_per_game,fantasy_points,avg_fantasy_points
A.J. Duffy,QB,2025,college_data,197.0,334.0,2347.0,22.0,10.0,44.0,218.0,4.0,0,0,0,0,0,0,0,0,0.0,,,,58.982035928143716,,216.47500000000002,
AJ Bianco,QB,2024,college_data,16.0,24.0,173.0,1.0,0.0,6.0,7.0,0.0,0,0,0,0,0,0,0,0,0.0,,,,66.66666666666666,,11.025,
AJ Bianco,QB,2025,college_data,27.0,45.0,188.0,1.0,1.0,13.0,10.0,0.0,0,0,0,0,0,0,0,0,0.0,,,,60.0,,9.7,
AJ Hairston,QB,2024,college_data,40.0,73.0,480.0,5.0,0.0,24.0,-5.0,1.0,0,0,0,0,0,0,0,0,0.0,,,,54.794520547945204,,47.5,
AJ Hairston,QB,2025,college_data,107.0,216.0,957.0,4.0,4.0,43.0,3.0,0.0,0,0,0,0,0,0,0,0,0.0,,,,49.53703703703704,,40.225,
AJ Hill,QB,2025,college_data,19.0,32.0,223.0,1.0,1.0,1.0,-6.0,0.0,0,0,0,0,0,0,0,0,0.0,,,,59.375,,8.975,
AJ Maddox,QB,2025,college_data,1.0,1.0,19.0,0.0,0.0,1.0,8.0,0.0,0,0,0,0,0,0,0,0,0.0,,,,100.0,,1.2750000000000001,
AJ McCarron,QB,2018,nflreadpy,1.0,3.0,8.0,0.0,0.0,3.0,-2.0,0.0,0,1,-7,0,0,7,1,0,-2.6052306575584225,21.733033657073975,1.1428571428571428,2.0,33.33333333333333,4.0,0.0,0.0
AJ McCarron,QB,2019,nflreadpy,21.0,37.0,225.0,0.0,1.0,5.0,39.0,1.0,0,5,-43,0,0,313,130,11,-8.248081752186408,-37.34947303310037,0.3652597402597403,2.0,56.75675675675676,112.5,13.525,6.7625
AJ McCarron,QB,2020,nflreadpy,1.0,1.0,20.0,0.0,0.0,0.0,0.0,0.0,0,1,-12,0,0,18,2,1,-1.2490409561432898,46.14003300666809,1.1111111111111112,2.0,100.0,10.0,0.5,0.25
AJ McCarron,QB,2023,nflreadpy,4.0,5.0,19.0,0.0,0.0,0.0,0.0,0.0,0,1,-9,0,0,-8,20,0,-5.251072044600733,2.957920730113983,0.0,2.0,80.0,9.5,0.47500000000000003,0.23750000000000002
AJ Simpkins,QB,2024,college_data,1.0,1.0,31.0,0.0,0.0,4.0,-1.0,0.0,0,0,0,0,0,0,0,0,0.0,,,,100.0,,0.675,
AJ Surace,QB,2025,college_data,4.0,9.0,58.0,2.0,0.0,2.0,-5.0,0.0,0,0,0,0,0,0,0,0,0.0,,,,44.44444444444444,,12.95,
AJ Swann,QB,2024,college_data,2.0,4.0,10.0,0.0,0.0,0.0,0.0,0.0,0,0,0,0,0,0,0,0,0.0,,,,50.0,,0.25,
AJ Swann,QB,2025,college_data,130.0,222.0,1494.0,10.0,8.0,20.0,-12.0,0.0,0,0,0,0,0,0,0,0,0.0,,,,58.55855855855856,,80.15,
Aaron Philo,QB,2024,college_data,38.0,74.0,565.0,1.0,2.0,12.0,76.0,1.0,0,0,0,0,0,0,0,0,0.0,,,,51.35135135135135,,29.725,
Aaron Philo,QB,2025,college_data,21.0,28.0,373.0,1.0,1.0,4.0,19.0,0.0,0,0,0,0,0,0,0,0,0.0,,,,75.0,,15.225000000000001,
Aaron Rodgers,QB,2018,nflreadpy,372.0,597.0,4442.0,25.0,2.0,43.0,269.0,2.0,1,49,-353,4,3,5241,2134,200,53.97709843791431,-0.20690420050219255,0.8507061348438009,16.0,62.311557788944725,277.625,291.95000000000005,18.246875000000003
Aaron Rodgers,QB,2019,nflreadpy,400.0,635.0,4571.0,30.0,6.0,52.0,197.0,1.0,1,41,-322,5,3,5561,2294,217,82.59070298164625,2.071479338713539,0.8663989000387505,18.0,62.99212598425197,253.94444444444446,303.975,16.887500000000003
Aaron Rodgers,QB,2020,nflreadpy,428.0,610.0,4941.0,53.0,6.0,42.0,146.0,4.0,0,25,-214,1,1,4800,2575,250,209.5500701654558,7.00437081909784,1.0724350877677595,18.0,70.16393442622952,274.5,466.125,25.895833333333332
Aaron Rodgers,QB,2021,nflreadpy,386.0,560.0,4340.0,37.0,4.0,33.0,101.0,3.0,0,35,-217,2,0,4304,2305,221,127.73082298495487,5.95493534985539,1.0506562416654897,17.0,68.92857142857143,255.2941176470588,350.6,20.623529411764707
Aaron Rodgers,QB,2022,nflreadpy,350.0,542.0,3695.0,26.0,12.0,34.0,94.0,1.0,0,32,-258,4,2,4327,1893,177,-5.150945535983277,1.0704132273034586,0.965035884016148,17.0,64.57564575645756,217.35294117647058,235.77499999999998,13.869117647058822
Aaron Rodgers,QB,2023,nflreadpy,0.0,1.0,0.0,0.0,0.0,0.0,0.0,0.0,0,1,-10,0,0,17,0,0,-2.0319598843343556,,0.0,1.0,0.0,0.0,0.0,0.0
Aaron Rodgers,QB,2024,nflreadpy,368.0,584.0,3897.0,28.0,11.0,22.0,107.0,0.0,0,40,-302,5,2,4022,2119,192,11.295307453811038,-2.3488512487963877,1.046191963724974,17.0,63.013698630136986,229.23529411764707,250.125,14.713235294117647
Aaron Rodgers,QB,2025,nflreadpy,344.0,531.0,3468.0,24.0,8.0,21.0,61.0,1.0,0,33,-216,5,2,3298,2192,149,1.7170857693713835,-0.8150096604042142,1.268175206527548,17.0,64.7834274952919,204.0,222.8,13.105882352941178
Aaron Rodgers,QB,2026,nflreadpy,88.0,153.0,999.0,7.0,4.0,7.0,12.0,0.0,1,13,-107,2,1,1433,544,44,-18.29903586706385,-3.4437064553965655,0.7214814022193379,4.0,57.51633986928104,249.75,60.175,15.04375
Abram Johnston,QB,2024,college_data,21.0,39.0,392.0,1.0,3.0,25.0,-22.0,0.0,0,0,0,0,0,0,0,0,0.0,,,,53.84615384615385,,7.600000000000001,
Abram Johnston,QB,2025,college_data,116.0,213.0,1121.0,7.0,9.0,119.0,299.0,4.0,0,0,0,0,0,0,0,0,0.0,,,,54.460093896713616,,105.92500000000001,
Achilles Ringo,QB,2025,college_data,0.0,1.0,0.0,0.0,0.0,0.0,0.0,0.0,0,0,0,0,0,0,0,0,0.0,,,,0.0,,0.0,
Adam Damante,QB,2025,college_data,70.0,104.0,711.0,5.0,4.0,16.0,-15.0,1.0,0,0,0,0,0,0,0,0,0.0,,,,67.3076923076923,,44.275000000000006,
Adam Urena,QB,2024,college_data,258.0,387.0,2685.0,29.0,5.0,39.0,-188.0,0.0,0,0,0,0,0,0,0,0,0.0,,,,66.66666666666666,,212.325,
Adam Urena,QB,2025,college_data,237.0,369.0,2401.0,13.0,10.0,44.0,-105.0,0.0,0,0,0,0,0,0,0,0,0.0,,,,64.22764227642277,,107.525,
Adrian Mejia,QB,2024,college_data,35.0,58.0,249.0,1.0,2.0,42.0,2.0,0.0,0,0,0,0,0,0,0,0,0.0,,,,60.3448275862069,,8.425,
Adrian Mejia,QB,2025,college_data,7.0,12.0,105.0,1.0,1.0,14.0,59.0,0.0,0,0,0,0,0,0,0,0,0.0,,,,58.333333333333336,,12.525,
Adrian Parker,QB,2024,college_data,28.0,50.0,268.0,1.0,0.0,11.0,-8.0,0.0,0,0,0,0,0,0,0,0,0.0,,,,56.00000000000001,,11.9,
Aidan Armenta,QB,2024,college_data,102.0,188.0,1294.0,9.0,10.0,47.0,57.0,1.0,0,0,0,0,0,0,0,0,0.0,,,,54.25531914893617,,78.05000000000001,
Aidan Armenta,QB,2025,college_data,147.0,252.0,1619.0,12.0,8.0,60.0,60.0,2.0,0,0,0,0,0,0,0,0,0.0,,,,58.333333333333336,,114.475,
Aidan Bouman,QB,2024,college_data,214.0,312.0,2958.0,19.0,4.0,23.0,-57.0,0.0,0,0,0,0,0,0,0,0,0.0,,,,68.58974358974359,,174.25,
Aidan Bouman,QB,2025,college_data,204.0,333.0,2769.0,25.0,6.0,25.0,-94.0,0.0,0,0,0,0,0,0,0,0,0.0,,,,61.261261261261254,,197.82500000000002,
Aidan Chiles,QB,2024,college_data,192.0,324.0,2415.0,13.0,12.0,96.0,234.0,3.0,0,0,0,0,0,0,0,0,0.0,,,,59.25925925925925,,155.775,
Aidan Chiles,QB,2025,college_data,128.0,203.0,1392.0,10.0,3.0,81.0,227.0,6.0,0,0,0,0,0,0,0,0,0.0,,,,63.05418719211823,,147.5,
Aidan Jakobsohn,QB,2025,college_data,16.0,29.0,183.0,2.0,1.0,17.0,171.0,2.0,0,0,0,0,0,0,0,0,0.0,,,,55.172413793103445,,43.675,
Aidan Leffler,QB,2024,college_data,2.0,6.0,6.0,0.0,0.0,0.0,0.0,0.0,0,0,0,0,0,0,0,0,0.0,,,,33.33333333333333,,0.15000000000000002,
Aidan Leffler,QB,2025,college_data,0.0,1.0,0.0,0.0,0.0,0.0,0.0,0.0,0,0,0,0,0,0,0,0,0.0,,,,0.0,,0.0,
Aidan O'Connell,QB,2023,nflreadpy,213.0,343.0,2218.0,12.0,7.0,17.0,11.0,1.0,0,24,-173,3,2,2561,1063,107,-17.799607789448427,-3.612946339713692,0.9037146923097293,11.0,62.09912536443149,201.63636363636363,116.55000000000001,10.595454545454546
Aidan O'Connell,QB,2024,nflreadpy,154.0,243.0,1612.0,8.0,4.0,21.0,30.0,1.0,0,10,-82,0,0,1921,731,78,2.408663681980774,-2.459299498828242,0.8082656510990227,9.0,63.37448559670782,179.11111111111111,89.30000000000001,9.922222222222224
Aidan O'Connell,QB,2025,nflreadpy,10.0,22.0,102.0,0.0,0.0,1.0,7.0,0.0,0,1,-5,0,0,184,31,5,-5.86369217034538,-23.571797934445467,0.5543478260869565,1.0,45.45454545454545,102.0,3.2500000000000004,3.2500000000000004
Aidan Sayin,QB,2024,college_data,98.0,165.0,1083.0,6.0,5.0,21.0,3.0,2.0,0,0,0,0,0,0,0,0,0.0,,,,59.3939393939394,,65.375,
Aidan Semo,QB,2025,college_data,6.0,9.0,78.0,1.0,0.0,31.0,93.0,6.0,0,0,0,0,0,0,0,0,0.0,,,,66.66666666666666,,53.25,
Aidan Warner,QB,2024,college_data,21.0,50.0,228.0,0.0,3.0,8.0,-8.0,1.0,0,0,0,0,0,0,0,0,0.0,,,,42.0,,4.9,
Aiden Dunne,QB,2024,college_data,87.0,144.0,955.0,9.0,3.0,32.0,113.0,1.0,0,0,0,0,0,0,0,0,0.0,,,,60.416666666666664,,89.175,
Aiden Dunne,QB,2025,college_data,4.0,11.0,39.0,0.0,1.0,0.0,0.0,0.0,0,0,0,0,0,0,0,0,0.0,,,,36.36363636363637,,-1.025,
Aiden McCown,QB,2025,college_data,112.0,194.0,1436.0,10.0,6.0,76.0,225.0,4.0,0,0,0,0,0,0,0,0,0.0,,,,57.73195876288659,,130.4,
Air Noland,QB,2025,college_data,2.0,3.0,13.0,0.0,0.0,1.0,4.0,0.0,0,0,0,0,0,0,0,0,0.0,,,,66.66666666666666,,0.7250000000000001,
Alan Bowman,QB,2024,college_data,204.0,340.0,2442.0,17.0,12.0,24.0,-38.0,0.0,0,0,0,0,0,0,0,0,0.0,,,,60.0,,135.25,
Alberto Mendoza,QB,2024,college_data,1.0,1.0,6.0,0.0,0.0,2.0,-3.0,0.0,0,0,0,0,0,0,0,0,0.0,,,,100.0,,-0.15000000000000002,
Alberto Mendoza,QB,2025,college_data,18.0,24.0,286.0,5.0,1.0,13.0,190.0,1.0,0,0,0,0,0,0,0,0,0.0,,,,75.0,,60.15,
Alessio Milivojevic,QB,2024,college_data,0.0,1.0,0.0,0.0,1.0,0.0,0.0,0.0,0,0,0,0,0,0,0,0,0.0,,,,0.0,,-2.0,
Alessio Milivojevic,QB,2025,college_data,111.0,173.0,1267.0,10.0,3.0,31.0,-59.0,1.0,0,0,0,0,0,0,0,0,0.0,,,,64.16184971098265,,85.775,
Alex Flores,QB,2024,college_data,33.0,47.0,332.0,2.0,0.0,6.0,-15.0,0.0,0,0,0,0,0,0,0,0,0.0,,,,70.2127659574468,,18.8,
Alex Flores,QB,2025,college_data,11.0,21.0,130.0,0.0,0.0,8.0,8.0,0.0,0,0,0,0,0,0,0,0,0.0,,,,52.38095238095239,,4.05,
Alex Gevaudan,QB,2024,college_data,3.0,6.0,80.0,2.0,0.0,0.0,0.0,0.0,0,0,0,0,0,0,0,0,0.0,,,,50.0,,14.0,
Alex Gevaudan,QB,2025,college_data,23.0,38.0,246.0,1.0,1.0,0.0,0.0,0.0,0,0,0,0,0,0,0,0,0.0,,,,60.526315789473685,,10.15,
Alex Manske,QB,2025,college_data,4.0,5.0,28.0,0.0,0.0,7.0,33.0,1.0,0,0,0,0,0,0,0,0,0.0,,,,80.0,,10.0,
Alex Orji,QB,2024,college_data,26.0,49.0,151.0,3.0,2.0,57.0,269.0,1.0,0,0,0,0,0,0,0,0,0.0,,,,53.06122448979592,,50.675000000000004,
Alex Orji,QB,2025,college_data,3.0,3.0,37.0,0.0,0.0,10.0,42.0,1.0,0,0,0,0,0,0,0,0,0.0,,,,100.0,,11.125,
Alex Smith,QB,2018,nflreadpy,205.0,328.0,2180.0,10.0,5.0,41.0,168.0,1.0,0,22,-121,3,1,2650,975,106,-7.5640124047215735,-2.0965298957811247,0.936852666728355,10.0,62.5,218.0,125.30000000000001,12.530000000000001
Alex Smith,QB,2020,nflreadpy,168.0,252.0,1582.0,6.0,8.0,10.0,3.0,0.0,0,22,-139,1,0,1286,949,74,-32.68786899831443,-2.991539160758019,1.3108666764286467,8.0,66.66666666666666,197.75,59.849999999999994,7.481249999999999
Alex Tanney,QB,2019,nflreadpy,1.0,1.0,1.0,0.0,0.0,0.0,0.0,0.0,0,0,0,0,0,1,0,0,-0.04524400760419667,18.01081895828247,1.0,1.0,100.0,1.0,0.025,0.025
Alonza Barnett,QB,2024,college_data,212.0,354.0,2596.0,26.0,4.0,135.0,450.0,7.0,0,0,0,0,0,0,0,0,0.0,,,,59.887005649717516,,299.9,
Alonza Barnett,QB,2025,college_data,216.0,370.0,2806.0,23.0,8.0,127.0,589.0,15.0,0,0,0,0,0,0,0,0,0.0,,,,58.37837837837838,,341.05,
Amari Jones,QB,2024,college_data,7.0,12.0,101.0,1.0,1.0,12.0,21.0,0.0,0,0,0,0,0,0,0,0,0.0,,,,58.333333333333336,,8.625,
Amari Odom,QB,2024,college_data,117.0,211.0,1565.0,7.0,6.0,44.0,-41.0,0.0,0,0,0,0,0,0,0,0,0.0,,,,55.45023696682464,,65.025,
Amari Odom,QB,2025,college_data,189.0,291.0,2594.0,19.0,8.0,120.0,347.0,7.0,0,0,0,0,0,0,0,0,0.0,,,,64.94845360824742,,239.55,
Amari Powell,QB,2024,college_data,5.0,10.0,18.0,0.0,0.0,8.0,33.0,0.0,0,0,0,0,0,0,0,0,0.0,,,,50.0,,3.7500000000000004,
Amari Powell,QB,2025,college_data,35.0,59.0,636.0,5.0,2.0,19.0,109.0,2.0,0,0,0,0,0,0,0,0,0.0,,,,59.32203389830508,,64.8,
Ameer Dudley,QB,2025,college_data,4.0,13.0,62.0,0.0,0.0,14.0,55.0,0.0,0,0,0,0,0,0,0,0,0.0,,,,30.76923076923077,,7.05,
Andre Washington,QB,2025,college_data,4.0,9.0,15.0,0.0,0.0,9.0,32.0,0.0,0,0,0,0,0,0,0,0,0.0,,,,44.44444444444444,,3.575,
Andrew Body,QB,2024,college_data,4.0,6.0,27.0,0.0,0.0,14.0,133.0,2.0,0,0,0,0,0,0,0,0,0.0,,,,66.66666666666666,,25.975,
Andrew Body,QB,2025,college_data,113.0,160.0,1770.0,20.0,1.0,71.0,518.0,4.0,0,0,0,0,0,0,0,0,0.0,,,,70.625,,238.05,
Andrew Indorf,QB,2025,college_data,187.0,314.0,2344.0,16.0,4.0,73.0,109.0,0.0,0,0,0,0,0,0,0,0,0.0,,,,59.554140127388536,,157.5,
Andrew Luck,QB,2018,nflreadpy,468.0,707.0,5018.0,42.0,16.0,56.0,194.0,0.0,0,21,-158,4,2,5406,2064,260,101.210537937082,0.3083854713444606,0.976724451821116,18.0,66.19519094766619,278.77777777777777,360.85,20.047222222222224
Andy Dalton,QB,2018,nflreadpy,226.0,365.0,2566.0,21.0,11.0,16.0,99.0,0.0,0,21,-157,1,0,2947,1142,132,26.43002385996771,-3.3626386827156227,0.9277958879622527,11.0,61.917808219178085,233.27272727272728,178.05,16.186363636363637
Andy Dalton,QB,2019,nflreadpy,314.0,528.0,3494.0,16.0,14.0,32.0,73.0,4.0,1,37,-249,5,4,4278,1547,170,-15.902740260757046,-3.8365775923877186,0.8297745085443923,13.0,59.46969696969697,268.7692307692308,180.65,13.896153846153847
Andy Dalton,QB,2020,nflreadpy,216.0,333.0,2170.0,14.0,8.0,28.0,114.0,0.0,0,24,-184,1,0,2289,1043,116,-11.20087004566314,0.03226493764473588,0.8966436151013265,11.0,64.86486486486487,197.27272727272728,133.65,12.15
Andy Dalton,QB,2021,nflreadpy,149.0,236.0,1515.0,8.0,9.0,16.0,76.0,0.0,0,18,-143,1,1,1643,752,83,-30.054053774520156,0.6884769460509377,1.0944489763497556,8.0,63.13559322033898,189.375,73.475,9.184375
Andy Dalton,QB,2022,nflreadpy,252.0,378.0,2871.0,18.0,9.0,30.0,54.0,0.0,0,25,-189,2,1,2981,1318,135,19.043597040069933,0.3714147528023006,1.001332664489548,14.0,66.66666666666666,205.07142857142858,165.175,11.798214285714286
Andy Dalton,QB,2023,nflreadpy,34.0,58.0,361.0,2.0,0.0,3.0,12.0,0.0,0,3,-27,0,0,477,128,17,4.548329591227218,-5.506343590585809,0.7568134171907757,2.0,58.620689655172406,180.5,22.225,11.1125
Andy Dalton,QB,2024,nflreadpy,106.0,160.0,989.0,7.0,6.0,11.0,34.0,0.0,0,7,-37,0,0,1062,459,50,-19.042891326278156,-12.341451448089382,0.825815402540386,6.0,66.25,164.83333333333334,58.125,9.6875
Andy Dalton,QB,2025,nflreadpy,25.0,37.0,293.0,1.0,1.0,5.0,-2.0,0.0,0,8,-54,1,1,348,90,17,-5.661670377857174,9.602464021815358,0.9063510420682303,4.0,67.56756756756756,73.25,9.125,2.28125
Andy Dalton,QB,2026,nflreadpy,0.0,1.0,0.0,0.0,1.0,0.0,0.0,0.0,0,0,0,0,0,2,0,0,-5.569074313913006,-57.41029977798462,0.0,1.0,0.0,0.0,-2.0,-2.0
Andy Peters,QB,2025,college_data,150.0,231.0,2061.0,17.0,5.0,104.0,358.0,6.0,0,0,0,0,0,0,0,0,0.0,,,,64.93506493506493,,215.32500000000002,
Angel H Flores,QB,2024,college_data,7.0,11.0,124.0,1.0,0.0,3.0,7.0,0.0,0,0,0,0,0,0,0,0,0.0,,,,63.63636363636363,,9.8,
Angel H Flores,QB,2025,college_data,19.0,28.0,195.0,2.0,1.0,107.0,527.0,8.0,0,0,0,0,0,0,0,0,0.0,,,,67.85714285714286,,115.575,
Anthony Brown,QB,2022,nflreadpy,22.0,49.0,302.0,0.0,2.0,3.0,-5.0,0.0,0,5,-14,1,1,401,142,13,-16.465219842051994,-12.697199980417887,0.5635882741899934,2.0,44.89795918367347,151.0,1.0500000000000007,0.5250000000000004
Anthony Chiccitt,QB,2024,college_data,195.0,299.0,2200.0,14.0,7.0,53.0,80.0,2.0,0,0,0,0,0,0,0,0,0.0,,,,65.21739130434783,,145.0,
Anthony Colandrea,QB,2024,college_data,198.0,320.0,2125.0,13.0,11.0,128.0,277.0,2.0,0,0,0,0,0,0,0,0,0.0,,,,61.875,,148.825,
Anthony Colandrea,QB,2025,college_data,275.0,417.0,3459.0,23.0,9.0,127.0,650.0,10.0,0,0,0,0,0,0,0,0,0.0,,,,65.94724220623502,,331.475,
Anthony Grigsby Jr.,QB,2025,college_data,44.0,82.0,774.0,6.0,4.0,33.0,43.0,2.0,0,0,0,0,0,0,0,0,0.0,,,,53.65853658536586,,63.650000000000006,
Anthony Harris,QB,2024,college_data,8.0,14.0,32.0,0.0,0.0,5.0,13.0,0.0,0,0,0,0,0,0,0,0,0.0,,,,57.14285714285714,,2.1,
Anthony Richardson,QB,2023,nflreadpy,50.0,84.0,577.0,3.0,1.0,25.0,136.0,4.0,0,7,-29,1,0,676,297,31,6.693791287072113,-5.1702428447174675,1.4780840823477057,4.0,59.523809523809526,144.25,68.025,17.00625
Anthony Richardson,QB,2024,nflreadpy,126.0,264.0,1814.0,8.0,12.0,86.0,499.0,6.0,1,14,-115,2,2,3224,776,73,-39.16521618690269,-8.728106780493357,0.7060176038646523,11.0,47.72727272727273,164.9090909090909,153.25,13.931818181818182
Anthony Richardson,QB,2025,nflreadpy,1.0,2.0,9.0,0.0,0.0,4.0,-1.0,0.0,0,0,0,0,0,31,7,1,-1.2116199531592429,-8.090043067932129,0.2903225806451613,2.0,50.0,4.5,0.125,0.0625
Antwon McKay Jr.,QB,2024,college_data,0.0,2.0,0.0,0.0,1.0,1.0,8.0,0.0,0,0,0,0,0,0,0,0,0.0,,,,0.0,,-1.2,
Antwon McKay Jr.,QB,2025,college_data,1.0,1.0,14.0,1.0,0.0,4.0,7.0,0.0,0,0,0,0,0,0,0,0,0.0,,,,100.0,,7.05,
Arch Manning,QB,2024,college_data,61.0,90.0,938.0,9.0,2.0,25.0,108.0,4.0,0,0,0,0,0,0,0,0,0.0,,,,67.77777777777779,,108.25,
Arch Manning,QB,2025,college_data,248.0,404.0,3163.0,26.0,7.0,92.0,399.0,10.0,0,0,0,0,0,0,0,0,0.0,,,,61.386138613861384,,320.975,
Ari Patu,QB,2024,college_data,45.0,78.0,479.0,1.0,5.0,33.0,67.0,2.0,0,0,0,0,0,0,0,0,0.0,,,,57.692307692307686,,26.674999999999997,
Ari Patu,QB,2025,college_data,48.0,95.0,517.0,5.0,4.0,44.0,133.0,1.0,0,0,0,0,0,0,0,0,0.0,,,,50.526315789473685,,54.225,
Arrington Maiden,QB,2025,college_data,5.0,10.0,59.0,0.0,0.0,13.0,79.0,1.0,0,0,0,0,0,0,0,0,0.0,,,,50.0,,15.375,
Ashley Tucker Jr.,QB,2024,college_data,1.0,1.0,21.0,0.0,0.0,3.0,1.0,0.0,0,0,0,0,0,0,0,0,0.0,,,,100.0,,0.625,
Ashley Tucker Jr.,QB,2025,college_data,0.0,4.0,0.0,0.0,1.0,2.0,14.0,0.0,0,0,0,0,0,0,0,0,0.0,,,,0.0,,-0.5999999999999999,
Ashten Snelsire,QB,2024,college_data,7.0,7.0,52.0,0.0,0.0,2.0,6.0,0.0,0,0,0,0,0,0,0,0,0.0,,,,100.0,,1.9000000000000001,
Ashten Snelsire,QB,2025,college_data,58.0,111.0,848.0,8.0,5.0,53.0,188.0,3.0,0,0,0,0,0,0,0,0,0.0,,,,52.25225225225225,,96.0,
Ashton Daniels,QB,2024,college_data,170.0,271.0,1700.0,10.0,12.0,148.0,669.0,3.0,0,0,0,0,0,0,0,0,0.0,,,,62.73062730627307,,163.4,
Ashton Daniels,QB,2025,college_data,68.0,119.0,797.0,3.0,2.0,63.0,280.0,2.0,0,0,0,0,0,0,0,0,0.0,,,,57.14285714285714,,73.925,
Ashton Frye,QB,2024,college_data,4.0,7.0,9.0,0.0,0.0,7.0,-21.0,0.0,0,0,0,0,0,0,0,0,0.0,,,,57.14285714285714,,-1.875,
Ashton Frye,QB,2025,college_data,17.0,26.0,142.0,1.0,0.0,13.0,40.0,1.0,0,0,0,0,0,0,0,0,0.0,,,,65.38461538461539,,19.55,
Ashton Strother,QB,2025,college_data,89.0,171.0,1111.0,4.0,5.0,48.0,91.0,4.0,0,0,0,0,0,0,0,0,0.0,,,,52.046783625730995,,74.875,
Ashur Carraha,QB,2024,college_data,47.0,98.0,517.0,3.0,4.0,37.0,141.0,1.0,0,0,0,0,0,0,0,0,0.0,,,,47.95918367346938,,43.025000000000006,
Athan Kaliakmanis,QB,2024,college_data,213.0,395.0,2696.0,18.0,7.0,92.0,251.0,3.0,0,0,0,0,0,0,0,0,0.0,,,,53.92405063291139,,204.5,
Athan Kaliakmanis,QB,2025,college_data,229.0,368.0,3124.0,20.0,7.0,96.0,-26.0,4.0,0,0,0,0,0,0,0,0,0.0,,,,62.22826086956522,,205.5,
Athan Kaliakmanis,QB,2026,nflreadpy,15.0,33.0,186.0,1.0,1.0,3.0,16.0,0.0,0,1,-9,0,0,396,40,6,-10.200917830807157,-11.845271149650216,0.4696969696969697,1.0,45.45454545454545,186.0,10.25,10.25
Atzel Chavez Jr.,QB,2025,college_data,1.0,1.0,0.0,0.0,0.0,0.0,0.0,0.0,0,0,0,0,0,0,0,0,0.0,,,,100.0,,0.0,
Au'Tori Newkirk,QB,2025,college_data,3.0,6.0,23.0,1.0,1.0,1.0,13.0,0.0,0,0,0,0,0,0,0,0,0.0,,,,50.0,,5.875,
Austin Mack,QB,2024,college_data,2.0,3.0,39.0,1.0,0.0,0.0,0.0,0.0,0,0,0,0,0,0,0,0,0.0,,,,66.66666666666666,,6.975,
Austin Mack,QB,2025,college_data,24.0,32.0,228.0,2.0,0.0,9.0,22.0,1.0,0,0,0,0,0,0,0,0,0.0,,,,75.0,,25.9,
Austin Myers,QB,2024,college_data,9.0,15.0,102.0,1.0,1.0,2.0,20.0,0.0,0,0,0,0,0,0,0,0,0.0,,,,60.0,,8.55,
Austin Myers,QB,2025,college_data,124.0,217.0,1597.0,13.0,7.0,20.0,-79.0,0.0,0,0,0,0,0,0,0,0,0.0,,,,57.14285714285714,,96.025,
Austin Novosad,QB,2024,college_data,2.0,2.0,7.0,0.0,0.0,0.0,0.0,0.0,0,0,0,0,0,0,0,0,0.0,,,,100.0,,0.17500000000000002,
Austin Novosad,QB,2025,college_data,1.0,2.0,40.0,0.0,0.0,0.0,0.0,0.0,0,0,0,0,0,0,0,0,0.0,,,,50.0,,1.0,
Austin Simmons,QB,2024,college_data,19.0,32.0,282.0,2.0,0.0,5.0,14.0,0.0,0,0,0,0,0,0,0,0,0.0,,,,59.375,,20.450000000000003,
Austin Simmons,QB,2025,college_data,45.0,75.0,744.0,4.0,5.0,22.0,71.0,1.0,0,0,0,0,0,0,0,0,0.0,,,,60.0,,45.7,
Austin Smith,QB,2024,college_data,211.0,335.0,2301.0,15.0,7.0,118.0,239.0,4.0,0,0,0,0,0,0,0,0,0.0,,,,62.98507462686567,,181.425,
Austin Smith,QB,2025,college_data,12.0,18.0,158.0,2.0,0.0,9.0,59.0,1.0,0,0,0,0,0,0,0,0,0.0,,,,66.66666666666666,,27.85,
Aveon Smith,QB,2024,college_data,22.0,32.0,219.0,2.0,1.0,15.0,104.0,1.0,0,0,0,0,0,0,0,0,0.0,,,,68.75,,31.875,
Aveon Smith,QB,2025,college_data,9.0,24.0,119.0,1.0,3.0,51.0,240.0,1.0,0,0,0,0,0,0,0,0,0.0,,,,37.5,,32.975,
Avery Johnson,QB,2024,college_data,217.0,372.0,2712.0,25.0,10.0,113.0,605.0,7.0,0,0,0,0,0,0,0,0,0.0,,,,58.333333333333336,,300.3,
Avery Johnson,QB,2025,college_data,204.0,341.0,2380.0,18.0,6.0,109.0,477.0,8.0,0,0,0,0,0,0,0,0,0.0,,,,59.82404692082112,,251.2,
Ayden Pereira,QB,2024,college_data,92.0,154.0,1120.0,8.0,2.0,128.0,568.0,2.0,0,0,0,0,0,0,0,0,0.0,,,,59.74025974025974,,140.8,
Ayden Pereira,QB,2025,college_data,159.0,310.0,1846.0,9.0,7.0,193.0,856.0,7.0,0,0,0,0,0,0,0,0,0.0,,,,51.29032258064517,,213.75,
Bailey Zappe,QB,2022,nflreadpy,65.0,92.0,781.0,5.0,3.0,10.0,0.0,0.0,0,6,-40,2,2,624,384,37,7.685017908631561,4.997401954360372,1.244562145811209,4.0,70.65217391304348,195.25,39.525000000000006,9.881250000000001
Bailey Zappe,QB,2023,nflreadpy,127.0,212.0,1272.0,6.0,9.0,17.0,83.0,1.0,0,25,-191,2,1,1686,637,53,-81.79545271547397,-7.991986088099639,0.9369872497106094,10.0,59.905660377358494,127.2,62.099999999999994,6.209999999999999
Bailey Zappe,QB,2024,nflreadpy,16.0,31.0,170.0,1.0,2.0,2.0,2.0,0.0,0,1,-5,0,0,220,101,8,-16.848805408400583,-13.554070393244425,0.7727272727272727,1.0,51.61290322580645,170.0,6.449999999999999,6.449999999999999
Baker Mayfield,QB,2018,nflreadpy,310.0,486.0,3725.0,27.0,14.0,39.0,131.0,0.0,0,25,-173,3,2,4515,1696,171,33.30804157179606,3.0700152544593022,0.8652933049909272,14.0,63.78600823045267,266.07142857142856,236.22500000000002,16.873214285714287
Baker Mayfield,QB,2019,nflreadpy,317.0,534.0,3827.0,22.0,21.0,28.0,141.0,3.0,0,40,-285,4,2,4521,1820,179,-11.71658590377632,-3.6331555062807634,0.8934258467006426,16.0,59.36329588014981,239.1875,213.77499999999998,13.360937499999999
Baker Mayfield,QB,2020,nflreadpy,349.0,557.0,4030.0,30.0,9.0,62.0,179.0,1.0,0,27,-170,4,3,4554,1622,211,104.69737834460929,2.7758514432040986,0.9202150521772824,18.0,62.65709156193896,223.88888888888889,280.65,15.591666666666665
Baker Mayfield,QB,2021,nflreadpy,253.0,418.0,3010.0,17.0,13.0,37.0,134.0,1.0,0,43,-269,5,3,3659,1383,143,-5.397413046271426,-1.4436767185932478,0.8605238401053656,14.0,60.526315789473685,215.0,164.65,11.760714285714286
Baker Mayfield,QB,2022,nflreadpy,201.0,335.0,2163.0,10.0,8.0,31.0,89.0,1.0,0,36,-217,3,1,2276,1127,94,-51.288697183107516,-6.855945276905694,1.0672360110108283,12.0,60.0,180.25,110.975,9.247916666666667
Baker Mayfield,QB,2023,nflreadpy,412.0,643.0,4730.0,34.0,12.0,66.0,194.0,1.0,0,48,-292,5,3,5493,2272,219,65.21260209138454,-0.09114571551803274,0.8979795159700148,19.0,64.0746500777605,248.94736842105263,317.65,16.718421052631577
Baker Mayfield,QB,2024,nflreadpy,422.0,588.0,4685.0,43.0,16.0,67.0,401.0,3.0,0,41,-250,4,1,4109,2520,236,128.88774369680075,4.5220246659588055,1.215047088074329,18.0,71.7687074829932,260.27777777777777,399.225,22.179166666666667
Baker Mayfield,QB,2025,nflreadpy,343.0,543.0,3693.0,26.0,11.0,55.0,382.0,1.0,0,36,-234,10,3,4406,1923,172,0.6775508272753221,-2.4748366410730087,0.8695870920678843,17.0,63.16758747697975,217.23529411764707,264.525,15.560294117647057
Baker Mayfield,QB,2026,nflreadpy,61.0,96.0,615.0,2.0,2.0,11.0,65.0,1.0,0,13,-60,2,2,852,373,26,-29.848879422685854,1.1488184851294285,0.8987552569054943,3.0,63.541666666666664,205.0,31.875,10.625
Banks Bowen,QB,2025,college_data,3.0,5.0,4.0,0.0,0.0,4.0,28.0,0.0,0,0,0,0,0,0,0,0,0.0,,,,60.0,,2.9000000000000004,
Baron May,QB,2024,college_data,1.0,1.0,43.0,1.0,0.0,0.0,0.0,0.0,0,0,0,0,0,0,0,0,0.0,,,,100.0,,7.075,
Baron May,QB,2025,college_data,12.0,22.0,142.0,1.0,0.0,13.0,32.0,1.0,0,0,0,0,0,0,0,0,0.0,,,,54.54545454545454,,18.75,
Battle Alberson,QB,2025,college_data,47.0,79.0,630.0,5.0,3.0,26.0,63.0,0.0,0,0,0,0,0,0,0,0,0.0,,,,59.49367088607595,,46.05,
Baxter Wright,QB,2025,college_data,69.0,92.0,577.0,2.0,1.0,55.0,150.0,2.0,0,0,0,0,0,0,0,0,0.0,,,,75.0,,51.425,
Baylor Hayes,QB,2024,college_data,18.0,30.0,181.0,0.0,1.0,3.0,15.0,0.0,0,0,0,0,0,0,0,0,0.0,,,,60.0,,4.025,
Baylor Hayes,QB,2025,college_data,186.0,316.0,2159.0,12.0,6.0,95.0,188.0,3.0,0,0,0,0,0,0,0,0,0.0,,,,58.86075949367089,,150.775,
Bear Bachmeier,QB,2025,college_data,251.0,387.0,3033.0,15.0,7.0,147.0,527.0,11.0,0,0,0,0,0,0,0,0,0.0,,,,64.85788113695091,,270.525,
Beau Brungard,QB,2024,college_data,206.0,310.0,2077.0,12.0,11.0,159.0,998.0,16.0,0,0,0,0,0,0,0,0,0.0,,,,66.45161290322581,,297.725,
Beau Brungard,QB,2025,college_data,277.0,403.0,3230.0,26.0,3.0,242.0,1468.0,27.0,0,0,0,0,0,0,0,0,0.0,,,,68.73449131513648,,539.55,
Beau Pribula,QB,2024,college_data,26.0,35.0,275.0,5.0,1.0,38.0,242.0,4.0,0,0,0,0,0,0,0,0,0.0,,,,74.28571428571429,,83.075,
Beau Pribula,QB,2025,college_data,182.0,270.0,1946.0,11.0,9.0,95.0,297.0,6.0,0,0,0,0,0,0,0,0,0.0,,,,67.4074074074074,,162.35000000000002,
Beckham Pellant,QB,2024,college_data,2.0,2.0,7.0,0.0,0.0,2.0,-17.0,0.0,0,0,0,0,0,0,0,0,0.0,,,,100.0,,-1.5250000000000001,
Beckham Pellant,QB,2025,college_data,11.0,22.0,83.0,1.0,1.0,5.0,-1.0,0.0,0,0,0,0,0,0,0,0,0.0,,,,50.0,,5.975,
Behren Morton,QB,2024,college_data,293.0,463.0,3300.0,27.0,8.0,55.0,-22.0,1.0,0,0,0,0,0,0,0,0,0.0,,,,63.282937365010795,,232.3,
Behren Morton,QB,2025,college_data,219.0,333.0,2780.0,22.0,6.0,43.0,-113.0,0.0,0,0,0,0,0,0,0,0,0.0,,,,65.76576576576578,,178.2,
Ben DiNucci,QB,2020,nflreadpy,23.0,43.0,219.0,0.0,0.0,6.0,22.0,0.0,0,7,-73,3,2,349,134,11,-27.5776076356174,-2.419303383743554,0.8292066027689031,2.0,53.48837209302325,109.5,3.6750000000000007,1.8375000000000004
Ben Finley,QB,2024,college_data,211.0,387.0,2581.0,16.0,9.0,80.0,51.0,0.0,0,0,0,0,0,0,0,0,0.0,,,,54.52196382428941,,147.625,
Ben Finley,QB,2025,college_data,186.0,362.0,2475.0,19.0,9.0,69.0,130.0,2.0,0,0,0,0,0,0,0,0,0.0,,,,51.38121546961326,,182.875,
Ben Gulbranson,QB,2024,college_data,78.0,128.0,943.0,4.0,4.0,14.0,-7.0,1.0,0,0,0,0,0,0,0,0,0.0,,,,60.9375,,44.875,
Ben Gulbranson,QB,2025,college_data,148.0,260.0,1813.0,9.0,10.0,33.0,-201.0,0.0,0,0,0,0,0,0,0,0,0.0,,,,56.92307692307692,,59.224999999999994,
Ben Harris,QB,2024,college_data,18.0,38.0,273.0,0.0,2.0,22.0,104.0,1.0,0,0,0,0,0,0,0,0,0.0,,,,47.368421052631575,,19.225,
Ben Roethlisberger,QB,2018,nflreadpy,452.0,675.0,5129.0,34.0,16.0,31.0,98.0,3.0,0,24,-166,3,2,5254,2802,248,146.11118901639534,2.7374072007290327,1.0966729370633759,16.0,66.96296296296296,320.5625,324.025,20.2515625
Ben Roethlisberger,QB,2019,nflreadpy,35.0,62.0,351.0,0.0,1.0,1.0,7.0,0.0,0,2,-7,1,0,576,193,14,-13.165258220506058,-12.541512398855062,0.6346120313862249,2.0,56.451612903225815,175.5,7.475,3.7375
Ben Roethlisberger,QB,2020,nflreadpy,446.0,676.0,4304.0,37.0,14.0,26.0,11.0,0.0,0,13,-118,2,0,4790,2139,222,62.41003472373711,-0.7035291132858486,0.92109523226373,16.0,65.97633136094674,269.0,302.7,18.91875
Ben Roethlisberger,QB,2021,nflreadpy,419.0,649.0,3955.0,24.0,10.0,22.0,4.0,1.0,0,40,-253,9,5,4389,2040,203,-48.948384646677354,-2.0502509788653693,0.9429743256727275,17.0,64.56086286594761,232.64705882352942,219.275,12.898529411764706
Ben Wooldridge,QB,2024,college_data,192.0,291.0,2453.0,17.0,6.0,65.0,174.0,5.0,0,0,0,0,0,0,0,0,0.0,,,,65.97938144329896,,198.72500000000002,
Benjamin Newman,QB,2025,college_data,2.0,3.0,3.0,0.0,0.0,1.0,-2.0,0.0,0,0,0,0,0,0,0,0,0.0,,,,66.66666666666666,,-0.125,
Bennett Judy,QB,2024,college_data,0.0,2.0,0.0,0.0,0.0,0.0,0.0,0.0,0,0,0,0,0,0,0,0,0.0,,,,0.0,,0.0,
Bennett Judy,QB,2025,college_data,50.0,83.0,420.0,3.0,2.0,13.0,-17.0,0.0,0,0,0,0,0,0,0,0,0.0,,,,60.24096385542169,,22.8,
Billy Atkins,QB,2024,college_data,16.0,24.0,181.0,1.0,0.0,2.0,6.0,0.0,0,0,0,0,0,0,0,0,0.0,,,,66.66666666666666,,11.125,
Billy Atkins,QB,2025,college_data,169.0,269.0,2319.0,16.0,4.0,66.0,25.0,1.0,0,0,0,0,0,0,0,0,0.0,,,,62.825278810408925,,154.475,
Billy Edwards,QB,2024,college_data,273.0,420.0,2881.0,15.0,9.0,81.0,150.0,5.0,0,0,0,0,0,0,0,0,0.0,,,,65.0,,189.025,
Billy Edwards,QB,2025,college_data,7.0,16.0,113.0,0.0,0.0,0.0,0.0,0.0,0,0,0,0,0,0,0,0,0.0,,,,43.75,,2.825,
Billy Wiles,QB,2024,college_data,0.0,1.0,0.0,0.0,1.0,0.0,0.0,0.0,0,0,0,0,0,0,0,0,0.0,,,,0.0,,-2.0,
Billy Wiles,QB,2025,college_data,6.0,7.0,50.0,1.0,1.0,5.0,7.0,0.0,0,0,0,0,0,0,0,0,0.0,,,,85.71428571428571,,5.95,
Bishop Davenport,QB,2024,college_data,48.0,79.0,604.0,3.0,1.0,37.0,161.0,1.0,0,0,0,0,0,0,0,0,0.0,,,,60.75949367088608,,53.2,
Bishop Davenport,QB,2025,college_data,200.0,294.0,2072.0,12.0,6.0,116.0,326.0,9.0,0,0,0,0,0,0,0,0,0.0,,,,68.02721088435374,,198.4,
Blaine Gabbert,QB,2018,nflreadpy,61.0,101.0,626.0,4.0,4.0,6.0,0.0,0.0,0,5,-37,0,0,710,301,32,-23.27536538691046,-9.905923011959146,0.8414332952820786,8.0,60.396039603960396,78.25,31.65,3.95625
Blaine Gabbert,QB,2020,nflreadpy,9.0,16.0,143.0,2.0,0.0,9.0,16.0,0.0,0,1,-7,1,0,108,80,5,-0.5905255278180657,-42.381504476070404,1.3240740740740742,4.0,56.25,35.75,17.175,4.29375
Blaine Gabbert,QB,2021,nflreadpy,7.0,11.0,67.0,0.0,0.0,9.0,-7.0,0.0,0,1,-10,0,0,90,39,4,0.1918351231798563,-8.095344603061676,1.0880952380952382,6.0,63.63636363636363,11.166666666666666,0.975,0.1625
Blaine Gabbert,QB,2022,nflreadpy,6.0,8.0,29.0,1.0,0.0,0.0,0.0,0.0,0,0,0,0,0,20,37,2,0.2152441979269497,3.490244224667549,1.45,1.0,75.0,29.0,6.725,6.725
Blaine Gabbert,QB,2023,nflreadpy,18.0,35.0,185.0,0.0,3.0,7.0,45.0,0.0,0,1,-9,0,0,198,118,8,-16.143287105163772,-9.541536775128595,0.9610778443113772,2.0,51.42857142857142,92.5,3.125,1.5625
Blaine Hipa,QB,2024,college_data,145.0,263.0,1669.0,10.0,15.0,90.0,-49.0,3.0,0,0,0,0,0,0,0,0,0.0,,,,55.13307984790875,,84.825,
Blaine Hipa,QB,2025,college_data,42.0,74.0,459.0,0.0,1.0,29.0,51.0,1.0,0,0,0,0,0,0,0,0,0.0,,,,56.75675675675676,,20.575000000000003,
Blaine McAllister,QB,2024,college_data,5.0,21.0,80.0,1.0,0.0,19.0,55.0,1.0,0,0,0,0,0,0,0,0,0.0,,,,23.809523809523807,,19.5,
Blainey Dowling,QB,2024,college_data,8.0,19.0,69.0,0.0,1.0,5.0,-16.0,0.0,0,0,0,0,0,0,0,0,0.0,,,,42.10526315789473,,-1.875,
Blake Baker,QB,2024,college_data,18.0,34.0,314.0,1.0,3.0,17.0,11.0,1.0,0,0,0,0,0,0,0,0,0.0,,,,52.94117647058824,,14.950000000000003,
Blake Baker,QB,2025,college_data,102.0,155.0,1252.0,5.0,3.0,73.0,260.0,3.0,0,0,0,0,0,0,0,0,0.0,,,,65.80645161290323,,99.3,
Blake Bortles,QB,2018,nflreadpy,243.0,403.0,2718.0,13.0,11.0,58.0,365.0,1.0,0,31,-173,5,2,2889,1480,128,-24.306520929399362,-6.6657045597361995,1.0300561428280077,13.0,60.297766749379655,209.07692307692307,162.45,12.496153846153845
Blake Bortles,QB,2019,nflreadpy,1.0,2.0,3.0,0.0,0.0,2.0,-9.0,0.0,0,0,0,0,0,-3,6,0,-1.4286358838435262,12.419778108596802,0.0,2.0,50.0,1.5,-0.825,-0.4125
Blake Ellingson,QB,2024,college_data,10.0,15.0,39.0,1.0,1.0,36.0,162.0,3.0,0,0,0,0,0,0,0,0,0.0,,,,66.66666666666666,,39.175,
Blake Horvath,QB,2024,college_data,80.0,139.0,1353.0,13.0,4.0,176.0,1254.0,17.0,0,0,0,0,0,0,0,0,0.0,,,,57.55395683453237,,331.225,
Blake Horvath,QB,2025,college_data,97.0,159.0,1580.0,12.0,6.0,224.0,1200.0,16.0,0,0,0,0,0,0,0,0,0.0,,,,61.0062893081761,,315.5,
Blake Shapen,QB,2024,college_data,74.0,108.0,974.0,8.0,1.0,34.0,36.0,2.0,0,0,0,0,0,0,0,0,0.0,,,,68.51851851851852,,85.95,
Blake Shapen,QB,2025,college_data,195.0,304.0,2436.0,15.0,8.0,112.0,26.0,3.0,0,0,0,0,0,0,0,0,0.0,,,,64.14473684210526,,155.5,
Blaze Berlowitz,QB,2025,college_data,9.0,17.0,131.0,1.0,0.0,11.0,81.0,1.0,0,0,0,0,0,0,0,0,0.0,,,,52.94117647058824,,23.375,
Bo Kelly,QB,2024,college_data,91.0,139.0,959.0,5.0,3.0,15.0,-2.0,0.0,0,0,0,0,0,0,0,0,0.0,,,,65.46762589928058,,47.775000000000006,
Bo Kelly,QB,2025,college_data,63.0,113.0,706.0,7.0,2.0,15.0,2.0,0.0,0,0,0,0,0,0,0,0,0.0,,,,55.75221238938053,,55.85,
Bo Nix,QB,2024,nflreadpy,389.0,589.0,3919.0,30.0,12.0,96.0,473.0,4.0,0,26,-212,1,0,4376,2102,176,27.00351234117554,0.3180650902303116,1.0210158267194362,18.0,66.04414261460101,217.72222222222223,325.275,18.070833333333333
Bo Nix,QB,2025,nflreadpy,414.0,658.0,4210.0,28.0,12.0,95.0,385.0,5.0,0,22,-119,2,1,4791,2209,209,66.78537636631948,-1.3088247337233827,1.1636293713712762,18.0,62.91793313069909,233.88888888888889,315.75,17.541666666666668
Bo Nix,QB,2026,nflreadpy,56.0,93.0,605.0,4.0,3.0,12.0,15.0,1.0,0,5,-23,2,1,545,310,29,-7.023302525487177,-2.5637763089168386,1.167981771518436,3.0,60.215053763440864,201.66666666666666,38.625,12.875
Brad Jackson,QB,2024,college_data,8.0,15.0,118.0,1.0,0.0,23.0,171.0,4.0,0,0,0,0,0,0,0,0,0.0,,,,53.333333333333336,,50.05,
Brad Jackson,QB,2025,college_data,251.0,352.0,3223.0,21.0,7.0,174.0,744.0,17.0,0,0,0,0,0,0,0,0,0.0,,,,71.30681818181817,,368.975,
Braden Atkinson,QB,2025,college_data,268.0,407.0,3611.0,34.0,11.0,14.0,9.0,1.0,0,0,0,0,0,0,0,0,0.0,,,,65.84766584766585,,279.175,
Braden Bohannon,QB,2024,college_data,5.0,10.0,51.0,0.0,0.0,5.0,-9.0,0.0,0,0,0,0,0,0,0,0,0.0,,,,50.0,,0.3750000000000001,
Braden Davis,QB,2025,college_data,101.0,164.0,1087.0,4.0,8.0,88.0,120.0,1.0,0,0,0,0,0,0,0,0,0.0,,,,61.58536585365854,,53.175,
Braden Graham,QB,2025,college_data,41.0,72.0,295.0,2.0,2.0,3.0,-13.0,0.0,0,0,0,0,0,0,0,0,0.0,,,,56.94444444444444,,14.075,
Braden Streeter,QB,2024,college_data,6.0,7.0,56.0,1.0,0.0,4.0,5.0,0.0,0,0,0,0,0,0,0,0,0.0,,,,85.71428571428571,,7.9,
Braden Streeter,QB,2025,college_data,12.0,19.0,98.0,1.0,1.0,1.0,1.0,0.0,0,0,0,0,0,0,0,0,0.0,,,,63.1578947368421,,6.550000000000001,
Brady Allen,QB,2025,college_data,8.0,12.0,75.0,1.0,2.0,1.0,4.0,0.0,0,0,0,0,0,0,0,0,0.0,,,,66.66666666666666,,4.275,
Brady Cook,QB,2024,college_data,200.0,320.0,2525.0,11.0,2.0,87.0,223.0,5.0,0,0,0,0,0,0,0,0,0.0,,,,62.5,,177.425,
Brady Cook,QB,2025,nflreadpy,88.0,153.0,739.0,2.0,7.0,13.0,49.0,0.0,0,19,-125,2,1,867,417,35,-68.34386066202579,-10.757090098047643,0.8874145482725087,5.0,57.51633986928104,147.8,19.375,3.875
Brady Davidson,QB,2025,college_data,40.0,87.0,384.0,3.0,3.0,12.0,-23.0,0.0,0,0,0,0,0,0,0,0,0.0,,,,45.97701149425287,,19.3,
Brady Ford,QB,2025,college_data,4.0,6.0,54.0,0.0,1.0,0.0,0.0,0.0,0,0,0,0,0,0,0,0,0.0,,,,66.66666666666666,,-0.6499999999999999,
Brady Hart,QB,2025,college_data,5.0,10.0,62.0,0.0,0.0,1.0,9.0,0.0,0,0,0,0,0,0,0,0,0.0,,,,50.0,,2.45,
Brady Jones,QB,2025,college_data,19.0,40.0,136.0,1.0,3.0,18.0,4.0,0.0,0,0,0,0,0,0,0,0,0.0,,,,47.5,,3.8000000000000007,
Brady Lichtenberg,QB,2024,college_data,3.0,5.0,25.0,0.0,0.0,6.0,-13.0,0.0,0,0,0,0,0,0,0,0,0.0,,,,60.0,,-0.675,
Brady Lichtenberg,QB,2025,college_data,14.0,21.0,134.0,2.0,1.0,4.0,21.0,0.0,0,0,0,0,0,0,0,0,0.0,,,,66.66666666666666,,15.45,
Brady Meitz,QB,2024,college_data,171.0,294.0,2051.0,15.0,13.0,20.0,-30.0,0.0,0,0,0,0,0,0,0,0,0.0,,,,58.16326530612245,,112.275,
Brady Olson,QB,2024,college_data,182.0,349.0,2173.0,17.0,11.0,58.0,147.0,3.0,0,0,0,0,0,0,0,0,0.0,,,,52.14899713467048,,167.025,
Brady Olson,QB,2025,college_data,271.0,458.0,3132.0,25.0,7.0,74.0,211.0,2.0,0,0,0,0,0,0,0,0,0.0,,,,59.1703056768559,,247.39999999999998,
Brady Stober,QB,2025,college_data,122.0,196.0,1240.0,7.0,7.0,76.0,88.0,2.0,0,0,0,0,0,0,0,0,0.0,,,,62.244897959183675,,79.8,
Braedyn Locke,QB,2024,college_data,164.0,296.0,1936.0,13.0,10.0,22.0,4.0,2.0,0,0,0,0,0,0,0,0,0.0,,,,55.4054054054054,,118.80000000000001,
Braedyn Locke,QB,2025,college_data,5.0,15.0,68.0,0.0,1.0,5.0,-23.0,0.0,0,0,0,0,0,0,0,0,0.0,,,,33.33333333333333,,-2.6,
Brandon Allen,QB,2019,nflreadpy,39.0,84.0,515.0,3.0,2.0,10.0,39.0,0.0,0,9,-59,0,0,646,234,20,-21.548339772038965,-13.177751016916423,0.7929461509750709,3.0,46.42857142857143,171.66666666666666,30.775,10.258333333333333
Brandon Allen,QB,2020,nflreadpy,90.0,142.0,925.0,5.0,4.0,13.0,27.0,0.0,0,7,-51,1,1,940,557,42,-9.506670388327887,-7.0763129388769155,0.9835211897496154,5.0,63.38028169014085,185.0,45.825,9.165000000000001
Brandon Allen,QB,2021,nflreadpy,17.0,34.0,149.0,2.0,0.0,7.0,-1.0,0.0,0,4,-33,1,0,174,120,5,-11.592085469604525,-20.787320697102054,0.5823170731707317,5.0,50.0,29.8,15.625,3.125
Brandon Allen,QB,2022,nflreadpy,3.0,3.0,22.0,0.0,0.0,3.0,-1.0,0.0,0,1,0,0,0,10,12,1,-0.6882539251500881,26.575076580047607,2.2,1.0,100.0,22.0,0.45000000000000007,0.45000000000000007
Brandon Allen,QB,2024,nflreadpy,17.0,30.0,199.0,1.0,2.0,3.0,4.0,0.0,0,2,-2,2,1,241,116,8,-12.354177547361862,-18.548646454627697,0.4649532710280374,3.0,56.666666666666664,66.33333333333333,5.375,1.7916666666666667
Brandon Allen,QB,2025,nflreadpy,17.0,30.0,72.0,0.0,1.0,0.0,0.0,0.0,0,1,-7,0,0,109,80,3,-24.02839085522935,-13.082239627838135,0.6605504587155964,1.0,56.666666666666664,72.0,-0.19999999999999996,-0.19999999999999996
Brandon Jorgensen,QB,2025,college_data,0.0,1.0,0.0,0.0,0.0,3.0,5.0,0.0,0,0,0,0,0,0,0,0,0.0,,,,0.0,,0.5,
Brandon Nunez,QB,2024,college_data,12.0,30.0,89.0,2.0,1.0,26.0,92.0,2.0,0,0,0,0,0,0,0,0,0.0,,,,40.0,,33.425,
Brandon Nunez,QB,2025,college_data,64.0,127.0,756.0,4.0,7.0,37.0,81.0,1.0,0,0,0,0,0,0,0,0,0.0,,,,50.39370078740157,,43.0,
Brandon Rose,QB,2024,college_data,19.0,36.0,157.0,2.0,2.0,11.0,66.0,0.0,0,0,0,0,0,0,0,0,0.0,,,,52.77777777777778,,18.525,
Brandon Rose,QB,2025,college_data,52.0,88.0,424.0,1.0,3.0,27.0,4.0,0.0,0,0,0,0,0,0,0,0,0.0,,,,59.09090909090909,,11.0,
Brandon Tennison,QB,2025,college_data,20.0,34.0,199.0,2.0,0.0,13.0,39.0,0.0,0,0,0,0,0,0,0,0,0.0,,,,58.82352941176471,,20.875,
Braxton Thomas,QB,2024,college_data,18.0,46.0,151.0,0.0,1.0,26.0,50.0,0.0,0,0,0,0,0,0,0,0,0.0,,,,39.130434782608695,,6.775,
Braxton Thomas,QB,2025,college_data,11.0,13.0,169.0,1.0,0.0,13.0,-1.0,1.0,0,0,0,0,0,0,0,0,0.0,,,,84.61538461538461,,16.125,
Braxton Woodson,QB,2024,college_data,18.0,36.0,243.0,2.0,2.0,49.0,173.0,3.0,0,0,0,0,0,0,0,0,0.0,,,,50.0,,49.375,
Braxton Woodson,QB,2025,college_data,9.0,19.0,110.0,0.0,0.0,44.0,414.0,6.0,0,0,0,0,0,0,0,0,0.0,,,,47.368421052631575,,80.15,
Brayden Fowler-Nicolosi,QB,2024,college_data,227.0,374.0,2755.0,14.0,8.0,43.0,80.0,4.0,0,0,0,0,0,0,0,0,0.0,,,,60.6951871657754,,168.875,
Brayden Fowler-Nicolosi,QB,2025,college_data,44.0,82.0,488.0,1.0,2.0,14.0,-3.0,1.0,0,0,0,0,0,0,0,0,0.0,,,,53.65853658536586,,19.9,
Brayden Roggow,QB,2024,college_data,1.0,2.0,9.0,0.0,1.0,0.0,0.0,0.0,0,0,0,0,0,0,0,0,0.0,,,,50.0,,-1.775,
Brayden Roggow,QB,2025,college_data,11.0,17.0,91.0,0.0,0.0,3.0,10.0,0.0,0,0,0,0,0,0,0,0,0.0,,,,64.70588235294117,,3.275,
Brayden Schager,QB,2024,college_data,233.0,404.0,2591.0,19.0,13.0,135.0,267.0,6.0,0,0,0,0,0,0,0,0,0.0,,,,57.67326732673267,,215.47500000000002,
Braylon Braxton,QB,2024,college_data,124.0,206.0,1624.0,19.0,2.0,134.0,610.0,4.0,0,0,0,0,0,0,0,0,0.0,,,,60.19417475728155,,235.6,
Braylon Braxton,QB,2025,college_data,254.0,400.0,3053.0,24.0,8.0,98.0,215.0,1.0,0,0,0,0,0,0,0,0,0.0,,,,63.5,,231.825,
Brendan Anderson,QB,2025,college_data,0.0,1.0,0.0,0.0,0.0,0.0,0.0,0.0,0,0,0,0,0,0,0,0,0.0,,,,0.0,,0.0,
Brendan Sorsby,QB,2024,college_data,249.0,389.0,2813.0,18.0,7.0,106.0,445.0,9.0,0,0,0,0,0,0,0,0,0.0,,,,64.01028277634961,,262.825,
Brendan Sorsby,QB,2025,college_data,206.0,335.0,2786.0,26.0,5.0,100.0,580.0,9.0,0,0,0,0,0,0,0,0,0.0,,,,61.49253731343284,,327.65,
Brendan Sullivan,QB,2024,college_data,38.0,53.0,474.0,3.0,3.0,47.0,151.0,4.0,0,0,0,0,0,0,0,0,0.0,,,,71.69811320754717,,62.95,
Brendan Sullivan,QB,2025,college_data,19.0,30.0,222.0,2.0,2.0,31.0,76.0,0.0,0,0,0,0,0,0,0,0,0.0,,,,63.33333333333333,,21.150000000000002,
Brendon Lewis,QB,2024,college_data,211.0,312.0,2290.0,16.0,7.0,157.0,775.0,8.0,0,0,0,0,0,0,0,0,0.0,,,,67.62820512820514,,264.75,
Brendon Lewis,QB,2025,college_data,253.0,368.0,2673.0,16.0,7.0,151.0,660.0,9.0,0,0,0,0,0,0,0,0,0.0,,,,68.75,,268.825,
Brennan Myer,QB,2024,college_data,86.0,141.0,1111.0,12.0,8.0,22.0,-47.0,0.0,0,0,0,0,0,0,0,0,0.0,,,,60.99290780141844,,79.075,
Brennan Myer,QB,2025,college_data,103.0,180.0,1193.0,7.0,7.0,27.0,26.0,2.0,0,0,0,0,0,0,0,0,0.0,,,,57.22222222222222,,72.42500000000001,
Brennen Ward,QB,2025,college_data,3.0,6.0,25.0,0.0,0.0,0.0,0.0,0.0,0,0,0,0,0,0,0,0,0.0,,,,50.0,,0.625,
Brenton Toles III,QB,2025,college_data,2.0,3.0,19.0,0.0,1.0,1.0,1.0,0.0,0,0,0,0,0,0,0,0,0.0,,,,66.66666666666666,,-1.4249999999999998,
Brett Brown,QB,2025,college_data,0.0,1.0,0.0,0.0,0.0,1.0,5.0,0.0,0,0,0,0,0,0,0,0,0.0,,,,0.0,,0.5,
Brett Gabbert,QB,2024,college_data,217.0,379.0,2921.0,21.0,11.0,55.0,6.0,1.0,0,0,0,0,0,0,0,0,0.0,,,,57.25593667546174,,183.625,
Brett Griffis,QB,2025,college_data,2.0,6.0,17.0,0.0,0.0,12.0,53.0,0.0,0,0,0,0,0,0,0,0,0.0,,,,33.33333333333333,,5.7250000000000005,
Brett Hundley,QB,2019,nflreadpy,5.0,11.0,49.0,0.0,0.0,7.0,41.0,0.0,0,2,-11,0,0,114,34,2,-3.366053305552138,-9.383056119636253,0.21212121212121213,3.0,45.45454545454545,16.333333333333332,5.325000000000001,1.7750000000000004
Brett Rypien,QB,2020,nflreadpy,27.0,40.0,295.0,2.0,4.0,5.0,-5.0,0.0,0,1,0,1,0,346,82,12,-1.6855928609875948,11.294661323347734,1.0029349789283564,2.0,67.5,147.5,10.875,5.4375
Brett Rypien,QB,2021,nflreadpy,0.0,2.0,0.0,0.0,0.0,0.0,0.0,0.0,0,0,0,0,0,11,0,0,-2.059117787517607,-54.719167947769165,0.0,1.0,0.0,0.0,0.0,0.0
Brett Rypien,QB,2022,nflreadpy,53.0,88.0,483.0,2.0,4.0,6.0,7.0,0.0,0,8,-47,1,1,734,267,24,-29.22884806378002,-5.095192033829343,0.778904176304065,4.0,60.22727272727273,120.75,14.774999999999999,3.6937499999999996
Brett Rypien,QB,2023,nflreadpy,18.0,38.0,172.0,0.0,1.0,3.0,19.0,0.0,0,2,-18,1,1,315,84,8,-19.725291507413438,-20.106422305107117,0.6443180181477748,2.0,47.368421052631575,86.0,2.2,1.1
Brian Hoyer,QB,2018,nflreadpy,1.0,2.0,7.0,0.0,0.0,11.0,-8.0,0.0,0,0,0,0,0,4,10,0,-3.0019380084704608,-28.569602966308594,0.0,5.0,50.0,1.4,-0.625,-0.125
Brian Hoyer,QB,2019,nflreadpy,35.0,65.0,372.0,4.0,4.0,8.0,2.0,0.0,0,5,-47,2,1,559,157,22,-27.041138597857874,-7.09462539660625,0.7860096593958141,4.0,53.84615384615385,93.0,23.5,5.875
Brian Hoyer,QB,2020,nflreadpy,15.0,24.0,130.0,0.0,1.0,1.0,8.0,0.0,0,2,-18,1,1,196,56,8,-9.247645761185158,-1.3374165348384692,0.6632653061224489,1.0,62.5,130.0,0.04999999999999982,0.04999999999999982
Brian Hoyer,QB,2021,nflreadpy,9.0,11.0,227.0,1.0,0.0,11.0,-8.0,0.0,0,0,0,0,0,97,143,8,20.87713444084511,16.28043692972925,3.222794612794613,5.0,81.81818181818183,45.4,10.875,2.175
Brian Hoyer,QB,2022,nflreadpy,5.0,6.0,37.0,0.0,0.0,0.0,0.0,0.0,0,1,-8,0,0,28,22,2,-2.126523873504231,12.952211002508799,1.3214285714285714,1.0,83.33333333333334,37.0,0.925,0.925
Brian Hoyer,QB,2023,nflreadpy,23.0,42.0,231.0,0.0,2.0,3.0,-3.0,0.0,0,1,-8,0,0,344,80,14,-8.780772753364403,-7.965638777241111,0.7129464285714285,2.0,54.761904761904766,115.5,1.4750000000000005,0.7375000000000003
Broc Lowry,QB,2024,college_data,4.0,8.0,21.0,0.0,0.0,24.0,129.0,3.0,0,0,0,0,0,0,0,0,0.0,,,,50.0,,31.425,
Broc Lowry,QB,2025,college_data,166.0,262.0,1803.0,9.0,3.0,203.0,963.0,14.0,0,0,0,0,0,0,0,0,0.0,,,,63.358778625954194,,273.375,
Brock Bagozzi,QB,2024,college_data,3.0,4.0,15.0,0.0,0.0,2.0,-17.0,0.0,0,0,0,0,0,0,0,0,0.0,,,,75.0,,-1.3250000000000002,
Brock Glenn,QB,2024,college_data,51.0,114.0,597.0,4.0,5.0,35.0,97.0,0.0,0,0,0,0,0,0,0,0,0.0,,,,44.73684210526316,,38.625,
Brock Glenn,QB,2025,college_data,6.0,10.0,69.0,2.0,0.0,7.0,43.0,0.0,0,0,0,0,0,0,0,0,0.0,,,,60.0,,18.025,
Brock Hansel,QB,2025,college_data,1.0,3.0,11.0,0.0,1.0,0.0,0.0,0.0,0,0,0,0,0,0,0,0,0.0,,,,33.33333333333333,,-1.725,
Brock Osweiler,QB,2018,nflreadpy,113.0,178.0,1247.0,6.0,4.0,8.0,21.0,0.0,0,17,-130,0,0,1424,669,58,-8.481884581689163,2.7146118965238233,0.8776188174764453,7.0,63.48314606741573,178.14285714285714,61.275000000000006,8.75357142857143
Brock Purdy,QB,2022,nflreadpy,155.0,233.0,1943.0,16.0,4.0,29.0,37.0,2.0,0,15,-107,1,1,1752,988,93,57.893392230968466,1.8313639637680108,1.3145044040850873,12.0,66.52360515021459,161.91666666666666,150.275,12.522916666666667
Brock Purdy,QB,2023,nflreadpy,374.0,552.0,5054.0,34.0,12.0,53.0,218.0,2.0,0,32,-173,4,2,4554,2411,230,163.73804537757596,4.588538239251534,1.1644812115165868,19.0,67.7536231884058,266.0,336.15,17.692105263157895
Brock Purdy,QB,2024,nflreadpy,300.0,455.0,3864.0,20.0,12.0,66.0,323.0,5.0,0,31,-156,5,3,3904,1644,178,77.78267370798577,1.877465742862213,1.046677222323386,15.0,65.93406593406593,257.6,248.89999999999998,16.59333333333333
Brock Purdy,QB,2025,nflreadpy,230.0,342.0,2569.0,22.0,13.0,47.0,208.0,3.0,0,14,-74,4,3,2607,1072,152,56.35048703468499,5.756864370376537,0.9842042519416402,11.0,67.2514619883041,233.54545454545453,203.025,18.456818181818182
Brock Purdy,QB,2026,nflreadpy,60.0,83.0,789.0,9.0,1.0,10.0,93.0,1.0,0,0,0,0,0,623,385,42,51.08633417272975,8.299572119179073,1.3268291507505314,3.0,72.28915662650603,263.0,87.025,29.008333333333336
Brock Riddle,QB,2025,college_data,27.0,59.0,320.0,3.0,3.0,13.0,0.0,1.0,0,0,0,0,0,0,0,0,0.0,,,,45.76271186440678,,26.0,
Brock Thomas,QB,2025,college_data,12.0,16.0,130.0,1.0,0.0,9.0,17.0,0.0,0,0,0,0,0,0,0,0,0.0,,,,75.0,,10.95,
Brock Vandagriff,QB,2024,college_data,125.0,218.0,1593.0,10.0,8.0,90.0,131.0,0.0,0,0,0,0,0,0,0,0,0.0,,,,57.3394495412844,,96.92500000000001,
Brogan McCaughey,QB,2024,college_data,32.0,53.0,389.0,2.0,0.0,7.0,26.0,1.0,0,0,0,0,0,0,0,0,0.0,,,,60.37735849056604,,30.325000000000003,
Bronson Barben,QB,2024,college_data,56.0,107.0,564.0,4.0,2.0,34.0,62.0,0.0,0,0,0,0,0,0,0,0,0.0,,,,52.336448598130836,,40.3,
Bronson Barben,QB,2025,college_data,169.0,288.0,1682.0,6.0,12.0,52.0,126.0,1.0,0,0,0,0,0,0,0,0,0.0,,,,58.68055555555556,,72.65,
Bronson Barron,QB,2024,college_data,49.0,99.0,735.0,5.0,5.0,16.0,19.0,0.0,0,0,0,0,0,0,0,0,0.0,,,,49.494949494949495,,40.275,
Bronson Barron,QB,2025,college_data,173.0,263.0,2135.0,11.0,4.0,55.0,-24.0,1.0,0,0,0,0,0,0,0,0,0.0,,,,65.77946768060836,,114.975,
Bryce Archie,QB,2024,college_data,172.0,290.0,1914.0,9.0,10.0,68.0,137.0,2.0,0,0,0,0,0,0,0,0,0.0,,,,59.310344827586206,,107.55000000000001,
Bryce Corriston,QB,2024,college_data,13.0,28.0,138.0,1.0,1.0,26.0,43.0,1.0,0,0,0,0,0,0,0,0,0.0,,,,46.42857142857143,,17.75,
Bryce Patterson,QB,2024,college_data,14.0,37.0,239.0,1.0,2.0,6.0,10.0,0.0,0,0,0,0,0,0,0,0,0.0,,,,37.83783783783784,,8.975000000000001,
Bryce Patterson,QB,2025,college_data,43.0,79.0,533.0,2.0,4.0,28.0,71.0,0.0,0,0,0,0,0,0,0,0,0.0,,,,54.43037974683544,,24.424999999999997,
Bryce Perkins,QB,2022,nflreadpy,19.0,34.0,161.0,1.0,2.0,19.0,90.0,0.0,0,6,-50,0,0,196,65,10,-18.650931321044094,-5.975496106677586,0.5953637090327738,5.0,55.88235294117647,32.2,15.024999999999999,3.005
Bryce Schondelmyer,QB,2025,college_data,106.0,158.0,1398.0,16.0,0.0,16.0,-16.0,0.0,0,0,0,0,0,0,0,0,0.0,,,,67.08860759493672,,129.35,
Bryce Underwood,QB,2025,college_data,202.0,335.0,2428.0,11.0,9.0,88.0,392.0,6.0,0,0,0,0,0,0,0,0,0.0,,,,60.298507462686565,,183.9,
Bryce Young,QB,2023,nflreadpy,315.0,527.0,2877.0,11.0,10.0,39.0,253.0,0.0,1,62,-477,9,6,4009,1300,133,-159.27344187473722,-1.2513310972330436,0.7991650970847383,16.0,59.772296015180274,179.8125,133.225,8.3265625
Bryce Young,QB,2024,nflreadpy,234.0,384.0,2403.0,15.0,9.0,43.0,249.0,6.0,0,29,-186,3,1,3358,969,117,-25.86607748218469,1.2121957703247284,0.7282051611796366,14.0,60.9375,171.64285714285714,190.97500000000002,13.641071428571431
Bryce Young,QB,2025,nflreadpy,325.0,518.0,3275.0,24.0,12.0,57.0,240.0,3.0,0,29,-216,3,2,3467,1664,165,-30.023828888880132,0.847729967828549,0.9775426605962145,17.0,62.74131274131274,192.64705882352942,239.875,14.110294117647058
Bryce Young,QB,2026,nflreadpy,72.0,121.0,939.0,7.0,2.0,3.0,16.0,1.0,0,7,-52,0,0,1117,377,46,20.675816562091832,5.179203942641186,0.8580682719889307,3.0,59.50413223140496,313.0,69.075,23.025000000000002
Bryson Barnes,QB,2024,college_data,77.0,126.0,856.0,12.0,6.0,68.0,530.0,5.0,0,0,0,0,0,0,0,0,0.0,,,,61.111111111111114,,164.4,
Bryson Barnes,QB,2025,college_data,211.0,356.0,2802.0,18.0,5.0,189.0,740.0,10.0,0,0,0,0,0,0,0,0,0.0,,,,59.269662921348306,,302.05,
Bryson Broadway,QB,2025,college_data,5.0,7.0,40.0,1.0,0.0,1.0,-2.0,0.0,0,0,0,0,0,0,0,0,0.0,,,,71.42857142857143,,6.8,
Bryson Daily,QB,2024,college_data,54.0,103.0,1007.0,9.0,4.0,311.0,1653.0,32.0,0,0,0,0,0,0,0,0,0.0,,,,52.42718446601942,,428.475,
Bryson Martin,QB,2024,college_data,1.0,1.0,6.0,0.0,0.0,0.0,0.0,0.0,0,0,0,0,0,0,0,0,0.0,,,,100.0,,0.15000000000000002,
Byrd Ficklin,QB,2025,college_data,21.0,35.0,301.0,3.0,0.0,61.0,513.0,10.0,0,0,0,0,0,0,0,0,0.0,,,,60.0,,136.825,
Byron McNair,QB,2025,college_data,153.0,244.0,1558.0,9.0,6.0,67.0,-6.0,0.0,0,0,0,0,0,0,0,0,0.0,,,,62.704918032786885,,80.35,
Byrum Brown,QB,2024,college_data,78.0,132.0,836.0,2.0,0.0,68.0,269.0,3.0,0,0,0,0,0,0,0,0,0.0,,,,59.09090909090909,,77.80000000000001,
Byrum Brown,QB,2025,college_data,226.0,341.0,3158.0,28.0,7.0,175.0,1008.0,14.0,0,0,0,0,0,0,0,0,0.0,,,,66.27565982404691,,417.75,
C.J. Beathard,QB,2018,nflreadpy,102.0,169.0,1252.0,8.0,7.0,19.0,69.0,1.0,0,18,-156,3,3,1115,728,60,-26.175466675058146,-7.035439914983252,1.1367164268766679,5.0,60.35502958579882,250.4,72.2,14.440000000000001
C.J. Beathard,QB,2020,nflreadpy,66.0,104.0,787.0,6.0,0.0,6.0,28.0,0.0,0,9,-71,3,3,851,344,42,9.21819843474302,-5.716372223758192,0.8518669045324786,6.0,63.46153846153846,131.16666666666666,52.475,8.745833333333334
C.J. Beathard,QB,2021,nflreadpy,2.0,2.0,33.0,0.0,0.0,1.0,2.0,0.0,0,0,0,0,0,27,6,1,1.829054368659854,39.272160828113556,1.2222222222222223,2.0,100.0,16.5,1.0250000000000001,0.5125000000000001
C.J. Beathard,QB,2022,nflreadpy,7.0,11.0,35.0,0.0,1.0,4.0,-4.0,0.0,0,1,-5,0,0,57,20,2,-11.6011407254408,-7.987712820370992,0.6085106382978723,4.0,63.63636363636363,8.75,-1.525,-0.38125
C.J. Beathard,QB,2023,nflreadpy,40.0,53.0,349.0,1.0,0.0,8.0,35.0,0.0,0,6,-27,0,0,339,150,19,4.633714992024477,7.704486288886139,0.9525684213079171,6.0,75.47169811320755,58.166666666666664,18.225,3.0375
C.J. Carr,QB,2025,college_data,195.0,293.0,2741.0,24.0,6.0,41.0,33.0,3.0,0,0,0,0,0,0,0,0,0.0,,,,66.55290102389078,,221.825,
C.J. Henry,QB,2024,college_data,65.0,111.0,597.0,2.0,4.0,27.0,-78.0,0.0,0,0,0,0,0,0,0,0,0.0,,,,58.55855855855856,,11.125,
C.J. Stroud,QB,2023,nflreadpy,354.0,553.0,4557.0,26.0,5.0,43.0,177.0,3.0,1,38,-331,6,3,4908,2012,206,72.13164220208688,-0.452307772473096,0.9406720872174945,17.0,64.01446654611212,268.05882352941177,291.625,17.154411764705884
C.J. Stroud,QB,2024,nflreadpy,377.0,593.0,4254.0,21.0,13.0,64.0,317.0,0.0,0,63,-487,4,2,5011,1844,211,-10.987474132529496,-0.25897381585486867,0.9293966974601278,19.0,63.57504215851601,223.89473684210526,234.05,12.31842105263158
C.J. Stroud,QB,2025,nflreadpy,314.0,502.0,3503.0,21.0,13.0,51.0,220.0,1.0,0,29,-214,2,2,4106,1544,157,24.588385509485498,-1.1145512146311864,0.9681079960364245,16.0,62.54980079681275,218.9375,211.575,13.2234375
C.J. Stroud,QB,2026,nflreadpy,93.0,151.0,1141.0,5.0,0.0,9.0,66.0,0.0,0,12,-82,2,2,1517,418,48,7.227537950801075,2.5078010023755493,0.748473933935186,4.0,61.58940397350994,285.25,61.125,15.28125
CJ Bailey,QB,2024,college_data,196.0,302.0,2412.0,17.0,10.0,99.0,279.0,5.0,0,0,0,0,0,0,0,0,0.0,,,,64.90066225165563,,200.2,
CJ Bailey,QB,2025,college_data,273.0,397.0,3105.0,25.0,9.0,89.0,215.0,6.0,0,0,0,0,0,0,0,0,0.0,,,,68.76574307304786,,267.125,
CJ Harris,QB,2024,college_data,19.0,31.0,184.0,0.0,1.0,18.0,49.0,0.0,0,0,0,0,0,0,0,0,0.0,,,,61.29032258064516,,7.5,
CJ Jordan,QB,2025,college_data,8.0,14.0,58.0,0.0,0.0,5.0,-18.0,0.0,0,0,0,0,0,0,0,0,0.0,,,,57.14285714285714,,-0.34999999999999987,
CJ Montes,QB,2024,college_data,29.0,54.0,295.0,1.0,0.0,34.0,-48.0,1.0,0,0,0,0,0,0,0,0,0.0,,,,53.70370370370371,,14.575,
CJ Montes,QB,2025,college_data,10.0,19.0,140.0,1.0,1.0,8.0,1.0,0.0,0,0,0,0,0,0,0,0,0.0,,,,52.63157894736842,,7.6,
CJ Ogbonna,QB,2024,college_data,190.0,336.0,2381.0,19.0,5.0,122.0,346.0,8.0,0,0,0,0,0,0,0,0,0.0,,,,56.547619047619044,,246.125,
CJ Rogers,QB,2024,college_data,24.0,63.0,212.0,0.0,2.0,30.0,-25.0,0.0,0,0,0,0,0,0,0,0,0.0,,,,38.095238095238095,,-1.1999999999999993,
Cade Cunningham,QB,2025,college_data,0.0,2.0,0.0,0.0,0.0,0.0,0.0,0.0,0,0,0,0,0,0,0,0,0.0,,,,0.0,,0.0,
Cade Fennegan,QB,2025,college_data,1.0,1.0,8.0,0.0,0.0,1.0,1.0,0.0,0,0,0,0,0,0,0,0,0.0,,,,100.0,,0.30000000000000004,
Cade Klubnik,QB,2024,college_data,308.0,486.0,3639.0,36.0,6.0,119.0,462.0,7.0,0,0,0,0,0,0,0,0,0.0,,,,63.37448559670782,,383.175,
Cade Klubnik,QB,2025,college_data,257.0,392.0,2943.0,16.0,6.0,83.0,94.0,4.0,0,0,0,0,0,0,0,0,0.0,,,,65.56122448979592,,190.97500000000002,
Cade McConnell,QB,2024,college_data,40.0,71.0,540.0,4.0,3.0,14.0,-2.0,0.0,0,0,0,0,0,0,0,0,0.0,,,,56.33802816901409,,31.299999999999997,
Cade McNamara,QB,2024,college_data,104.0,172.0,1017.0,6.0,5.0,13.0,-31.0,0.0,0,0,0,0,0,0,0,0,0.0,,,,60.46511627906976,,48.325,
Cade McNamara,QB,2025,college_data,123.0,184.0,1292.0,7.0,6.0,35.0,40.0,2.0,0,0,0,0,0,0,0,0,0.0,,,,66.84782608695652,,78.30000000000001,
Caden Creel,QB,2025,college_data,130.0,211.0,1514.0,9.0,4.0,182.0,1075.0,7.0,0,0,0,0,0,0,0,0,0.0,,,,61.61137440758294,,233.35,
Caden Drezek,QB,2025,college_data,7.0,13.0,58.0,0.0,1.0,2.0,-25.0,0.0,0,0,0,0,0,0,0,0,0.0,,,,53.84615384615385,,-3.05,
Caden Pinnick,QB,2025,college_data,240.0,345.0,3206.0,32.0,10.0,125.0,437.0,3.0,0,0,0,0,0,0,0,0,0.0,,,,69.56521739130434,,313.85,
Caden Veltkamp,QB,2024,college_data,258.0,389.0,3108.0,25.0,10.0,113.0,150.0,7.0,0,0,0,0,0,0,0,0,0.0,,,,66.32390745501286,,264.7,
Caden Veltkamp,QB,2025,college_data,345.0,514.0,3652.0,24.0,17.0,81.0,45.0,4.0,0,0,0,0,0,0,0,0,0.0,,,,67.12062256809338,,229.8,
Cal Swanson,QB,2025,college_data,86.0,163.0,1021.0,5.0,5.0,55.0,88.0,1.0,0,0,0,0,0,0,0,0,0.0,,,,52.760736196319016,,60.325,
Cale Hellums,QB,2025,college_data,47.0,87.0,694.0,4.0,3.0,305.0,1215.0,18.0,0,0,0,0,0,0,0,0,0.0,,,,54.02298850574713,,264.85,
Caleb Koger,QB,2024,college_data,30.0,52.0,341.0,2.0,2.0,2.0,-8.0,1.0,0,0,0,0,0,0,0,0,0.0,,,,57.692307692307686,,21.725,
Caleb Koger,QB,2025,college_data,28.0,43.0,342.0,4.0,3.0,1.0,-1.0,0.0,0,0,0,0,0,0,0,0,0.0,,,,65.11627906976744,,26.450000000000003,
Caleb Mccreary,QB,2025,college_data,4.0,10.0,61.0,0.0,2.0,7.0,-31.0,0.0,0,0,0,0,0,0,0,0,0.0,,,,40.0,,-5.575,
Caleb Sanchez,QB,2024,college_data,25.0,50.0,479.0,2.0,0.0,5.0,-3.0,1.0,0,0,0,0,0,0,0,0,0.0,,,,50.0,,29.675,
Caleb Sanchez,QB,2025,college_data,39.0,76.0,422.0,2.0,1.0,7.0,-1.0,0.0,0,0,0,0,0,0,0,0,0.0,,,,51.31578947368421,,20.450000000000003,
Caleb Williams,QB,2024,nflreadpy,351.0,562.0,3541.0,20.0,6.0,81.0,489.0,0.0,0,68,-466,6,3,4486,1866,171,-47.27484325542776,0.055146370552857586,0.8968716136715003,17.0,62.45551601423488,208.2941176470588,239.425,14.083823529411765
Caleb Williams,QB,2025,nflreadpy,377.0,658.0,4560.0,31.0,12.0,86.0,448.0,3.0,0,25,-174,2,1,5841,2094,216,55.97221913322834,-3.75067831435469,0.8002438384014399,19.0,57.29483282674772,240.0,336.8,17.726315789473684
Caleb Williams,QB,2026,nflreadpy,36.0,55.0,407.0,2.0,1.0,15.0,107.0,2.0,0,5,-28,0,0,437,200,18,17.517405125461753,5.501640323910825,1.0063758567557515,2.0,65.45454545454545,203.5,42.875,21.4375
Cam Fancher,QB,2024,college_data,126.0,212.0,1528.0,6.0,6.0,99.0,365.0,3.0,0,0,0,0,0,0,0,0,0.0,,,,59.43396226415094,,116.69999999999999,
Cam Fancher,QB,2025,college_data,41.0,72.0,333.0,0.0,0.0,31.0,170.0,1.0,0,0,0,0,0,0,0,0,0.0,,,,56.94444444444444,,31.325000000000003,
Cam Miller,QB,2024,college_data,258.0,351.0,3252.0,33.0,4.0,145.0,631.0,12.0,0,0,0,0,0,0,0,0,0.0,,,,73.50427350427351,,406.4,
Cam Newton,QB,2018,nflreadpy,320.0,471.0,3395.0,24.0,13.0,101.0,488.0,4.0,0,29,-213,3,0,3380,1743,180,32.34535891689222,3.4205364818328325,1.051347892072888,14.0,67.94055201698514,242.5,275.675,19.69107142857143
Cam Newton,QB,2019,nflreadpy,50.0,89.0,572.0,0.0,1.0,5.0,-2.0,0.0,0,6,-43,0,0,793,204,29,-6.708514295089003,-6.208012454824033,0.8021008403361345,2.0,56.17977528089888,286.0,12.100000000000001,6.050000000000001
Cam Newton,QB,2020,nflreadpy,242.0,368.0,2657.0,8.0,10.0,137.0,592.0,12.0,0,31,-195,1,0,2496,1258,133,-3.5086872045570203,-2.4580908891845192,1.0425122267043336,15.0,65.76086956521739,177.13333333333333,225.625,15.041666666666666
Cam Newton,QB,2021,nflreadpy,69.0,126.0,684.0,4.0,5.0,47.0,230.0,5.0,0,10,-83,0,0,878,309,32,-39.72842059471429,-11.9852269020776,0.8949673843595884,7.0,54.761904761904766,97.71428571428571,84.1,12.014285714285714
Cam Ransom,QB,2024,college_data,149.0,235.0,1682.0,10.0,5.0,102.0,160.0,5.0,0,0,0,0,0,0,0,0,0.0,,,,63.40425531914894,,138.05,
Cam Ransom,QB,2025,college_data,133.0,209.0,1743.0,13.0,6.0,89.0,336.0,6.0,0,0,0,0,0,0,0,0,0.0,,,,63.63636363636363,,179.175,
Cam Ward,QB,2025,nflreadpy,323.0,540.0,3169.0,15.0,7.0,39.0,159.0,2.0,0,55,-410,9,7,3905,1547,153,-109.09375108860479,-1.8581136506470524,0.9645139226013741,17.0,59.81481481481481,186.41176470588235,169.125,9.948529411764707
Cam Ward,QB,2026,nflreadpy,75.0,119.0,726.0,3.0,2.0,13.0,57.0,2.0,0,6,-37,0,0,786,374,35,-13.518337626549748,3.4139458071283935,0.9528822055137844,4.0,63.02521008403361,181.5,49.85,12.4625
Cam'Ron McCoy,QB,2024,college_data,18.0,38.0,310.0,4.0,1.0,24.0,163.0,2.0,0,0,0,0,0,0,0,0,0.0,,,,47.368421052631575,,58.05,
Cam'Ron McCoy,QB,2025,college_data,51.0,108.0,698.0,5.0,2.0,51.0,239.0,4.0,0,0,0,0,0,0,0,0,0.0,,,,47.22222222222222,,91.35,
Camden Coleman,QB,2024,college_data,160.0,249.0,2031.0,14.0,5.0,75.0,338.0,6.0,0,0,0,0,0,0,0,0,0.0,,,,64.2570281124498,,194.57500000000002,
Camden Orth,QB,2025,college_data,123.0,218.0,1654.0,13.0,9.0,77.0,389.0,5.0,0,0,0,0,0,0,0,0,0.0,,,,56.42201834862385,,170.25,
Cameran Brown,QB,2024,college_data,4.0,9.0,11.0,0.0,1.0,8.0,83.0,0.0,0,0,0,0,0,0,0,0,0.0,,,,44.44444444444444,,6.575000000000001,
Cameran Brown,QB,2025,college_data,119.0,184.0,1259.0,13.0,1.0,61.0,284.0,4.0,0,0,0,0,0,0,0,0,0.0,,,,64.67391304347827,,159.875,
Cameron Edge,QB,2024,college_data,5.0,8.0,67.0,1.0,0.0,0.0,0.0,0.0,0,0,0,0,0,0,0,0,0.0,,,,62.5,,7.675,
Cameron Friel,QB,2024,college_data,5.0,6.0,64.0,0.0,0.0,7.0,28.0,2.0,0,0,0,0,0,0,0,0,0.0,,,,83.33333333333334,,16.4,
Cameron Friel,QB,2025,college_data,0.0,2.0,0.0,0.0,0.0,7.0,29.0,0.0,0,0,0,0,0,0,0,0,0.0,,,,0.0,,2.9000000000000004,
Cameron Peters,QB,2024,college_data,61.0,121.0,844.0,4.0,3.0,42.0,76.0,0.0,0,0,0,0,0,0,0,0,0.0,,,,50.413223140495866,,46.7,
Cameron Peters,QB,2025,college_data,184.0,289.0,2779.0,21.0,7.0,99.0,500.0,5.0,0,0,0,0,0,0,0,0,0.0,,,,63.667820069204154,,261.475,
Cameron Rising,QB,2024,college_data,34.0,66.0,555.0,7.0,3.0,8.0,33.0,0.0,0,0,0,0,0,0,0,0,0.0,,,,51.515151515151516,,53.175,
Cameron Ward,QB,2024,college_data,305.0,454.0,4313.0,39.0,7.0,60.0,204.0,4.0,0,0,0,0,0,0,0,0,0.0,,,,67.18061674008811,,372.225,
Cardell Williams,QB,2024,college_data,5.0,11.0,37.0,0.0,0.0,13.0,65.0,2.0,0,0,0,0,0,0,0,0,0.0,,,,45.45454545454545,,19.425,
Cardell Williams,QB,2025,college_data,110.0,175.0,1621.0,10.0,7.0,99.0,382.0,12.0,0,0,0,0,0,0,0,0,0.0,,,,62.857142857142854,,196.72500000000002,
Carlos Davis,QB,2024,college_data,57.0,93.0,608.0,3.0,2.0,24.0,61.0,1.0,0,0,0,0,0,0,0,0,0.0,,,,61.29032258064516,,41.3,
Carlos Del Rio-Wilson,QB,2025,college_data,171.0,256.0,2043.0,17.0,5.0,159.0,658.0,6.0,0,0,0,0,0,0,0,0,0.0,,,,66.796875,,244.875,
Caron Tyler,QB,2024,college_data,87.0,153.0,964.0,6.0,4.0,104.0,341.0,3.0,0,0,0,0,0,0,0,0,0.0,,,,56.86274509803921,,104.2,
Caron Tyler,QB,2025,college_data,40.0,65.0,400.0,2.0,2.0,53.0,120.0,1.0,0,0,0,0,0,0,0,0,0.0,,,,61.53846153846154,,36.0,
Carson Beck,QB,2024,college_data,290.0,448.0,3485.0,28.0,12.0,55.0,71.0,1.0,0,0,0,0,0,0,0,0,0.0,,,,64.73214285714286,,244.22500000000002,
Carson Beck,QB,2025,college_data,338.0,468.0,3813.0,30.0,12.0,62.0,43.0,2.0,0,0,0,0,0,0,0,0,0.0,,,,72.22222222222221,,267.625,
Carson Camp,QB,2025,college_data,142.0,226.0,1794.0,14.0,7.0,60.0,125.0,0.0,0,0,0,0,0,0,0,0,0.0,,,,62.83185840707964,,127.35,
Carson Conklin,QB,2024,college_data,255.0,406.0,2759.0,27.0,8.0,36.0,-19.0,0.0,0,0,0,0,0,0,0,0,0.0,,,,62.80788177339901,,213.075,
Carson Conklin,QB,2025,college_data,47.0,96.0,354.0,1.0,2.0,15.0,-16.0,0.0,0,0,0,0,0,0,0,0,0.0,,,,48.95833333333333,,9.25,
Carson Cruver,QB,2024,college_data,1.0,1.0,9.0,0.0,0.0,0.0,0.0,0.0,0,0,0,0,0,0,0,0,0.0,,,,100.0,,0.225,
Carson Cruver,QB,2025,college_data,0.0,2.0,0.0,0.0,0.0,0.0,0.0,0.0,0,0,0,0,0,0,0,0,0.0,,,,0.0,,0.0,
Carson Haggard,QB,2024,college_data,35.0,59.0,431.0,4.0,5.0,3.0,12.0,0.0,0,0,0,0,0,0,0,0,0.0,,,,59.32203389830508,,25.975,
Carson Jones,QB,2024,college_data,69.0,107.0,642.0,2.0,4.0,19.0,-26.0,0.0,0,0,0,0,0,0,0,0,0.0,,,,64.48598130841121,,17.450000000000003,
Carson Jones,QB,2025,college_data,5.0,10.0,36.0,0.0,0.0,0.0,0.0,0.0,0,0,0,0,0,0,0,0,0.0,,,,50.0,,0.9,
Carson Wentz,QB,2018,nflreadpy,279.0,401.0,3074.0,21.0,7.0,34.0,93.0,0.0,0,31,-202,7,6,3120,1397,159,37.26509486905656,5.061961786579558,1.0212801029862026,11.0,69.57605985037407,279.45454545454544,186.15,16.922727272727272
Carson Wentz,QB,2019,nflreadpy,389.0,611.0,4042.0,27.0,7.0,62.0,243.0,1.0,0,38,-231,10,4,4913,1810,213,37.27008633075512,-2.278076493882396,0.8547567962506174,17.0,63.666121112929616,237.76470588235293,271.35,15.961764705882354
Carson Wentz,QB,2020,nflreadpy,251.0,437.0,2620.0,16.0,15.0,52.0,276.0,5.0,0,50,-326,7,3,3871,996,130,-82.68033393573735,-4.090562111329097,0.7132383120483298,12.0,57.43707093821511,218.33333333333334,183.1,15.258333333333333
Carson Wentz,QB,2021,nflreadpy,322.0,516.0,3563.0,27.0,7.0,57.0,215.0,1.0,0,32,-227,4,4,3937,1650,165,13.058730000047253,-2.7587619853786394,0.9539242308580057,17.0,62.4031007751938,209.58823529411765,256.575,15.092647058823529
Carson Wentz,QB,2022,nflreadpy,172.0,276.0,1755.0,11.0,9.0,22.0,86.0,1.0,0,26,-159,3,1,2147,826,85,-39.92165213974798,-3.858302905976153,0.8597749521934941,8.0,62.31884057971014,219.375,104.475,13.059375
Carson Wentz,QB,2023,nflreadpy,17.0,24.0,163.0,2.0,1.0,17.0,56.0,1.0,0,2,-14,0,0,159,65,11,8.117853062212934,6.663065241730732,1.0251572327044025,1.0,70.83333333333334,163.0,25.675,25.675
Carson Wentz,QB,2024,nflreadpy,12.0,19.0,118.0,0.0,0.0,3.0,0.0,0.0,0,4,-22,0,0,125,68,5,-6.755748213689312,14.57001737811986,2.408333333333333,2.0,63.1578947368421,59.0,2.95,1.475
Carson Wentz,QB,2025,nflreadpy,110.0,169.0,1216.0,6.0,5.0,11.0,57.0,0.0,0,19,-125,2,0,1288,573,58,6.300602965152777,0.601380786263978,1.0005967286642377,5.0,65.08875739644971,243.2,62.099999999999994,12.419999999999998
Carson Wentz,QB,2026,nflreadpy,23.0,39.0,276.0,3.0,0.0,8.0,5.0,0.0,0,6,-35,0,0,298,99,13,5.500415377177218,-7.790953705185338,0.9270452184126123,2.0,58.97435897435898,138.0,25.4,12.7
Carston Naegle,QB,2025,college_data,1.0,1.0,3.0,0.0,0.0,0.0,0.0,0.0,0,0,0,0,0,0,0,0,0.0,,,,100.0,,0.07500000000000001,
Carter Cravens,QB,2024,college_data,88.0,169.0,1296.0,10.0,5.0,47.0,-35.0,0.0,0,0,0,0,0,0,0,0,0.0,,,,52.071005917159766,,78.9,
Carter Cravens,QB,2025,college_data,151.0,237.0,1880.0,11.0,6.0,62.0,188.0,3.0,0,0,0,0,0,0,0,0,0.0,,,,63.71308016877637,,137.8,
Carter Jones,QB,2025,college_data,111.0,173.0,1001.0,6.0,8.0,33.0,39.0,0.0,0,0,0,0,0,0,0,0,0.0,,,,64.16184971098265,,48.92500000000001,
Carter Peevy,QB,2024,college_data,214.0,321.0,2417.0,18.0,5.0,86.0,68.0,1.0,0,0,0,0,0,0,0,0,0.0,,,,66.66666666666666,,171.22500000000002,
Carter Peevy,QB,2025,college_data,200.0,338.0,2234.0,17.0,7.0,83.0,328.0,9.0,0,0,0,0,0,0,0,0,0.0,,,,59.171597633136095,,230.65,
Carter Smith,QB,2025,college_data,26.0,46.0,201.0,2.0,1.0,44.0,87.0,1.0,0,0,0,0,0,0,0,0,0.0,,,,56.52173913043478,,29.725,
Case Keenum,QB,2018,nflreadpy,365.0,586.0,3890.0,18.0,15.0,26.0,93.0,2.0,0,34,-235,6,1,4369,1795,179,-20.644758365198065,-1.18440668459978,0.922197157374715,16.0,62.28668941979522,243.125,194.55,12.159375
Case Keenum,QB,2019,nflreadpy,160.0,247.0,1707.0,11.0,5.0,9.0,12.0,1.0,0,15,-145,4,2,1700,800,83,-5.105230231121206,-1.0347588472213631,1.0147966323597946,10.0,64.77732793522267,170.7,101.875,10.1875
Case Keenum,QB,2020,nflreadpy,5.0,10.0,46.0,0.0,0.0,0.0,0.0,0.0,0,0,0,0,0,27,28,2,-4.156520829652436,-19.234349992540146,1.7037037037037037,1.0,50.0,46.0,1.1500000000000001,1.1500000000000001
Case Keenum,QB,2021,nflreadpy,47.0,72.0,462.0,3.0,1.0,12.0,22.0,0.0,0,5,-29,1,1,420,306,25,-8.276253173967334,-8.124431179638838,1.049743462429659,5.0,65.27777777777779,92.4,27.75,5.55
Case Keenum,QB,2022,nflreadpy,2.0,7.0,8.0,0.0,0.0,5.0,0.0,0.0,0,0,0,0,0,57,5,0,-5.786273917416111,-44.247276186943054,0.125,2.0,28.57142857142857,4.0,0.2,0.1
Case Keenum,QB,2023,nflreadpy,34.0,53.0,291.0,1.0,3.0,2.0,1.0,0.0,0,6,-60,0,0,377,146,14,-20.65132938160174,-4.574227771338294,0.721785765533075,2.0,64.15094339622641,145.5,7.375,3.6875
Case Keenum,QB,2026,nflreadpy,24.0,34.0,247.0,2.0,0.0,4.0,6.0,1.0,0,0,0,0,0,209,120,14,7.252864893835351,2.77622648898293,1.1818181818181819,1.0,70.58823529411765,247.0,24.775,24.775
Casey Bullock,QB,2024,college_data,1.0,5.0,6.0,0.0,0.0,0.0,0.0,0.0,0,0,0,0,0,0,0,0,0.0,,,,20.0,,0.15000000000000002,
Casey Bullock,QB,2025,college_data,22.0,38.0,223.0,0.0,1.0,18.0,5.0,1.0,0,0,0,0,0,0,0,0,0.0,,,,57.89473684210527,,10.075,
Casey Case,QB,2025,college_data,12.0,23.0,110.0,0.0,0.0,6.0,-10.0,0.0,0,0,0,0,0,0,0,0,0.0,,,,52.17391304347826,,1.75,
Cash Mccollum,QB,2025,college_data,0.0,2.0,0.0,0.0,0.0,0.0,0.0,0.0,0,0,0,0,0,0,0,0,0.0,,,,0.0,,0.0,
Cason Carswell,QB,2025,college_data,187.0,307.0,2054.0,16.0,3.0,47.0,-12.0,1.0,0,0,0,0,0,0,0,0,0.0,,,,60.91205211726385,,146.15,
Chad Henne,QB,2018,nflreadpy,2.0,3.0,29.0,0.0,0.0,1.0,3.0,0.0,0,0,0,0,0,18,15,2,0.37695603776955977,-6.725561618804932,1.6111111111111112,1.0,66.66666666666666,29.0,1.0250000000000001,1.0250000000000001
Chad Henne,QB,2020,nflreadpy,34.0,46.0,314.0,2.0,1.0,9.0,10.0,1.0,0,3,-10,0,0,237,230,19,13.960725153329598,8.580149608033318,2.676831281035621,4.0,73.91304347826086,78.5,24.85,6.2125
Chad Henne,QB,2021,nflreadpy,11.0,16.0,82.0,0.0,0.0,8.0,0.0,0.0,0,0,0,0,0,125,24,6,4.047984530450776,3.2737002770105996,0.656,4.0,68.75,20.5,2.0500000000000003,0.5125000000000001
Chad Henne,QB,2022,nflreadpy,5.0,9.0,23.0,1.0,0.0,6.0,-6.0,0.0,0,0,0,0,0,28,12,3,0.8154382042703219,-36.14936981882368,0.359375,4.0,55.55555555555556,5.75,5.975,1.49375
Chad Martini,QB,2024,college_data,2.0,2.0,41.0,0.0,0.0,0.0,0.0,0.0,0,0,0,0,0,0,0,0,0.0,,,,100.0,,1.0250000000000001,
Chad Mascoe II,QB,2024,college_data,116.0,169.0,1553.0,12.0,5.0,65.0,100.0,1.0,0,0,0,0,0,0,0,0,0.0,,,,68.63905325443787,,116.825,
Champ Long,QB,2024,college_data,1.0,2.0,10.0,0.0,0.0,1.0,-9.0,0.0,0,0,0,0,0,0,0,0,0.0,,,,50.0,,-0.65,
Champ Long,QB,2025,college_data,8.0,16.0,67.0,0.0,1.0,10.0,0.0,0.0,0,0,0,0,0,0,0,0,0.0,,,,50.0,,-0.32499999999999996,
Chance Newman,QB,2024,college_data,1.0,1.0,6.0,0.0,0.0,13.0,30.0,1.0,0,0,0,0,0,0,0,0,0.0,,,,100.0,,9.15,
Chance Wilson,QB,2024,college_data,10.0,23.0,141.0,0.0,0.0,18.0,65.0,2.0,0,0,0,0,0,0,0,0,0.0,,,,43.47826086956522,,22.025,
Chance Wilson,QB,2025,college_data,2.0,3.0,22.0,0.0,0.0,4.0,63.0,2.0,0,0,0,0,0,0,0,0,0.0,,,,66.66666666666666,,18.85,
Chandler Fields,QB,2024,college_data,63.0,87.0,897.0,5.0,1.0,26.0,88.0,2.0,0,0,0,0,0,0,0,0,0.0,,,,72.41379310344827,,71.225,
Chandler Morris,QB,2024,college_data,322.0,509.0,3774.0,31.0,12.0,60.0,242.0,4.0,0,0,0,0,0,0,0,0,0.0,,,,63.261296660117885,,304.55,
Chandler Morris,QB,2025,college_data,282.0,436.0,3000.0,16.0,9.0,64.0,245.0,5.0,0,0,0,0,0,0,0,0,0.0,,,,64.6788990825688,,207.5,
Chandler Rogers,QB,2024,college_data,12.0,25.0,117.0,0.0,0.0,29.0,86.0,1.0,0,0,0,0,0,0,0,0,0.0,,,,48.0,,17.525,
Chandler Wilson,QB,2024,college_data,53.0,109.0,424.0,3.0,6.0,29.0,-21.0,0.0,0,0,0,0,0,0,0,0,0.0,,,,48.62385321100918,,14.5,
Chandler Wilson,QB,2025,college_data,26.0,54.0,197.0,1.0,1.0,17.0,9.0,0.0,0,0,0,0,0,0,0,0,0.0,,,,48.148148148148145,,9.825000000000001,
Channing Dumas,QB,2024,college_data,1.0,2.0,20.0,0.0,0.0,3.0,11.0,0.0,0,0,0,0,0,0,0,0,0.0,,,,50.0,,1.6,
Charles DePrima,QB,2024,college_data,18.0,25.0,205.0,2.0,0.0,67.0,411.0,6.0,0,0,0,0,0,0,0,0,0.0,,,,72.0,,94.225,
Charlie Fiser,QB,2025,college_data,4.0,4.0,30.0,0.0,0.0,1.0,2.0,0.0,0,0,0,0,0,0,0,0,0.0,,,,100.0,,0.95,
Charlie Gilliam,QB,2025,college_data,25.0,41.0,258.0,1.0,5.0,11.0,-1.0,0.0,0,0,0,0,0,0,0,0,0.0,,,,60.97560975609756,,2.3500000000000014,
Charlie Mirer,QB,2025,college_data,2.0,3.0,22.0,1.0,0.0,2.0,23.0,0.0,0,0,0,0,0,0,0,0,0.0,,,,66.66666666666666,,8.850000000000001,
Chase Artopoeus,QB,2024,college_data,138.0,232.0,1940.0,11.0,6.0,37.0,104.0,6.0,0,0,0,0,0,0,0,0,0.0,,,,59.48275862068966,,148.9,
Chase Daniel,QB,2018,nflreadpy,53.0,76.0,515.0,3.0,2.0,13.0,3.0,0.0,0,9,-40,1,0,648,168,24,-5.774031971985904,4.198723410824811,0.7957443109376812,4.0,69.73684210526315,128.75,27.175,6.79375
Chase Daniel,QB,2019,nflreadpy,45.0,64.0,435.0,3.0,2.0,6.0,6.0,0.0,0,7,-48,0,0,430,135,22,4.713880895449913,-13.378577099906074,0.8831395348837209,3.0,70.3125,145.0,25.475,8.491666666666667
Chase Daniel,QB,2020,nflreadpy,29.0,43.0,264.0,1.0,2.0,2.0,16.0,0.0,0,3,-29,0,0,275,119,14,-14.95696151156864,-0.7413390147335398,0.9277417882163683,4.0,67.44186046511628,66.0,10.200000000000001,2.5500000000000003
Chase Daniel,QB,2022,nflreadpy,8.0,12.0,52.0,1.0,0.0,1.0,4.0,0.0,0,1,-1,0,0,17,63,4,2.4290408995098574,-16.778848473987882,0.18939393939393942,3.0,66.66666666666666,17.333333333333332,7.7,2.566666666666667
Chase Goodwin,QB,2024,college_data,77.0,117.0,840.0,6.0,3.0,27.0,63.0,1.0,0,0,0,0,0,0,0,0,0.0,,,,65.8119658119658,,63.3,
Chase Goodwin,QB,2025,college_data,109.0,205.0,1262.0,9.0,9.0,37.0,43.0,1.0,0,0,0,0,0,0,0,0,0.0,,,,53.170731707317074,,77.85,
Chase Jenkins,QB,2025,college_data,119.0,172.0,1025.0,9.0,2.0,151.0,531.0,5.0,0,0,0,0,0,0,0,0,0.0,,,,69.18604651162791,,158.725,
Chase Mason,QB,2024,college_data,17.0,26.0,133.0,2.0,0.0,46.0,464.0,6.0,0,0,0,0,0,0,0,0,0.0,,,,65.38461538461539,,97.72500000000001,
Chase Mason,QB,2025,college_data,146.0,224.0,2021.0,15.0,4.0,68.0,174.0,6.0,0,0,0,0,0,0,0,0,0.0,,,,65.17857142857143,,185.925,
Chase Spellman,QB,2025,college_data,38.0,56.0,489.0,2.0,2.0,19.0,55.0,2.0,0,0,0,0,0,0,0,0,0.0,,,,67.85714285714286,,37.725,
Chaston Ditta,QB,2025,college_data,12.0,24.0,215.0,3.0,0.0,14.0,-13.0,0.0,0,0,0,0,0,0,0,0,0.0,,,,50.0,,22.075,
Chayden Peery,QB,2024,college_data,7.0,12.0,58.0,1.0,0.0,10.0,25.0,0.0,0,0,0,0,0,0,0,0,0.0,,,,58.333333333333336,,9.95,
Chris Denson,QB,2025,college_data,4.0,4.0,22.0,1.0,0.0,7.0,108.0,1.0,0,0,0,0,0,0,0,0,0.0,,,,100.0,,23.35,
Chris Dietrich,QB,2025,college_data,79.0,122.0,875.0,9.0,4.0,30.0,31.0,1.0,0,0,0,0,0,0,0,0,0.0,,,,64.75409836065575,,76.975,
Chris Herron,QB,2024,college_data,1.0,2.0,43.0,1.0,0.0,4.0,-4.0,0.0,0,0,0,0,0,0,0,0,0.0,,,,50.0,,6.675,
Chris Irvin,QB,2024,college_data,17.0,29.0,174.0,3.0,0.0,4.0,-18.0,0.0,0,0,0,0,0,0,0,0,0.0,,,,58.620689655172406,,20.55,
Chris Irvin,QB,2025,college_data,59.0,121.0,659.0,5.0,3.0,35.0,36.0,2.0,0,0,0,0,0,0,0,0,0.0,,,,48.760330578512395,,56.075,
Chris Jimerson Jr.,QB,2025,college_data,1.0,2.0,37.0,1.0,0.0,6.0,37.0,0.0,0,0,0,0,0,0,0,0,0.0,,,,50.0,,10.625,
Chris Oladokun,QB,2025,nflreadpy,35.0,55.0,235.0,1.0,0.0,5.0,18.0,0.0,0,8,-93,2,1,277,156,10,-30.123129132397064,-3.937399643503762,0.8863795518207284,3.0,63.63636363636363,78.33333333333333,11.675,3.891666666666667
Chris Parson,QB,2024,college_data,0.0,2.0,0.0,0.0,0.0,8.0,31.0,0.0,0,0,0,0,0,0,0,0,0.0,,,,0.0,,3.1,
Chris Parson,QB,2025,college_data,182.0,288.0,2673.0,21.0,5.0,151.0,705.0,12.0,0,0,0,0,0,0,0,0,0.0,,,,63.19444444444444,,325.325,
Chris Stephenson,QB,2024,college_data,2.0,7.0,18.0,0.0,1.0,1.0,9.0,0.0,0,0,0,0,0,0,0,0,0.0,,,,28.57142857142857,,-0.6499999999999999,
Chris Stephenson,QB,2025,college_data,54.0,99.0,454.0,2.0,4.0,95.0,467.0,5.0,0,0,0,0,0,0,0,0,0.0,,,,54.54545454545454,,92.05000000000001,
Chris Streveler,QB,2020,nflreadpy,11.0,16.0,105.0,1.0,1.0,4.0,15.0,0.0,0,2,-10,1,0,106,98,5,-13.418105398392072,-2.857004851102829,0.9905660377358491,2.0,68.75,52.5,8.125,4.0625
Chris Streveler,QB,2021,nflreadpy,6.0,9.0,36.0,0.0,0.0,3.0,6.0,0.0,0,2,-17,0,0,38,22,1,-4.2565559186041355,-8.501462472809685,0.9473684210526315,2.0,66.66666666666666,18.0,1.5,0.75
Chris Streveler,QB,2022,nflreadpy,10.0,15.0,90.0,0.0,0.0,9.0,54.0,0.0,0,0,0,0,0,131,17,5,1.7202607482904568,6.250468293825786,0.6870229007633588,1.0,66.66666666666666,90.0,7.65,7.65
Christian Arceneaux,QB,2024,college_data,4.0,8.0,66.0,0.0,0.0,0.0,0.0,0.0,0,0,0,0,0,0,0,0,0.0,,,,50.0,,1.6500000000000001,
Christian Gelov,QB,2024,college_data,1.0,3.0,26.0,0.0,0.0,1.0,12.0,0.0,0,0,0,0,0,0,0,0,0.0,,,,33.33333333333333,,1.85,
Christian Peters,QB,2025,college_data,162.0,289.0,1924.0,12.0,9.0,75.0,249.0,2.0,0,0,0,0,0,0,0,0,0.0,,,,56.05536332179931,,139.0,
Christian Veilleux,QB,2024,college_data,166.0,291.0,2047.0,13.0,11.0,28.0,74.0,1.0,0,0,0,0,0,0,0,0,0.0,,,,57.0446735395189,,120.57499999999999,
Christian Veilleux,QB,2025,college_data,41.0,86.0,513.0,3.0,3.0,9.0,53.0,0.0,0,0,0,0,0,0,0,0,0.0,,,,47.674418604651166,,30.125,
Christopher Vizzina,QB,2024,college_data,19.0,34.0,190.0,0.0,0.0,13.0,68.0,1.0,0,0,0,0,0,0,0,0,0.0,,,,55.88235294117647,,17.55,
Christopher Vizzina,QB,2025,college_data,45.0,71.0,406.0,4.0,1.0,25.0,41.0,0.0,0,0,0,0,0,0,0,0,0.0,,,,63.38028169014085,,36.25,
Christopher Zellous,QB,2024,college_data,106.0,167.0,1030.0,3.0,6.0,85.0,328.0,6.0,0,0,0,0,0,0,0,0,0.0,,,,63.47305389221557,,100.55000000000001,
Christopher Zellous,QB,2025,college_data,111.0,179.0,1246.0,7.0,5.0,98.0,402.0,5.0,0,0,0,0,0,0,0,0,0.0,,,,62.01117318435754,,133.35000000000002,
Chubba Purdy,QB,2024,college_data,18.0,25.0,239.0,1.0,1.0,13.0,60.0,0.0,0,0,0,0,0,0,0,0,0.0,,,,72.0,,15.975000000000001,
Chubba Purdy,QB,2025,college_data,44.0,86.0,577.0,3.0,8.0,100.0,530.0,3.0,0,0,0,0,0,0,0,0,0.0,,,,51.162790697674424,,87.425,
Clayton Dees,QB,2025,college_data,3.0,4.0,25.0,0.0,0.0,1.0,1.0,0.0,0,0,0,0,0,0,0,0,0.0,,,,75.0,,0.725,
Clayton Tune,QB,2023,nflreadpy,12.0,21.0,62.0,0.0,2.0,8.0,30.0,1.0,1,7,-41,1,1,53,43,3,-34.74954317265656,5.094799697399139,1.0918367346938775,6.0,57.14285714285714,10.333333333333334,6.550000000000001,1.0916666666666668
Clayton Tune,QB,2024,nflreadpy,2.0,2.0,8.0,0.0,0.0,7.0,-4.0,0.0,0,0,0,0,0,4,4,0,-1.1280186781659722,18.651771545410156,2.0,5.0,100.0,1.6,-0.2,-0.04
Clayton Tune,QB,2025,nflreadpy,7.0,15.0,42.0,0.0,1.0,5.0,23.0,0.0,0,5,-44,1,0,58,28,2,-19.899344522098545,-25.720939189195633,0.7586618876941458,2.0,46.666666666666664,21.0,1.3500000000000005,0.6750000000000003
Clifton McDowell,QB,2024,college_data,63.0,109.0,1054.0,6.0,2.0,71.0,370.0,6.0,0,0,0,0,0,0,0,0,0.0,,,,57.798165137614674,,131.35,
Cobey Thompkins,QB,2024,college_data,0.0,1.0,0.0,0.0,0.0,4.0,-7.0,0.0,0,0,0,0,0,0,0,0,0.0,,,,0.0,,-0.7000000000000001,
Cobey Thompkins,QB,2025,college_data,35.0,56.0,503.0,4.0,1.0,94.0,501.0,1.0,0,0,0,0,0,0,0,0,0.0,,,,62.5,,90.67500000000001,
Cody Kessler,QB,2018,nflreadpy,85.0,131.0,709.0,2.0,2.0,19.0,123.0,0.0,0,22,-149,5,3,880,345,35,-39.81243987040202,2.7094915735148573,0.8848205719541712,5.0,64.8854961832061,141.8,32.025000000000006,6.405000000000001
Cole Ballard,QB,2024,college_data,5.0,6.0,51.0,1.0,0.0,5.0,42.0,0.0,0,0,0,0,0,0,0,0,0.0,,,,83.33333333333334,,11.475000000000001,
Cole Ballard,QB,2025,college_data,10.0,22.0,108.0,1.0,1.0,15.0,92.0,0.0,0,0,0,0,0,0,0,0,0.0,,,,45.45454545454545,,15.900000000000002,
Cole Feuerbacher,QB,2025,college_data,6.0,8.0,28.0,0.0,0.0,3.0,3.0,0.0,0,0,0,0,0,0,0,0,0.0,,,,75.0,,1.0,
Cole Geer,QB,2025,college_data,2.0,2.0,8.0,0.0,0.0,3.0,15.0,0.0,0,0,0,0,0,0,0,0,0.0,,,,100.0,,1.7,
Cole Gonzales,QB,2024,college_data,196.0,312.0,2471.0,12.0,5.0,59.0,194.0,2.0,0,0,0,0,0,0,0,0,0.0,,,,62.82051282051282,,155.175,
Cole Gonzales,QB,2025,college_data,11.0,22.0,118.0,1.0,1.0,2.0,1.0,0.0,0,0,0,0,0,0,0,0,0.0,,,,50.0,,7.050000000000001,
Cole Lacrue,QB,2025,college_data,81.0,148.0,853.0,4.0,7.0,125.0,498.0,7.0,0,0,0,0,0,0,0,0,0.0,,,,54.729729729729726,,123.125,
Cole Payton,QB,2024,college_data,10.0,16.0,125.0,2.0,1.0,21.0,165.0,1.0,0,0,0,0,0,0,0,0,0.0,,,,62.5,,35.625,
Cole Payton,QB,2025,college_data,162.0,225.0,2719.0,16.0,4.0,136.0,777.0,13.0,0,0,0,0,0,0,0,0,0.0,,,,72.0,,311.675,
Cole Pennington,QB,2024,college_data,5.0,7.0,57.0,1.0,0.0,2.0,10.0,0.0,0,0,0,0,0,0,0,0,0.0,,,,71.42857142857143,,8.425,
Cole Pennington,QB,2025,college_data,126.0,208.0,1601.0,7.0,5.0,54.0,5.0,1.0,0,0,0,0,0,0,0,0,0.0,,,,60.57692307692307,,78.525,
Cole Snyder,QB,2024,college_data,239.0,402.0,2676.0,15.0,9.0,136.0,322.0,4.0,0,0,0,0,0,0,0,0,0.0,,,,59.452736318407965,,195.10000000000002,
Cole Tannenbaum,QB,2024,college_data,1.0,5.0,3.0,0.0,1.0,1.0,-4.0,0.0,0,0,0,0,0,0,0,0,0.0,,,,20.0,,-2.325,
Cole Welliver,QB,2024,college_data,2.0,4.0,10.0,0.0,0.0,0.0,0.0,0.0,0,0,0,0,0,0,0,0,0.0,,,,50.0,,0.25,
Colin Parachek,QB,2025,college_data,32.0,71.0,308.0,1.0,2.0,18.0,51.0,0.0,0,0,0,0,0,0,0,0,0.0,,,,45.07042253521127,,14.8,
Colin Seibert,QB,2025,college_data,0.0,1.0,0.0,0.0,0.0,0.0,0.0,0.0,0,0,0,0,0,0,0,0,0.0,,,,0.0,,0.0,
Collin Hurst,QB,2024,college_data,182.0,272.0,2289.0,17.0,4.0,72.0,175.0,5.0,0,0,0,0,0,0,0,0,0.0,,,,66.91176470588235,,198.725,
Collin Hurst,QB,2025,college_data,198.0,289.0,2704.0,26.0,11.0,39.0,59.0,2.0,0,0,0,0,0,0,0,0,0.0,,,,68.5121107266436,,219.5,
Collin Schlee,QB,2024,college_data,28.0,55.0,414.0,3.0,1.0,41.0,143.0,2.0,0,0,0,0,0,0,0,0,0.0,,,,50.90909090909091,,52.650000000000006,
Collin Shannon,QB,2024,college_data,29.0,51.0,191.0,0.0,2.0,8.0,3.0,0.0,0,0,0,0,0,0,0,0,0.0,,,,56.86274509803921,,1.0750000000000002,
Collin Shannon,QB,2025,college_data,147.0,268.0,1982.0,13.0,5.0,39.0,-82.0,0.0,0,0,0,0,0,0,0,0,0.0,,,,54.850746268656714,,109.35,
Colt McCoy,QB,2018,nflreadpy,34.0,54.0,372.0,3.0,3.0,10.0,63.0,0.0,0,6,-36,1,0,479,151,17,-5.9617262664558,9.176974986728869,1.2423868312757202,3.0,62.96296296296296,124.0,27.6,9.200000000000001
Colt McCoy,QB,2019,nflreadpy,18.0,27.0,122.0,0.0,1.0,2.0,14.0,0.0,0,6,-44,2,0,177,34,5,-22.01641057850793,-5.398119489351909,0.6892655367231638,1.0,66.66666666666666,122.0,2.45,2.45
Colt McCoy,QB,2020,nflreadpy,40.0,66.0,375.0,1.0,1.0,9.0,12.0,0.0,0,5,-24,1,1,590,127,19,-8.611052741327853,-0.3174025016242341,0.566067189619476,4.0,60.60606060606061,93.75,12.575,3.14375
Colt McCoy,QB,2021,nflreadpy,74.0,99.0,740.0,3.0,1.0,22.0,37.0,0.0,0,6,-40,2,1,512,452,39,14.313491760355214,-0.36896221836407994,1.6270463939532391,7.0,74.74747474747475,105.71428571428571,36.2,5.171428571428572
Colt McCoy,QB,2022,nflreadpy,90.0,132.0,780.0,1.0,3.0,14.0,36.0,0.0,0,13,-97,0,0,801,368,34,-30.083980903608307,-1.0570151536237624,0.9727239345739903,4.0,68.18181818181817,195.0,23.1,5.775
Colton Allen,QB,2025,college_data,1.0,1.0,4.0,0.0,0.0,0.0,0.0,0.0,0,0,0,0,0,0,0,0,0.0,,,,100.0,,0.1,
Colton FitzGerald,QB,2025,college_data,23.0,52.0,320.0,1.0,2.0,7.0,21.0,0.0,0,0,0,0,0,0,0,0,0.0,,,,44.230769230769226,,12.100000000000001,
Colton Hackel,QB,2024,college_data,0.0,2.0,0.0,0.0,1.0,2.0,-2.0,0.0,0,0,0,0,0,0,0,0,0.0,,,,0.0,,-2.2,
Colton Joseph,QB,2024,college_data,133.0,222.0,1623.0,11.0,5.0,114.0,647.0,11.0,0,0,0,0,0,0,0,0,0.0,,,,59.909909909909906,,227.275,
Colton Joseph,QB,2025,college_data,173.0,288.0,2619.0,21.0,10.0,157.0,1011.0,13.0,0,0,0,0,0,0,0,0,0.0,,,,60.06944444444444,,350.57500000000005,
Conner Harrell,QB,2024,college_data,21.0,37.0,282.0,2.0,1.0,16.0,55.0,1.0,0,0,0,0,0,0,0,0,0.0,,,,56.75675675675676,,28.55,
Conner Harrell,QB,2025,college_data,64.0,96.0,737.0,4.0,2.0,28.0,67.0,2.0,0,0,0,0,0,0,0,0,0.0,,,,66.66666666666666,,57.125,
Conner Kenyon,QB,2025,college_data,26.0,38.0,299.0,3.0,0.0,3.0,0.0,0.0,0,0,0,0,0,0,0,0,0.0,,,,68.42105263157895,,25.475,
Conner Weigman,QB,2024,college_data,64.0,114.0,819.0,3.0,5.0,28.0,101.0,0.0,0,0,0,0,0,0,0,0,0.0,,,,56.14035087719298,,38.575,
Conner Weigman,QB,2025,college_data,232.0,356.0,2705.0,25.0,9.0,170.0,703.0,11.0,0,0,0,0,0,0,0,0,0.0,,,,65.1685393258427,,335.925,
Connor Bazelak,QB,2024,college_data,269.0,402.0,3044.0,18.0,5.0,48.0,-91.0,2.0,0,0,0,0,0,0,0,0,0.0,,,,66.91542288557214,,177.0,
Connor Genal,QB,2024,college_data,35.0,68.0,453.0,3.0,2.0,15.0,-50.0,0.0,0,0,0,0,0,0,0,0,0.0,,,,51.470588235294116,,20.325000000000003,
Connor Moberly,QB,2024,college_data,5.0,10.0,49.0,0.0,1.0,8.0,51.0,0.0,0,0,0,0,0,0,0,0,0.0,,,,50.0,,4.325000000000001,
Connor Moberly,QB,2025,college_data,0.0,1.0,0.0,0.0,0.0,4.0,29.0,0.0,0,0,0,0,0,0,0,0,0.0,,,,0.0,,2.9000000000000004,
Connor Watkins,QB,2024,college_data,176.0,342.0,2102.0,13.0,5.0,119.0,417.0,7.0,0,0,0,0,0,0,0,0,0.0,,,,51.461988304093566,,204.25,
Connor Wolf,QB,2025,college_data,87.0,147.0,1074.0,8.0,4.0,37.0,-42.0,1.0,0,0,0,0,0,0,0,0,0.0,,,,59.183673469387756,,68.65,
Cooper Legas,QB,2024,college_data,87.0,162.0,1144.0,12.0,6.0,79.0,201.0,1.0,0,0,0,0,0,0,0,0,0.0,,,,53.70370370370371,,114.7,
Cooper Panteck,QB,2025,college_data,46.0,95.0,601.0,2.0,4.0,8.0,8.0,0.0,0,0,0,0,0,0,0,0,0.0,,,,48.421052631578945,,19.825000000000003,
Cooper Rush,QB,2021,nflreadpy,30.0,47.0,422.0,3.0,1.0,9.0,-8.0,0.0,0,3,-19,1,1,424,207,18,8.025694479129601,6.833193904409806,3.5910033167495854,4.0,63.829787234042556,105.5,23.75,5.9375
Cooper Rush,QB,2022,nflreadpy,94.0,162.0,1051.0,5.0,3.0,9.0,6.0,0.0,0,7,-49,2,0,1247,455,52,-9.40141764110182,-9.152031692835017,0.6341636248513107,8.0,58.0246913580247,131.375,50.875,6.359375
Cooper Rush,QB,2023,nflreadpy,18.0,24.0,144.0,0.0,1.0,12.0,-5.0,0.0,0,1,-8,0,0,215,80,7,-5.2399477475692215,4.186272987770656,1.640868999421631,7.0,75.0,20.571428571428573,1.1,0.15714285714285717
Cooper Rush,QB,2024,nflreadpy,187.0,308.0,1844.0,12.0,5.0,26.0,18.0,0.0,0,13,-95,2,1,2137,942,92,-22.864515513453274,-10.444027675400324,0.8434674913705393,12.0,60.71428571428571,153.66666666666666,107.9,8.991666666666667
Cooper Rush,QB,2025,nflreadpy,34.0,52.0,303.0,0.0,4.0,4.0,-4.0,0.0,0,1,-16,0,0,335,149,13,-18.84717217733835,-0.8588281962258076,0.9812046848856665,4.0,65.38461538461539,75.75,-0.8250000000000002,-0.20625000000000004
Cooper Rush,QB,2026,nflreadpy,22.0,39.0,229.0,1.0,4.0,2.0,20.0,0.0,0,5,-28,0,0,183,172,10,-27.955623498998968,-13.613432521236938,1.3342318059299192,2.0,56.41025641025641,114.5,5.725000000000001,2.8625000000000007
Cooper Tankersley,QB,2025,college_data,3.0,4.0,16.0,0.0,0.0,6.0,6.0,0.0,0,0,0,0,0,0,0,0,0.0,,,,75.0,,1.0,
Cornelious Brown,QB,2024,college_data,127.0,222.0,1666.0,12.0,7.0,49.0,161.0,1.0,0,0,0,0,0,0,0,0,0.0,,,,57.20720720720721,,121.75,
Cornelious Brown,QB,2025,college_data,81.0,125.0,1060.0,7.0,1.0,21.0,80.0,3.0,0,0,0,0,0,0,0,0,0.0,,,,64.8,,92.5,
Coulter Cleland,QB,2024,college_data,8.0,11.0,98.0,0.0,1.0,12.0,17.0,0.0,0,0,0,0,0,0,0,0,0.0,,,,72.72727272727273,,2.1500000000000004,
Coulter Cleland,QB,2025,college_data,178.0,319.0,2117.0,20.0,11.0,90.0,183.0,1.0,0,0,0,0,0,0,0,0,0.0,,,,55.79937304075236,,175.22500000000002,
Cutter Boley,QB,2024,college_data,26.0,53.0,338.0,2.0,4.0,10.0,-43.0,0.0,0,0,0,0,0,0,0,0,0.0,,,,49.056603773584904,,8.150000000000002,
Cutter Boley,QB,2025,college_data,198.0,301.0,2160.0,15.0,12.0,66.0,85.0,2.0,0,0,0,0,0,0,0,0,0.0,,,,65.78073089700996,,140.5,
Cutter Stewart,QB,2024,college_data,92.0,182.0,1476.0,13.0,7.0,34.0,63.0,1.0,0,0,0,0,0,0,0,0,0.0,,,,50.54945054945055,,113.2,
Cutter Woods,QB,2025,college_data,8.0,11.0,69.0,0.0,1.0,3.0,18.0,0.0,0,0,0,0,0,0,0,0,0.0,,,,72.72727272727273,,1.5250000000000004,
Czavian Teasett,QB,2024,college_data,71.0,128.0,941.0,6.0,2.0,39.0,122.0,1.0,0,0,0,0,0,0,0,0,0.0,,,,55.46875,,73.725,
Czavian Teasett,QB,2025,college_data,115.0,195.0,1268.0,10.0,5.0,38.0,150.0,4.0,0,0,0,0,0,0,0,0,0.0,,,,58.97435897435898,,120.69999999999999,
D'Wayne' Winfield,QB,2024,college_data,1.0,2.0,6.0,0.0,0.0,5.0,19.0,0.0,0,0,0,0,0,0,0,0,0.0,,,,50.0,,2.0500000000000003,
D'Wayne' Winfield,QB,2025,college_data,127.0,216.0,1555.0,11.0,7.0,152.0,667.0,9.0,0,0,0,0,0,0,0,0,0.0,,,,58.79629629629629,,211.575,
D.C. Tabscott,QB,2024,college_data,6.0,13.0,149.0,2.0,2.0,3.0,-3.0,0.0,0,0,0,0,0,0,0,0,0.0,,,,46.15384615384615,,11.425,
D.C. Tabscott,QB,2025,college_data,17.0,43.0,245.0,2.0,4.0,4.0,-29.0,0.0,0,0,0,0,0,0,0,0,0.0,,,,39.53488372093023,,7.225,
D.J. Lagway,QB,2024,college_data,115.0,192.0,1915.0,12.0,9.0,51.0,101.0,0.0,0,0,0,0,0,0,0,0,0.0,,,,59.895833333333336,,111.975,
D.J. Lagway,QB,2025,college_data,213.0,337.0,2264.0,16.0,14.0,71.0,136.0,1.0,0,0,0,0,0,0,0,0,0.0,,,,63.20474777448071,,144.2,
D.J. Uiagalelei,QB,2024,college_data,84.0,156.0,1065.0,4.0,6.0,37.0,-8.0,0.0,0,0,0,0,0,0,0,0,0.0,,,,53.84615384615385,,37.825,
DJ Bailey,QB,2025,college_data,2.0,3.0,42.0,0.0,0.0,3.0,-10.0,0.0,0,0,0,0,0,0,0,0,0.0,,,,66.66666666666666,,0.050000000000000044,
DJ Ralph,QB,2025,college_data,20.0,33.0,228.0,0.0,1.0,8.0,19.0,0.0,0,0,0,0,0,0,0,0,0.0,,,,60.60606060606061,,5.6000000000000005,
DJ Smith,QB,2025,college_data,23.0,38.0,161.0,1.0,1.0,11.0,58.0,1.0,0,0,0,0,0,0,0,0,0.0,,,,60.526315789473685,,19.825000000000003,
DJ Stevenson,QB,2024,college_data,9.0,16.0,93.0,1.0,1.0,11.0,19.0,1.0,0,0,0,0,0,0,0,0,0.0,,,,56.25,,14.225000000000001,
DJ Stevenson,QB,2025,college_data,11.0,20.0,109.0,1.0,1.0,17.0,58.0,1.0,0,0,0,0,0,0,0,0,0.0,,,,55.00000000000001,,18.525,
DJ Williams,QB,2024,college_data,44.0,75.0,555.0,4.0,2.0,38.0,243.0,4.0,0,0,0,0,0,0,0,0,0.0,,,,58.666666666666664,,82.175,
DJ Williams,QB,2025,college_data,221.0,352.0,2846.0,22.0,5.0,145.0,847.0,18.0,0,0,0,0,0,0,0,0,0.0,,,,62.78409090909091,,385.85,
Dak Prescott,QB,2018,nflreadpy,398.0,591.0,4377.0,24.0,9.0,83.0,337.0,8.0,1,58,-365,6,5,4452,2110,206,28.6763559358615,0.5671393780977365,1.015069076952402,18.0,67.34348561759728,243.16666666666666,309.125,17.17361111111111
Dak Prescott,QB,2019,nflreadpy,388.0,596.0,4902.0,30.0,11.0,52.0,277.0,3.0,0,23,-151,4,2,5613,1880,229,124.63704022900036,1.6300083642708072,0.9524354497789131,16.0,65.1006711409396,306.375,322.25,20.140625
Dak Prescott,QB,2020,nflreadpy,151.0,222.0,1856.0,9.0,4.0,18.0,93.0,3.0,1,10,-66,3,3,1762,810,93,32.12379507945464,-0.47659585076069677,1.0720134198913942,5.0,68.01801801801803,371.2,115.69999999999999,23.139999999999997
Dak Prescott,QB,2021,nflreadpy,433.0,639.0,4703.0,38.0,11.0,52.0,173.0,2.0,1,35,-184,6,3,5001,2126,238,94.27810125968266,2.088217140990595,1.0233382062140168,17.0,67.76212832550861,276.6470588235294,348.875,20.522058823529413
Dak Prescott,QB,2022,nflreadpy,309.0,464.0,3371.0,28.0,17.0,56.0,228.0,2.0,0,22,-134,2,0,3794,1418,167,59.65786855458576,1.419604977212833,0.9571988934206749,14.0,66.59482758620689,240.78571428571428,253.075,18.076785714285712
Dak Prescott,QB,2023,nflreadpy,451.0,650.0,4919.0,39.0,11.0,61.0,287.0,2.0,1,43,-271,2,1,5101,2114,247,117.42546169444549,3.5320408200560407,1.0261076501043995,18.0,69.38461538461539,273.27777777777777,375.675,20.870833333333334
Dak Prescott,QB,2024,nflreadpy,185.0,286.0,1978.0,11.0,8.0,13.0,54.0,1.0,0,21,-112,4,1,2270,939,87,-9.26138597291867,0.11873898880526657,0.9700854096160605,8.0,64.6853146853147,247.25,108.85,13.60625
Dak Prescott,QB,2025,nflreadpy,404.0,600.0,4552.0,30.0,10.0,53.0,177.0,2.0,0,31,-208,2,1,4809,2023,220,114.34943320495893,1.826439789595626,1.0283136613195463,17.0,67.33333333333333,267.7647058823529,301.5,17.735294117647058
Dak Prescott,QB,2026,nflreadpy,105.0,150.0,1065.0,8.0,1.0,12.0,66.0,0.0,0,6,-33,0,0,1085,424,59,48.636200714087735,6.298653113689049,1.0032382714591241,4.0,70.0,266.25,79.225,19.80625
Dalton McElyea,QB,2024,college_data,2.0,2.0,35.0,2.0,0.0,3.0,9.0,0.0,0,0,0,0,0,0,0,0,0.0,,,,100.0,,13.775,
Daniel Beale,QB,2024,college_data,13.0,30.0,126.0,0.0,2.0,7.0,1.0,0.0,0,0,0,0,0,0,0,0,0.0,,,,43.333333333333336,,-0.7499999999999996,
Daniel Beale,QB,2025,college_data,42.0,84.0,385.0,1.0,4.0,10.0,16.0,0.0,0,0,0,0,0,0,0,0,0.0,,,,50.0,,9.225000000000001,
Daniel Britt,QB,2024,college_data,8.0,11.0,60.0,0.0,1.0,8.0,20.0,0.0,0,0,0,0,0,0,0,0,0.0,,,,72.72727272727273,,1.5,
Daniel Greek,QB,2024,college_data,23.0,40.0,262.0,3.0,1.0,7.0,0.0,0.0,0,0,0,0,0,0,0,0,0.0,,,,57.49999999999999,,22.55,
Daniel Greek,QB,2025,college_data,49.0,71.0,791.0,8.0,1.0,42.0,80.0,5.0,0,0,0,0,0,0,0,0,0.0,,,,69.01408450704226,,103.775,
Daniel Jones,QB,2019,nflreadpy,284.0,459.0,3027.0,24.0,12.0,45.0,279.0,2.0,0,38,-295,11,8,3689,1395,140,-40.20385683480773,-1.0345230216897243,0.8445059128311011,13.0,61.87363834422658,232.84615384615384,219.575,16.890384615384615
Daniel Jones,QB,2020,nflreadpy,280.0,448.0,2943.0,11.0,10.0,65.0,423.0,1.0,0,45,-286,8,4,3402,1114,158,-24.32168887915478,-2.070031542912394,0.8902071675987759,14.0,62.5,210.21428571428572,159.875,11.419642857142858
Daniel Jones,QB,2021,nflreadpy,232.0,361.0,2428.0,10.0,7.0,62.0,298.0,2.0,2,22,-160,5,2,2640,1098,116,-11.39888125137738,-0.9223935266063518,0.9873794634070309,11.0,64.26592797783933,220.72727272727272,148.5,13.5
Daniel Jones,QB,2022,nflreadpy,356.0,534.0,3641.0,17.0,6.0,143.0,810.0,7.0,0,52,-281,5,2,3446,1829,179,20.216391368664386,1.8949490815238619,1.1218871775073798,18.0,66.66666666666666,202.27777777777777,300.025,16.668055555555554
Daniel Jones,QB,2023,nflreadpy,108.0,160.0,909.0,2.0,6.0,40.0,206.0,1.0,0,30,-167,3,1,1096,440,43,-61.40200420571694,-2.56721738151738,0.8292473550151077,6.0,67.5,151.5,47.325,7.8875
Daniel Jones,QB,2024,nflreadpy,216.0,341.0,2070.0,8.0,7.0,67.0,265.0,2.0,0,29,-172,3,2,2509,944,106,-38.116812343811915,1.780472498153363,0.860143693917,10.0,63.34310850439883,207.0,120.25,12.025
Daniel Jones,QB,2025,nflreadpy,261.0,384.0,3101.0,19.0,8.0,45.0,164.0,5.0,0,22,-158,6,3,3073,1351,149,65.25551499758664,2.603710182044914,1.0537549922929417,13.0,67.96875,238.53846153846155,215.925,16.609615384615385
Daniel Jones,QB,2026,nflreadpy,84.0,132.0,754.0,3.0,4.0,11.0,21.0,1.0,0,8,-55,3,3,772,365,37,-23.952859410620643,-1.7621563027547107,1.0189133438617017,4.0,63.63636363636363,188.5,30.950000000000003,7.737500000000001
Daniel Kaelin,QB,2025,college_data,30.0,52.0,339.0,1.0,1.0,12.0,72.0,0.0,0,0,0,0,0,0,0,0,0.0,,,,57.692307692307686,,19.675,
Daniel Lipovski,QB,2024,college_data,0.0,1.0,0.0,0.0,1.0,2.0,12.0,0.0,0,0,0,0,0,0,0,0,0.0,,,,0.0,,-0.7999999999999998,
Daniel Lipovski,QB,2025,college_data,1.0,2.0,26.0,1.0,0.0,2.0,0.0,0.0,0,0,0,0,0,0,0,0,0.0,,,,50.0,,6.65,
Daniel Richardson,QB,2024,college_data,231.0,330.0,2662.0,23.0,8.0,48.0,-16.0,0.0,0,0,0,0,0,0,0,0,0.0,,,,70.0,,186.95,
Danny Lauter,QB,2024,college_data,175.0,285.0,1852.0,11.0,10.0,42.0,10.0,0.0,0,0,0,0,0,0,0,0,0.0,,,,61.40350877192983,,93.30000000000001,
Danny Lauter,QB,2025,college_data,52.0,85.0,618.0,5.0,1.0,3.0,9.0,0.0,0,0,0,0,0,0,0,0,0.0,,,,61.1764705882353,,44.35,
Danny O'Neil,QB,2024,college_data,209.0,330.0,2181.0,12.0,6.0,74.0,89.0,1.0,0,0,0,0,0,0,0,0,0.0,,,,63.33333333333333,,129.425,
Danny O'Neil,QB,2025,college_data,61.0,90.0,635.0,5.0,5.0,50.0,58.0,1.0,0,0,0,0,0,0,0,0,0.0,,,,67.77777777777779,,47.675,
Dante Chachere,QB,2024,college_data,148.0,243.0,1961.0,12.0,7.0,133.0,717.0,12.0,0,0,0,0,0,0,0,0,0.0,,,,60.90534979423868,,250.72500000000002,
Dante Moore,QB,2024,college_data,7.0,8.0,49.0,0.0,0.0,1.0,6.0,0.0,0,0,0,0,0,0,0,0,0.0,,,,87.5,,1.8250000000000002,
Dante Moore,QB,2025,college_data,296.0,412.0,3565.0,30.0,10.0,73.0,156.0,2.0,0,0,0,0,0,0,0,0,0.0,,,,71.84466019417476,,276.725,
Dante Perri,QB,2024,college_data,46.0,87.0,551.0,5.0,4.0,23.0,34.0,2.0,0,0,0,0,0,0,0,0,0.0,,,,52.87356321839081,,51.175,
Dante Reno,QB,2025,college_data,206.0,318.0,2498.0,21.0,10.0,51.0,41.0,0.0,0,0,0,0,0,0,0,0,0.0,,,,64.77987421383648,,172.55,
Dante Torres,QB,2024,college_data,1.0,1.0,15.0,0.0,0.0,0.0,0.0,0.0,0,0,0,0,0,0,0,0,0.0,,,,100.0,,0.375,
Dante Torres,QB,2025,college_data,8.0,13.0,153.0,1.0,1.0,3.0,9.0,1.0,0,0,0,0,0,0,0,0,0.0,,,,61.53846153846154,,14.725000000000001,
Darian Mensah,QB,2024,college_data,189.0,287.0,2723.0,22.0,6.0,60.0,132.0,1.0,0,0,0,0,0,0,0,0,0.0,,,,65.85365853658537,,207.275,
Darian Mensah,QB,2025,college_data,334.0,500.0,3973.0,34.0,6.0,59.0,-32.0,1.0,0,0,0,0,0,0,0,0,0.0,,,,66.8,,294.125,
Darius Curry,QB,2025,college_data,70.0,107.0,740.0,5.0,7.0,17.0,25.0,0.0,0,0,0,0,0,0,0,0,0.0,,,,65.42056074766354,,37.0,
Darius Perrantes,QB,2024,college_data,166.0,287.0,2337.0,29.0,15.0,23.0,23.0,1.0,0,0,0,0,0,0,0,0,0.0,,,,57.8397212543554,,210.725,
Darius Wilson,QB,2024,college_data,152.0,245.0,1941.0,12.0,8.0,138.0,615.0,9.0,0,0,0,0,0,0,0,0,0.0,,,,62.04081632653061,,220.025,
David Blough,QB,2019,nflreadpy,94.0,174.0,984.0,4.0,6.0,8.0,31.0,0.0,0,14,-104,0,0,1484,329,47,-43.66567715721553,-13.756287349291057,0.6469334029479941,5.0,54.02298850574713,196.8,39.7,7.94
David Blough,QB,2020,nflreadpy,6.0,10.0,49.0,0.0,1.0,1.0,18.0,0.0,0,1,-10,0,0,82,27,1,-9.727418455877341,0.5884593725204468,0.5975609756097561,1.0,60.0,49.0,1.0250000000000004,1.0250000000000004
David Blough,QB,2022,nflreadpy,38.0,58.0,402.0,2.0,2.0,4.0,5.0,0.0,0,5,-24,1,1,481,225,18,-4.8270291654770485,2.282509098798908,1.1674372014177838,2.0,65.51724137931035,201.0,16.55,8.275
David Lynch,QB,2024,college_data,16.0,27.0,111.0,0.0,3.0,4.0,-14.0,0.0,0,0,0,0,0,0,0,0,0.0,,,,59.25925925925925,,-4.625,
David Parsons,QB,2024,college_data,3.0,4.0,8.0,1.0,0.0,3.0,3.0,0.0,0,0,0,0,0,0,0,0,0.0,,,,75.0,,6.5,
David Parsons,QB,2025,college_data,5.0,9.0,75.0,1.0,0.0,1.0,-5.0,0.0,0,0,0,0,0,0,0,0,0.0,,,,55.55555555555556,,7.375,
David Rasor,QB,2024,college_data,2.0,2.0,15.0,0.0,0.0,2.0,37.0,0.0,0,0,0,0,0,0,0,0,0.0,,,,100.0,,4.075,
Davin Wydner,QB,2024,college_data,125.0,207.0,1515.0,7.0,2.0,58.0,216.0,7.0,0,0,0,0,0,0,0,0,0.0,,,,60.38647342995169,,139.475,
Davin Wydner,QB,2025,college_data,148.0,263.0,1672.0,15.0,8.0,110.0,441.0,3.0,0,0,0,0,0,0,0,0,0.0,,,,56.27376425855514,,177.9,
Davis Beville,QB,2024,college_data,5.0,7.0,46.0,1.0,0.0,4.0,2.0,0.0,0,0,0,0,0,0,0,0,0.0,,,,71.42857142857143,,7.35,
Davis Harsin,QB,2025,college_data,37.0,63.0,492.0,7.0,2.0,30.0,215.0,0.0,0,0,0,0,0,0,0,0,0.0,,,,58.730158730158735,,71.8,
Davis Mills,QB,2021,nflreadpy,263.0,394.0,2664.0,16.0,10.0,18.0,44.0,0.0,1,31,-206,4,1,2869,1232,118,-44.68131005825806,-2.0222054324972865,0.901858309960574,13.0,66.75126903553299,204.92307692307693,147.0,11.307692307692308
Davis Mills,QB,2022,nflreadpy,292.0,479.0,3118.0,17.0,15.0,32.0,108.0,2.0,0,31,-244,5,2,3734,1524,135,-74.22938193844655,-3.1627821645198972,0.8634520096672429,15.0,60.96033402922756,207.86666666666667,168.75,11.25
Davis Mills,QB,2023,nflreadpy,19.0,40.0,179.0,2.0,0.0,5.0,5.0,0.0,0,2,-13,0,0,313,80,12,-6.212419551826315,0.3725013732910156,0.732284421635492,6.0,47.5,29.833333333333332,16.975,2.829166666666667
Davis Mills,QB,2024,nflreadpy,20.0,36.0,212.0,0.0,0.0,3.0,11.0,0.0,0,2,-18,0,0,223,72,9,-5.212639526289422,-20.290253017887927,0.7616383616383616,4.0,55.55555555555556,53.0,6.4,1.6
Davis Mills,QB,2025,nflreadpy,91.0,159.0,915.0,5.0,1.0,13.0,60.0,1.0,0,8,-60,0,0,1360,269,48,-16.755250391262173,-10.826193745142222,0.6314746931493872,6.0,57.23270440251572,152.5,62.875,10.479166666666666
Davis Warren,QB,2024,college_data,133.0,207.0,1198.0,7.0,9.0,17.0,-22.0,0.0,0,0,0,0,0,0,0,0,0.0,,,,64.25120772946859,,51.75,
Davis Webb,QB,2022,nflreadpy,23.0,40.0,168.0,1.0,0.0,6.0,41.0,1.0,0,0,0,0,0,204,76,11,-2.4633255358413764,-6.994058034921947,0.8235294117647058,1.0,57.49999999999999,168.0,20.3,20.3
Daylin Lee,QB,2024,college_data,13.0,27.0,122.0,0.0,0.0,6.0,55.0,1.0,0,0,0,0,0,0,0,0,0.0,,,,48.148148148148145,,14.55,
DeShone Kizer,QB,2018,nflreadpy,20.0,42.0,187.0,0.0,2.0,5.0,39.0,0.0,0,4,-38,1,1,428,63,8,-26.913568605436012,-10.447660434458937,0.6048951048951049,3.0,47.61904761904761,62.333333333333336,2.5749999999999993,0.8583333333333331
Deacon Hill,QB,2024,college_data,36.0,75.0,412.0,2.0,1.0,10.0,5.0,1.0,0,0,0,0,0,0,0,0,0.0,,,,48.0,,26.8,
Dean DeNobile,QB,2024,college_data,226.0,346.0,2417.0,14.0,11.0,54.0,5.0,2.0,0,0,0,0,0,0,0,0,0.0,,,,65.3179190751445,,134.925,
Dean DeNobile,QB,2025,college_data,223.0,347.0,2528.0,19.0,7.0,30.0,-1.0,2.0,0,0,0,0,0,0,0,0,0.0,,,,64.26512968299711,,175.1,
Deante Ruffin,QB,2025,college_data,2.0,3.0,44.0,0.0,0.0,6.0,6.0,0.0,0,0,0,0,0,0,0,0,0.0,,,,66.66666666666666,,1.7000000000000002,
Deljay Bailey,QB,2024,college_data,39.0,72.0,440.0,0.0,3.0,36.0,42.0,2.0,0,0,0,0,0,0,0,0,0.0,,,,54.166666666666664,,21.2,
Demond Williams Jr.,QB,2024,college_data,82.0,105.0,944.0,8.0,1.0,83.0,282.0,2.0,0,0,0,0,0,0,0,0,0.0,,,,78.0952380952381,,109.80000000000001,
Demond Williams Jr.,QB,2025,college_data,246.0,354.0,3065.0,25.0,8.0,143.0,612.0,6.0,0,0,0,0,0,0,0,0,0.0,,,,69.49152542372882,,307.825,
Dequan Finn,QB,2024,college_data,23.0,43.0,307.0,3.0,2.0,21.0,66.0,2.0,0,0,0,0,0,0,0,0,0.0,,,,53.48837209302325,,40.275000000000006,
Dequan Finn,QB,2025,college_data,106.0,181.0,1451.0,9.0,6.0,89.0,395.0,4.0,0,0,0,0,0,0,0,0,0.0,,,,58.5635359116022,,141.775,
Derek Anderson,QB,2018,nflreadpy,42.0,70.0,465.0,0.0,4.0,1.0,-1.0,0.0,0,5,-33,2,2,618,174,22,-38.59778605819132,-5.01348299997367,0.7743316135084428,2.0,60.0,232.5,-0.47499999999999964,-0.23749999999999982
Derek Carr,QB,2018,nflreadpy,381.0,553.0,4049.0,19.0,10.0,24.0,47.0,1.0,0,51,-299,11,7,3778,1994,197,-0.15284695851283914,4.232292228675463,1.1438058967443603,16.0,68.89692585895118,253.0625,191.925,11.9953125
Derek Carr,QB,2019,nflreadpy,361.0,513.0,4054.0,21.0,8.0,27.0,82.0,2.0,0,29,-184,1,0,3355,2135,191,98.17589957714766,5.9470117864412595,1.2782262262202106,16.0,70.37037037037037,253.375,231.55,14.471875
Derek Carr,QB,2020,nflreadpy,348.0,517.0,4103.0,27.0,9.0,39.0,140.0,3.0,0,26,-150,8,7,4184,1956,193,61.22419369506125,2.7884392236114466,1.0204999930320875,16.0,67.31141199226306,256.4375,264.575,16.5359375
Derek Carr,QB,2021,nflreadpy,457.0,680.0,5114.0,24.0,15.0,41.0,128.0,0.0,0,43,-269,10,6,5495,2406,232,37.41489513803972,2.162145197442724,0.9816468805707846,18.0,67.20588235294119,284.1111111111111,242.64999999999998,13.480555555555554
Derek Carr,QB,2022,nflreadpy,305.0,502.0,3522.0,24.0,14.0,24.0,102.0,0.0,0,27,-191,3,0,4602,1509,161,26.45458384664378,-2.9996894746850886,0.7830374060896859,15.0,60.756972111553786,234.8,214.25,14.283333333333333
Derek Carr,QB,2023,nflreadpy,375.0,548.0,3878.0,25.0,8.0,32.0,40.0,0.0,0,31,-218,5,2,4280,1696,185,28.025057313621545,4.297364738078107,0.9767787799727888,17.0,68.43065693430657,228.11764705882354,230.95,13.585294117647058
Derek Carr,QB,2024,nflreadpy,189.0,279.0,2145.0,15.0,5.0,17.0,71.0,1.0,0,8,-48,2,0,2178,1087,93,47.56937511315902,3.5139552718666502,1.092704579766883,10.0,67.74193548387096,214.5,146.725,14.6725
Derek Robertson,QB,2024,college_data,283.0,434.0,3937.0,31.0,6.0,26.0,-34.0,0.0,0,0,0,0,0,0,0,0,0.0,,,,65.2073732718894,,269.025,
Derek Robertson,QB,2025,college_data,189.0,265.0,2439.0,27.0,5.0,15.0,-55.0,1.0,0,0,0,0,0,0,0,0,0.0,,,,71.32075471698113,,213.475,
Dermaricus Davis,QB,2025,college_data,1.0,3.0,10.0,0.0,0.0,7.0,67.0,0.0,0,0,0,0,0,0,0,0,0.0,,,,33.33333333333333,,6.95,
Deshaun Watson,QB,2018,nflreadpy,374.0,554.0,4400.0,27.0,10.0,107.0,627.0,5.0,0,65,-402,6,2,4672,1892,215,47.58769881218838,3.742409771694074,1.006118336112292,17.0,67.50902527075813,258.8235294117647,340.7,20.041176470588233
Deshaun Watson,QB,2019,nflreadpy,384.0,572.0,4487.0,29.0,12.0,102.0,505.0,9.0,1,55,-311,4,2,5101,1925,222,86.90488605456146,2.761874805745352,0.9183768220300152,17.0,67.13286713286713,263.94117647058823,364.675,21.451470588235296
Deshaun Watson,QB,2020,nflreadpy,382.0,544.0,4823.0,33.0,7.0,90.0,444.0,3.0,0,49,-293,4,2,4842,1971,221,131.65595543682207,6.44080882843265,1.0015099235870684,16.0,70.22058823529412,301.4375,362.975,22.6859375
Deshaun Watson,QB,2022,nflreadpy,99.0,170.0,1102.0,7.0,5.0,36.0,175.0,1.0,0,20,-106,0,0,1214,530,53,-23.890652044285634,-4.2993546694708975,1.0183569799990133,6.0,58.235294117647065,183.66666666666666,83.05,13.841666666666667
Deshaun Watson,QB,2023,nflreadpy,105.0,171.0,1115.0,7.0,4.0,26.0,142.0,1.0,3,17,-85,3,1,1593,499,52,-18.950161800698037,-6.044020802490016,0.6495524840398194,6.0,61.40350877192983,185.83333333333334,86.075,14.345833333333333
Deshaun Watson,QB,2024,nflreadpy,137.0,216.0,1148.0,5.0,3.0,31.0,148.0,1.0,0,33,-191,3,2,1579,584,49,-61.54127600711165,-0.7097685279527379,0.8433723461531547,7.0,63.42592592592593,164.0,69.5,9.928571428571429
Deshaun Watson,QB,2026,nflreadpy,80.0,115.0,855.0,6.0,2.0,31.0,127.0,0.0,0,11,-60,1,0,763,518,40,16.53910390152822,1.71397661613135,1.2471843531421012,4.0,69.56521739130434,213.75,66.075,16.51875
Deshawn Purdie,QB,2024,college_data,100.0,200.0,1802.0,10.0,6.0,41.0,-130.0,1.0,0,0,0,0,0,0,0,0,0.0,,,,50.0,,86.05000000000001,
Deshawn Purdie,QB,2025,college_data,41.0,82.0,618.0,6.0,3.0,11.0,-11.0,0.0,0,0,0,0,0,0,0,0,0.0,,,,50.0,,44.35,
Desmond Ridder,QB,2022,nflreadpy,73.0,115.0,708.0,2.0,0.0,16.0,64.0,0.0,0,9,-33,1,1,940,328,37,4.537197660166861,-1.6228210781032377,0.8147177808404347,4.0,63.47826086956522,177.0,34.1,8.525
Desmond Ridder,QB,2023,nflreadpy,249.0,388.0,2836.0,12.0,12.0,53.0,193.0,5.0,0,31,-197,6,4,3184,1222,136,-32.2407411758443,-0.08999737659578297,0.9229391519588283,15.0,64.17525773195877,189.06666666666666,160.2,10.68
Desmond Ridder,QB,2024,nflreadpy,52.0,85.0,458.0,2.0,2.0,9.0,36.0,0.0,0,10,-64,2,2,683,201,24,-22.081513387401152,-0.7238340365633469,0.7725015693538302,5.0,61.1764705882353,91.6,19.05,3.81
Destin Wade,QB,2025,college_data,92.0,181.0,1188.0,10.0,4.0,104.0,469.0,5.0,0,0,0,0,0,0,0,0,0.0,,,,50.82872928176796,,158.60000000000002,
Deuce Adams,QB,2025,college_data,15.0,21.0,112.0,0.0,0.0,14.0,33.0,0.0,0,0,0,0,0,0,0,0,0.0,,,,71.42857142857143,,6.1000000000000005,
Deuce Bailey,QB,2025,college_data,23.0,47.0,335.0,2.0,0.0,27.0,81.0,1.0,0,0,0,0,0,0,0,0,0.0,,,,48.93617021276596,,34.475,
Deuce Hogan,QB,2024,college_data,6.0,18.0,31.0,0.0,2.0,4.0,-3.0,0.0,0,0,0,0,0,0,0,0,0.0,,,,33.33333333333333,,-3.525,
Deuce Hogan,QB,2025,college_data,120.0,198.0,1046.0,4.0,5.0,36.0,-38.0,1.0,0,0,0,0,0,0,0,0,0.0,,,,60.60606060606061,,42.35,
Deuce Knight,QB,2025,college_data,17.0,25.0,259.0,2.0,0.0,13.0,178.0,4.0,0,0,0,0,0,0,0,0,0.0,,,,68.0,,60.275000000000006,
Deven Sisler,QB,2025,college_data,1.0,2.0,8.0,0.0,0.0,3.0,23.0,0.0,0,0,0,0,0,0,0,0,0.0,,,,50.0,,2.5000000000000004,
Devin Brown,QB,2024,college_data,11.0,20.0,114.0,1.0,0.0,7.0,13.0,0.0,0,0,0,0,0,0,0,0,0.0,,,,55.00000000000001,,10.15,
Devin Brown,QB,2025,college_data,4.0,7.0,48.0,1.0,1.0,3.0,-15.0,0.0,0,0,0,0,0,0,0,0,0.0,,,,57.14285714285714,,3.7,
Devin Farrell,QB,2024,college_data,124.0,214.0,1682.0,11.0,8.0,75.0,312.0,5.0,0,0,0,0,0,0,0,0,0.0,,,,57.943925233644855,,153.25,
Devin Farrell,QB,2025,college_data,267.0,410.0,3746.0,24.0,8.0,84.0,78.0,3.0,0,0,0,0,0,0,0,0,0.0,,,,65.1219512195122,,247.45,
Devin Kargman,QB,2024,college_data,45.0,82.0,432.0,3.0,2.0,11.0,-31.0,0.0,0,0,0,0,0,0,0,0,0.0,,,,54.87804878048781,,21.700000000000003,
Devin Kargman,QB,2025,college_data,8.0,17.0,74.0,0.0,1.0,3.0,-20.0,0.0,0,0,0,0,0,0,0,0,0.0,,,,47.05882352941176,,-2.15,
Devin Lippold,QB,2025,college_data,12.0,28.0,85.0,1.0,1.0,23.0,76.0,3.0,0,0,0,0,0,0,0,0,0.0,,,,42.857142857142854,,31.725,
Devin Page,QB,2025,college_data,32.0,65.0,357.0,3.0,7.0,28.0,107.0,1.0,0,0,0,0,0,0,0,0,0.0,,,,49.23076923076923,,29.625,
Devin Sherwood,QB,2025,college_data,8.0,8.0,47.0,0.0,0.0,4.0,10.0,0.0,0,0,0,0,0,0,0,0,0.0,,,,100.0,,2.175,
Devlin Hodges,QB,2019,nflreadpy,100.0,160.0,1063.0,5.0,8.0,21.0,68.0,0.0,0,15,-102,3,1,1175,574,51,-21.942790638822153,2.3740638183070377,1.1485797429815692,8.0,62.5,132.875,45.375,5.671875
Devon Dampier,QB,2024,college_data,226.0,390.0,2768.0,12.0,12.0,156.0,1152.0,19.0,0,0,0,0,0,0,0,0,0.0,,,,57.948717948717956,,346.4,
Devon Dampier,QB,2025,college_data,212.0,334.0,2490.0,24.0,5.0,146.0,835.0,10.0,0,0,0,0,0,0,0,0,0.0,,,,63.47305389221557,,339.75,
Dewayne Coleman,QB,2024,college_data,11.0,16.0,121.0,1.0,0.0,38.0,136.0,1.0,0,0,0,0,0,0,0,0,0.0,,,,68.75,,28.625,
Dewayne Coleman,QB,2025,college_data,19.0,36.0,273.0,2.0,2.0,85.0,297.0,3.0,0,0,0,0,0,0,0,0,0.0,,,,52.77777777777778,,62.525000000000006,
Dexter Williams II,QB,2024,college_data,19.0,30.0,248.0,3.0,0.0,12.0,45.0,1.0,0,0,0,0,0,0,0,0,0.0,,,,63.33333333333333,,34.7,
Dexter Williams II,QB,2025,college_data,67.0,125.0,787.0,6.0,3.0,41.0,153.0,3.0,0,0,0,0,0,0,0,0,0.0,,,,53.6,,82.975,
Dez Thomas II,QB,2024,college_data,2.0,3.0,19.0,0.0,0.0,2.0,2.0,0.0,0,0,0,0,0,0,0,0,0.0,,,,66.66666666666666,,0.675,
Dez Thomas II,QB,2025,college_data,128.0,223.0,1405.0,8.0,9.0,125.0,269.0,4.0,0,0,0,0,0,0,0,0,0.0,,,,57.399103139013455,,116.025,
Diego Pavia,QB,2024,college_data,177.0,298.0,2293.0,20.0,4.0,193.0,800.0,8.0,0,0,0,0,0,0,0,0,0.0,,,,59.395973154362416,,297.325,
Diego Pavia,QB,2025,college_data,267.0,378.0,3539.0,29.0,8.0,167.0,862.0,10.0,0,0,0,0,0,0,0,0,0.0,,,,70.63492063492063,,392.675,
Dijon Jennings,QB,2024,college_data,2.0,3.0,11.0,0.0,0.0,5.0,7.0,0.0,0,0,0,0,0,0,0,0,0.0,,,,66.66666666666666,,0.9750000000000001,
Dijon Jennings,QB,2025,college_data,99.0,148.0,831.0,4.0,5.0,34.0,35.0,1.0,0,0,0,0,0,0,0,0,0.0,,,,66.8918918918919,,44.275000000000006,
Dillon Gabriel,QB,2024,college_data,326.0,447.0,3857.0,30.0,6.0,75.0,149.0,7.0,0,0,0,0,0,0,0,0,0.0,,,,72.93064876957494,,321.32500000000005,
Dillon Gabriel,QB,2025,nflreadpy,110.0,185.0,937.0,7.0,2.0,14.0,86.0,0.0,0,19,-127,0,0,1078,500,45,-44.89784183595683,-3.919476614516732,1.2019257647625667,10.0,59.45945945945946,93.7,70.025,7.0025
Dom Nankil,QB,2024,college_data,0.0,1.0,0.0,0.0,0.0,2.0,9.0,0.0,0,0,0,0,0,0,0,0,0.0,,,,0.0,,0.9,
Dom Nankil,QB,2025,college_data,156.0,246.0,1941.0,13.0,3.0,55.0,113.0,2.0,0,0,0,0,0,0,0,0,0.0,,,,63.41463414634146,,143.825,
Dominic Campanile,QB,2025,college_data,53.0,88.0,514.0,1.0,1.0,27.0,-55.0,2.0,0,0,0,0,0,0,0,0,0.0,,,,60.22727272727273,,23.35,
Dominiq Ponder,QB,2025,college_data,0.0,1.0,0.0,0.0,0.0,2.0,-4.0,0.0,0,0,0,0,0,0,0,0,0.0,,,,0.0,,-0.4,
Dominique Anthony,QB,2024,college_data,17.0,25.0,179.0,1.0,3.0,5.0,15.0,0.0,0,0,0,0,0,0,0,0,0.0,,,,68.0,,5.975000000000001,
Donovan Leary,QB,2024,college_data,2.0,5.0,29.0,0.0,0.0,0.0,0.0,0.0,0,0,0,0,0,0,0,0,0.0,,,,40.0,,0.7250000000000001,
Donovan Smith,QB,2024,college_data,87.0,133.0,867.0,4.0,8.0,66.0,159.0,3.0,0,0,0,0,0,0,0,0,0.0,,,,65.41353383458647,,63.575,
Dorian Thompson-Robinson,QB,2023,nflreadpy,60.0,112.0,440.0,1.0,4.0,14.0,65.0,0.0,1,6,-60,1,0,662,204,26,-39.52713009677772,-2.735478700553634,0.35842639913668345,7.0,53.57142857142857,62.857142857142854,17.5,2.5
Dorian Thompson-Robinson,QB,2024,nflreadpy,61.0,118.0,440.0,0.0,6.0,21.0,122.0,0.0,0,8,-47,2,1,710,251,20,-71.14114697335754,-20.75771442595011,0.46109460737136193,6.0,51.69491525423729,73.33333333333333,9.200000000000003,1.5333333333333339
Drake Lindsey,QB,2024,college_data,4.0,5.0,50.0,1.0,0.0,1.0,6.0,0.0,0,0,0,0,0,0,0,0,0.0,,,,80.0,,7.85,
Drake Lindsey,QB,2025,college_data,246.0,389.0,2382.0,18.0,6.0,34.0,-119.0,4.0,0,0,0,0,0,0,0,0,0.0,,,,63.239074550128535,,167.65,
Drake Maye,QB,2024,nflreadpy,225.0,338.0,2276.0,15.0,10.0,54.0,421.0,2.0,0,34,-229,5,4,2473,1192,112,-26.453309328381344,-5.64297694871892,0.8293346223885181,13.0,66.5680473372781,175.07692307692307,173.0,13.307692307692308
Drake Maye,QB,2025,nflreadpy,424.0,612.0,5222.0,37.0,12.0,132.0,628.0,5.0,1,68,-334,12,6,5725,2154,238,125.68553368048794,8.903435001073783,0.9860750686951821,21.0,69.28104575163398,248.66666666666666,411.35,19.58809523809524
Drake Maye,QB,2026,nflreadpy,73.0,117.0,854.0,4.0,7.0,23.0,136.0,0.0,0,10,-45,2,2,1070,315,36,-9.027113983592537,2.0803971725377255,0.8237517056464267,4.0,62.39316239316239,213.5,40.95,10.2375
Draylen Ellis,QB,2024,college_data,253.0,408.0,2996.0,21.0,8.0,74.0,89.0,3.0,0,0,0,0,0,0,0,0,0.0,,,,62.00980392156863,,211.8,
Drew Allar,QB,2024,college_data,262.0,394.0,3327.0,24.0,8.0,96.0,302.0,6.0,0,0,0,0,0,0,0,0,0.0,,,,66.49746192893402,,277.375,
Drew Allar,QB,2025,college_data,103.0,159.0,1100.0,8.0,3.0,36.0,172.0,1.0,0,0,0,0,0,0,0,0,0.0,,,,64.77987421383648,,92.7,
Drew Brees,QB,2018,nflreadpy,418.0,567.0,4542.0,36.0,7.0,36.0,20.0,4.0,0,21,-146,3,1,4115,2096,225,168.80096418382155,6.154635633935721,1.212674334866909,17.0,73.72134038800705,267.1764705882353,339.55,19.973529411764705
Drew Brees,QB,2019,nflreadpy,307.0,411.0,3187.0,28.0,5.0,10.0,1.0,1.0,0,15,-120,1,1,2625,1582,170,78.57683413268262,5.440814806975427,1.2106465152908978,12.0,74.69586374695864,265.5833333333333,241.775,20.147916666666667
Drew Brees,QB,2020,nflreadpy,322.0,463.0,3341.0,27.0,9.0,23.0,3.0,2.0,0,13,-89,5,2,2723,1700,169,63.825985748036665,0.16564873470870367,1.2733279168266896,14.0,69.54643628509719,238.64285714285714,235.825,16.844642857142855
Drew Devillier,QB,2024,college_data,20.0,38.0,137.0,0.0,0.0,9.0,20.0,0.0,0,0,0,0,0,0,0,0,0.0,,,,52.63157894736842,,5.425000000000001,
Drew Devillier,QB,2025,college_data,10.0,21.0,123.0,1.0,0.0,9.0,25.0,0.0,0,0,0,0,0,0,0,0,0.0,,,,47.61904761904761,,11.575,
Drew Dickey,QB,2025,college_data,1.0,2.0,28.0,0.0,0.0,3.0,13.0,1.0,0,0,0,0,0,0,0,0,0.0,,,,50.0,,8.0,
Drew Eason,QB,2024,college_data,21.0,48.0,250.0,0.0,3.0,15.0,-3.0,0.0,0,0,0,0,0,0,0,0,0.0,,,,43.75,,-0.04999999999999982,
Drew Lock,QB,2019,nflreadpy,100.0,156.0,1020.0,7.0,3.0,18.0,72.0,0.0,0,5,-26,1,0,1065,550,54,13.724927441140382,0.5284058498235542,0.9748849987847643,5.0,64.1025641025641,204.0,68.7,13.74
Drew Lock,QB,2020,nflreadpy,254.0,443.0,2933.0,16.0,15.0,44.0,160.0,3.0,0,19,-123,4,3,3908,1394,145,-35.506874665106324,-6.693927417176487,0.7919148972032242,13.0,57.33634311512416,225.6153846153846,167.325,12.871153846153845
Drew Lock,QB,2021,nflreadpy,67.0,111.0,787.0,2.0,2.0,10.0,53.0,2.0,0,9,-52,1,0,1107,350,32,-9.218843522528495,-3.865517367866932,0.7562510871272746,6.0,60.36036036036037,131.16666666666666,44.975,7.495833333333334
Drew Lock,QB,2023,nflreadpy,48.0,76.0,543.0,3.0,3.0,5.0,14.0,0.0,0,6,-26,0,0,621,305,20,-1.600722791097846,-15.490615990773964,0.820123494847566,4.0,63.1578947368421,135.75,26.975,6.74375
Drew Lock,QB,2024,nflreadpy,107.0,181.0,1071.0,6.0,5.0,18.0,133.0,2.0,0,12,-88,3,2,1107,611,45,-41.6694468111007,-2.583055392479435,0.8177739603267414,7.0,59.11602209944752,153.0,74.075,10.582142857142857
Drew Lock,QB,2025,nflreadpy,2.0,3.0,15.0,0.0,0.0,6.0,-5.0,0.0,0,0,0,0,0,5,16,1,-0.8927228087559342,-14.289780457814535,3.0,3.0,66.66666666666666,5.0,-0.125,-0.041666666666666664
Drew Lock,QB,2026,nflreadpy,35.0,48.0,422.0,4.0,0.0,2.0,13.0,0.0,0,2,-23,0,0,366,210,20,22.533870438133924,6.721697846701095,1.1902830158780464,2.0,72.91666666666666,211.0,35.85,17.925
Drew Mestemaker,QB,2024,college_data,30.0,46.0,462.0,2.0,2.0,14.0,87.0,1.0,0,0,0,0,0,0,0,0,0.0,,,,65.21739130434783,,34.25,
Drew Mestemaker,QB,2025,college_data,319.0,465.0,4369.0,34.0,9.0,57.0,89.0,5.0,0,0,0,0,0,0,0,0,0.0,,,,68.60215053763442,,334.125,
Drew Pyne,QB,2024,college_data,49.0,82.0,391.0,3.0,3.0,15.0,21.0,0.0,0,0,0,0,0,0,0,0,0.0,,,,59.756097560975604,,23.875,
Drew Pyne,QB,2025,college_data,94.0,151.0,882.0,4.0,5.0,30.0,-14.0,0.0,0,0,0,0,0,0,0,0,0.0,,,,62.251655629139066,,34.650000000000006,
Drew VanVleet,QB,2024,college_data,194.0,312.0,1972.0,18.0,10.0,54.0,-239.0,0.0,0,0,0,0,0,0,0,0,0.0,,,,62.17948717948718,,113.4,
Drew VanVleet,QB,2025,college_data,44.0,75.0,532.0,5.0,3.0,16.0,-57.0,0.0,0,0,0,0,0,0,0,0,0.0,,,,58.666666666666664,,31.6,
Dru Deshields,QB,2025,college_data,136.0,240.0,2030.0,18.0,3.0,61.0,38.0,3.0,0,0,0,0,0,0,0,0,0.0,,,,56.666666666666664,,174.55,
Duce Taylor,QB,2024,college_data,80.0,115.0,833.0,3.0,0.0,31.0,8.0,0.0,0,0,0,0,0,0,0,0,0.0,,,,69.56521739130434,,39.625,
Dustin Fletcher,QB,2024,college_data,5.0,9.0,43.0,0.0,0.0,25.0,102.0,2.0,0,0,0,0,0,0,0,0,0.0,,,,55.55555555555556,,23.275,
Dwayne Haskins,QB,2019,nflreadpy,119.0,203.0,1365.0,7.0,7.0,20.0,101.0,0.0,0,29,-204,3,2,1751,615,65,-52.23089594989867,-4.583710935772897,0.9027097815977814,9.0,58.620689655172406,151.66666666666666,68.225,7.580555555555555
Dwayne Haskins,QB,2020,nflreadpy,148.0,241.0,1439.0,5.0,7.0,20.0,46.0,1.0,0,20,-141,5,3,1622,867,73,-40.51915050245559,-7.633124488768636,0.9475728015486647,7.0,61.41078838174274,205.57142857142858,56.575,8.082142857142857
Dylan Laible,QB,2024,college_data,84.0,147.0,913.0,4.0,4.0,21.0,-113.0,0.0,0,0,0,0,0,0,0,0,0.0,,,,57.14285714285714,,27.525000000000006,
Dylan Lonergan,QB,2024,college_data,5.0,6.0,23.0,0.0,0.0,1.0,16.0,0.0,0,0,0,0,0,0,0,0,0.0,,,,83.33333333333334,,2.1750000000000003,
Dylan Lonergan,QB,2025,college_data,190.0,284.0,2025.0,12.0,5.0,36.0,-37.0,1.0,0,0,0,0,0,0,0,0,0.0,,,,66.90140845070422,,114.925,
Dylan Morris,QB,2024,college_data,1.0,1.0,6.0,0.0,0.0,0.0,0.0,0.0,0,0,0,0,0,0,0,0,0.0,,,,100.0,,0.15000000000000002,
Dylan Raiola,QB,2024,college_data,274.0,409.0,2806.0,13.0,11.0,50.0,-65.0,0.0,0,0,0,0,0,0,0,0,0.0,,,,66.99266503667481,,119.65,
Dylan Raiola,QB,2025,college_data,181.0,250.0,2000.0,18.0,6.0,46.0,-87.0,0.0,0,0,0,0,0,0,0,0,0.0,,,,72.39999999999999,,137.3,
Dylan Rizk,QB,2024,college_data,73.0,118.0,915.0,5.0,2.0,29.0,43.0,0.0,0,0,0,0,0,0,0,0,0.0,,,,61.86440677966102,,53.175,
Dylan Wittke,QB,2025,college_data,1.0,3.0,7.0,0.0,1.0,0.0,0.0,0.0,0,0,0,0,0,0,0,0,0.0,,,,33.33333333333333,,-1.825,
E.J. Warner,QB,2024,college_data,271.0,438.0,2710.0,17.0,13.0,29.0,12.0,1.0,0,0,0,0,0,0,0,0,0.0,,,,61.87214611872146,,150.95,
E.J. Warner,QB,2025,college_data,192.0,277.0,2030.0,13.0,11.0,50.0,148.0,1.0,0,0,0,0,0,0,0,0,0.0,,,,69.31407942238266,,127.55000000000001,
EJ Caminong,QB,2024,college_data,6.0,19.0,57.0,0.0,0.0,10.0,18.0,0.0,0,0,0,0,0,0,0,0,0.0,,,,31.57894736842105,,3.225,
EJ Colson,QB,2024,college_data,9.0,16.0,64.0,1.0,1.0,13.0,14.0,0.0,0,0,0,0,0,0,0,0,0.0,,,,56.25,,7.0,
EJ Colson,QB,2025,college_data,210.0,296.0,2142.0,16.0,4.0,108.0,287.0,3.0,0,0,0,0,0,0,0,0,0.0,,,,70.94594594594594,,188.25,
Ean Rodrigue,QB,2024,college_data,0.0,1.0,0.0,0.0,1.0,3.0,52.0,1.0,0,0,0,0,0,0,0,0,0.0,,,,0.0,,9.2,
Ean Rodrigue,QB,2025,college_data,84.0,128.0,916.0,6.0,1.0,68.0,252.0,2.0,0,0,0,0,0,0,0,0,0.0,,,,65.625,,94.10000000000001,
Earl Woods,QB,2025,college_data,33.0,48.0,285.0,1.0,1.0,35.0,287.0,3.0,0,0,0,0,0,0,0,0,0.0,,,,68.75,,57.825,
Easton Stick,QB,2020,nflreadpy,1.0,1.0,4.0,0.0,0.0,1.0,-2.0,0.0,0,0,0,0,0,0,4,0,-0.2389741421211511,21.72062397003174,0.0,1.0,100.0,4.0,-0.1,-0.1
Easton Stick,QB,2023,nflreadpy,111.0,174.0,1129.0,3.0,1.0,27.0,144.0,1.0,0,14,-122,5,4,1204,581,53,-34.01198611579233,-4.90620581277713,1.0068919615628134,5.0,63.793103448275865,225.8,56.625,11.325
Eddie Lee Marburger,QB,2024,college_data,22.0,40.0,234.0,2.0,3.0,9.0,33.0,0.0,0,0,0,0,0,0,0,0,0.0,,,,55.00000000000001,,15.149999999999999,
Eddie Lee Marburger,QB,2025,college_data,198.0,304.0,2731.0,31.0,7.0,79.0,318.0,4.0,0,0,0,0,0,0,0,0,0.0,,,,65.13157894736842,,296.075,
Eli Anderson,QB,2025,college_data,29.0,52.0,290.0,2.0,1.0,29.0,23.0,0.0,0,0,0,0,0,0,0,0,0.0,,,,55.769230769230774,,19.55,
Eli Brickhandler,QB,2024,college_data,36.0,72.0,491.0,4.0,2.0,55.0,236.0,1.0,0,0,0,0,0,0,0,0,0.0,,,,50.0,,61.875,
Eli Holstein,QB,2024,college_data,179.0,290.0,2225.0,17.0,7.0,81.0,328.0,3.0,0,0,0,0,0,0,0,0,0.0,,,,61.724137931034484,,194.425,
Eli Holstein,QB,2025,college_data,77.0,125.0,1081.0,12.0,6.0,36.0,88.0,1.0,0,0,0,0,0,0,0,0,0.0,,,,61.6,,101.825,
Eli Manning,QB,2018,nflreadpy,380.0,576.0,4299.0,21.0,11.0,15.0,20.0,1.0,0,47,-358,7,4,4229,2162,206,29.09834421025058,1.8735371342885738,1.091934903749116,16.0,65.97222222222221,268.6875,211.47500000000002,13.217187500000001
Eli Manning,QB,2019,nflreadpy,91.0,147.0,1042.0,6.0,5.0,4.0,7.0,0.0,0,5,-44,2,1,1199,417,47,-6.980309829768172,-2.387128822910868,0.8778777564036419,4.0,61.904761904761905,260.5,50.75,12.6875
Eli Sawyer,QB,2024,college_data,211.0,338.0,1840.0,12.0,8.0,39.0,-69.0,1.0,0,0,0,0,0,0,0,0,0.0,,,,62.42603550295858,,101.1,
Elijah Brown,QB,2024,college_data,28.0,48.0,274.0,2.0,3.0,14.0,-23.0,0.0,0,0,0,0,0,0,0,0,0.0,,,,58.333333333333336,,10.55,
Elijah Brown,QB,2025,college_data,74.0,127.0,829.0,4.0,2.0,17.0,-96.0,0.0,0,0,0,0,0,0,0,0,0.0,,,,58.26771653543307,,31.125,
Elijah Owens,QB,2024,college_data,181.0,263.0,1715.0,12.0,5.0,167.0,632.0,8.0,0,0,0,0,0,0,0,0,0.0,,,,68.8212927756654,,216.075,
Elijah Owens,QB,2025,college_data,28.0,37.0,317.0,3.0,1.0,31.0,112.0,0.0,0,0,0,0,0,0,0,0,0.0,,,,75.67567567567568,,35.125,
Emmett Brown,QB,2024,college_data,125.0,217.0,1621.0,16.0,5.0,26.0,-23.0,1.0,0,0,0,0,0,0,0,0,0.0,,,,57.6036866359447,,130.22500000000002,
Emory Williams,QB,2024,college_data,16.0,26.0,187.0,1.0,1.0,0.0,0.0,0.0,0,0,0,0,0,0,0,0,0.0,,,,61.53846153846154,,8.675,
Emory Williams,QB,2025,college_data,13.0,19.0,156.0,0.0,0.0,4.0,19.0,0.0,0,0,0,0,0,0,0,0,0.0,,,,68.42105263157895,,5.800000000000001,
Enzo Arjona,QB,2024,college_data,46.0,77.0,320.0,2.0,3.0,15.0,-6.0,0.0,0,0,0,0,0,0,0,0,0.0,,,,59.74025974025974,,13.399999999999999,
Eric Gibson Jr.,QB,2025,college_data,232.0,355.0,2502.0,11.0,11.0,31.0,29.0,0.0,0,0,0,0,0,0,0,0,0.0,,,,65.35211267605634,,109.44999999999999,
Eric Handley,QB,2025,college_data,132.0,226.0,1360.0,8.0,6.0,38.0,34.0,0.0,0,0,0,0,0,0,0,0,0.0,,,,58.4070796460177,,73.4,
Eric Rodriguez,QB,2024,college_data,29.0,49.0,246.0,1.0,3.0,13.0,-13.0,0.0,0,0,0,0,0,0,0,0,0.0,,,,59.183673469387756,,4.850000000000001,
Eric Rodriguez,QB,2025,college_data,123.0,206.0,1402.0,11.0,8.0,80.0,132.0,2.0,0,0,0,0,0,0,0,0,0.0,,,,59.70873786407766,,110.25,
Ethan Crawford,QB,2024,college_data,50.0,120.0,849.0,0.0,7.0,97.0,209.0,3.0,0,0,0,0,0,0,0,0,0.0,,,,41.66666666666667,,46.125,
Ethan Drumm,QB,2025,college_data,18.0,41.0,279.0,3.0,0.0,13.0,-55.0,0.0,0,0,0,0,0,0,0,0,0.0,,,,43.90243902439025,,19.475,
Ethan Garbers,QB,2024,college_data,235.0,363.0,2727.0,16.0,11.0,83.0,137.0,1.0,0,0,0,0,0,0,0,0,0.0,,,,64.73829201101928,,161.875,
Ethan Greenwood,QB,2024,college_data,50.0,93.0,780.0,6.0,2.0,140.0,846.0,5.0,0,0,0,0,0,0,0,0,0.0,,,,53.76344086021505,,166.10000000000002,
Ethan Greenwood,QB,2025,college_data,52.0,92.0,645.0,3.0,3.0,102.0,416.0,4.0,0,0,0,0,0,0,0,0,0.0,,,,56.52173913043478,,93.725,
Ethan Grunkemeyer,QB,2024,college_data,1.0,2.0,9.0,0.0,1.0,0.0,0.0,0.0,0,0,0,0,0,0,0,0,0.0,,,,50.0,,-1.775,
Ethan Grunkemeyer,QB,2025,college_data,123.0,178.0,1339.0,8.0,4.0,35.0,-46.0,1.0,0,0,0,0,0,0,0,0,0.0,,,,69.10112359550563,,74.875,
Ethan Hampton,QB,2024,college_data,143.0,245.0,1608.0,12.0,6.0,53.0,129.0,2.0,0,0,0,0,0,0,0,0,0.0,,,,58.36734693877551,,125.1,
Ethan Hampton,QB,2025,college_data,3.0,4.0,27.0,0.0,1.0,0.0,0.0,0.0,0,0,0,0,0,0,0,0,0.0,,,,75.0,,-1.325,
Ethan Houck,QB,2025,college_data,1.0,6.0,17.0,0.0,1.0,7.0,24.0,0.0,0,0,0,0,0,0,0,0,0.0,,,,16.666666666666664,,0.8250000000000002,
Ethan Lane,QB,2025,college_data,1.0,3.0,10.0,0.0,0.0,0.0,0.0,0.0,0,0,0,0,0,0,0,0,0.0,,,,33.33333333333333,,0.25,
Ethan Vasko,QB,2024,college_data,148.0,271.0,2120.0,14.0,8.0,107.0,447.0,5.0,0,0,0,0,0,0,0,0,0.0,,,,54.61254612546126,,195.7,
Ethan Vasko,QB,2025,college_data,151.0,266.0,1961.0,10.0,12.0,100.0,258.0,5.0,0,0,0,0,0,0,0,0,0.0,,,,56.766917293233085,,140.825,
Evan Bullock,QB,2024,college_data,199.0,302.0,2107.0,14.0,3.0,63.0,-126.0,1.0,0,0,0,0,0,0,0,0,0.0,,,,65.89403973509934,,124.07499999999999,
Evan Bullock,QB,2025,college_data,26.0,46.0,243.0,0.0,2.0,12.0,-5.0,0.0,0,0,0,0,0,0,0,0,0.0,,,,56.52173913043478,,1.5750000000000002,
Evan Simon,QB,2024,college_data,181.0,308.0,2032.0,15.0,9.0,87.0,20.0,3.0,0,0,0,0,0,0,0,0,0.0,,,,58.76623376623377,,142.8,
Evan Simon,QB,2025,college_data,190.0,314.0,2098.0,25.0,2.0,75.0,191.0,2.0,0,0,0,0,0,0,0,0,0.0,,,,60.509554140127385,,229.55,
Fernando Mendoza,QB,2024,college_data,265.0,386.0,3004.0,16.0,6.0,87.0,105.0,2.0,0,0,0,0,0,0,0,0,0.0,,,,68.65284974093264,,181.60000000000002,
Fernando Mendoza,QB,2025,college_data,273.0,379.0,3535.0,41.0,6.0,90.0,276.0,7.0,0,0,0,0,0,0,0,0,0.0,,,,72.0316622691293,,391.975,
Forrest Brock,QB,2024,college_data,60.0,103.0,541.0,1.0,5.0,28.0,28.0,1.0,0,0,0,0,0,0,0,0,0.0,,,,58.252427184466015,,18.325,
Frankie Savino,QB,2024,college_data,3.0,4.0,13.0,1.0,0.0,2.0,3.0,0.0,0,0,0,0,0,0,0,0,0.0,,,,75.0,,6.625,
Frankie Weaver,QB,2025,college_data,101.0,154.0,1331.0,14.0,3.0,12.0,-102.0,0.0,0,0,0,0,0,0,0,0,0.0,,,,65.5844155844156,,101.07499999999999,
Gabarri Johnson,QB,2024,college_data,15.0,29.0,174.0,0.0,1.0,26.0,106.0,1.0,0,0,0,0,0,0,0,0,0.0,,,,51.724137931034484,,18.950000000000003,
Gabarri Johnson,QB,2025,college_data,62.0,100.0,501.0,2.0,3.0,34.0,119.0,1.0,0,0,0,0,0,0,0,0,0.0,,,,62.0,,36.425,
Gabe Downing,QB,2024,college_data,1.0,2.0,10.0,0.0,0.0,0.0,0.0,0.0,0,0,0,0,0,0,0,0,0.0,,,,50.0,,0.25,
Gabe Downing,QB,2025,college_data,15.0,26.0,140.0,0.0,2.0,4.0,15.0,0.0,0,0,0,0,0,0,0,0,0.0,,,,57.692307692307686,,1.0,
Gabe Passini,QB,2025,college_data,20.0,34.0,239.0,2.0,2.0,67.0,400.0,3.0,0,0,0,0,0,0,0,0,0.0,,,,58.82352941176471,,71.975,
Gardner Minshew,QB,2019,nflreadpy,285.0,470.0,3271.0,21.0,6.0,67.0,344.0,0.0,0,33,-184,9,5,3472,1531,150,-12.463492822133723,-3.87417558067094,1.0135949872828491,14.0,60.63829787234043,233.64285714285714,220.175,15.726785714285715
Gardner Minshew,QB,2020,nflreadpy,216.0,327.0,2259.0,16.0,5.0,29.0,153.0,1.0,0,27,-147,4,4,2558,1016,117,16.78118177080021,5.170852073063754,0.9769888436819699,9.0,66.05504587155964,251.0,155.775,17.308333333333334
Gardner Minshew,QB,2021,nflreadpy,41.0,60.0,439.0,4.0,1.0,9.0,21.0,0.0,0,5,-31,1,0,346,263,24,15.881597512397237,8.178848088389694,0.8780738506228701,3.0,68.33333333333333,146.33333333333334,35.075,11.691666666666668
Gardner Minshew,QB,2022,nflreadpy,44.0,76.0,663.0,3.0,3.0,9.0,1.0,1.0,0,6,-28,1,0,717,251,30,7.425531540988395,-4.008070079554968,0.9879472405931216,6.0,57.89473684210527,110.5,34.675,5.779166666666666
Gardner Minshew,QB,2023,nflreadpy,305.0,490.0,3305.0,15.0,9.0,34.0,100.0,3.0,0,34,-187,6,5,3579,1566,147,-6.592706553653355,-5.417709024829008,0.9930342514504503,16.0,62.244897959183675,206.5625,172.625,10.7890625
Gardner Minshew,QB,2024,nflreadpy,203.0,306.0,2013.0,9.0,10.0,19.0,58.0,0.0,0,29,-164,4,3,1847,1099,106,-46.01077278283449,0.14575732643234537,1.1152047865084327,10.0,66.33986928104575,201.3,84.125,8.4125
Gardner Minshew,QB,2025,nflreadpy,6.0,13.0,37.0,0.0,1.0,6.0,2.0,0.0,0,0,0,0,0,68,31,2,-6.414683026901912,-14.620621662054742,0.5399305555555556,4.0,46.15384615384615,9.25,-0.875,-0.21875
Garret Rangel,QB,2024,college_data,17.0,33.0,192.0,2.0,1.0,9.0,91.0,0.0,0,0,0,0,0,0,0,0,0.0,,,,51.515151515151516,,23.9,
Garrett Bass-Sulpizio,QB,2025,college_data,186.0,289.0,1860.0,6.0,5.0,98.0,275.0,8.0,0,0,0,0,0,0,0,0,0.0,,,,64.3598615916955,,148.0,
Garrett Gilbert,QB,2018,nflreadpy,2.0,3.0,40.0,0.0,0.0,0.0,0.0,0.0,0,1,-5,0,0,17,30,1,-0.35654913168400526,0.7060547669728597,2.3529411764705883,1.0,66.66666666666666,40.0,1.0,1.0
Garrett Gilbert,QB,2019,nflreadpy,0.0,3.0,0.0,0.0,0.0,3.0,-3.0,0.0,0,0,0,0,0,47,0,0,-1.0598793326935265,-66.51498079299927,0.0,5.0,0.0,0.0,-0.30000000000000004,-0.06000000000000001
Garrett Gilbert,QB,2020,nflreadpy,21.0,38.0,243.0,1.0,1.0,3.0,28.0,0.0,0,2,-23,0,0,348,52,10,-5.159788554968008,-6.425811712806289,0.6982758620689655,1.0,55.26315789473685,243.0,12.875,12.875
Garrett Gilbert,QB,2021,nflreadpy,20.0,31.0,194.0,0.0,0.0,0.0,0.0,0.0,0,2,-20,1,0,197,97,8,-2.7503931065014506,0.7595975697040558,0.9847715736040609,1.0,64.51612903225806,194.0,4.8500000000000005,4.8500000000000005
Garrett Greene,QB,2024,college_data,189.0,316.0,2300.0,15.0,12.0,133.0,751.0,6.0,0,0,0,0,0,0,0,0,0.0,,,,59.81012658227848,,234.60000000000002,
Garrett Nussmeier,QB,2024,college_data,336.0,524.0,4039.0,29.0,12.0,36.0,-39.0,3.0,0,0,0,0,0,0,0,0,0.0,,,,64.12213740458014,,265.075,
Garrett Nussmeier,QB,2025,college_data,194.0,288.0,1927.0,12.0,5.0,29.0,-57.0,1.0,0,0,0,0,0,0,0,0,0.0,,,,67.36111111111111,,110.475,
Garrison Davis,QB,2025,college_data,13.0,20.0,86.0,0.0,0.0,14.0,48.0,1.0,0,0,0,0,0,0,0,0,0.0,,,,65.0,,12.950000000000001,
Gaston Moore,QB,2024,college_data,16.0,27.0,201.0,2.0,2.0,3.0,18.0,0.0,0,0,0,0,0,0,0,0,0.0,,,,59.25925925925925,,14.825,
Gaston Moore,QB,2025,college_data,34.0,48.0,290.0,2.0,2.0,15.0,-9.0,0.0,0,0,0,0,0,0,0,0,0.0,,,,70.83333333333334,,14.350000000000001,
Gavin Rupp,QB,2025,college_data,18.0,29.0,225.0,1.0,4.0,9.0,-35.0,0.0,0,0,0,0,0,0,0,0,0.0,,,,62.06896551724138,,0.125,
Gavin Rutherford,QB,2024,college_data,75.0,122.0,836.0,4.0,2.0,48.0,68.0,3.0,0,0,0,0,0,0,0,0,0.0,,,,61.47540983606557,,65.7,
Gavin Rutherford,QB,2025,college_data,51.0,82.0,542.0,6.0,2.0,35.0,176.0,6.0,0,0,0,0,0,0,0,0,0.0,,,,62.19512195121951,,99.15,
Gavin Wimsatt,QB,2024,college_data,16.0,39.0,287.0,3.0,4.0,49.0,183.0,2.0,0,0,0,0,0,0,0,0,0.0,,,,41.02564102564102,,47.475,
Gavin Wimsatt,QB,2025,college_data,63.0,112.0,731.0,4.0,2.0,52.0,263.0,4.0,0,0,0,0,0,0,0,0,0.0,,,,56.25,,88.575,
General Booty,QB,2024,college_data,29.0,54.0,306.0,2.0,2.0,11.0,16.0,0.0,0,0,0,0,0,0,0,0,0.0,,,,53.70370370370371,,17.25,
Geno Smith,QB,2018,nflreadpy,1.0,4.0,8.0,0.0,0.0,8.0,2.0,0.0,0,1,-16,1,1,11,11,0,-6.86530107389159,-18.635079264640808,0.0,4.0,25.0,2.0,-1.6,-0.4
Geno Smith,QB,2020,nflreadpy,4.0,5.0,33.0,0.0,0.0,2.0,-2.0,0.0,0,1,-3,0,0,25,14,3,0.6387938609695993,9.432286024093628,1.32,1.0,80.0,33.0,0.625,0.625
Geno Smith,QB,2021,nflreadpy,65.0,95.0,702.0,5.0,1.0,9.0,42.0,1.0,0,13,-117,1,1,664,360,31,-1.2367402815664583,6.451777850559031,1.1854748703134221,4.0,68.42105263157895,175.5,53.75,13.4375
Geno Smith,QB,2022,nflreadpy,424.0,607.0,4535.0,32.0,12.0,72.0,394.0,1.0,0,49,-373,6,3,4637,1857,220,29.69246698966034,6.023745316421489,1.0766373653877979,18.0,69.8517298187809,251.94444444444446,320.775,17.820833333333333
Geno Smith,QB,2023,nflreadpy,323.0,499.0,3624.0,20.0,9.0,37.0,155.0,1.0,0,31,-231,4,2,3500,1714,169,34.54653651417416,1.8974714348044623,1.0550475960196983,15.0,64.72945891783567,241.6,210.10000000000002,14.006666666666668
Geno Smith,QB,2024,nflreadpy,407.0,578.0,4320.0,21.0,15.0,53.0,272.0,2.0,0,50,-338,3,0,3996,2181,209,21.75309638779609,6.6361556610956,1.2476366042288105,17.0,70.41522491349481,254.11764705882354,243.2,14.305882352941175
Geno Smith,QB,2025,nflreadpy,302.0,448.0,3025.0,19.0,17.0,41.0,109.0,0.0,0,55,-405,3,1,2762,1713,148,-72.92140604885863,1.2797004851556701,1.3603876654884837,15.0,67.41071428571429,201.66666666666666,164.525,10.968333333333334
Geno Smith,QB,2026,nflreadpy,85.0,117.0,902.0,5.0,0.0,13.0,36.0,0.0,0,12,-94,1,1,834,412,38,20.062806388697695,5.515656592729299,1.135072488048208,4.0,72.64957264957265,225.5,54.150000000000006,13.537500000000001
George MacIntyre,QB,2025,college_data,7.0,9.0,69.0,0.0,0.0,0.0,0.0,0.0,0,0,0,0,0,0,0,0,0.0,,,,77.77777777777779,,1.725,
Gerry Bohannon,QB,2024,college_data,3.0,4.0,27.0,0.0,1.0,7.0,30.0,0.0,0,0,0,0,0,0,0,0,0.0,,,,75.0,,1.6749999999999998,
Gevani McCoy,QB,2024,college_data,123.0,202.0,1300.0,3.0,6.0,59.0,328.0,5.0,0,0,0,0,0,0,0,0,0.0,,,,60.89108910891089,,101.30000000000001,
Gevani McCoy,QB,2025,college_data,24.0,33.0,256.0,2.0,0.0,16.0,31.0,0.0,0,0,0,0,0,0,0,0,0.0,,,,72.72727272727273,,21.5,
Gino English,QB,2024,college_data,46.0,80.0,761.0,7.0,8.0,16.0,35.0,3.0,0,0,0,0,0,0,0,0,0.0,,,,57.49999999999999,,66.525,
Giovanni Lopez,QB,2024,college_data,205.0,311.0,2557.0,18.0,5.0,82.0,465.0,7.0,0,0,0,0,0,0,0,0,0.0,,,,65.91639871382637,,250.425,
Giovanni Lopez,QB,2025,college_data,170.0,261.0,1747.0,10.0,5.0,86.0,133.0,3.0,0,0,0,0,0,0,0,0,0.0,,,,65.13409961685824,,124.97500000000002,
Graham Knowles,QB,2025,college_data,1.0,1.0,84.0,1.0,0.0,0.0,0.0,0.0,0,0,0,0,0,0,0,0,0.0,,,,100.0,,8.1,
Graham Mertz,QB,2024,college_data,72.0,94.0,791.0,6.0,2.0,18.0,56.0,1.0,0,0,0,0,0,0,0,0,0.0,,,,76.59574468085107,,63.375,
Grant Harper,QB,2024,college_data,5.0,6.0,61.0,1.0,0.0,4.0,14.0,0.0,0,0,0,0,0,0,0,0,0.0,,,,83.33333333333334,,8.925,
Grant Harper,QB,2025,college_data,19.0,41.0,261.0,3.0,2.0,13.0,45.0,0.0,0,0,0,0,0,0,0,0,0.0,,,,46.34146341463415,,25.025,
Grant Jordan,QB,2024,college_data,166.0,250.0,1938.0,22.0,3.0,77.0,360.0,5.0,0,0,0,0,0,0,0,0,0.0,,,,66.4,,240.45,
Grant Jordan,QB,2025,college_data,63.0,110.0,595.0,3.0,2.0,43.0,73.0,2.0,0,0,0,0,0,0,0,0,0.0,,,,57.27272727272727,,48.175,
Grant Sergent,QB,2024,college_data,180.0,301.0,2274.0,26.0,5.0,52.0,-114.0,0.0,0,0,0,0,0,0,0,0,0.0,,,,59.800664451827245,,191.45,
Grant Wilson,QB,2024,college_data,48.0,86.0,507.0,4.0,3.0,28.0,47.0,1.0,0,0,0,0,0,0,0,0,0.0,,,,55.81395348837209,,41.375,
Grant Wilson,QB,2025,college_data,1.0,1.0,5.0,0.0,0.0,1.0,6.0,0.0,0,0,0,0,0,0,0,0,0.0,,,,100.0,,0.7250000000000001,
Grayson James,QB,2024,college_data,106.0,166.0,1202.0,6.0,2.0,37.0,79.0,3.0,0,0,0,0,0,0,0,0,0.0,,,,63.85542168674698,,87.95,
Grayson James,QB,2025,college_data,87.0,151.0,1196.0,7.0,5.0,54.0,65.0,0.0,0,0,0,0,0,0,0,0,0.0,,,,57.615894039735096,,68.4,
Grayson Loftis,QB,2025,college_data,128.0,232.0,1415.0,8.0,8.0,47.0,-86.0,0.0,0,0,0,0,0,0,0,0,0.0,,,,55.172413793103445,,58.775000000000006,
Grayson McCall,QB,2024,college_data,53.0,80.0,518.0,3.0,2.0,19.0,53.0,0.0,0,0,0,0,0,0,0,0,0.0,,,,66.25,,32.25,
Grayson Saunier,QB,2024,college_data,47.0,74.0,533.0,5.0,1.0,42.0,230.0,8.0,0,0,0,0,0,0,0,0,0.0,,,,63.51351351351351,,112.325,
Grayson Saunier,QB,2025,college_data,183.0,279.0,2142.0,9.0,7.0,89.0,413.0,11.0,0,0,0,0,0,0,0,0,0.0,,,,65.59139784946237,,200.85000000000002,
Gunnar Gray,QB,2024,college_data,4.0,11.0,41.0,0.0,1.0,0.0,0.0,0.0,0,0,0,0,0,0,0,0,0.0,,,,36.36363636363637,,-0.9749999999999999,
Gunnar Gray,QB,2025,college_data,29.0,53.0,228.0,2.0,2.0,1.0,-6.0,0.0,0,0,0,0,0,0,0,0,0.0,,,,54.71698113207547,,13.100000000000001,
Gunnar Smith,QB,2025,college_data,243.0,429.0,2680.0,14.0,13.0,142.0,241.0,6.0,0,0,0,0,0,0,0,0,0.0,,,,56.64335664335665,,185.1,
Gunner Stockton,QB,2024,college_data,45.0,64.0,440.0,1.0,1.0,21.0,-13.0,0.0,0,0,0,0,0,0,0,0,0.0,,,,70.3125,,13.7,
Gunner Stockton,QB,2025,college_data,269.0,386.0,2894.0,24.0,5.0,129.0,462.0,10.0,0,0,0,0,0,0,0,0,0.0,,,,69.68911917098445,,312.55,
Haden Carlson,QB,2024,college_data,4.0,6.0,37.0,0.0,2.0,0.0,0.0,0.0,0,0,0,0,0,0,0,0,0.0,,,,66.66666666666666,,-3.075,
Haden Klees,QB,2024,college_data,0.0,1.0,0.0,0.0,0.0,2.0,5.0,0.0,0,0,0,0,0,0,0,0,0.0,,,,0.0,,0.5,
Hajj-Malik Williams,QB,2024,college_data,150.0,252.0,1941.0,19.0,5.0,161.0,851.0,9.0,0,0,0,0,0,0,0,0,0.0,,,,59.523809523809526,,291.625,
Hank Bachmeier,QB,2024,college_data,224.0,357.0,2593.0,16.0,10.0,96.0,141.0,1.0,0,0,0,0,0,0,0,0,0.0,,,,62.745098039215684,,160.925,
Hank Brown,QB,2024,college_data,27.0,43.0,403.0,6.0,3.0,3.0,10.0,0.0,0,0,0,0,0,0,0,0,0.0,,,,62.7906976744186,,41.075,
Hank Brown,QB,2025,college_data,11.0,21.0,107.0,1.0,1.0,3.0,-3.0,1.0,0,0,0,0,0,0,0,0,0.0,,,,52.38095238095239,,12.375,
Harris Boyd,QB,2024,college_data,1.0,1.0,14.0,0.0,0.0,1.0,4.0,1.0,0,0,0,0,0,0,0,0,0.0,,,,100.0,,6.75,
Harrison Bailey,QB,2024,college_data,24.0,33.0,227.0,3.0,0.0,2.0,17.0,0.0,0,0,0,0,0,0,0,0,0.0,,,,72.72727272727273,,25.375,
Harrison Barker,QB,2024,college_data,3.0,3.0,49.0,1.0,0.0,5.0,33.0,0.0,0,0,0,0,0,0,0,0,0.0,,,,100.0,,10.525,
Hauss Hejny,QB,2025,college_data,5.0,10.0,96.0,1.0,0.0,4.0,27.0,1.0,0,0,0,0,0,0,0,0,0.0,,,,50.0,,17.1,
Hayden Benoit,QB,2025,college_data,53.0,98.0,674.0,6.0,3.0,22.0,-6.0,0.0,0,0,0,0,0,0,0,0,0.0,,,,54.08163265306123,,46.25,
Hayden Fletcher,QB,2025,college_data,1.0,1.0,11.0,0.0,0.0,1.0,2.0,0.0,0,0,0,0,0,0,0,0,0.0,,,,100.0,,0.47500000000000003,
Hayden Johnson,QB,2024,college_data,111.0,166.0,1372.0,10.0,7.0,70.0,307.0,4.0,0,0,0,0,0,0,0,0,0.0,,,,66.86746987951807,,135.0,
Hayden Johnson,QB,2025,college_data,175.0,281.0,2511.0,18.0,6.0,76.0,451.0,4.0,0,0,0,0,0,0,0,0,0.0,,,,62.27758007117438,,227.875,
Hayden Wolff,QB,2024,college_data,208.0,312.0,2410.0,18.0,8.0,39.0,-101.0,0.0,0,0,0,0,0,0,0,0,0.0,,,,66.66666666666666,,142.15,
Haynes King,QB,2024,college_data,196.0,269.0,2114.0,14.0,2.0,126.0,577.0,11.0,0,0,0,0,0,0,0,0,0.0,,,,72.86245353159852,,256.55,
Haynes King,QB,2025,college_data,252.0,361.0,2951.0,14.0,6.0,185.0,953.0,15.0,0,0,0,0,0,0,0,0,0.0,,,,69.80609418282549,,331.07500000000005,
Hendon Hooker,QB,2024,nflreadpy,6.0,9.0,62.0,0.0,0.0,5.0,2.0,0.0,0,1,-9,0,0,58,30,3,-2.076887565394496,-11.88434229956733,1.1404040404040403,3.0,66.66666666666666,20.666666666666668,1.75,0.5833333333333334
Henry Belin IV,QB,2024,college_data,26.0,45.0,243.0,2.0,1.0,11.0,39.0,0.0,0,0,0,0,0,0,0,0,0.0,,,,57.77777777777777,,19.975,
Henry Belin IV,QB,2025,college_data,2.0,5.0,22.0,0.0,0.0,5.0,41.0,0.0,0,0,0,0,0,0,0,0,0.0,,,,40.0,,4.65,
Henry Hesson,QB,2024,college_data,7.0,17.0,93.0,1.0,0.0,7.0,17.0,0.0,0,0,0,0,0,0,0,0,0.0,,,,41.17647058823529,,10.025,
Henry Hesson,QB,2025,college_data,39.0,98.0,596.0,4.0,3.0,22.0,-6.0,0.0,0,0,0,0,0,0,0,0,0.0,,,,39.795918367346935,,32.3,
Hess Horne,QB,2024,college_data,24.0,40.0,200.0,2.0,2.0,4.0,-8.0,0.0,0,0,0,0,0,0,0,0,0.0,,,,60.0,,12.2,
Holden Geriner,QB,2024,college_data,2.0,2.0,33.0,0.0,0.0,1.0,6.0,0.0,0,0,0,0,0,0,0,0,0.0,,,,100.0,,1.4250000000000003,
Holden Geriner,QB,2025,college_data,0.0,1.0,0.0,0.0,0.0,2.0,10.0,0.0,0,0,0,0,0,0,0,0,0.0,,,,0.0,,1.0,
Holden Phillips,QB,2025,college_data,1.0,1.0,8.0,0.0,0.0,1.0,3.0,0.0,0,0,0,0,0,0,0,0,0.0,,,,100.0,,0.5,
Hollis Mathis,QB,2024,college_data,4.0,4.0,54.0,2.0,0.0,18.0,114.0,1.0,0,0,0,0,0,0,0,0,0.0,,,,100.0,,30.75,
Holman Edwards,QB,2024,college_data,0.0,1.0,0.0,0.0,0.0,0.0,0.0,0.0,0,0,0,0,0,0,0,0,0.0,,,,0.0,,0.0,
Hudson Card,QB,2024,college_data,144.0,248.0,1641.0,9.0,7.0,46.0,-27.0,0.0,0,0,0,0,0,0,0,0,0.0,,,,58.06451612903226,,78.325,
Hunter Hays,QB,2024,college_data,35.0,51.0,344.0,7.0,2.0,58.0,219.0,6.0,0,0,0,0,0,0,0,0,0.0,,,,68.62745098039215,,104.5,
Hunter Helms,QB,2024,college_data,100.0,162.0,1160.0,5.0,9.0,17.0,-3.0,1.0,0,0,0,0,0,0,0,0,0.0,,,,61.72839506172839,,46.7,
Hunter Najm,QB,2025,college_data,33.0,66.0,473.0,5.0,4.0,15.0,21.0,0.0,0,0,0,0,0,0,0,0,0.0,,,,50.0,,35.925,
Hunter Simmons,QB,2024,college_data,73.0,128.0,852.0,3.0,0.0,19.0,57.0,1.0,0,0,0,0,0,0,0,0,0.0,,,,57.03125,,51.0,
Hunter Simmons,QB,2025,college_data,62.0,118.0,664.0,2.0,7.0,14.0,-22.0,0.0,0,0,0,0,0,0,0,0,0.0,,,,52.54237288135594,,12.400000000000002,
Hunter Watson,QB,2024,college_data,175.0,281.0,1811.0,12.0,8.0,168.0,647.0,9.0,0,0,0,0,0,0,0,0,0.0,,,,62.27758007117438,,219.97500000000002,
Hunter Watson,QB,2025,college_data,104.0,182.0,1108.0,5.0,4.0,74.0,276.0,2.0,0,0,0,0,0,0,0,0,0.0,,,,57.14285714285714,,89.30000000000001,
Husan Longstreet,QB,2025,college_data,13.0,15.0,103.0,1.0,0.0,11.0,76.0,2.0,0,0,0,0,0,0,0,0,0.0,,,,86.66666666666667,,28.175,
Ian Book,QB,2021,nflreadpy,12.0,20.0,135.0,0.0,2.0,3.0,6.0,0.0,0,8,-54,0,0,76,81,5,-29.729809938871767,-7.278274496396382,1.7763157894736843,1.0,60.0,135.0,-0.02499999999999991,-0.02499999999999991
Ian Reynolds,QB,2025,college_data,0.0,1.0,0.0,0.0,0.0,1.0,3.0,0.0,0,0,0,0,0,0,0,0,0.0,,,,0.0,,0.30000000000000004,
Isaac Lee,QB,2025,college_data,31.0,54.0,279.0,2.0,2.0,21.0,145.0,1.0,0,0,0,0,0,0,0,0,0.0,,,,57.407407407407405,,35.475,
Isaac Wilson,QB,2024,college_data,127.0,225.0,1510.0,10.0,11.0,59.0,47.0,0.0,0,0,0,0,0,0,0,0,0.0,,,,56.44444444444444,,80.45,
Isaac Wilson,QB,2025,college_data,0.0,1.0,0.0,0.0,0.0,3.0,3.0,0.0,0,0,0,0,0,0,0,0,0.0,,,,0.0,,0.30000000000000004,
Isaiah Freeman,QB,2024,college_data,5.0,12.0,37.0,0.0,0.0,13.0,36.0,0.0,0,0,0,0,0,0,0,0,0.0,,,,41.66666666666667,,4.525,
Isaiah Freeman,QB,2025,college_data,35.0,67.0,343.0,3.0,2.0,43.0,248.0,1.0,0,0,0,0,0,0,0,0,0.0,,,,52.23880597014925,,53.375,
Isaiah Knowles,QB,2025,college_data,17.0,31.0,201.0,1.0,0.0,7.0,24.0,0.0,0,0,0,0,0,0,0,0,0.0,,,,54.83870967741935,,13.425,
Isaiah Marshall,QB,2025,college_data,3.0,3.0,28.0,0.0,0.0,15.0,160.0,0.0,0,0,0,0,0,0,0,0,0.0,,,,100.0,,16.7,
Israel Carter,QB,2024,college_data,11.0,14.0,195.0,4.0,0.0,10.0,46.0,0.0,0,0,0,0,0,0,0,0,0.0,,,,78.57142857142857,,33.475,
Israel Carter,QB,2025,college_data,18.0,32.0,132.0,0.0,1.0,15.0,40.0,0.0,0,0,0,0,0,0,0,0,0.0,,,,56.25,,5.300000000000001,
J.J. Kohl,QB,2025,college_data,133.0,216.0,1465.0,12.0,2.0,30.0,50.0,1.0,0,0,0,0,0,0,0,0,0.0,,,,61.57407407407407,,115.625,
J.J. McCarthy,QB,2025,nflreadpy,140.0,243.0,1632.0,11.0,12.0,37.0,181.0,4.0,0,27,-149,2,2,2142,692,80,-54.1059147833337,-4.79683457976911,0.8930893826403503,10.0,57.61316872427984,163.2,120.9,12.09
JC Evans,QB,2024,college_data,1.0,1.0,1.0,1.0,0.0,15.0,80.0,1.0,0,0,0,0,0,0,0,0,0.0,,,,100.0,,20.025,
JC Evans,QB,2025,college_data,0.0,2.0,0.0,0.0,0.0,6.0,45.0,1.0,0,0,0,0,0,0,0,0,0.0,,,,0.0,,10.5,
JC French,QB,2024,college_data,269.0,410.0,2831.0,17.0,11.0,118.0,238.0,2.0,0,0,0,0,0,0,0,0,0.0,,,,65.60975609756098,,186.575,
JC French,QB,2025,college_data,249.0,390.0,2924.0,20.0,8.0,133.0,315.0,6.0,0,0,0,0,0,0,0,0,0.0,,,,63.84615384615384,,244.60000000000002,
JD Davis II,QB,2025,college_data,18.0,32.0,218.0,2.0,3.0,15.0,-4.0,0.0,0,0,0,0,0,0,0,0,0.0,,,,56.25,,11.05,
JD Sherrod,QB,2024,college_data,2.0,7.0,18.0,0.0,0.0,13.0,67.0,0.0,0,0,0,0,0,0,0,0,0.0,,,,28.57142857142857,,7.15,
JD Sherrod,QB,2025,college_data,0.0,1.0,0.0,0.0,0.0,1.0,-3.0,0.0,0,0,0,0,0,0,0,0,0.0,,,,0.0,,-0.30000000000000004,
JP Pickles,QB,2024,college_data,29.0,50.0,218.0,0.0,1.0,39.0,133.0,1.0,0,0,0,0,0,0,0,0,0.0,,,,57.99999999999999,,22.75,
JP Pickles,QB,2025,college_data,5.0,8.0,61.0,0.0,1.0,25.0,80.0,0.0,0,0,0,0,0,0,0,0,0.0,,,,62.5,,7.525,
JT Fayard,QB,2024,college_data,76.0,158.0,996.0,5.0,8.0,36.0,-101.0,0.0,0,0,0,0,0,0,0,0,0.0,,,,48.10126582278481,,28.799999999999997,
JT Fayard,QB,2025,college_data,139.0,207.0,1471.0,13.0,3.0,19.0,-48.0,0.0,0,0,0,0,0,0,0,0,0.0,,,,67.14975845410628,,103.975,
JT Kitna,QB,2025,college_data,3.0,5.0,35.0,1.0,0.0,2.0,5.0,1.0,0,0,0,0,0,0,0,0,0.0,,,,60.0,,13.375,
Ja'Shawn Scroggins,QB,2024,college_data,123.0,231.0,1262.0,9.0,9.0,104.0,446.0,3.0,0,0,0,0,0,0,0,0,0.0,,,,53.246753246753244,,130.15,
Ja'Shawn Scroggins,QB,2025,college_data,6.0,18.0,37.0,1.0,1.0,10.0,26.0,0.0,0,0,0,0,0,0,0,0,0.0,,,,33.33333333333333,,7.525,
JaCobian Morgan,QB,2024,college_data,163.0,257.0,2236.0,21.0,8.0,98.0,321.0,6.0,0,0,0,0,0,0,0,0,0.0,,,,63.42412451361867,,234.0,
JaCobian Morgan,QB,2025,college_data,92.0,153.0,1179.0,10.0,2.0,42.0,282.0,3.0,0,0,0,0,0,0,0,0,0.0,,,,60.130718954248366,,131.675,
JacQai Long,QB,2025,college_data,6.0,18.0,31.0,0.0,0.0,15.0,38.0,1.0,0,0,0,0,0,0,0,0,0.0,,,,33.33333333333333,,10.575,
Jace Wilson,QB,2024,college_data,74.0,140.0,716.0,4.0,6.0,56.0,115.0,2.0,0,0,0,0,0,0,0,0,0.0,,,,52.85714285714286,,53.400000000000006,
Jace Wilson,QB,2025,college_data,6.0,10.0,203.0,2.0,0.0,6.0,28.0,1.0,0,0,0,0,0,0,0,0,0.0,,,,60.0,,25.875,
Jack Capaldi,QB,2024,college_data,124.0,250.0,1561.0,8.0,10.0,87.0,154.0,2.0,0,0,0,0,0,0,0,0,0.0,,,,49.6,,94.42500000000001,
Jack Henry,QB,2025,college_data,59.0,107.0,605.0,5.0,6.0,45.0,82.0,1.0,0,0,0,0,0,0,0,0,0.0,,,,55.140186915887845,,47.325,
Jack Jacobs,QB,2025,college_data,13.0,19.0,136.0,1.0,0.0,2.0,4.0,0.0,0,0,0,0,0,0,0,0,0.0,,,,68.42105263157895,,9.8,
Jack Johnson,QB,2025,college_data,19.0,41.0,205.0,1.0,1.0,14.0,24.0,0.0,0,0,0,0,0,0,0,0,0.0,,,,46.34146341463415,,11.525,
Jack Lausch,QB,2024,college_data,159.0,296.0,1714.0,7.0,8.0,87.0,213.0,2.0,0,0,0,0,0,0,0,0,0.0,,,,53.71621621621622,,102.15,
Jack Layne,QB,2024,college_data,99.0,154.0,1477.0,14.0,4.0,26.0,18.0,1.0,0,0,0,0,0,0,0,0,0.0,,,,64.28571428571429,,120.725,
Jack Layne,QB,2025,college_data,213.0,327.0,2486.0,13.0,10.0,87.0,152.0,4.0,0,0,0,0,0,0,0,0,0.0,,,,65.13761467889908,,159.35000000000002,
Jack O'Connell,QB,2024,college_data,44.0,83.0,675.0,8.0,4.0,28.0,80.0,1.0,0,0,0,0,0,0,0,0,0.0,,,,53.01204819277109,,70.875,
Jack O'Connell,QB,2025,college_data,192.0,316.0,1838.0,14.0,6.0,88.0,86.0,1.0,0,0,0,0,0,0,0,0,0.0,,,,60.75949367088608,,132.55,
Jack Salopek,QB,2024,college_data,47.0,83.0,483.0,1.0,2.0,36.0,-5.0,0.0,0,0,0,0,0,0,0,0,0.0,,,,56.62650602409639,,13.575000000000003,
Jack Shields,QB,2025,college_data,158.0,304.0,1853.0,13.0,9.0,79.0,54.0,1.0,0,0,0,0,0,0,0,0,0.0,,,,51.973684210526315,,117.725,
Jack Snyder,QB,2025,college_data,165.0,232.0,1857.0,11.0,3.0,111.0,553.0,7.0,0,0,0,0,0,0,0,0,0.0,,,,71.12068965517241,,203.72500000000002,
Jack Stevens,QB,2024,college_data,6.0,9.0,68.0,0.0,0.0,6.0,7.0,0.0,0,0,0,0,0,0,0,0,0.0,,,,66.66666666666666,,2.4000000000000004,
Jack Stevens,QB,2025,college_data,71.0,115.0,511.0,2.0,8.0,76.0,223.0,3.0,0,0,0,0,0,0,0,0,0.0,,,,61.73913043478261,,49.075,
Jack Strand,QB,2026,nflreadpy,8.0,15.0,59.0,0.0,1.0,2.0,16.0,0.0,0,2,-13,1,1,53,52,4,-12.85961258248426,-21.318088259015763,1.1132075471698113,1.0,53.333333333333336,59.0,-0.9249999999999998,-0.9249999999999998
Jack Sulik,QB,2025,college_data,2.0,3.0,10.0,0.0,0.0,1.0,4.0,0.0,0,0,0,0,0,0,0,0,0.0,,,,66.66666666666666,,0.65,
Jack Turner,QB,2024,college_data,40.0,76.0,471.0,2.0,2.0,13.0,16.0,0.0,0,0,0,0,0,0,0,0,0.0,,,,52.63157894736842,,21.375,
Jack Tuttle,QB,2024,college_data,30.0,50.0,306.0,1.0,2.0,15.0,4.0,0.0,0,0,0,0,0,0,0,0,0.0,,,,60.0,,10.05,
Jack Wagner,QB,2024,college_data,90.0,167.0,1320.0,11.0,5.0,31.0,23.0,0.0,0,0,0,0,0,0,0,0,0.0,,,,53.89221556886228,,91.3,
Jack Wagner,QB,2025,college_data,29.0,45.0,324.0,2.0,3.0,18.0,13.0,0.0,0,0,0,0,0,0,0,0,0.0,,,,64.44444444444444,,15.399999999999999,
Jackson Akins,QB,2024,college_data,64.0,90.0,619.0,3.0,2.0,15.0,-18.0,0.0,0,0,0,0,0,0,0,0,0.0,,,,71.11111111111111,,27.675,
Jackson Akins,QB,2025,college_data,20.0,42.0,232.0,1.0,4.0,14.0,41.0,0.0,0,0,0,0,0,0,0,0,0.0,,,,47.61904761904761,,7.900000000000002,
Jackson Arnold,QB,2024,college_data,154.0,246.0,1421.0,12.0,3.0,150.0,444.0,3.0,0,0,0,0,0,0,0,0,0.0,,,,62.601626016260155,,163.925,
Jackson Arnold,QB,2025,college_data,136.0,215.0,1309.0,6.0,2.0,112.0,311.0,8.0,0,0,0,0,0,0,0,0,0.0,,,,63.25581395348837,,143.825,
Jackson Berry,QB,2024,college_data,117.0,187.0,1390.0,9.0,2.0,77.0,235.0,0.0,0,0,0,0,0,0,0,0,0.0,,,,62.56684491978609,,108.25,
Jackson Brousseau,QB,2024,college_data,3.0,6.0,15.0,0.0,1.0,1.0,8.0,0.0,0,0,0,0,0,0,0,0,0.0,,,,50.0,,-0.825,
Jackson Brousseau,QB,2025,college_data,128.0,201.0,1354.0,9.0,3.0,54.0,15.0,1.0,0,0,0,0,0,0,0,0,0.0,,,,63.681592039801,,89.35,
Jackson Byrd,QB,2025,college_data,7.0,10.0,142.0,3.0,0.0,8.0,41.0,1.0,0,0,0,0,0,0,0,0,0.0,,,,70.0,,31.65,
Jackson Gilkey,QB,2025,college_data,59.0,115.0,693.0,4.0,9.0,51.0,227.0,1.0,0,0,0,0,0,0,0,0,0.0,,,,51.30434782608696,,52.025000000000006,
Jackson Gutierrez,QB,2025,college_data,0.0,3.0,0.0,0.0,0.0,28.0,172.0,0.0,0,0,0,0,0,0,0,0,0.0,,,,0.0,,17.2,
Jackson Kilburg,QB,2025,college_data,9.0,11.0,84.0,2.0,1.0,3.0,7.0,0.0,0,0,0,0,0,0,0,0,0.0,,,,81.81818181818183,,12.8,
Jackson Proctor,QB,2024,college_data,129.0,190.0,1506.0,13.0,3.0,55.0,352.0,4.0,0,0,0,0,0,0,0,0,0.0,,,,67.89473684210526,,168.85,
Jackson Proctor,QB,2025,college_data,2.0,6.0,8.0,0.0,0.0,2.0,13.0,0.0,0,0,0,0,0,0,0,0,0.0,,,,33.33333333333333,,1.5,
Jackson Sharman,QB,2024,college_data,6.0,15.0,74.0,0.0,2.0,1.0,-2.0,0.0,0,0,0,0,0,0,0,0,0.0,,,,40.0,,-2.3499999999999996,
Jackson Sharman,QB,2025,college_data,11.0,14.0,84.0,0.0,1.0,4.0,2.0,0.0,0,0,0,0,0,0,0,0,0.0,,,,78.57142857142857,,0.30000000000000027,
Jackson Stratton,QB,2024,college_data,21.0,35.0,219.0,1.0,0.0,6.0,4.0,0.0,0,0,0,0,0,0,0,0,0.0,,,,60.0,,11.875,
Jacob Clark,QB,2024,college_data,257.0,369.0,3548.0,26.0,6.0,78.0,7.0,1.0,0,0,0,0,0,0,0,0,0.0,,,,69.64769647696477,,239.4,
Jacob Clark,QB,2025,college_data,247.0,376.0,3244.0,28.0,11.0,94.0,-16.0,3.0,0,0,0,0,0,0,0,0,0.0,,,,65.69148936170212,,243.5,
Jacob Conover,QB,2024,college_data,2.0,4.0,22.0,0.0,0.0,3.0,-4.0,0.0,0,0,0,0,0,0,0,0,0.0,,,,50.0,,0.15000000000000002,
Jacob Conover,QB,2025,college_data,24.0,39.0,323.0,4.0,0.0,8.0,28.0,0.0,0,0,0,0,0,0,0,0,0.0,,,,61.53846153846154,,34.875,
Jacob Eason,QB,2021,nflreadpy,2.0,5.0,25.0,0.0,1.0,0.0,0.0,0.0,0,0,0,0,0,63,7,2,-3.102543077489827,-24.654836058616638,0.3968253968253968,1.0,40.0,25.0,-1.375,-1.375
Jacob Eason,QB,2022,nflreadpy,3.0,5.0,59.0,0.0,1.0,0.0,0.0,0.0,0,0,0,0,0,20,50,2,-2.261281799641438,-5.314946174621582,2.95,1.0,60.0,59.0,-0.5249999999999999,-0.5249999999999999
Jacob Holtschlag,QB,2024,college_data,33.0,68.0,342.0,0.0,4.0,13.0,17.0,0.0,0,0,0,0,0,0,0,0,0.0,,,,48.529411764705884,,2.25,
Jacob Knuth,QB,2024,college_data,2.0,2.0,18.0,0.0,0.0,3.0,18.0,0.0,0,0,0,0,0,0,0,0,0.0,,,,100.0,,2.25,
Jacob Zeno,QB,2024,college_data,82.0,118.0,819.0,6.0,5.0,37.0,97.0,0.0,0,0,0,0,0,0,0,0,0.0,,,,69.49152542372882,,56.17500000000001,
Jacob Zeno,QB,2025,college_data,2.0,5.0,27.0,0.0,0.0,0.0,0.0,0.0,0,0,0,0,0,0,0,0,0.0,,,,40.0,,0.675,
Jacobe Robinson,QB,2024,college_data,2.0,3.0,23.0,0.0,0.0,6.0,23.0,1.0,0,0,0,0,0,0,0,0,0.0,,,,66.66666666666666,,8.875,
Jacoby Brissett,QB,2018,nflreadpy,2.0,4.0,2.0,0.0,0.0,7.0,-7.0,0.0,0,0,0,0,0,82,1,1,-0.6780378912808374,-3.1443054477373757,0.3055555555555555,4.0,50.0,0.5,-0.65,-0.1625
Jacoby Brissett,QB,2019,nflreadpy,272.0,447.0,2942.0,18.0,6.0,56.0,228.0,4.0,0,27,-159,4,3,3545,1519,143,11.997698714470456,-2.4303786659147253,0.9828884034181774,15.0,60.85011185682326,196.13333333333333,210.35,14.023333333333333
Jacoby Brissett,QB,2020,nflreadpy,2.0,8.0,17.0,0.0,0.0,18.0,19.0,3.0,0,2,-15,0,0,65,18,1,-8.438660981715657,-40.53862988948822,0.6071428571428571,12.0,25.0,1.4166666666666667,20.325,1.6937499999999999
Jacoby Brissett,QB,2021,nflreadpy,141.0,225.0,1283.0,5.0,4.0,19.0,70.0,1.0,0,19,-132,4,3,1703,508,69,-22.858021311611587,5.320673146621563,0.8276338585379154,10.0,62.66666666666667,128.3,61.075,6.1075
Jacoby Brissett,QB,2022,nflreadpy,236.0,369.0,2608.0,12.0,6.0,49.0,243.0,2.0,0,24,-160,5,3,3221,1063,129,18.745632323502797,1.634563579018528,0.8496642956509645,14.0,63.956639566395665,186.28571428571428,155.5,11.107142857142858
Jacoby Brissett,QB,2023,nflreadpy,18.0,23.0,224.0,3.0,0.0,3.0,19.0,0.0,0,0,0,0,0,178,70,10,16.375734796136385,19.585780901277168,1.2989304812834224,2.0,78.26086956521739,112.0,25.5,12.75
Jacoby Brissett,QB,2024,nflreadpy,95.0,161.0,826.0,2.0,1.0,15.0,62.0,0.0,0,18,-119,3,1,1086,437,41,-37.114678355448525,-5.734936044229422,0.6756334580722358,7.0,59.006211180124225,118.0,34.85,4.978571428571429
Jacoby Brissett,QB,2025,nflreadpy,315.0,485.0,3366.0,23.0,8.0,38.0,168.0,1.0,0,43,-288,4,4,3697,1557,165,-3.2154313428554455,-3.603242216262594,0.8476672969875862,14.0,64.94845360824742,240.42857142857142,220.95,15.782142857142857
Jacoby Brissett,QB,2026,nflreadpy,103.0,152.0,818.0,6.0,4.0,15.0,43.0,1.0,0,7,-41,0,0,944,350,47,-7.159830174997696,0.9892456997191476,0.8600657684139397,4.0,67.76315789473685,204.5,58.75,14.6875
Jacolby Criswell,QB,2024,college_data,186.0,320.0,2459.0,15.0,6.0,71.0,103.0,3.0,0,0,0,0,0,0,0,0,0.0,,,,58.12500000000001,,167.775,
Jacolby Criswell,QB,2025,college_data,85.0,138.0,1130.0,9.0,2.0,56.0,277.0,0.0,0,0,0,0,0,0,0,0,0.0,,,,61.59420289855072,,105.95,
Jacurri Brown,QB,2024,college_data,34.0,66.0,387.0,1.0,4.0,53.0,401.0,4.0,0,0,0,0,0,0,0,0,0.0,,,,51.515151515151516,,71.775,
Jacurri Brown,QB,2025,college_data,3.0,5.0,97.0,1.0,1.0,16.0,142.0,2.0,0,0,0,0,0,0,0,0,0.0,,,,60.0,,32.625,
Jaden Craig,QB,2024,college_data,170.0,280.0,2430.0,23.0,3.0,38.0,-19.0,1.0,0,0,0,0,0,0,0,0,0.0,,,,60.71428571428571,,196.85,
Jaden Craig,QB,2025,college_data,204.0,331.0,2829.0,25.0,7.0,48.0,78.0,3.0,0,0,0,0,0,0,0,0,0.0,,,,61.631419939577036,,232.525,
Jaden Johnson,QB,2024,college_data,98.0,167.0,1223.0,7.0,6.0,59.0,81.0,0.0,0,0,0,0,0,0,0,0,0.0,,,,58.68263473053892,,68.67500000000001,
Jaden Jones,QB,2024,college_data,26.0,51.0,384.0,2.0,4.0,16.0,144.0,1.0,0,0,0,0,0,0,0,0,0.0,,,,50.98039215686274,,34.0,
Jaden Keefner,QB,2025,college_data,67.0,128.0,821.0,4.0,3.0,44.0,201.0,2.0,0,0,0,0,0,0,0,0,0.0,,,,52.34375,,70.625,
Jaden Pete,QB,2024,college_data,1.0,10.0,4.0,0.0,1.0,5.0,-23.0,0.0,0,0,0,0,0,0,0,0,0.0,,,,10.0,,-4.2,
Jaden Rashada,QB,2025,college_data,17.0,42.0,264.0,1.0,1.0,10.0,-4.0,0.0,0,0,0,0,0,0,0,0,0.0,,,,40.476190476190474,,10.2,
Jadyn Davis,QB,2025,college_data,0.0,2.0,0.0,0.0,1.0,1.0,-6.0,0.0,0,0,0,0,0,0,0,0,0.0,,,,0.0,,-2.6,
Jadyn Glasser,QB,2024,college_data,41.0,76.0,439.0,2.0,4.0,21.0,-35.0,1.0,0,0,0,0,0,0,0,0,0.0,,,,53.94736842105263,,17.475,
Jadyn Glasser,QB,2025,college_data,7.0,9.0,78.0,0.0,0.0,10.0,7.0,1.0,0,0,0,0,0,0,0,0,0.0,,,,77.77777777777779,,8.65,
Jagger Matera,QB,2025,college_data,0.0,1.0,0.0,0.0,0.0,0.0,0.0,0.0,0,0,0,0,0,0,0,0,0.0,,,,0.0,,0.0,
Jake Browning,QB,2023,nflreadpy,171.0,243.0,1936.0,12.0,7.0,27.0,127.0,3.0,0,24,-169,3,0,1554,1109,93,23.35207713649097,-1.1761499144560368,1.2587689034351117,9.0,70.37037037037037,215.11111111111111,137.10000000000002,15.233333333333336
Jake Browning,QB,2025,nflreadpy,81.0,125.0,771.0,6.0,8.0,9.0,39.0,1.0,0,9,-60,1,0,959,367,33,-38.38703885115973,6.011966243917373,0.9721699563628118,5.0,64.8,154.2,49.17500000000001,9.835000000000003
Jake Curry,QB,2024,college_data,83.0,148.0,937.0,3.0,7.0,45.0,159.0,3.0,0,0,0,0,0,0,0,0,0.0,,,,56.08108108108109,,61.325,
Jake Curry,QB,2025,college_data,3.0,9.0,24.0,0.0,0.0,3.0,13.0,0.0,0,0,0,0,0,0,0,0,0.0,,,,33.33333333333333,,1.9000000000000001,
Jake Fromm,QB,2021,nflreadpy,27.0,60.0,210.0,1.0,3.0,8.0,65.0,0.0,0,6,-33,2,1,434,99,10,-35.15658075193642,-18.06244909349415,0.46871770025839793,3.0,45.0,70.0,9.75,3.25
Jake Garcia,QB,2024,college_data,109.0,181.0,1426.0,8.0,12.0,40.0,46.0,2.0,0,0,0,0,0,0,0,0,0.0,,,,60.22099447513812,,76.25,
Jake Haener,QB,2024,nflreadpy,18.0,39.0,226.0,1.0,1.0,11.0,22.0,0.0,0,6,-55,0,0,345,97,10,-14.948479153761138,-25.86484159714256,0.6119142021222805,8.0,46.15384615384615,28.25,11.850000000000001,1.4812500000000002
Jake Hamilton,QB,2025,college_data,5.0,12.0,46.0,0.0,2.0,4.0,16.0,0.0,0,0,0,0,0,0,0,0,0.0,,,,41.66666666666667,,-1.25,
Jake Jensen,QB,2025,college_data,7.0,13.0,69.0,1.0,0.0,4.0,21.0,0.0,0,0,0,0,0,0,0,0,0.0,,,,53.84615384615385,,9.825,
Jake Johnson,QB,2024,college_data,2.0,5.0,27.0,0.0,1.0,3.0,2.0,0.0,0,0,0,0,0,0,0,0,0.0,,,,40.0,,-1.125,
Jake Luton,QB,2020,nflreadpy,60.0,110.0,624.0,2.0,6.0,1.0,13.0,1.0,0,7,-52,2,0,876,275,31,-36.12808508705165,-10.926270377185991,0.7257836767160754,3.0,54.54545454545454,208.0,22.900000000000006,7.6333333333333355
Jake Mcnamara,QB,2025,college_data,25.0,37.0,305.0,2.0,1.0,16.0,20.0,0.0,0,0,0,0,0,0,0,0,0.0,,,,67.56756756756756,,19.625,
Jake Merklinger,QB,2024,college_data,6.0,9.0,48.0,0.0,0.0,7.0,22.0,0.0,0,0,0,0,0,0,0,0,0.0,,,,66.66666666666666,,3.4000000000000004,
Jake Merklinger,QB,2025,college_data,13.0,24.0,173.0,2.0,0.0,4.0,16.0,0.0,0,0,0,0,0,0,0,0,0.0,,,,54.166666666666664,,17.925,
Jake Retzlaff,QB,2024,college_data,211.0,367.0,2896.0,19.0,12.0,100.0,417.0,6.0,0,0,0,0,0,0,0,0,0.0,,,,57.49318801089919,,240.10000000000002,
Jake Retzlaff,QB,2025,college_data,242.0,391.0,3168.0,15.0,7.0,129.0,634.0,16.0,0,0,0,0,0,0,0,0,0.0,,,,61.892583120204606,,314.6,
Jake Rubley,QB,2024,college_data,34.0,61.0,355.0,2.0,1.0,15.0,-20.0,1.0,0,0,0,0,0,0,0,0,0.0,,,,55.73770491803278,,22.875,
Jake Ryder,QB,2025,college_data,1.0,1.0,0.0,0.0,0.0,1.0,-1.0,0.0,0,0,0,0,0,0,0,0,0.0,,,,100.0,,-0.1,
Jake Schakel,QB,2025,college_data,105.0,152.0,997.0,4.0,3.0,25.0,-47.0,0.0,0,0,0,0,0,0,0,0,0.0,,,,69.07894736842105,,38.225,
Jake Stearney,QB,2024,college_data,189.0,290.0,1788.0,11.0,11.0,34.0,62.0,1.0,0,0,0,0,0,0,0,0,0.0,,,,65.17241379310344,,100.9,
Jake Stearney,QB,2025,college_data,172.0,304.0,2099.0,18.0,6.0,60.0,108.0,2.0,0,0,0,0,0,0,0,0,0.0,,,,56.57894736842105,,171.275,
Jake Strong,QB,2025,college_data,164.0,278.0,2008.0,11.0,13.0,117.0,469.0,7.0,0,0,0,0,0,0,0,0,0.0,,,,58.992805755395686,,179.10000000000002,
Jake Tripptree,QB,2025,college_data,3.0,4.0,7.0,1.0,0.0,1.0,3.0,0.0,0,0,0,0,0,0,0,0,0.0,,,,75.0,,6.475,
Jake Triptree,QB,2025,college_data,3.0,3.0,9.0,0.0,0.0,0.0,0.0,0.0,0,0,0,0,0,0,0,0,0.0,,,,100.0,,0.225,
Jake Weir,QB,2025,college_data,98.0,199.0,897.0,2.0,6.0,33.0,-94.0,0.0,0,0,0,0,0,0,0,0,0.0,,,,49.246231155778894,,13.024999999999999,
Jake Willcox,QB,2024,college_data,215.0,330.0,2085.0,9.0,13.0,70.0,298.0,2.0,0,0,0,0,0,0,0,0,0.0,,,,65.15151515151516,,121.92500000000001,
Jake Wolfe,QB,2025,college_data,14.0,32.0,183.0,1.0,0.0,23.0,119.0,0.0,0,0,0,0,0,0,0,0,0.0,,,,43.75,,22.475,
Jakob Foss,QB,2024,college_data,2.0,2.0,18.0,1.0,0.0,1.0,9.0,0.0,0,0,0,0,0,0,0,0,0.0,,,,100.0,,7.35,
Jakolby Longino,QB,2024,college_data,30.0,53.0,370.0,5.0,0.0,29.0,83.0,1.0,0,0,0,0,0,0,0,0,0.0,,,,56.60377358490566,,53.55,
Jalen Ferguson,QB,2025,college_data,10.0,17.0,58.0,0.0,0.0,2.0,2.0,0.0,0,0,0,0,0,0,0,0,0.0,,,,58.82352941176471,,1.6500000000000001,
Jalen Hurts,QB,2020,nflreadpy,77.0,148.0,1061.0,6.0,4.0,63.0,354.0,3.0,0,13,-59,2,0,1353,468,45,-5.568174177050525,2.530638434824895,0.9568543717808683,14.0,52.02702702702703,75.78571428571429,107.925,7.708928571428571
Jalen Hurts,QB,2021,nflreadpy,288.0,475.0,3402.0,17.0,11.0,147.0,823.0,10.0,0,28,-164,6,1,4347,1635,153,13.446945736503288,-0.29850486069936877,0.8434113417332971,16.0,60.631578947368425,212.625,305.35,19.084375
Jalen Hurts,QB,2022,nflreadpy,364.0,547.0,4280.0,25.0,6.0,200.0,903.0,18.0,3,42,-239,5,2,4516,2031,190,89.39672720813799,2.5365118139748666,1.0274780518999147,18.0,66.54478976234005,237.77777777777777,445.3,24.73888888888889
Jalen Hurts,QB,2023,nflreadpy,377.0,573.0,4108.0,24.0,15.0,158.0,610.0,15.0,0,39,-238,3,1,4913,1799,194,59.28913132649342,4.18550470116728,0.8492893854418931,18.0,65.79406631762653,228.22222222222223,365.7,20.316666666666666
Jalen Hurts,QB,2024,nflreadpy,313.0,452.0,3629.0,23.0,6.0,184.0,824.0,19.0,0,51,-371,6,3,3431,1760,174,66.27040378912122,6.198541784019222,1.0347267968580307,19.0,69.24778761061947,191.0,407.125,21.42763157894737
Jalen Hurts,QB,2025,nflreadpy,314.0,489.0,3392.0,26.0,6.0,110.0,435.0,8.0,0,33,-182,3,1,4385,1352,157,31.068619426615737,3.5123274716033563,0.8529919974765836,17.0,64.21267893660531,199.52941176470588,318.3,18.723529411764705
Jalen Hurts,QB,2026,nflreadpy,68.0,114.0,713.0,7.0,3.0,21.0,105.0,1.0,0,12,-70,1,0,887,232,33,-9.069009029702979,-0.40759184242038593,0.8087258099586866,4.0,59.64912280701754,178.25,70.325,17.58125
Jalen Kitna,QB,2024,college_data,196.0,316.0,2209.0,17.0,11.0,45.0,-60.0,0.0,0,0,0,0,0,0,0,0,0.0,,,,62.0253164556962,,129.225,
Jalen Kitna,QB,2025,college_data,223.0,337.0,2462.0,13.0,11.0,34.0,-39.0,0.0,0,0,0,0,0,0,0,0,0.0,,,,66.17210682492582,,113.65,
Jalen Macon,QB,2024,college_data,4.0,7.0,50.0,0.0,0.0,5.0,27.0,1.0,0,0,0,0,0,0,0,0,0.0,,,,57.14285714285714,,9.95,
Jalen Macon,QB,2025,college_data,9.0,21.0,105.0,1.0,0.0,45.0,216.0,5.0,0,0,0,0,0,0,0,0,0.0,,,,42.857142857142854,,60.225,
Jalen Milroe,QB,2024,college_data,205.0,319.0,2844.0,16.0,11.0,168.0,726.0,20.0,0,0,0,0,0,0,0,0,0.0,,,,64.26332288401254,,337.70000000000005,
Jalen Woods,QB,2024,college_data,38.0,66.0,541.0,4.0,3.0,19.0,0.0,0.0,0,0,0,0,0,0,0,0,0.0,,,,57.57575757575758,,31.525,
Jalen Woods,QB,2025,college_data,13.0,18.0,88.0,0.0,0.0,1.0,8.0,0.0,0,0,0,0,0,0,0,0,0.0,,,,72.22222222222221,,3.0,
Jalon Daniels,QB,2024,college_data,171.0,300.0,2454.0,14.0,12.0,93.0,447.0,6.0,0,0,0,0,0,0,0,0,0.0,,,,56.99999999999999,,202.05,
Jalon Daniels,QB,2025,college_data,198.0,319.0,2504.0,22.0,7.0,117.0,423.0,4.0,0,0,0,0,0,0,0,0,0.0,,,,62.06896551724138,,246.89999999999998,
Jalon Daniels,QB,2026,nflreadpy,19.0,30.0,148.0,1.0,3.0,9.0,64.0,0.0,0,3,-14,0,0,219,119,10,-4.780101526266662,-25.111024024394844,0.6548672566371682,2.0,63.33333333333333,74.0,10.100000000000001,5.050000000000001
Jalyn Gramstad,QB,2024,college_data,1.0,3.0,11.0,0.0,0.0,1.0,2.0,0.0,0,0,0,0,0,0,0,0,0.0,,,,33.33333333333333,,0.47500000000000003,
Jalyn Gramstad,QB,2025,college_data,5.0,5.0,16.0,0.0,0.0,0.0,0.0,0.0,0,0,0,0,0,0,0,0,0.0,,,,100.0,,0.4,
Jameis Winston,QB,2018,nflreadpy,244.0,378.0,2992.0,19.0,14.0,49.0,281.0,1.0,0,27,-157,2,2,4086,895,152,43.6953902170237,2.83911195612537,0.7624375237734486,11.0,64.55026455026454,272.0,190.9,17.354545454545455
Jameis Winston,QB,2019,nflreadpy,380.0,626.0,5109.0,33.0,30.0,59.0,250.0,1.0,2,47,-282,9,4,6481,1885,243,44.04615093639266,0.6708911092308685,0.8058191963871889,16.0,60.70287539936102,319.3125,292.725,18.2953125
Jameis Winston,QB,2020,nflreadpy,8.0,12.0,131.0,1.0,0.0,8.0,-6.0,0.0,0,2,-11,0,0,79,89,6,5.444161294658114,25.616126159826916,1.0784313725490196,4.0,66.66666666666666,32.75,8.675,2.16875
Jameis Winston,QB,2021,nflreadpy,95.0,161.0,1170.0,14.0,3.0,32.0,166.0,1.0,0,11,-69,1,1,1340,578,56,21.81038703891622,-3.44649220908272,1.2104648451005449,7.0,59.006211180124225,167.14285714285714,127.85,18.264285714285712
Jameis Winston,QB,2022,nflreadpy,73.0,115.0,858.0,4.0,5.0,5.0,16.0,0.0,0,11,-74,1,0,1315,202,35,-5.95992297735435,3.057402193100534,0.6944656528273804,3.0,63.47826086956522,286.0,37.050000000000004,12.350000000000001
Jameis Winston,QB,2023,nflreadpy,25.0,47.0,264.0,2.0,3.0,5.0,-6.0,0.0,0,2,-13,0,0,610,85,10,-9.789019574831215,-16.86616987111452,0.48072707832130446,6.0,53.191489361702125,44.0,12.0,2.0
Jameis Winston,QB,2024,nflreadpy,181.0,296.0,2121.0,13.0,12.0,25.0,83.0,1.0,0,24,-130,4,2,2640,765,103,-25.473956939174567,-0.4612800221159795,0.6894716932174724,11.0,61.14864864864865,192.8181818181818,117.32499999999999,10.66590909090909
Jameis Winston,QB,2025,nflreadpy,37.0,66.0,567.0,2.0,2.0,7.0,23.0,1.0,0,3,-11,1,1,619,210,25,15.391700988232628,-12.052409979409353,0.6140168811401688,3.0,56.060606060606055,189.0,28.475,9.491666666666667
Jameis Winston,QB,2026,nflreadpy,43.0,78.0,479.0,3.0,3.0,4.0,15.0,0.0,0,9,-37,0,0,762,142,23,-18.72166227540125,-9.594501192201585,0.6660700424748213,3.0,55.12820512820513,159.66666666666666,25.475,8.491666666666667
James Hayes,QB,2024,college_data,5.0,11.0,88.0,2.0,1.0,3.0,-15.0,0.0,0,0,0,0,0,0,0,0,0.0,,,,45.45454545454545,,10.7,
James Hayes,QB,2025,college_data,5.0,6.0,41.0,0.0,0.0,0.0,0.0,0.0,0,0,0,0,0,0,0,0,0.0,,,,83.33333333333334,,1.0250000000000001,
James Laubstein,QB,2025,college_data,11.0,17.0,96.0,2.0,0.0,59.0,363.0,1.0,0,0,0,0,0,0,0,0,0.0,,,,64.70588235294117,,56.7,
James McCauley,QB,2025,college_data,2.0,9.0,21.0,0.0,0.0,1.0,-9.0,0.0,0,0,0,0,0,0,0,0,0.0,,,,22.22222222222222,,-0.375,
James Murphy,QB,2024,college_data,35.0,52.0,374.0,2.0,1.0,8.0,-5.0,0.0,0,0,0,0,0,0,0,0,0.0,,,,67.3076923076923,,18.85,
James Murphy,QB,2025,college_data,245.0,362.0,2784.0,18.0,14.0,51.0,-56.0,0.0,0,0,0,0,0,0,0,0,0.0,,,,67.67955801104972,,144.0,
Jameson Holcomb,QB,2024,college_data,18.0,29.0,197.0,2.0,1.0,7.0,-14.0,0.0,0,0,0,0,0,0,0,0,0.0,,,,62.06896551724138,,13.525,
Jameson Holcomb,QB,2025,college_data,21.0,31.0,144.0,0.0,0.0,4.0,-7.0,0.0,0,0,0,0,0,0,0,0,0.0,,,,67.74193548387096,,2.9,
Jameson Wang,QB,2024,college_data,238.0,368.0,2413.0,24.0,11.0,106.0,493.0,7.0,0,0,0,0,0,0,0,0,0.0,,,,64.67391304347827,,273.625,
Jared Echols,QB,2025,college_data,2.0,2.0,24.0,0.0,0.0,2.0,-4.0,0.0,0,0,0,0,0,0,0,0,0.0,,,,100.0,,0.20000000000000007,
Jared Goff,QB,2018,nflreadpy,423.0,667.0,5400.0,33.0,14.0,52.0,130.0,2.0,0,38,-262,8,5,5768,2394,268,111.39135828522909,0.3587717021226198,0.9755367563631316,19.0,63.41829085457271,284.2105263157895,320.0,16.842105263157894
Jared Goff,QB,2019,nflreadpy,394.0,626.0,4638.0,22.0,16.0,33.0,40.0,2.0,0,22,-170,7,4,4841,2244,220,60.89775038160346,-1.6121026441036659,0.974752852322032,16.0,62.939297124600635,289.875,223.95,13.996875
Jared Goff,QB,2020,nflreadpy,400.0,598.0,4281.0,22.0,13.0,56.0,109.0,4.0,0,29,-202,5,3,3929,2261,210,26.813754254835555,0.8187388450946055,1.1902360972474422,17.0,66.88963210702342,251.8235294117647,241.925,14.230882352941178
Jared Goff,QB,2021,nflreadpy,332.0,494.0,3245.0,19.0,8.0,17.0,87.0,0.0,0,35,-280,6,4,3148,1754,162,-25.531083544353343,0.9835992000550343,1.0969943069014316,14.0,67.20647773279353,231.78571428571428,179.825,12.844642857142857
Jared Goff,QB,2022,nflreadpy,382.0,587.0,4438.0,29.0,7.0,29.0,73.0,0.0,1,23,-156,5,3,4129,2285,227,102.01767571744924,-1.4997325525802836,1.1202949082424682,17.0,65.07666098807495,261.05882352941177,274.25,16.13235294117647
Jared Goff,QB,2023,nflreadpy,484.0,716.0,5412.0,34.0,12.0,41.0,24.0,2.0,0,37,-242,5,2,4820,2587,277,107.26987175719731,1.5600788108478703,1.1919876229090511,20.0,67.59776536312849,270.6,325.70000000000005,16.285000000000004
Jared Goff,QB,2024,nflreadpy,413.0,579.0,4942.0,38.0,15.0,36.0,63.0,0.0,0,33,-250,7,1,3737,2788,253,164.11480203246154,6.709345803515012,1.514427374990163,18.0,71.32987910189983,274.55555555555554,325.85,18.102777777777778
Jared Goff,QB,2025,nflreadpy,393.0,578.0,4564.0,34.0,8.0,19.0,45.0,0.0,0,38,-259,3,3,3715,2422,223,106.46015123964267,2.8896239743856804,1.337268736393566,17.0,67.99307958477509,268.47058823529414,300.6,17.68235294117647
Jared Goff,QB,2026,nflreadpy,77.0,109.0,802.0,8.0,0.0,9.0,15.0,0.0,0,7,-59,1,0,737,349,43,36.56694535602992,3.3429863212660886,1.1197592916802808,3.0,70.64220183486239,267.3333333333333,69.55,23.183333333333334
Jared Hollins,QB,2025,college_data,12.0,16.0,101.0,1.0,0.0,1.0,-5.0,0.0,0,0,0,0,0,0,0,0,0.0,,,,75.0,,8.025,
Jared Lewis,QB,2024,college_data,2.0,2.0,32.0,0.0,0.0,7.0,9.0,2.0,0,0,0,0,0,0,0,0,0.0,,,,100.0,,13.7,
Jared Lockhart,QB,2025,college_data,76.0,112.0,1208.0,8.0,3.0,57.0,171.0,4.0,0,0,0,0,0,0,0,0,0.0,,,,67.85714285714286,,113.30000000000001,
Jared Taylor,QB,2024,college_data,38.0,52.0,320.0,6.0,2.0,129.0,645.0,9.0,0,0,0,0,0,0,0,0,0.0,,,,73.07692307692307,,158.5,
Jared Taylor,QB,2025,college_data,40.0,78.0,344.0,0.0,0.0,50.0,160.0,4.0,0,0,0,0,0,0,0,0,0.0,,,,51.28205128205128,,48.6,
Jaren Hall,QB,2023,nflreadpy,13.0,20.0,168.0,0.0,1.0,6.0,14.0,0.0,0,4,-28,2,2,156,99,7,-12.676042797437358,2.8744880799893977,1.6418108897510788,3.0,65.0,56.0,-0.39999999999999947,-0.13333333333333316
Jaron-Keawe Sagapolutele,QB,2025,college_data,315.0,491.0,3446.0,18.0,9.0,60.0,-120.0,4.0,0,0,0,0,0,0,0,0,0.0,,,,64.15478615071282,,188.15,
Jarrett Guest,QB,2024,college_data,171.0,283.0,1686.0,12.0,5.0,45.0,74.0,0.0,0,0,0,0,0,0,0,0,0.0,,,,60.42402826855123,,111.55000000000001,
Jarrett Stidham,QB,2019,nflreadpy,2.0,4.0,14.0,0.0,1.0,2.0,-2.0,0.0,0,1,-7,0,0,21,5,1,-10.149865640560165,-40.861843029658,0.3888888888888889,3.0,50.0,4.666666666666667,-1.85,-0.6166666666666667
Jarrett Stidham,QB,2020,nflreadpy,22.0,44.0,256.0,2.0,3.0,7.0,7.0,0.0,0,4,-21,0,0,268,174,12,-19.06952885928331,-9.251777086229552,1.4598488012095905,5.0,50.0,51.2,13.100000000000001,2.62
Jarrett Stidham,QB,2022,nflreadpy,53.0,83.0,656.0,4.0,3.0,14.0,84.0,0.0,0,7,-47,2,1,763,261,32,-5.130124091908549,0.33643259645789475,0.8035527486271913,3.0,63.85542168674698,218.66666666666666,40.800000000000004,13.600000000000001
Jarrett Stidham,QB,2023,nflreadpy,40.0,66.0,496.0,2.0,1.0,9.0,8.0,0.0,0,7,-46,0,0,565,334,19,5.053421196005665,-3.654841370880604,0.8838625489343193,2.0,60.60606060606061,248.0,23.200000000000003,11.600000000000001
Jarrett Stidham,QB,2025,nflreadpy,17.0,31.0,133.0,1.0,1.0,5.0,22.0,0.0,0,3,-31,1,1,182,72,8,-15.533969123045152,-5.823332512820208,0.7307692307692307,2.0,54.83870967741935,66.5,7.525,3.7625
Jarrett Synek,QB,2024,college_data,0.0,1.0,0.0,0.0,0.0,2.0,20.0,0.0,0,0,0,0,0,0,0,0,0.0,,,,0.0,,2.0,
Jarrin Alley,QB,2025,college_data,28.0,49.0,252.0,0.0,2.0,8.0,18.0,0.0,0,0,0,0,0,0,0,0,0.0,,,,57.14285714285714,,4.100000000000001,
Jase Bauer,QB,2024,college_data,40.0,65.0,310.0,2.0,1.0,45.0,195.0,0.0,0,0,0,0,0,0,0,0,0.0,,,,61.53846153846154,,37.25,
Jase Bauer,QB,2025,college_data,205.0,288.0,2002.0,10.0,2.0,129.0,459.0,10.0,0,0,0,0,0,0,0,0,0.0,,,,71.18055555555556,,211.95000000000002,
Jason Penza,QB,2024,college_data,5.0,7.0,31.0,0.0,1.0,28.0,171.0,0.0,0,0,0,0,0,0,0,0,0.0,,,,71.42857142857143,,15.875,
Jason Penza,QB,2025,college_data,7.0,8.0,40.0,0.0,0.0,33.0,195.0,2.0,0,0,0,0,0,0,0,0,0.0,,,,87.5,,32.5,
Javance Tupou'ata-Johnson,QB,2024,college_data,20.0,39.0,222.0,2.0,2.0,18.0,37.0,0.0,0,0,0,0,0,0,0,0,0.0,,,,51.28205128205128,,17.25,
Javance Tupou'ata-Johnson,QB,2025,college_data,3.0,11.0,41.0,0.0,0.0,13.0,107.0,2.0,0,0,0,0,0,0,0,0,0.0,,,,27.27272727272727,,23.725,
Javion Martin,QB,2024,college_data,3.0,10.0,66.0,1.0,1.0,9.0,33.0,0.0,0,0,0,0,0,0,0,0,0.0,,,,30.0,,8.95,
Javion Martin,QB,2025,college_data,1.0,6.0,12.0,0.0,0.0,4.0,24.0,0.0,0,0,0,0,0,0,0,0,0.0,,,,16.666666666666664,,2.7,
Jax Leatherwood,QB,2025,college_data,174.0,277.0,1969.0,12.0,2.0,60.0,-107.0,2.0,0,0,0,0,0,0,0,0,0.0,,,,62.8158844765343,,118.525,
Jaxon Baize,QB,2025,college_data,0.0,1.0,0.0,0.0,0.0,0.0,0.0,0.0,0,0,0,0,0,0,0,0,0.0,,,,0.0,,0.0,
Jaxon Dailey,QB,2025,college_data,66.0,110.0,823.0,7.0,5.0,65.0,239.0,0.0,0,0,0,0,0,0,0,0,0.0,,,,60.0,,76.47500000000001,
Jaxon Potter,QB,2024,college_data,2.0,2.0,26.0,0.0,0.0,0.0,0.0,0.0,0,0,0,0,0,0,0,0,0.0,,,,100.0,,0.65,
Jaxon Potter,QB,2025,college_data,67.0,95.0,604.0,4.0,3.0,5.0,8.0,0.0,0,0,0,0,0,0,0,0,0.0,,,,70.52631578947368,,33.900000000000006,
Jaxson Dart,QB,2024,college_data,276.0,398.0,4279.0,29.0,6.0,124.0,495.0,3.0,0,0,0,0,0,0,0,0,0.0,,,,69.34673366834171,,336.475,
Jaxson Dart,QB,2025,nflreadpy,216.0,339.0,2272.0,15.0,5.0,86.0,487.0,9.0,0,35,-152,2,1,2773,1161,102,3.4194322537895676,-0.5579858195066051,0.8443922939200291,14.0,63.716814159292035,162.28571428571428,237.5,16.964285714285715
Jaxson Dart,QB,2026,nflreadpy,26.0,34.0,250.0,3.0,0.0,11.0,54.0,0.0,0,2,-1,1,0,292,88,16,20.796662726585055,4.02109046434534,0.6821537125488494,2.0,76.47058823529412,125.0,29.65,14.825
Jayden Bradford,QB,2025,college_data,1.0,1.0,18.0,0.0,0.0,1.0,2.0,0.0,0,0,0,0,0,0,0,0,0.0,,,,100.0,,0.65,
Jayden Daniels,QB,2024,nflreadpy,406.0,594.0,4390.0,30.0,10.0,183.0,1026.0,7.0,1,51,-265,2,0,4275,2212,213,91.11349189102347,4.225334817600624,1.0657303689842943,20.0,68.35016835016835,219.5,416.35,20.817500000000003
Jayden Daniels,QB,2025,nflreadpy,114.0,188.0,1262.0,8.0,3.0,58.0,278.0,2.0,0,18,-79,2,1,1390,577,59,-4.776996021824435,-3.0478825805139933,0.9737814380393832,7.0,60.63829787234043,180.28571428571428,111.35,15.907142857142857
Jayden Daniels,QB,2026,nflreadpy,29.0,51.0,260.0,3.0,0.0,12.0,100.0,0.0,0,1,-1,0,0,472,117,14,4.0851992593445114,0.024649276044862,0.5683524982191921,2.0,56.86274509803921,130.0,34.5,17.25
Jayden Denegal,QB,2025,college_data,143.0,244.0,1810.0,9.0,8.0,67.0,103.0,4.0,0,0,0,0,0,0,0,0,0.0,,,,58.606557377049185,,117.55000000000001,
Jayden Maiava,QB,2024,college_data,101.0,169.0,1201.0,11.0,6.0,20.0,45.0,4.0,0,0,0,0,0,0,0,0,0.0,,,,59.76331360946746,,112.525,
Jayden Maiava,QB,2025,college_data,265.0,403.0,3711.0,24.0,10.0,54.0,157.0,6.0,0,0,0,0,0,0,0,0,0.0,,,,65.75682382133995,,268.475,
Jayden Mandal,QB,2024,college_data,4.0,9.0,39.0,0.0,2.0,2.0,-4.0,0.0,0,0,0,0,0,0,0,0,0.0,,,,44.44444444444444,,-3.425,
Jayden Sauray,QB,2025,college_data,36.0,63.0,495.0,2.0,3.0,29.0,108.0,2.0,0,0,0,0,0,0,0,0,0.0,,,,57.14285714285714,,41.175,
Jayden Whitaker,QB,2025,college_data,36.0,73.0,479.0,2.0,1.0,23.0,-38.0,0.0,0,0,0,0,0,0,0,0,0.0,,,,49.31506849315068,,18.175,
Jaylen Henderson,QB,2025,college_data,7.0,18.0,50.0,0.0,0.0,29.0,146.0,1.0,0,0,0,0,0,0,0,0,0.0,,,,38.88888888888889,,21.85,
Jaylen King,QB,2024,college_data,116.0,221.0,1536.0,9.0,11.0,105.0,422.0,5.0,0,0,0,0,0,0,0,0,0.0,,,,52.488687782805435,,142.60000000000002,
Jaylen King,QB,2025,college_data,0.0,1.0,0.0,0.0,0.0,2.0,6.0,0.0,0,0,0,0,0,0,0,0,0.0,,,,0.0,,0.6000000000000001,
Jaylen Raynor,QB,2024,college_data,259.0,420.0,2783.0,16.0,10.0,137.0,387.0,3.0,0,0,0,0,0,0,0,0,0.0,,,,61.66666666666667,,202.275,
Jaylen Raynor,QB,2025,college_data,332.0,500.0,3364.0,19.0,11.0,154.0,428.0,7.0,0,0,0,0,0,0,0,0,0.0,,,,66.4,,260.9,
Jaylon Tolbert,QB,2024,college_data,72.0,116.0,820.0,6.0,5.0,18.0,-1.0,2.0,0,0,0,0,0,0,0,0,0.0,,,,62.06896551724138,,58.400000000000006,
Jaylon Tolbert,QB,2025,college_data,207.0,325.0,2094.0,14.0,7.0,72.0,226.0,2.0,0,0,0,0,0,0,0,0,0.0,,,,63.69230769230769,,156.95,
Jeff Driskel,QB,2018,nflreadpy,105.0,176.0,1003.0,6.0,2.0,25.0,130.0,2.0,0,16,-122,3,1,1378,506,50,-15.101213113746837,1.0900069009237303,0.8564283573922579,8.0,59.65909090909091,125.375,80.075,10.009375
Jeff Driskel,QB,2019,nflreadpy,62.0,105.0,685.0,4.0,4.0,22.0,151.0,1.0,0,11,-46,1,0,851,290,31,-9.507895203102178,-2.431084178291858,0.803568475252156,3.0,59.04761904761905,228.33333333333334,54.225,18.075
Jeff Driskel,QB,2020,nflreadpy,35.0,64.0,432.0,3.0,2.0,6.0,28.0,0.0,0,11,-98,0,0,638,131,18,-13.539785704285187,-6.1547379236173985,0.708431629532547,3.0,54.6875,144.0,27.6,9.200000000000001
Jeff Driskel,QB,2022,nflreadpy,14.0,20.0,108.0,1.0,0.0,20.0,75.0,0.0,0,2,-13,0,0,45,79,5,-2.0113410300109535,1.0812247792879746,1.4924812030075187,7.0,70.0,15.428571428571429,16.2,2.314285714285714
Jeff Driskel,QB,2023,nflreadpy,13.0,26.0,166.0,2.0,2.0,7.0,33.0,0.0,0,3,-26,0,0,232,74,8,-10.957208045409061,-10.962532877922058,0.7155172413793104,1.0,50.0,166.0,15.450000000000003,15.450000000000003
Jeff Hoenstine,QB,2024,college_data,37.0,63.0,456.0,3.0,1.0,26.0,34.0,1.0,0,0,0,0,0,0,0,0,0.0,,,,58.730158730158735,,36.8,
Jeff Hoenstine,QB,2025,college_data,22.0,34.0,185.0,2.0,0.0,21.0,31.0,0.0,0,0,0,0,0,0,0,0,0.0,,,,64.70588235294117,,19.725,
Jeff Sims,QB,2024,college_data,13.0,25.0,168.0,0.0,0.0,24.0,101.0,1.0,0,0,0,0,0,0,0,0,0.0,,,,52.0,,20.3,
Jeff Sims,QB,2025,college_data,105.0,188.0,1261.0,10.0,6.0,100.0,522.0,5.0,0,0,0,0,0,0,0,0,0.0,,,,55.85106382978723,,161.72500000000002,
Jefferson Boaz,QB,2024,college_data,2.0,5.0,24.0,0.0,0.0,5.0,5.0,1.0,0,0,0,0,0,0,0,0,0.0,,,,40.0,,7.1,
Jeremiah Salem,QB,2024,college_data,8.0,11.0,126.0,1.0,1.0,4.0,-1.0,0.0,0,0,0,0,0,0,0,0,0.0,,,,72.72727272727273,,7.050000000000001,
Jeremy Hecklinski,QB,2025,college_data,2.0,2.0,8.0,0.0,0.0,1.0,6.0,1.0,0,0,0,0,0,0,0,0,0.0,,,,100.0,,6.8,
Jerry Kaminski,QB,2024,college_data,4.0,5.0,28.0,0.0,0.0,1.0,3.0,0.0,0,0,0,0,0,0,0,0,0.0,,,,80.0,,1.0,
Jerry Kaminski,QB,2025,college_data,223.0,382.0,2570.0,26.0,12.0,133.0,607.0,8.0,0,0,0,0,0,0,0,0,0.0,,,,58.37696335078534,,304.95,
Jett Peddy,QB,2025,college_data,21.0,47.0,258.0,0.0,4.0,6.0,-6.0,0.0,0,0,0,0,0,0,0,0,0.0,,,,44.680851063829785,,-2.1500000000000004,
Jim Ogle,QB,2024,college_data,17.0,43.0,200.0,0.0,4.0,12.0,32.0,0.0,0,0,0,0,0,0,0,0,0.0,,,,39.53488372093023,,0.1999999999999993,
Jim Ogle,QB,2025,college_data,165.0,276.0,1767.0,9.0,13.0,37.0,30.0,2.0,0,0,0,0,0,0,0,0,0.0,,,,59.78260869565217,,87.17500000000001,
Jimmy Garoppolo,QB,2018,nflreadpy,53.0,89.0,718.0,5.0,3.0,8.0,33.0,0.0,0,13,-97,2,0,792,368,35,-0.48411393099176614,-6.281647386857205,0.9957654686588594,3.0,59.55056179775281,239.33333333333334,45.25,15.083333333333334
Jimmy Garoppolo,QB,2019,nflreadpy,366.0,534.0,4405.0,29.0,16.0,56.0,63.0,1.0,0,40,-263,5,4,3552,2372,218,82.7750056900916,1.7092541881844212,1.3712540517636425,19.0,68.53932584269663,231.8421052631579,256.425,13.496052631578948
Jimmy Garoppolo,QB,2020,nflreadpy,94.0,140.0,1096.0,7.0,5.0,10.0,25.0,0.0,0,11,-77,1,0,879,714,55,24.87557400059915,0.6801680792853529,1.257969312576528,6.0,67.14285714285714,182.66666666666666,61.900000000000006,10.316666666666668
Jimmy Garoppolo,QB,2021,nflreadpy,344.0,515.0,4345.0,22.0,15.0,40.0,56.0,3.0,0,33,-226,4,2,3732,2284,202,91.9296637308327,0.6961288348894582,1.2364280823555591,18.0,66.79611650485437,241.38888888888889,230.22500000000002,12.79027777777778
Jimmy Garoppolo,QB,2022,nflreadpy,207.0,308.0,2437.0,16.0,4.0,23.0,33.0,2.0,0,18,-100,1,1,2124,1443,114,75.50642052189109,-1.9660623823062027,1.1849239988589004,11.0,67.20779220779221,221.54545454545453,162.22500000000002,14.747727272727275
Jimmy Garoppolo,QB,2023,nflreadpy,110.0,169.0,1205.0,7.0,9.0,20.0,39.0,0.0,0,14,-101,0,0,1364,468,60,-18.10863541386211,-11.149824955668349,0.8355284774449835,7.0,65.08875739644971,172.14285714285714,58.025000000000006,8.289285714285715
Jimmy Garoppolo,QB,2024,nflreadpy,27.0,41.0,334.0,2.0,1.0,2.0,5.0,0.0,0,3,-15,0,0,221,232,16,2.0776321841180367,-3.0714814364910126,1.51131221719457,1.0,65.85365853658537,334.0,18.85,18.85
JoJo Crump,QB,2024,college_data,20.0,49.0,218.0,1.0,2.0,40.0,221.0,1.0,0,0,0,0,0,0,0,0,0.0,,,,40.816326530612244,,35.55,
JoJo Crump,QB,2025,college_data,0.0,3.0,0.0,0.0,0.0,2.0,-1.0,0.0,0,0,0,0,0,0,0,0,0.0,,,,0.0,,-0.1,
Joe Burrow,QB,2020,nflreadpy,264.0,404.0,2688.0,13.0,5.0,37.0,142.0,3.0,0,32,-231,4,3,3429,1142,150,48.966724960736016,1.8986409949118876,0.791044962850991,10.0,65.34653465346535,268.8,161.4,16.14
Joe Burrow,QB,2021,nflreadpy,463.0,662.0,5716.0,39.0,16.0,51.0,149.0,2.0,0,70,-507,4,2,5106,2877,250,100.83133106635944,5.958738518020743,1.1516870577332683,20.0,69.93957703927492,285.8,367.8,18.39
Joe Burrow,QB,2022,nflreadpy,486.0,715.0,5196.0,39.0,14.0,90.0,327.0,6.0,0,51,-319,6,3,4889,2476,255,105.22093984173922,2.9760257213996377,1.0966152123558854,19.0,67.97202797202797,273.4736842105263,398.6,20.978947368421053
Joe Burrow,QB,2023,nflreadpy,244.0,365.0,2309.0,15.0,6.0,31.0,88.0,0.0,0,24,-180,2,1,2347,1239,115,6.095037059046859,1.0097979794640373,1.0068844015755407,10.0,66.84931506849315,230.9,142.525,14.252500000000001
Joe Burrow,QB,2024,nflreadpy,460.0,652.0,4918.0,43.0,9.0,42.0,201.0,2.0,0,48,-278,9,5,4614,2192,253,115.12695542445556,6.852702962956832,1.1150037149281815,17.0,70.5521472392638,289.29411764705884,385.05,22.650000000000002
Joe Burrow,QB,2025,nflreadpy,173.0,259.0,1809.0,17.0,5.0,14.0,41.0,0.0,0,17,-113,0,0,1868,824,100,36.60709334252305,4.6295991731295505,1.0139311575753867,8.0,66.79536679536679,226.125,141.325,17.665625
Joe Burrow,QB,2026,nflreadpy,112.0,157.0,1171.0,7.0,3.0,11.0,38.0,1.0,0,9,-61,1,1,1122,446,58,18.866437080633588,4.632584458671904,1.0829106197809466,4.0,71.3375796178344,292.75,73.075,18.26875
Joe Fagnano,QB,2024,college_data,120.0,207.0,1631.0,20.0,4.0,30.0,60.0,1.0,0,0,0,0,0,0,0,0,0.0,,,,57.971014492753625,,164.775,
Joe Fagnano,QB,2025,college_data,284.0,412.0,3441.0,28.0,1.0,47.0,131.0,3.0,0,0,0,0,0,0,0,0,0.0,,,,68.93203883495146,,283.125,
Joe Flacco,QB,2018,nflreadpy,232.0,379.0,2465.0,12.0,6.0,19.0,45.0,0.0,0,16,-79,2,1,3237,1015,122,17.285783355289723,-2.0253577761965667,0.7823768519356458,9.0,61.21372031662269,273.8888888888889,124.125,13.791666666666666
Joe Flacco,QB,2019,nflreadpy,171.0,262.0,1822.0,6.0,5.0,12.0,20.0,0.0,0,26,-194,7,3,1777,907,86,-22.228209896883964,0.21625678447130614,1.0914893103810668,8.0,65.2671755725191,227.75,67.55000000000001,8.443750000000001
Joe Flacco,QB,2020,nflreadpy,74.0,134.0,864.0,6.0,3.0,6.0,22.0,0.0,0,7,-69,0,0,1425,342,36,-9.165092195278266,2.5280218231249094,0.8881774460442939,5.0,55.223880597014926,172.8,53.8,10.76
Joe Flacco,QB,2021,nflreadpy,27.0,42.0,338.0,3.0,0.0,2.0,3.0,0.0,0,2,-13,1,1,336,175,14,6.294119076454828,19.673059185345966,1.2351136964569012,2.0,64.28571428571429,169.0,24.75,12.375
Joe Flacco,QB,2022,nflreadpy,110.0,191.0,1051.0,5.0,3.0,3.0,6.0,0.0,0,10,-66,5,4,1537,432,55,-25.36170515305042,-9.871276481809996,0.5851999863683647,5.0,57.59162303664922,210.2,42.875,8.575
Joe Flacco,QB,2023,nflreadpy,157.0,250.0,1923.0,14.0,10.0,12.0,15.0,0.0,0,12,-96,3,1,2224,808,74,-18.313879266057178,-1.316903271312215,0.9769319936291825,6.0,62.8,320.5,111.57499999999999,18.59583333333333
Joe Flacco,QB,2024,nflreadpy,162.0,248.0,1761.0,12.0,7.0,9.0,26.0,0.0,0,18,-123,3,3,2215,651,87,2.0523858721668686,0.7124819403592719,0.79842243231338,7.0,65.32258064516128,251.57142857142858,98.625,14.089285714285714
Joe Flacco,QB,2025,nflreadpy,251.0,416.0,2479.0,15.0,10.0,21.0,35.0,1.0,0,18,-118,3,3,3047,1165,115,-40.87212521742496,-0.849984366810399,0.8868365846976115,13.0,60.33653846153846,190.69230769230768,135.475,10.421153846153846
Joe Milton III,QB,2024,nflreadpy,22.0,29.0,241.0,1.0,0.0,10.0,16.0,1.0,0,0,0,0,0,280,72,14,11.790716131760057,17.12494382151851,0.8607142857142858,1.0,75.86206896551724,241.0,19.625,19.625
Joe Milton III,QB,2025,nflreadpy,15.0,24.0,183.0,1.0,2.0,5.0,50.0,0.0,0,0,0,0,0,260,78,9,0.6370323602229799,7.726169265806675,0.9320300867923158,4.0,62.5,45.75,11.575,2.89375
Joe Owens Jr.,QB,2025,college_data,3.0,7.0,35.0,1.0,0.0,1.0,-3.0,0.0,0,0,0,0,0,0,0,0,0.0,,,,42.857142857142854,,6.575,
Joe Pesansky,QB,2024,college_data,164.0,278.0,2265.0,17.0,6.0,59.0,159.0,1.0,0,0,0,0,0,0,0,0,0.0,,,,58.992805755395686,,168.525,
Joe Pesansky,QB,2025,college_data,89.0,159.0,1021.0,11.0,7.0,43.0,117.0,2.0,0,0,0,0,0,0,0,0,0.0,,,,55.9748427672956,,101.225,
Joey Aguilar,QB,2024,college_data,218.0,390.0,3002.0,23.0,14.0,58.0,217.0,2.0,0,0,0,0,0,0,0,0,0.0,,,,55.8974358974359,,218.75,
Joey Aguilar,QB,2025,college_data,272.0,404.0,3565.0,24.0,10.0,71.0,101.0,4.0,0,0,0,0,0,0,0,0,0.0,,,,67.32673267326733,,247.22500000000002,
Joey Labas,QB,2024,college_data,94.0,160.0,1114.0,7.0,7.0,21.0,19.0,0.0,0,0,0,0,0,0,0,0,0.0,,,,58.75,,57.75,
Joey Labas,QB,2025,college_data,147.0,208.0,1854.0,13.0,6.0,54.0,-17.0,0.0,0,0,0,0,0,0,0,0,0.0,,,,70.67307692307693,,110.65,
Joey Tomasso,QB,2025,college_data,0.0,1.0,0.0,0.0,0.0,1.0,5.0,1.0,0,0,0,0,0,0,0,0,0.0,,,,0.0,,6.5,
John Alan Richter,QB,2024,college_data,43.0,67.0,497.0,4.0,0.0,15.0,14.0,0.0,0,0,0,0,0,0,0,0,0.0,,,,64.17910447761194,,37.825,
John Alan Richter,QB,2025,college_data,17.0,25.0,153.0,3.0,1.0,4.0,15.0,0.0,0,0,0,0,0,0,0,0,0.0,,,,68.0,,21.325,
John Austin,QB,2025,college_data,25.0,49.0,286.0,2.0,1.0,35.0,19.0,0.0,0,0,0,0,0,0,0,0,0.0,,,,51.02040816326531,,19.05,
John Busha,QB,2024,college_data,29.0,79.0,415.0,1.0,5.0,78.0,172.0,1.0,0,0,0,0,0,0,0,0,0.0,,,,36.708860759493675,,29.575000000000003,
John Griffith,QB,2025,college_data,5.0,15.0,7.0,0.0,0.0,4.0,11.0,0.0,0,0,0,0,0,0,0,0,0.0,,,,33.33333333333333,,1.2750000000000001,
John Mateer,QB,2024,college_data,224.0,347.0,3139.0,29.0,7.0,178.0,826.0,15.0,0,0,0,0,0,0,0,0,0.0,,,,64.55331412103746,,411.07500000000005,
John Mateer,QB,2025,college_data,247.0,397.0,2885.0,14.0,11.0,149.0,431.0,8.0,0,0,0,0,0,0,0,0,0.0,,,,62.21662468513854,,225.225,
John Michalski,QB,2024,college_data,128.0,230.0,1208.0,5.0,6.0,127.0,418.0,6.0,0,0,0,0,0,0,0,0,0.0,,,,55.65217391304348,,126.0,
John Michalski,QB,2025,college_data,14.0,29.0,135.0,0.0,1.0,34.0,123.0,2.0,0,0,0,0,0,0,0,0,0.0,,,,48.275862068965516,,25.675,
John White,QB,2024,college_data,17.0,31.0,240.0,0.0,3.0,11.0,-52.0,1.0,0,0,0,0,0,0,0,0,0.0,,,,54.83870967741935,,0.7999999999999998,
John White,QB,2025,college_data,1.0,1.0,-1.0,0.0,0.0,0.0,0.0,0.0,0,0,0,0,0,0,0,0,0.0,,,,100.0,,-0.025,
John Wolford,QB,2020,nflreadpy,25.0,44.0,260.0,0.0,1.0,7.0,58.0,0.0,0,3,-8,0,0,418,98,14,-4.796585336207856,-11.704097325737411,0.564292364990689,2.0,56.81818181818182,130.0,10.3,5.15
John Wolford,QB,2021,nflreadpy,1.0,4.0,5.0,0.0,1.0,2.0,-1.0,0.0,0,1,-8,0,0,19,7,0,-6.360478993272409,-53.385670483112335,0.0,2.0,25.0,2.5,-1.975,-0.9875
John Wolford,QB,2022,nflreadpy,38.0,62.0,390.0,1.0,3.0,8.0,32.0,0.0,0,7,-49,2,1,504,198,19,-19.748739064894636,-6.1142599317762585,0.7754532995163754,2.0,61.29032258064516,195.0,10.95,5.475
John-Keawe Sagapolutele,QB,2024,college_data,4.0,7.0,42.0,0.0,2.0,2.0,-8.0,0.0,0,0,0,0,0,0,0,0,0.0,,,,57.14285714285714,,-3.75,
John-Keawe Sagapolutele,QB,2025,college_data,148.0,261.0,1623.0,4.0,16.0,32.0,32.0,0.0,0,0,0,0,0,0,0,0,0.0,,,,56.70498084291188,,35.775000000000006,
Johnathan Bennett,QB,2024,college_data,124.0,241.0,1726.0,9.0,8.0,143.0,557.0,4.0,0,0,0,0,0,0,0,0,0.0,,,,51.45228215767634,,160.85000000000002,
Johnny Weber,QB,2025,college_data,106.0,179.0,1110.0,8.0,5.0,30.0,-23.0,0.0,0,0,0,0,0,0,0,0,0.0,,,,59.217877094972074,,63.45,
Jon Bell,QB,2024,college_data,7.0,14.0,96.0,1.0,0.0,1.0,-5.0,0.0,0,0,0,0,0,0,0,0,0.0,,,,50.0,,7.9,
Jonah Chong,QB,2024,college_data,12.0,24.0,50.0,0.0,0.0,18.0,69.0,0.0,0,0,0,0,0,0,0,0,0.0,,,,50.0,,8.15,
Jonah O'Brien,QB,2024,college_data,4.0,9.0,58.0,0.0,1.0,5.0,-11.0,0.0,0,0,0,0,0,0,0,0,0.0,,,,44.44444444444444,,-1.65,
Jonathan Palmer,QB,2025,college_data,47.0,89.0,420.0,1.0,6.0,8.0,-22.0,0.0,0,0,0,0,0,0,0,0,0.0,,,,52.80898876404494,,2.3000000000000007,
Jordan Barton,QB,2024,college_data,2.0,5.0,11.0,0.0,0.0,4.0,30.0,0.0,0,0,0,0,0,0,0,0,0.0,,,,40.0,,3.275,
Jordan Barton,QB,2025,college_data,54.0,89.0,557.0,4.0,3.0,42.0,68.0,0.0,0,0,0,0,0,0,0,0,0.0,,,,60.67415730337079,,38.725,
Jordan Cooke,QB,2024,college_data,9.0,20.0,71.0,0.0,1.0,1.0,-5.0,0.0,0,0,0,0,0,0,0,0,0.0,,,,45.0,,-0.7249999999999999,
Jordan Cooke,QB,2025,college_data,240.0,408.0,3052.0,16.0,9.0,53.0,185.0,4.0,0,0,0,0,0,0,0,0,0.0,,,,58.82352941176471,,196.8,
Jordan Davis,QB,2024,college_data,35.0,61.0,382.0,3.0,2.0,51.0,142.0,1.0,0,0,0,0,0,0,0,0,0.0,,,,57.377049180327866,,43.75,
Jordan Davis,QB,2025,college_data,14.0,24.0,168.0,1.0,0.0,23.0,135.0,2.0,0,0,0,0,0,0,0,0,0.0,,,,58.333333333333336,,35.7,
Jordan Heisey,QB,2024,college_data,22.0,31.0,200.0,3.0,1.0,9.0,29.0,0.0,0,0,0,0,0,0,0,0,0.0,,,,70.96774193548387,,23.9,
Jordan Love,QB,2021,nflreadpy,36.0,62.0,411.0,2.0,3.0,12.0,27.0,0.0,1,3,-23,2,1,494,233,22,-7.069919718026815,-5.805319018012398,0.8701917914325663,6.0,58.06451612903226,68.5,18.975,3.1625
Jordan Love,QB,2022,nflreadpy,14.0,21.0,195.0,1.0,0.0,1.0,-1.0,0.0,0,0,0,0,0,151,117,9,3.5308599969274166,-2.3546324421962104,1.2046156609195402,4.0,66.66666666666666,48.75,10.775,2.69375
Jordan Love,QB,2023,nflreadpy,409.0,634.0,4625.0,37.0,13.0,56.0,249.0,4.0,0,30,-242,4,1,5321,2120,230,111.82883910613103,1.5966028907569936,0.916915927399662,19.0,64.51104100946372,243.42105263157896,358.525,18.86973684210526
Jordan Love,QB,2024,nflreadpy,288.0,458.0,3601.0,25.0,14.0,27.0,93.0,1.0,0,16,-112,1,0,4034,1781,163,56.629444056107445,0.1695490616966731,0.9763041281160237,16.0,62.882096069869,225.0625,227.325,14.2078125
Jordan Love,QB,2025,nflreadpy,315.0,485.0,3704.0,27.0,6.0,48.0,210.0,0.0,0,22,-170,2,2,4340,1673,174,128.60209631178313,4.889832918484305,1.0624551837137859,16.0,64.94845360824742,231.5,259.6,16.225
Jordan Love,QB,2026,nflreadpy,87.0,154.0,1041.0,8.0,3.0,6.0,-8.0,0.0,0,8,-44,3,1,1292,528,48,4.609584126138179,-6.6163849212516395,0.8021634120307076,4.0,56.493506493506494,260.25,65.225,16.30625
Jordan Magwood,QB,2025,college_data,7.0,9.0,63.0,0.0,0.0,3.0,16.0,0.0,0,0,0,0,0,0,0,0,0.0,,,,77.77777777777779,,3.1750000000000003,
Jordan McCloud,QB,2024,college_data,272.0,389.0,3222.0,30.0,13.0,74.0,278.0,7.0,0,0,0,0,0,0,0,0,0.0,,,,69.9228791773779,,304.35,
Jordan Pachot,QB,2024,college_data,1.0,3.0,8.0,0.0,0.0,3.0,-26.0,0.0,0,0,0,0,0,0,0,0,0.0,,,,33.33333333333333,,-2.4,
Jordan Yates,QB,2024,college_data,4.0,6.0,48.0,0.0,0.0,40.0,235.0,4.0,0,0,0,0,0,0,0,0,0.0,,,,66.66666666666666,,48.7,
Jordyn Potts,QB,2024,college_data,97.0,170.0,973.0,6.0,5.0,33.0,-23.0,1.0,0,0,0,0,0,0,0,0,0.0,,,,57.05882352941176,,54.025000000000006,
Jordyn Potts,QB,2025,college_data,10.0,25.0,107.0,1.0,0.0,10.0,-36.0,0.0,0,0,0,0,0,0,0,0,0.0,,,,40.0,,5.075,
Joseph Filardi,QB,2025,college_data,31.0,65.0,226.0,1.0,3.0,30.0,87.0,1.0,0,0,0,0,0,0,0,0,0.0,,,,47.69230769230769,,20.35,
Josh Allen,QB,2018,nflreadpy,168.0,319.0,2044.0,10.0,12.0,89.0,631.0,8.0,0,28,-213,3,1,3509,913,88,-39.512357425362126,-6.711145175955465,0.659365734867031,12.0,52.66457680250783,170.33333333333334,196.2,16.349999999999998
Josh Allen,QB,2019,nflreadpy,295.0,507.0,3353.0,20.0,9.0,118.0,602.0,9.0,1,41,-264,7,3,4674,1499,159,-14.45940320510876,-1.9779089649145722,0.7454853860522206,17.0,58.18540433925049,197.23529411764707,296.025,17.413235294117644
Josh Allen,QB,2020,nflreadpy,473.0,692.0,5361.0,42.0,11.0,127.0,566.0,9.0,0,34,-253,7,2,5939,2166,272,169.12876670816868,5.996153942602295,0.954737326653261,19.0,68.35260115606935,282.1578947368421,470.625,24.769736842105264
Josh Allen,QB,2021,nflreadpy,457.0,708.0,5044.0,45.0,15.0,139.0,897.0,6.0,1,28,-180,4,1,5823,1959,261,121.16119073542697,3.0160400540235615,0.9013527827887363,19.0,64.54802259887006,265.4736842105263,491.79999999999995,25.884210526315787
Josh Allen,QB,2022,nflreadpy,407.0,648.0,4899.0,38.0,17.0,136.0,808.0,8.0,1,41,-201,8,4,6219,1769,242,88.1577151487008,0.8618445093391318,0.8171787322718779,18.0,62.808641975308646,272.1666666666667,439.27500000000003,24.40416666666667
Josh Allen,QB,2023,nflreadpy,432.0,648.0,4695.0,33.0,18.0,131.0,670.0,18.0,0,26,-166,2,1,5459,2255,222,101.15974853776603,3.9225913356228306,0.9087690162989797,19.0,66.66666666666666,247.10526315789474,452.375,23.80921052631579
Josh Allen,QB,2024,nflreadpy,365.0,565.0,4367.0,32.0,6.0,131.0,636.0,14.0,0,19,-85,5,2,4696,2327,199,151.62479603002208,2.7759038364291237,1.0134727401913792,19.0,64.60176991150442,229.8421052631579,432.775,22.777631578947368
Josh Allen,QB,2025,nflreadpy,372.0,534.0,4224.0,29.0,12.0,135.0,678.0,16.0,0,44,-327,2,2,3996,2251,203,86.07712564739356,3.3263926006071793,1.2846024632759627,18.0,69.66292134831461,234.66666666666666,415.4,23.077777777777776
Josh Allen,QB,2026,nflreadpy,79.0,119.0,1039.0,6.0,3.0,33.0,118.0,7.0,0,9,-50,2,1,1164,433,46,33.943784629271285,5.820897312309497,0.899467633481515,4.0,66.38655462184873,259.75,107.775,26.94375
Josh Brown,QB,2025,college_data,117.0,207.0,1323.0,6.0,3.0,92.0,304.0,2.0,0,0,0,0,0,0,0,0,0.0,,,,56.52173913043478,,105.47500000000001,
Josh Flowers,QB,2025,college_data,2.0,6.0,13.0,1.0,1.0,9.0,60.0,0.0,0,0,0,0,0,0,0,0,0.0,,,,33.33333333333333,,10.325,
Josh Holst,QB,2024,college_data,65.0,111.0,593.0,2.0,2.0,49.0,230.0,1.0,0,0,0,0,0,0,0,0,0.0,,,,58.55855855855856,,51.825,
Josh Holst,QB,2025,college_data,78.0,130.0,689.0,4.0,3.0,54.0,155.0,1.0,0,0,0,0,0,0,0,0,0.0,,,,60.0,,56.725,
Josh Hoover,QB,2024,college_data,313.0,471.0,3949.0,27.0,11.0,47.0,-19.0,4.0,0,0,0,0,0,0,0,0,0.0,,,,66.45435244161358,,260.825,
Josh Hoover,QB,2025,college_data,272.0,413.0,3472.0,29.0,13.0,55.0,4.0,2.0,0,0,0,0,0,0,0,0,0.0,,,,65.85956416464892,,247.20000000000005,
Josh Jenkins,QB,2024,college_data,0.0,1.0,0.0,0.0,1.0,0.0,0.0,0.0,0,0,0,0,0,0,0,0,0.0,,,,0.0,,-2.0,
Josh Johnson,QB,2018,nflreadpy,52.0,91.0,590.0,3.0,4.0,23.0,120.0,1.0,0,9,-67,2,0,839,302,29,-10.128199859591298,-3.567967787551109,0.8960752648239596,4.0,57.14285714285714,147.5,42.75,10.6875
Josh Johnson,QB,2021,nflreadpy,57.0,85.0,638.0,5.0,2.0,9.0,28.0,0.0,1,3,-23,0,0,620,283,39,27.387476933403597,-6.587324863153614,1.6223786063643715,4.0,67.05882352941175,159.5,46.75,11.6875
Josh Johnson,QB,2022,nflreadpy,8.0,15.0,84.0,0.0,0.0,4.0,5.0,0.0,0,2,-14,0,0,69,56,4,-2.861416120606009,-16.164572943340648,3.0522388059701493,2.0,53.333333333333336,42.0,2.6,1.3
Josh Johnson,QB,2024,college_data,6.0,14.0,126.0,1.0,3.0,14.0,94.0,0.0,0,0,0,0,0,0,0,0,0.0,,,,42.857142857142854,,12.55,
Josh Johnson,QB,2024,nflreadpy,2.0,3.0,17.0,0.0,0.0,4.0,1.0,0.0,0,1,-5,0,0,53,2,1,-1.8097355109639466,37.2974619269371,0.1509433962264151,4.0,66.66666666666666,4.25,0.525,0.13125
Josh Johnson,QB,2025,college_data,16.0,28.0,374.0,4.0,2.0,34.0,71.0,1.0,0,0,0,0,0,0,0,0,0.0,,,,57.14285714285714,,42.45,
Josh Johnson,QB,2025,nflreadpy,34.0,54.0,372.0,1.0,2.0,12.0,55.0,1.0,0,2,-14,0,0,313,213,21,3.8190098875594023,-1.431065225785438,1.373411536770926,3.0,62.96296296296296,124.0,22.8,7.6000000000000005
Josh McCown,QB,2018,nflreadpy,60.0,110.0,539.0,1.0,4.0,5.0,32.0,0.0,0,7,-35,0,0,805,308,27,-32.38688326054918,-26.139813918353273,0.4994735283228434,4.0,54.54545454545454,134.75,14.675,3.66875
Josh McCown,QB,2019,nflreadpy,21.0,29.0,198.0,0.0,0.0,7.0,21.0,0.0,0,6,-14,0,0,168,93,11,-3.004052768061224,-3.455885459076274,1.1413449564134495,3.0,72.41379310344827,66.0,7.050000000000001,2.35
Josh Rosen,QB,2018,nflreadpy,217.0,393.0,2278.0,11.0,14.0,23.0,138.0,0.0,0,45,-320,7,5,3262,977,112,-150.63271166350515,-8.322271948876244,0.7480367245510325,14.0,55.216284987277355,162.71428571428572,98.75,7.053571428571429
Josh Rosen,QB,2019,nflreadpy,58.0,109.0,567.0,1.0,5.0,3.0,13.0,0.0,0,16,-93,1,0,899,319,26,-49.46513307753881,-15.87042658428351,0.7316353442749753,5.0,53.21100917431193,113.4,11.475000000000001,2.2950000000000004
Josh Rosen,QB,2021,nflreadpy,2.0,11.0,19.0,0.0,2.0,0.0,0.0,0.0,0,0,0,0,0,121,11,1,-18.704876960255206,-43.843138962984085,0.13823529411764704,3.0,18.181818181818183,6.333333333333333,-3.525,-1.175
Joshua Dobbs,QB,2018,nflreadpy,6.0,12.0,43.0,0.0,1.0,4.0,11.0,0.0,0,0,0,0,0,59,19,2,-10.654129022965208,0.18994733691215515,0.5006587615283268,5.0,50.0,8.6,0.17499999999999982,0.03499999999999996
Joshua Dobbs,QB,2020,nflreadpy,4.0,5.0,2.0,0.0,0.0,2.0,20.0,0.0,0,0,0,0,0,0,13,0,-2.623088019026909,17.833222448825836,0.0,1.0,80.0,2.0,2.05,2.05
Joshua Dobbs,QB,2022,nflreadpy,40.0,68.0,411.0,2.0,2.0,8.0,44.0,0.0,0,6,-26,3,2,538,213,25,-8.974636538833105,0.13162299816371448,0.8090939561527797,2.0,58.82352941176471,205.5,18.675,9.3375
Joshua Dobbs,QB,2023,nflreadpy,262.0,417.0,2464.0,13.0,10.0,77.0,421.0,6.0,2,30,-217,7,5,3320,1003,126,-81.59065717074796,-2.0036268541385036,0.7707500428742786,13.0,62.829736211031175,189.53846153846155,191.7,14.746153846153845
Joshua Dobbs,QB,2024,nflreadpy,32.0,47.0,361.0,2.0,2.0,9.0,24.0,2.0,0,2,-28,1,0,373,101,18,5.55747983542185,10.964649525426683,0.9470934799685782,2.0,68.08510638297872,180.5,31.424999999999997,15.712499999999999
Joshua Dobbs,QB,2025,nflreadpy,7.0,10.0,65.0,0.0,0.0,10.0,-5.0,0.0,0,0,0,0,0,119,48,3,-0.0719429492467123,1.7468368634581566,0.5573076923076923,4.0,70.0,16.25,1.125,0.28125
Joshua Jones,QB,2024,college_data,18.0,23.0,294.0,3.0,2.0,17.0,129.0,3.0,0,0,0,0,0,0,0,0,0.0,,,,78.26086956521739,,52.25,
Joshua Jones,QB,2025,college_data,5.0,7.0,36.0,0.0,0.0,26.0,110.0,0.0,0,0,0,0,0,0,0,0,0.0,,,,71.42857142857143,,11.9,
Joshua Wood,QB,2024,college_data,18.0,28.0,195.0,1.0,1.0,37.0,118.0,6.0,0,0,0,0,0,0,0,0,0.0,,,,64.28571428571429,,56.675,
Joshua Wood,QB,2025,college_data,152.0,260.0,1898.0,14.0,5.0,86.0,589.0,7.0,0,0,0,0,0,0,0,0,0.0,,,,58.46153846153847,,222.35000000000002,
Julian Calvez,QB,2024,college_data,5.0,10.0,46.0,0.0,0.0,8.0,35.0,0.0,0,0,0,0,0,0,0,0,0.0,,,,50.0,,4.65,
Julian Calvez,QB,2025,college_data,15.0,22.0,104.0,1.0,0.0,6.0,17.0,0.0,0,0,0,0,0,0,0,0,0.0,,,,68.18181818181817,,10.3,
Julian Dugger,QB,2024,college_data,7.0,13.0,72.0,2.0,1.0,21.0,88.0,1.0,0,0,0,0,0,0,0,0,0.0,,,,53.84615384615385,,26.6,
Julian Dugger,QB,2025,college_data,2.0,6.0,39.0,0.0,0.0,22.0,47.0,2.0,0,0,0,0,0,0,0,0,0.0,,,,33.33333333333333,,17.675,
Julian Lewis,QB,2025,college_data,52.0,94.0,589.0,4.0,0.0,23.0,-36.0,0.0,0,0,0,0,0,0,0,0,0.0,,,,55.319148936170215,,35.125,
Julian Sayin,QB,2024,college_data,5.0,12.0,84.0,1.0,0.0,2.0,24.0,0.0,0,0,0,0,0,0,0,0,0.0,,,,41.66666666666667,,10.5,
Julian Sayin,QB,2025,college_data,301.0,391.0,3610.0,32.0,8.0,42.0,-44.0,0.0,0,0,0,0,0,0,0,0,0.0,,,,76.98209718670077,,261.85,
Junior Muratovic,QB,2024,college_data,21.0,45.0,189.0,1.0,4.0,5.0,3.0,0.0,0,0,0,0,0,0,0,0,0.0,,,,46.666666666666664,,3.0250000000000004,
Justin Fields,QB,2021,nflreadpy,159.0,270.0,1870.0,7.0,10.0,72.0,420.0,2.0,0,36,-264,8,4,2645,683,83,-64.92877211484534,-1.5904246386364882,0.7689132075610745,12.0,58.88888888888889,155.83333333333334,114.75,9.5625
Justin Fields,QB,2022,nflreadpy,192.0,318.0,2242.0,17.0,11.0,160.0,1143.0,8.0,0,55,-359,7,2,2889,958,91,-67.55924912026882,-3.2303910625427323,0.7784443656667066,15.0,60.37735849056604,149.46666666666667,294.35,19.623333333333335
Justin Fields,QB,2023,nflreadpy,227.0,370.0,2562.0,16.0,9.0,124.0,657.0,4.0,0,44,-285,7,3,2961,1224,121,-38.19047671384594,0.4279882023079749,1.0523716402983536,13.0,61.35135135135135,197.07692307692307,225.75,17.365384615384617
Justin Fields,QB,2024,nflreadpy,106.0,162.0,1106.0,5.0,1.0,62.0,289.0,5.0,0,16,-124,2,1,1256,520,45,7.122525860269608,-8.76521227324781,0.724140649095006,11.0,65.4320987654321,100.54545454545455,112.55000000000001,10.231818181818182
Justin Fields,QB,2025,nflreadpy,128.0,204.0,1259.0,7.0,1.0,71.0,383.0,4.0,2,27,-192,2,1,1379,586,58,-22.451623025007635,-6.876551432524284,0.8834949427088064,9.0,62.745098039215684,139.88888888888889,135.775,15.086111111111112
Justin Fomby,QB,2024,college_data,135.0,231.0,1527.0,9.0,9.0,32.0,-53.0,1.0,0,0,0,0,0,0,0,0,0.0,,,,58.44155844155844,,74.875,
Justin Herbert,QB,2020,nflreadpy,396.0,595.0,4336.0,31.0,10.0,55.0,234.0,5.0,0,32,-218,3,1,4368,2220,216,90.67423721345527,1.02852682648861,1.0217752061335632,15.0,66.55462184873949,289.06666666666666,325.8,21.720000000000002
Justin Herbert,QB,2021,nflreadpy,443.0,672.0,5014.0,38.0,15.0,63.0,302.0,3.0,0,31,-214,1,1,5058,2403,256,121.55570376370669,0.03264494024844901,1.0605604780685955,17.0,65.92261904761905,294.94117647058823,369.55,21.738235294117647
Justin Herbert,QB,2022,nflreadpy,502.0,742.0,5012.0,26.0,10.0,57.0,159.0,0.0,0,41,-226,4,3,4743,2639,241,32.15717203889694,1.3354123969052405,1.0853965742867349,18.0,67.65498652291106,278.44444444444446,271.20000000000005,15.06666666666667
Justin Herbert,QB,2023,nflreadpy,297.0,456.0,3134.0,20.0,7.0,52.0,228.0,3.0,0,29,-233,3,1,3490,1568,150,27.91685552285643,-1.6007306647854738,0.9318860221658766,13.0,65.13157894736842,241.07692307692307,223.15,17.165384615384617
Justin Herbert,QB,2024,nflreadpy,346.0,536.0,4112.0,24.0,7.0,69.0,306.0,2.0,0,45,-275,4,1,4740,1800,184,49.147290920706816,0.9608531569879888,0.915926099537179,18.0,64.55223880597015,228.44444444444446,273.4,15.188888888888888
Justin Herbert,QB,2025,nflreadpy,359.0,543.0,3886.0,26.0,13.0,93.0,555.0,2.0,1,60,-340,5,2,4252,1728,183,2.8343411644525425,1.382990918796348,0.9714284244933582,17.0,66.11418047882137,228.58823529411765,292.65,17.21470588235294
Justin Herbert,QB,2026,nflreadpy,52.0,88.0,627.0,3.0,4.0,12.0,48.0,0.0,0,8,-40,2,0,834,293,28,-12.54040959618608,-4.486824524229717,0.7510983383825467,3.0,59.09090909090909,209.0,30.475,10.158333333333333
Justin Lamson,QB,2024,college_data,24.0,47.0,300.0,4.0,2.0,68.0,94.0,8.0,0,0,0,0,0,0,0,0,0.0,,,,51.06382978723404,,84.9,
Justin Lamson,QB,2025,college_data,255.0,356.0,3172.0,26.0,3.0,176.0,734.0,16.0,0,0,0,0,0,0,0,0,0.0,,,,71.62921348314607,,398.70000000000005,
Justin Lewis,QB,2024,college_data,14.0,19.0,165.0,1.0,2.0,9.0,20.0,0.0,0,0,0,0,0,0,0,0,0.0,,,,73.68421052631578,,8.125,
Justyn Martin,QB,2024,college_data,24.0,35.0,179.0,1.0,0.0,8.0,-9.0,0.0,0,0,0,0,0,0,0,0,0.0,,,,68.57142857142857,,9.575000000000001,
Jy Walls,QB,2025,college_data,2.0,4.0,14.0,0.0,0.0,3.0,5.0,0.0,0,0,0,0,0,0,0,0,0.0,,,,50.0,,0.8500000000000001,
KJ Cooper,QB,2024,college_data,20.0,30.0,155.0,1.0,1.0,6.0,52.0,0.0,0,0,0,0,0,0,0,0,0.0,,,,66.66666666666666,,13.075,
KJ Cooper,QB,2025,college_data,151.0,244.0,1497.0,11.0,5.0,72.0,243.0,3.0,0,0,0,0,0,0,0,0,0.0,,,,61.885245901639344,,135.72500000000002,
KJ Jackson,QB,2024,college_data,4.0,4.0,59.0,0.0,0.0,1.0,3.0,0.0,0,0,0,0,0,0,0,0,0.0,,,,100.0,,1.7750000000000001,
KJ Jackson,QB,2025,college_data,33.0,54.0,441.0,3.0,0.0,11.0,52.0,2.0,0,0,0,0,0,0,0,0,0.0,,,,61.111111111111114,,46.225,
KJ Jefferson,QB,2024,college_data,64.0,108.0,1012.0,7.0,4.0,61.0,193.0,2.0,0,0,0,0,0,0,0,0,0.0,,,,59.25925925925925,,90.6,
Kaden Anderson,QB,2024,college_data,70.0,120.0,955.0,6.0,3.0,22.0,49.0,2.0,0,0,0,0,0,0,0,0,0.0,,,,58.333333333333336,,70.775,
Kaden Anderson,QB,2025,college_data,189.0,336.0,1971.0,12.0,10.0,43.0,-33.0,0.0,0,0,0,0,0,0,0,0,0.0,,,,56.25,,97.97500000000001,
Kaden Rolfsness,QB,2025,college_data,23.0,43.0,236.0,1.0,3.0,27.0,92.0,3.0,0,0,0,0,0,0,0,0,0.0,,,,53.48837209302325,,33.1,
Kadin Semonza,QB,2024,college_data,275.0,427.0,2900.0,25.0,10.0,54.0,-81.0,1.0,0,0,0,0,0,0,0,0,0.0,,,,64.40281030444966,,200.4,
Kael Alexander,QB,2024,college_data,21.0,36.0,159.0,0.0,2.0,3.0,-22.0,0.0,0,0,0,0,0,0,0,0,0.0,,,,58.333333333333336,,-2.225,
Kael Alexander,QB,2025,college_data,76.0,138.0,954.0,8.0,5.0,16.0,-25.0,0.0,0,0,0,0,0,0,0,0,0.0,,,,55.072463768115945,,59.349999999999994,
Kai Coln,QB,2024,college_data,0.0,1.0,0.0,0.0,0.0,0.0,0.0,0.0,0,0,0,0,0,0,0,0,0.0,,,,0.0,,0.0,
Kai Coln,QB,2025,college_data,139.0,237.0,1699.0,9.0,6.0,55.0,39.0,1.0,0,0,0,0,0,0,0,0,0.0,,,,58.64978902953587,,94.375,
Kai Horton,QB,2024,college_data,1.0,1.0,9.0,0.0,0.0,0.0,0.0,0.0,0,0,0,0,0,0,0,0,0.0,,,,100.0,,0.225,
Kai Horton,QB,2025,college_data,7.0,13.0,98.0,0.0,0.0,8.0,9.0,2.0,0,0,0,0,0,0,0,0,0.0,,,,53.84615384615385,,15.35,
Kaiden Bennett,QB,2024,college_data,22.0,45.0,269.0,1.0,3.0,12.0,28.0,0.0,0,0,0,0,0,0,0,0,0.0,,,,48.888888888888886,,9.525,
Kaiden Bennett,QB,2025,college_data,121.0,206.0,1386.0,7.0,7.0,115.0,557.0,9.0,0,0,0,0,0,0,0,0,0.0,,,,58.7378640776699,,172.35,
Kaiden Box,QB,2024,college_data,16.0,36.0,232.0,1.0,0.0,5.0,-16.0,0.0,0,0,0,0,0,0,0,0,0.0,,,,44.44444444444444,,10.200000000000001,
Kaidon Salter,QB,2024,college_data,147.0,261.0,1886.0,15.0,6.0,114.0,587.0,7.0,0,0,0,0,0,0,0,0,0.0,,,,56.32183908045977,,225.85000000000002,
Kaidon Salter,QB,2025,college_data,127.0,204.0,1414.0,10.0,7.0,104.0,357.0,5.0,0,0,0,0,0,0,0,0,0.0,,,,62.254901960784316,,147.05,
Kaiya Sheron,QB,2024,college_data,37.0,48.0,394.0,3.0,0.0,20.0,18.0,0.0,0,0,0,0,0,0,0,0,0.0,,,,77.08333333333334,,29.650000000000002,
Kaleb Bailey,QB,2025,college_data,5.0,13.0,113.0,1.0,2.0,24.0,120.0,0.0,0,0,0,0,0,0,0,0,0.0,,,,38.46153846153847,,16.825,
Kalieb Osborne,QB,2025,college_data,32.0,52.0,427.0,3.0,0.0,51.0,282.0,2.0,0,0,0,0,0,0,0,0,0.0,,,,61.53846153846154,,68.875,
Kamario Taylor,QB,2025,college_data,43.0,77.0,629.0,5.0,1.0,82.0,458.0,8.0,0,0,0,0,0,0,0,0,0.0,,,,55.84415584415584,,137.525,
Kamden Sixkiller,QB,2024,college_data,73.0,142.0,772.0,3.0,5.0,42.0,116.0,0.0,0,0,0,0,0,0,0,0,0.0,,,,51.40845070422535,,38.900000000000006,
Kamden Sixkiller,QB,2025,college_data,224.0,357.0,2154.0,12.0,5.0,76.0,224.0,3.0,0,0,0,0,0,0,0,0,0.0,,,,62.745098039215684,,156.25,
Kareame Cotton Jr,QB,2024,college_data,6.0,18.0,90.0,0.0,0.0,17.0,54.0,0.0,0,0,0,0,0,0,0,0,0.0,,,,33.33333333333333,,7.65,
Karle Lacey Jr.,QB,2025,college_data,1.0,1.0,7.0,0.0,0.0,0.0,0.0,0.0,0,0,0,0,0,0,0,0,0.0,,,,100.0,,0.17500000000000002,
Karson Siqueiros-Lasky,QB,2024,college_data,0.0,4.0,0.0,0.0,0.0,2.0,-4.0,0.0,0,0,0,0,0,0,0,0,0.0,,,,0.0,,-0.4,
Karson Siqueiros-Lasky,QB,2025,college_data,2.0,2.0,14.0,0.0,0.0,0.0,0.0,0.0,0,0,0,0,0,0,0,0,0.0,,,,100.0,,0.35000000000000003,
Kasen Weisman,QB,2024,college_data,39.0,73.0,416.0,2.0,3.0,15.0,71.0,1.0,0,0,0,0,0,0,0,0,0.0,,,,53.42465753424658,,29.5,
Katin Houser,QB,2024,college_data,149.0,245.0,2006.0,18.0,11.0,49.0,170.0,4.0,0,0,0,0,0,0,0,0,0.0,,,,60.816326530612244,,177.15,
Katin Houser,QB,2025,college_data,269.0,408.0,3300.0,19.0,6.0,85.0,193.0,9.0,0,0,0,0,0,0,0,0,0.0,,,,65.93137254901961,,257.8,
Keali'i Ah Yat,QB,2024,college_data,112.0,189.0,1111.0,7.0,6.0,57.0,159.0,7.0,0,0,0,0,0,0,0,0,0.0,,,,59.25925925925925,,115.67500000000001,
Keali'i Ah Yat,QB,2025,college_data,325.0,470.0,4070.0,33.0,9.0,68.0,67.0,8.0,0,0,0,0,0,0,0,0,0.0,,,,69.14893617021278,,336.45,
Kedon Slovis,QB,2025,nflreadpy,1.0,2.0,-2.0,0.0,0.0,0.0,0.0,0.0,0,0,0,0,0,3,0,0,-2.1466314259450883,-31.81181252002716,0.0,2.0,50.0,-1.0,-0.05,-0.025
Keegan Patterson,QB,2024,college_data,6.0,9.0,12.0,0.0,0.0,17.0,24.0,0.0,0,0,0,0,0,0,0,0,0.0,,,,66.66666666666666,,2.7,
Keegan Patterson,QB,2025,college_data,124.0,217.0,1557.0,12.0,7.0,70.0,180.0,1.0,0,0,0,0,0,0,0,0,0.0,,,,57.14285714285714,,120.92500000000001,
Keelon Russell,QB,2025,college_data,11.0,15.0,143.0,2.0,0.0,3.0,17.0,0.0,0,0,0,0,0,0,0,0,0.0,,,,73.33333333333333,,17.275,
Kekoa Visperas,QB,2024,college_data,200.0,267.0,2155.0,17.0,2.0,94.0,372.0,9.0,0,0,0,0,0,0,0,0,0.0,,,,74.90636704119851,,243.075,
Kekoa Visperas,QB,2025,college_data,244.0,376.0,2780.0,26.0,7.0,102.0,485.0,3.0,0,0,0,0,0,0,0,0,0.0,,,,64.8936170212766,,278.0,
Keldric Luster,QB,2024,college_data,1.0,3.0,0.0,0.0,0.0,11.0,50.0,0.0,0,0,0,0,0,0,0,0,0.0,,,,33.33333333333333,,5.0,
Keldric Luster,QB,2025,college_data,1.0,3.0,14.0,0.0,0.0,3.0,14.0,0.0,0,0,0,0,0,0,0,0,0.0,,,,33.33333333333333,,1.7500000000000002,
Kellen Mond,QB,2021,nflreadpy,2.0,3.0,5.0,0.0,0.0,0.0,0.0,0.0,0,0,0,0,0,0,9,0,-1.7575525424908847,-6.2244713306427,0.0,1.0,66.66666666666666,5.0,0.125,0.125
Kemper Hodges,QB,2025,college_data,6.0,14.0,74.0,0.0,0.0,49.0,207.0,3.0,0,0,0,0,0,0,0,0,0.0,,,,42.857142857142854,,40.550000000000004,
Ken Seals,QB,2024,college_data,10.0,13.0,97.0,1.0,0.0,4.0,12.0,0.0,0,0,0,0,0,0,0,0,0.0,,,,76.92307692307693,,9.625,
Ken Seals,QB,2025,college_data,33.0,46.0,282.0,1.0,2.0,9.0,-2.0,1.0,0,0,0,0,0,0,0,0,0.0,,,,71.73913043478261,,14.850000000000001,
Kennedy McGill,QB,2024,college_data,12.0,24.0,87.0,0.0,1.0,13.0,126.0,0.0,0,0,0,0,0,0,0,0,0.0,,,,50.0,,12.775000000000002,
Kennedy McGill,QB,2025,college_data,7.0,16.0,76.0,1.0,2.0,13.0,39.0,0.0,0,0,0,0,0,0,0,0,0.0,,,,43.75,,7.800000000000001,
Kenny Minchey,QB,2024,college_data,1.0,1.0,4.0,0.0,0.0,2.0,12.0,1.0,0,0,0,0,0,0,0,0,0.0,,,,100.0,,7.300000000000001,
Kenny Minchey,QB,2025,college_data,20.0,26.0,196.0,0.0,0.0,7.0,84.0,1.0,0,0,0,0,0,0,0,0,0.0,,,,76.92307692307693,,19.3,
Kenny Pickett,QB,2022,nflreadpy,245.0,389.0,2404.0,7.0,9.0,55.0,237.0,3.0,0,27,-182,1,1,2957,1042,123,-8.959706766791422,-3.683038647944959,0.7757877256229211,13.0,62.98200514138818,184.92307692307693,123.80000000000001,9.523076923076925
Kenny Pickett,QB,2023,nflreadpy,201.0,324.0,2070.0,6.0,4.0,42.0,54.0,1.0,0,23,-173,0,0,2288,1046,91,-41.188491946606106,-1.6024504285975756,0.9565600956983888,12.0,62.03703703703704,172.5,91.15,7.595833333333334
Kenny Pickett,QB,2024,nflreadpy,25.0,43.0,291.0,2.0,1.0,14.0,8.0,1.0,0,4,-33,1,0,353,57,12,0.7170360489984176,-23.53940389760129,0.42720662733178383,7.0,58.139534883720934,41.57142857142857,24.075000000000003,3.4392857142857145
Kenny Pickett,QB,2025,nflreadpy,28.0,45.0,188.0,1.0,2.0,5.0,22.0,0.0,0,8,-54,0,0,262,62,8,-28.787691949274503,-11.411753798524538,1.7863688181704005,6.0,62.22222222222222,31.333333333333332,8.9,1.4833333333333334
Kenny Pickett,QB,2026,nflreadpy,0.0,1.0,0.0,0.0,0.0,2.0,20.0,0.0,0,0,0,0,0,3,0,0,-0.38113494333811104,-77.15720534324646,0.0,2.0,0.0,0.0,2.0,1.0
Kevin Jennings,QB,2024,college_data,248.0,381.0,3189.0,23.0,11.0,101.0,354.0,5.0,0,0,0,0,0,0,0,0,0.0,,,,65.09186351706036,,261.125,
Kevin Jennings,QB,2025,college_data,300.0,454.0,3641.0,26.0,13.0,70.0,54.0,4.0,0,0,0,0,0,0,0,0,0.0,,,,66.07929515418502,,250.425,
Kevin Sperry,QB,2025,college_data,12.0,17.0,194.0,2.0,0.0,7.0,27.0,0.0,0,0,0,0,0,0,0,0,0.0,,,,70.58823529411765,,19.55,
Kevin White,QB,2024,college_data,45.0,74.0,427.0,1.0,1.0,24.0,49.0,1.0,0,0,0,0,0,0,0,0,0.0,,,,60.810810810810814,,25.575000000000003,
Kevin White,QB,2025,college_data,116.0,203.0,1516.0,7.0,6.0,83.0,60.0,4.0,0,0,0,0,0,0,0,0,0.0,,,,57.14285714285714,,97.9,
Keyone Jenkins,QB,2024,college_data,188.0,304.0,2557.0,22.0,8.0,75.0,130.0,2.0,0,0,0,0,0,0,0,0,0.0,,,,61.8421052631579,,204.925,
Keyone Jenkins,QB,2025,college_data,164.0,263.0,1742.0,9.0,6.0,52.0,114.0,5.0,0,0,0,0,0,0,0,0,0.0,,,,62.3574144486692,,126.94999999999999,
Khalib Johnson,QB,2024,college_data,6.0,22.0,57.0,0.0,3.0,6.0,-2.0,0.0,0,0,0,0,0,0,0,0,0.0,,,,27.27272727272727,,-4.775,
Khalil Wilkins,QB,2025,college_data,16.0,36.0,185.0,1.0,2.0,58.0,243.0,2.0,0,0,0,0,0,0,0,0,0.0,,,,44.44444444444444,,42.925,
Khristian Martin,QB,2025,college_data,11.0,17.0,105.0,1.0,0.0,4.0,8.0,0.0,0,0,0,0,0,0,0,0,0.0,,,,64.70588235294117,,9.425,
Kia'i Keone,QB,2024,college_data,90.0,160.0,796.0,1.0,7.0,65.0,182.0,2.0,0,0,0,0,0,0,0,0,0.0,,,,56.25,,42.1,
Kia'i Keone,QB,2025,college_data,0.0,1.0,0.0,0.0,0.0,4.0,6.0,1.0,0,0,0,0,0,0,0,0,0.0,,,,0.0,,6.6,
Kiael Kelly,QB,2024,college_data,2.0,4.0,8.0,0.0,0.0,35.0,91.0,1.0,0,0,0,0,0,0,0,0,0.0,,,,50.0,,15.299999999999999,
Kiael Kelly,QB,2025,college_data,153.0,272.0,1560.0,10.0,8.0,211.0,608.0,5.0,0,0,0,0,0,0,0,0,0.0,,,,56.25,,173.8,
Kingston Tisdell,QB,2025,college_data,43.0,76.0,442.0,3.0,2.0,4.0,11.0,0.0,0,0,0,0,0,0,0,0,0.0,,,,56.57894736842105,,26.15,
Kinkead Dent,QB,2024,college_data,174.0,303.0,2278.0,20.0,7.0,80.0,321.0,7.0,0,0,0,0,0,0,0,0,0.0,,,,57.42574257425742,,237.05,
Kirk Cousins,QB,2018,nflreadpy,425.0,606.0,4298.0,30.0,10.0,44.0,123.0,1.0,0,40,-262,5,5,4396,1947,218,-10.79667924128233,2.5503333932080334,1.0358436741799748,16.0,70.13201320132013,268.625,275.75,17.234375
Kirk Cousins,QB,2019,nflreadpy,347.0,504.0,4017.0,28.0,7.0,33.0,62.0,1.0,0,36,-262,6,3,3829,1965,182,83.42153407412206,4.934378488724282,1.2062026164848123,17.0,68.84920634920636,236.2941176470588,260.625,15.330882352941176
Kirk Cousins,QB,2020,nflreadpy,349.0,516.0,4265.0,35.0,13.0,32.0,156.0,1.0,0,39,-256,8,4,4103,1936,212,95.06042305263253,4.26865398236962,1.368738031206004,16.0,67.63565891472868,266.5625,304.225,19.0140625
Kirk Cousins,QB,2021,nflreadpy,372.0,561.0,4221.0,33.0,7.0,29.0,115.0,1.0,0,28,-197,10,2,4573,1813,192,68.7925677748154,0.7851476949997176,0.9530656445034832,16.0,66.31016042780749,263.8125,303.025,18.9390625
Kirk Cousins,QB,2022,nflreadpy,455.0,682.0,4820.0,31.0,14.0,32.0,98.0,3.0,0,46,-329,5,3,5089,2094,246,32.92447018871769,2.6053070125203823,1.000364587565439,18.0,66.71554252199414,267.77777777777777,300.3,16.683333333333334
Kirk Cousins,QB,2023,nflreadpy,216.0,311.0,2331.0,18.0,5.0,14.0,25.0,0.0,0,17,-110,4,3,2252,996,112,37.10304547110406,4.469140010719892,1.0603742909050413,8.0,69.45337620578779,291.375,152.775,19.096875
Kirk Cousins,QB,2024,nflreadpy,303.0,453.0,3508.0,18.0,16.0,23.0,0.0,0.0,0,28,-201,7,2,3374,1687,163,21.13438802219035,1.0863261842769014,1.1001653806257814,14.0,66.88741721854305,250.57142857142858,159.7,11.407142857142857
Kirk Cousins,QB,2025,nflreadpy,166.0,269.0,1721.0,10.0,5.0,14.0,7.0,1.0,0,13,-79,2,0,1870,983,86,-0.9307982777622996,-4.49578235682066,1.1054878466039928,10.0,61.71003717472119,172.1,99.72500000000001,9.9725
Kirk Cousins,QB,2026,nflreadpy,62.0,92.0,661.0,9.0,3.0,12.0,-2.0,0.0,0,5,-26,1,0,782,230,37,15.347312922743278,4.054468822205204,0.8367941476856702,3.0,67.3913043478261,220.33333333333334,64.325,21.441666666666666
Kirk Francis,QB,2024,college_data,149.0,253.0,1585.0,9.0,6.0,34.0,-18.0,0.0,0,0,0,0,0,0,0,0,0.0,,,,58.89328063241107,,79.825,
Kirk Francis,QB,2025,college_data,53.0,88.0,493.0,3.0,4.0,9.0,1.0,0.0,0,0,0,0,0,0,0,0,0.0,,,,60.22727272727273,,22.425,
Kobe Muasau,QB,2024,college_data,19.0,24.0,202.0,2.0,0.0,5.0,3.0,1.0,0,0,0,0,0,0,0,0,0.0,,,,79.16666666666666,,23.35,
Kobe Muasau,QB,2025,college_data,76.0,117.0,824.0,4.0,3.0,31.0,76.0,0.0,0,0,0,0,0,0,0,0,0.0,,,,64.95726495726495,,46.2,
Kobe Tracy,QB,2024,college_data,258.0,429.0,3011.0,24.0,10.0,48.0,77.0,2.0,0,0,0,0,0,0,0,0,0.0,,,,60.13986013986013,,218.97500000000002,
Kody Sparks,QB,2024,college_data,0.0,2.0,0.0,0.0,1.0,0.0,0.0,0.0,0,0,0,0,0,0,0,0,0.0,,,,0.0,,-2.0,
Ksaan Farrar,QB,2025,college_data,11.0,18.0,84.0,0.0,0.0,9.0,30.0,1.0,0,0,0,0,0,0,0,0,0.0,,,,61.111111111111114,,11.1,
Kurtis Rourke,QB,2024,college_data,222.0,320.0,3042.0,29.0,5.0,46.0,-35.0,2.0,0,0,0,0,0,0,0,0,0.0,,,,69.375,,248.55,
Kyle Allen,QB,2018,nflreadpy,20.0,31.0,266.0,2.0,0.0,5.0,19.0,1.0,0,0,0,0,0,243,92,11,13.093619223171949,14.84762718556104,1.1042780748663101,2.0,64.51612903225806,133.0,26.55,13.275
Kyle Allen,QB,2019,nflreadpy,303.0,489.0,3322.0,17.0,16.0,32.0,106.0,2.0,0,46,-397,10,6,3989,1647,188,-30.03240231823991,-0.7136601770357378,0.8723466992202982,13.0,61.963190184049076,255.53846153846155,163.65,12.588461538461539
Kyle Allen,QB,2020,nflreadpy,60.0,87.0,610.0,4.0,1.0,7.0,26.0,1.0,0,7,-44,1,1,523,324,30,5.793599191286817,6.858756895060147,1.3610543297788449,4.0,68.96551724137932,152.5,43.85,10.9625
Kyle Allen,QB,2021,nflreadpy,12.0,19.0,120.0,1.0,0.0,2.0,11.0,0.0,0,2,-5,1,1,135,46,6,0.39260218954598525,-4.850399009883404,0.9033362792752982,2.0,63.1578947368421,60.0,8.1,4.05
Kyle Allen,QB,2022,nflreadpy,46.0,78.0,416.0,2.0,4.0,6.0,13.0,0.0,0,5,-41,2,0,560,239,19,-35.89856570365411,-9.166375298588239,0.799047619047619,2.0,58.97435897435898,208.0,15.700000000000003,7.850000000000001
Kyle Allen,QB,2024,nflreadpy,1.0,1.0,19.0,0.0,0.0,0.0,0.0,0.0,0,0,0,0,0,13,6,1,1.4325529362540692,27.48546004295349,1.4615384615384615,1.0,100.0,19.0,0.47500000000000003,0.47500000000000003
Kyle Allen,QB,2025,nflreadpy,0.0,2.0,0.0,0.0,0.0,3.0,-3.0,0.0,0,0,0,0,0,10,0,0,-1.3552653677443862,-63.74935805797577,0.0,2.0,0.0,0.0,-0.30000000000000004,-0.15000000000000002
Kyle Crum,QB,2025,college_data,14.0,29.0,169.0,1.0,2.0,8.0,21.0,2.0,0,0,0,0,0,0,0,0,0.0,,,,48.275862068965516,,20.325000000000003,
Kyle Keckler,QB,2024,college_data,0.0,1.0,0.0,0.0,0.0,0.0,0.0,0.0,0,0,0,0,0,0,0,0,0.0,,,,0.0,,0.0,
Kyle Lauletta,QB,2018,nflreadpy,0.0,5.0,0.0,0.0,1.0,1.0,-2.0,0.0,0,0,0,0,0,76,0,0,-6.705424459069036,-50.98486840724945,0.0,1.0,0.0,0.0,-2.2,-2.2
Kyle Lowe,QB,2024,college_data,3.0,7.0,18.0,1.0,0.0,9.0,57.0,1.0,0,0,0,0,0,0,0,0,0.0,,,,42.857142857142854,,18.15,
Kyle Lowe,QB,2025,college_data,75.0,114.0,854.0,8.0,4.0,78.0,458.0,5.0,0,0,0,0,0,0,0,0,0.0,,,,65.78947368421053,,137.15,
Kyle McCord,QB,2024,college_data,391.0,592.0,4779.0,34.0,12.0,67.0,-65.0,3.0,0,0,0,0,0,0,0,0,0.0,,,,66.0472972972973,,310.975,
Kyle Trask,QB,2022,nflreadpy,3.0,9.0,23.0,0.0,0.0,0.0,0.0,0.0,0,0,0,0,0,99,20,1,-5.332559636328369,-22.49189428985119,0.23232323232323232,1.0,33.33333333333333,23.0,0.5750000000000001,0.5750000000000001
Kyle Trask,QB,2023,nflreadpy,0.0,1.0,0.0,0.0,0.0,1.0,-1.0,0.0,0,0,0,0,0,3,0,0,-1.8803028730234743,-47.043803334236145,0.0,2.0,0.0,0.0,-0.1,-0.05
Kyle Trask,QB,2024,nflreadpy,1.0,1.0,5.0,0.0,0.0,5.0,-4.0,0.0,0,0,0,0,0,-3,8,0,0.29781093914061785,12.927263975143433,0.0,3.0,100.0,1.6666666666666667,-0.275,-0.09166666666666667
Kyle Wickersham,QB,2024,college_data,34.0,59.0,335.0,1.0,3.0,39.0,176.0,2.0,0,0,0,0,0,0,0,0,0.0,,,,57.6271186440678,,37.975,
Kyle Wickersham,QB,2025,college_data,137.0,212.0,1352.0,9.0,4.0,115.0,438.0,6.0,0,0,0,0,0,0,0,0,0.0,,,,64.62264150943396,,159.60000000000002,
Kyler Murray,QB,2019,nflreadpy,349.0,542.0,3722.0,20.0,12.0,93.0,544.0,4.0,0,48,-309,2,0,4055,1846,173,4.996438923084724,-1.3264445824756708,1.0502911111491826,16.0,64.39114391143912,232.625,267.45000000000005,16.715625000000003
Kyler Murray,QB,2020,nflreadpy,375.0,558.0,3971.0,26.0,12.0,133.0,819.0,11.0,0,27,-176,4,4,4355,1743,205,31.909793619689477,1.8490767200377927,0.9191372360539394,16.0,67.20430107526882,248.1875,371.175,23.1984375
Kyler Murray,QB,2021,nflreadpy,352.0,515.0,3924.0,24.0,12.0,90.0,429.0,5.0,0,33,-301,1,0,4102,1883,179,42.464747413677,3.3291485484273524,1.0355023793667113,15.0,68.3495145631068,261.6,291.0,19.4
Kyler Murray,QB,2022,nflreadpy,259.0,390.0,2368.0,14.0,7.0,67.0,418.0,3.0,1,25,-192,2,0,2678,1254,119,-17.928843285701486,1.1676782325791086,1.2263748874157907,11.0,66.41025641025641,215.27272727272728,191.0,17.363636363636363
Kyler Murray,QB,2023,nflreadpy,176.0,268.0,1799.0,10.0,5.0,44.0,244.0,3.0,0,18,-119,2,0,1935,977,88,-16.66646907547618,-2.0872703704623925,1.0189387336307831,8.0,65.67164179104478,224.875,137.375,17.171875
Kyler Murray,QB,2024,nflreadpy,372.0,541.0,3851.0,21.0,11.0,78.0,572.0,5.0,1,30,-220,3,1,3693,1970,191,65.65436788089345,2.402263198091478,1.1303520680226218,17.0,68.76155268022181,226.52941176470588,287.475,16.91029411764706
Kyler Murray,QB,2025,nflreadpy,110.0,161.0,962.0,6.0,3.0,29.0,173.0,1.0,0,16,-111,0,0,941,545,50,5.72059112573841,-0.08482319005967157,1.0391137860085835,5.0,68.32298136645963,192.4,77.35,15.469999999999999
Kyler Murray,QB,2026,nflreadpy,18.0,34.0,186.0,1.0,2.0,4.0,26.0,0.0,0,3,-16,0,0,287,93,6,-16.562241482777026,1.2177624106407166,0.5904761904761904,2.0,52.94117647058824,93.0,9.25,4.625
Kyron Drones,QB,2024,college_data,136.0,224.0,1562.0,10.0,6.0,98.0,337.0,6.0,0,0,0,0,0,0,0,0,0.0,,,,60.71428571428571,,156.75,
Kyron Drones,QB,2025,college_data,178.0,315.0,1919.0,17.0,9.0,170.0,644.0,9.0,0,0,0,0,0,0,0,0,0.0,,,,56.507936507936506,,250.375,
LJ Phillips Jr.,QB,2024,college_data,6.0,11.0,55.0,1.0,1.0,15.0,75.0,1.0,0,0,0,0,0,0,0,0,0.0,,,,54.54545454545454,,18.875,
Lamar Jackson,QB,2018,nflreadpy,113.0,199.0,1395.0,8.0,4.0,156.0,749.0,5.0,0,23,-126,3,3,1725,605,67,-12.572372454018094,-4.166894461823537,0.8328420880244575,17.0,56.78391959798995,82.05882352941177,173.775,10.222058823529412
Lamar Jackson,QB,2019,nflreadpy,296.0,460.0,3492.0,37.0,8.0,196.0,1349.0,7.0,0,27,-126,1,1,4208,1452,179,131.49029375458787,4.904327248451591,0.9205473545219627,16.0,64.34782608695652,218.25,468.20000000000005,29.262500000000003
Lamar Jackson,QB,2020,nflreadpy,273.0,424.0,3098.0,26.0,11.0,184.0,1175.0,8.0,0,37,-198,4,2,3634,1289,150,46.57568625576835,2.030691576172483,0.9193301150229185,17.0,64.38679245283019,182.23529411764707,372.95,21.938235294117646
Lamar Jackson,QB,2021,nflreadpy,246.0,382.0,2882.0,16.0,13.0,133.0,767.0,2.0,0,38,-190,2,1,3534,1150,135,18.436700874048647,2.6763601102512795,0.9133300487854301,12.0,64.3979057591623,240.16666666666666,228.75,19.0625
Lamar Jackson,QB,2022,nflreadpy,203.0,326.0,2242.0,17.0,7.0,112.0,764.0,3.0,0,26,-114,1,1,2754,974,105,10.480335525684676,-1.4510748148342063,0.8847527579807508,12.0,62.26993865030674,186.83333333333334,236.45000000000002,19.70416666666667
Lamar Jackson,QB,2023,nflreadpy,343.0,516.0,4102.0,27.0,8.0,167.0,975.0,7.0,0,44,-264,7,5,4350,1920,188,57.93990344634792,4.484058445076162,1.0458731753308346,18.0,66.47286821705426,227.88888888888889,378.05,21.00277777777778
Lamar Jackson,QB,2024,nflreadpy,350.0,520.0,4601.0,45.0,5.0,160.0,1035.0,4.0,1,26,-173,3,2,4487,2255,218,186.28956618525328,6.404725300262754,1.222926016235001,19.0,67.3076923076923,242.1578947368421,500.525,26.343421052631577
Lamar Jackson,QB,2025,nflreadpy,192.0,302.0,2549.0,21.0,7.0,67.0,349.0,2.0,0,36,-239,5,3,2648,1064,109,18.157022170954196,2.9059863640800367,1.0242300318520083,13.0,63.576158940397356,196.07692307692307,216.625,16.66346153846154
Lamar Jackson,QB,2026,nflreadpy,68.0,96.0,967.0,6.0,1.0,19.0,144.0,1.0,0,7,-64,1,1,972,426,43,37.34143624608303,8.28603445670043,1.0171625288224113,4.0,70.83333333333334,241.75,76.575,19.14375
Landen Clark,QB,2024,college_data,0.0,1.0,0.0,0.0,0.0,4.0,11.0,0.0,0,0,0,0,0,0,0,0,0.0,,,,0.0,,1.1,
Landen Clark,QB,2025,college_data,155.0,277.0,2321.0,18.0,8.0,189.0,614.0,11.0,0,0,0,0,0,0,0,0,0.0,,,,55.95667870036101,,277.425,
Landon Graves,QB,2025,college_data,19.0,40.0,185.0,2.0,2.0,14.0,70.0,0.0,0,0,0,0,0,0,0,0,0.0,,,,47.5,,19.625,
Landon Sims,QB,2025,college_data,6.0,8.0,38.0,1.0,0.0,15.0,97.0,1.0,0,0,0,0,0,0,0,0,0.0,,,,75.0,,22.65,
Landy Lyddy,QB,2024,college_data,1.0,5.0,0.0,0.0,0.0,1.0,11.0,0.0,0,0,0,0,0,0,0,0,0.0,,,,20.0,,1.1,
Landy Lyddy,QB,2025,college_data,34.0,52.0,406.0,2.0,3.0,6.0,12.0,1.0,0,0,0,0,0,0,0,0,0.0,,,,65.38461538461539,,23.35,
Landyn Locke,QB,2025,college_data,71.0,141.0,765.0,4.0,4.0,17.0,-15.0,0.0,0,0,0,0,0,0,0,0,0.0,,,,50.35460992907801,,33.625,
Lanorris Sellers,QB,2024,college_data,197.0,300.0,2527.0,18.0,7.0,165.0,681.0,7.0,0,0,0,0,0,0,0,0,0.0,,,,65.66666666666666,,267.275,
Lanorris Sellers,QB,2025,college_data,178.0,293.0,2437.0,13.0,8.0,149.0,270.0,5.0,0,0,0,0,0,0,0,0,0.0,,,,60.75085324232082,,179.925,
Lathan Boone,QB,2024,college_data,0.0,1.0,0.0,0.0,0.0,1.0,4.0,0.0,0,0,0,0,0,0,0,0,0.0,,,,0.0,,0.4,
Lathan Boone,QB,2025,college_data,6.0,10.0,49.0,0.0,1.0,9.0,108.0,0.0,0,0,0,0,0,0,0,0,0.0,,,,60.0,,10.025,
Lek Powell,QB,2025,college_data,5.0,12.0,90.0,0.0,0.0,9.0,16.0,0.0,0,0,0,0,0,0,0,0,0.0,,,,41.66666666666667,,3.85,
Lex Thomas,QB,2024,college_data,5.0,8.0,65.0,1.0,1.0,1.0,9.0,0.0,0,0,0,0,0,0,0,0,0.0,,,,62.5,,6.525,
Lex Thomas,QB,2025,college_data,2.0,7.0,18.0,0.0,0.0,0.0,0.0,0.0,0,0,0,0,0,0,0,0,0.0,,,,28.57142857142857,,0.45,
Liam O'Brien,QB,2024,college_data,76.0,115.0,1018.0,13.0,2.0,74.0,300.0,4.0,0,0,0,0,0,0,0,0,0.0,,,,66.08695652173913,,153.45,
Liam O'Brien,QB,2025,college_data,211.0,314.0,2376.0,19.0,6.0,138.0,548.0,7.0,0,0,0,0,0,0,0,0,0.0,,,,67.19745222929936,,258.20000000000005,
Liam Poronsky,QB,2024,college_data,4.0,4.0,25.0,0.0,0.0,2.0,-4.0,0.0,0,0,0,0,0,0,0,0,0.0,,,,100.0,,0.22499999999999998,
Liam Poronsky,QB,2025,college_data,30.0,49.0,326.0,3.0,1.0,14.0,20.0,0.0,0,0,0,0,0,0,0,0,0.0,,,,61.224489795918366,,26.15,
Liam Szarka,QB,2025,college_data,75.0,120.0,1294.0,9.0,5.0,190.0,922.0,13.0,0,0,0,0,0,0,0,0,0.0,,,,62.5,,246.55,
Lincoln Kienholz,QB,2025,college_data,11.0,14.0,139.0,1.0,0.0,11.0,66.0,2.0,0,0,0,0,0,0,0,0,0.0,,,,78.57142857142857,,28.075000000000003,
Lloyd Jones III,QB,2025,college_data,4.0,5.0,74.0,2.0,0.0,3.0,15.0,0.0,0,0,0,0,0,0,0,0,0.0,,,,80.0,,15.35,
Locklan Hewlett,QB,2025,college_data,7.0,12.0,90.0,1.0,1.0,2.0,-5.0,0.0,0,0,0,0,0,0,0,0,0.0,,,,58.333333333333336,,5.75,
Logan Brabham,QB,2024,college_data,9.0,16.0,76.0,0.0,1.0,6.0,10.0,0.0,0,0,0,0,0,0,0,0,0.0,,,,56.25,,0.9000000000000004,
Logan Fife,QB,2024,college_data,157.0,246.0,1781.0,13.0,2.0,52.0,120.0,5.0,0,0,0,0,0,0,0,0,0.0,,,,63.82113821138211,,160.525,
Logan Fife,QB,2025,college_data,203.0,361.0,2232.0,11.0,12.0,83.0,-3.0,1.0,0,0,0,0,0,0,0,0,0.0,,,,56.232686980609415,,103.5,
Logan Gonzalez,QB,2025,college_data,1.0,2.0,2.0,0.0,0.0,1.0,3.0,0.0,0,0,0,0,0,0,0,0,0.0,,,,50.0,,0.35000000000000003,
Logan Inagawa,QB,2025,college_data,111.0,167.0,1149.0,8.0,4.0,116.0,417.0,9.0,0,0,0,0,0,0,0,0,0.0,,,,66.46706586826348,,164.425,
Logan Kushner,QB,2025,college_data,15.0,20.0,145.0,1.0,0.0,18.0,57.0,2.0,0,0,0,0,0,0,0,0,0.0,,,,75.0,,27.325,
Logan Smothers,QB,2024,college_data,11.0,19.0,123.0,0.0,0.0,22.0,175.0,3.0,0,0,0,0,0,0,0,0,0.0,,,,57.89473684210527,,38.575,
Logan Woodside,QB,2020,nflreadpy,1.0,3.0,7.0,0.0,0.0,7.0,10.0,0.0,0,0,0,0,0,17,0,1,1.5348045515129343,-17.402535676956177,0.5,5.0,33.33333333333333,1.4,1.175,0.23500000000000001
Logan Woodside,QB,2023,nflreadpy,3.0,4.0,27.0,0.0,1.0,1.0,6.0,0.0,0,1,-7,0,0,6,29,3,-10.079575101757655,-2.8932034969329834,4.5,1.0,75.0,27.0,-0.7249999999999999,-0.7249999999999999
Luca Stanzani,QB,2024,college_data,80.0,142.0,729.0,8.0,3.0,40.0,182.0,2.0,0,0,0,0,0,0,0,0,0.0,,,,56.33802816901409,,90.425,
Luca Stanzani,QB,2025,college_data,66.0,114.0,562.0,3.0,3.0,64.0,350.0,7.0,0,0,0,0,0,0,0,0,0.0,,,,57.89473684210527,,103.05,
Lucas Coley,QB,2024,college_data,8.0,20.0,108.0,0.0,0.0,7.0,-17.0,0.0,0,0,0,0,0,0,0,0,0.0,,,,40.0,,1.0,
Lucas Powell,QB,2025,college_data,2.0,3.0,11.0,0.0,0.0,4.0,19.0,0.0,0,0,0,0,0,0,0,0,0.0,,,,66.66666666666666,,2.1750000000000003,
Lucas Razore,QB,2024,college_data,5.0,16.0,121.0,1.0,0.0,4.0,-27.0,0.0,0,0,0,0,0,0,0,0,0.0,,,,31.25,,6.325,
Lucas Scheerhorn,QB,2024,college_data,1.0,3.0,1.0,0.0,1.0,1.0,-14.0,0.0,0,0,0,0,0,0,0,0,0.0,,,,33.33333333333333,,-3.375,
Lucas Scheerhorn,QB,2025,college_data,9.0,13.0,40.0,0.0,0.0,15.0,14.0,0.0,0,0,0,0,0,0,0,0,0.0,,,,69.23076923076923,,2.4000000000000004,
Lucian Anderson III,QB,2024,college_data,5.0,12.0,32.0,1.0,1.0,19.0,67.0,2.0,0,0,0,0,0,0,0,0,0.0,,,,41.66666666666667,,23.5,
Lucian Anderson III,QB,2025,college_data,26.0,41.0,245.0,2.0,3.0,30.0,138.0,1.0,0,0,0,0,0,0,0,0,0.0,,,,63.41463414634146,,31.924999999999997,
Luke Altmyer,QB,2024,college_data,211.0,347.0,2717.0,22.0,6.0,99.0,217.0,4.0,0,0,0,0,0,0,0,0,0.0,,,,60.80691642651297,,233.625,
Luke Altmyer,QB,2025,college_data,246.0,365.0,3007.0,22.0,5.0,100.0,242.0,5.0,0,0,0,0,0,0,0,0,0.0,,,,67.3972602739726,,251.375,
Luke Bailey,QB,2024,college_data,255.0,386.0,2635.0,16.0,9.0,34.0,-24.0,0.0,0,0,0,0,0,0,0,0,0.0,,,,66.06217616580311,,141.475,
Luke Bottari,QB,2024,college_data,19.0,30.0,171.0,1.0,0.0,9.0,34.0,0.0,0,0,0,0,0,0,0,0,0.0,,,,63.33333333333333,,13.675,
Luke Carney,QB,2025,college_data,5.0,7.0,22.0,0.0,0.0,10.0,28.0,1.0,0,0,0,0,0,0,0,0,0.0,,,,71.42857142857143,,9.350000000000001,
Luke Duby,QB,2024,college_data,17.0,36.0,160.0,2.0,2.0,5.0,-20.0,0.0,0,0,0,0,0,0,0,0,0.0,,,,47.22222222222222,,10.0,
Luke Duncan,QB,2025,college_data,21.0,34.0,235.0,2.0,0.0,0.0,0.0,0.0,0,0,0,0,0,0,0,0,0.0,,,,61.76470588235294,,17.875,
Luke Durkin,QB,2024,college_data,40.0,66.0,559.0,7.0,0.0,44.0,105.0,2.0,0,0,0,0,0,0,0,0,0.0,,,,60.60606060606061,,78.475,
Luke Falk,QB,2019,nflreadpy,47.0,73.0,416.0,0.0,3.0,0.0,0.0,0.0,0,16,-96,2,1,404,264,15,-55.896267641615914,-4.416863087451819,1.0538417171342644,3.0,64.38356164383562,138.66666666666666,2.4000000000000004,0.8000000000000002
Luke Flowers,QB,2025,college_data,5.0,6.0,65.0,0.0,0.0,0.0,0.0,0.0,0,0,0,0,0,0,0,0,0.0,,,,83.33333333333334,,1.625,
Luke Kromenhoek,QB,2024,college_data,44.0,84.0,502.0,3.0,2.0,63.0,113.0,0.0,0,0,0,0,0,0,0,0,0.0,,,,52.38095238095239,,37.85,
Luke Kromenhoek,QB,2025,college_data,5.0,9.0,73.0,0.0,0.0,8.0,25.0,1.0,0,0,0,0,0,0,0,0,0.0,,,,55.55555555555556,,10.325,
Luke MacPhail,QB,2024,college_data,5.0,14.0,52.0,0.0,1.0,5.0,8.0,0.0,0,0,0,0,0,0,0,0,0.0,,,,35.714285714285715,,0.10000000000000009,
Luke Marble,QB,2025,college_data,41.0,71.0,492.0,4.0,2.0,22.0,30.0,0.0,0,0,0,0,0,0,0,0,0.0,,,,57.74647887323944,,35.3,
Luke Moga,QB,2025,college_data,3.0,5.0,58.0,0.0,0.0,3.0,49.0,0.0,0,0,0,0,0,0,0,0,0.0,,,,60.0,,6.3500000000000005,
Luke Nickel,QB,2025,college_data,0.0,1.0,0.0,0.0,0.0,0.0,0.0,0.0,0,0,0,0,0,0,0,0,0.0,,,,0.0,,0.0,
Luke Pennington,QB,2025,college_data,2.0,3.0,33.0,0.0,1.0,0.0,0.0,0.0,0,0,0,0,0,0,0,0,0.0,,,,66.66666666666666,,-1.1749999999999998,
Luke Schomburg,QB,2024,college_data,49.0,92.0,663.0,4.0,5.0,9.0,-7.0,0.0,0,0,0,0,0,0,0,0,0.0,,,,53.2608695652174,,29.875,
Luke Sprague,QB,2024,college_data,28.0,46.0,336.0,3.0,1.0,11.0,-48.0,1.0,0,0,0,0,0,0,0,0,0.0,,,,60.86956521739131,,25.6,
Luke Weaver,QB,2025,college_data,63.0,105.0,628.0,6.0,3.0,27.0,73.0,0.0,0,0,0,0,0,0,0,0,0.0,,,,60.0,,53.0,
Luther Richesson,QB,2025,college_data,61.0,98.0,726.0,6.0,3.0,52.0,92.0,1.0,0,0,0,0,0,0,0,0,0.0,,,,62.244897959183675,,63.349999999999994,
MJ Morris,QB,2024,college_data,36.0,61.0,350.0,5.0,5.0,28.0,12.0,1.0,0,0,0,0,0,0,0,0,0.0,,,,59.01639344262295,,35.95,
MJ Morris,QB,2025,college_data,35.0,60.0,304.0,1.0,4.0,11.0,31.0,0.0,0,0,0,0,0,0,0,0,0.0,,,,58.333333333333336,,8.700000000000003,
Maalik Murphy,QB,2024,college_data,254.0,421.0,2932.0,26.0,12.0,19.0,-79.0,2.0,0,0,0,0,0,0,0,0,0.0,,,,60.33254156769596,,209.39999999999998,
Maalik Murphy,QB,2025,college_data,160.0,276.0,1802.0,9.0,8.0,23.0,-58.0,1.0,0,0,0,0,0,0,0,0,0.0,,,,57.971014492753625,,83.25,
Mabrey Mettauer,QB,2024,college_data,1.0,1.0,2.0,0.0,0.0,1.0,2.0,0.0,0,0,0,0,0,0,0,0,0.0,,,,100.0,,0.25,
Mabrey Mettauer,QB,2025,college_data,36.0,61.0,293.0,3.0,2.0,31.0,85.0,0.0,0,0,0,0,0,0,0,0,0.0,,,,59.01639344262295,,29.825000000000003,
Mac Jones,QB,2021,nflreadpy,376.0,559.0,4033.0,24.0,15.0,46.0,147.0,0.0,0,31,-257,4,2,4401,1861,190,56.36419697154514,2.7800304261423148,1.0587294361512516,18.0,67.26296958855099,224.05555555555554,225.52499999999998,12.529166666666665
Mac Jones,QB,2022,nflreadpy,288.0,442.0,2997.0,14.0,11.0,47.0,102.0,1.0,0,34,-231,2,1,3459,1431,127,-30.194190213467962,-1.4215249240722607,0.9044175087426112,14.0,65.15837104072398,214.07142857142858,151.125,10.794642857142858
Mac Jones,QB,2023,nflreadpy,224.0,345.0,2120.0,10.0,12.0,26.0,96.0,0.0,0,22,-127,2,1,2410,1211,100,-54.70160128159115,-3.5490088673236087,1.1277824467157027,11.0,64.92753623188405,192.72727272727272,96.6,8.781818181818181
Mac Jones,QB,2024,nflreadpy,171.0,262.0,1672.0,8.0,8.0,28.0,92.0,1.0,0,14,-100,1,1,1928,908,77,-3.298469664451563,0.9421776015001007,1.0173735852278123,10.0,65.2671755725191,167.2,87.0,8.7
Mac Jones,QB,2025,nflreadpy,203.0,293.0,2155.0,13.0,6.0,37.0,67.0,0.0,0,16,-108,3,2,2162,957,107,42.0458450150152,1.4909612869866382,0.9529520519944477,12.0,69.28327645051195,179.58333333333334,122.57499999999999,10.214583333333332
Maddox Kopp,QB,2025,college_data,66.0,120.0,795.0,5.0,2.0,54.0,93.0,0.0,0,0,0,0,0,0,0,0,0.0,,,,55.00000000000001,,55.175,
Maddux Madsen,QB,2024,college_data,247.0,396.0,3018.0,23.0,6.0,57.0,221.0,5.0,0,0,0,0,0,0,0,0,0.0,,,,62.37373737373737,,253.55,
Maddux Madsen,QB,2025,college_data,176.0,302.0,2333.0,18.0,9.0,57.0,81.0,4.0,0,0,0,0,0,0,0,0,0.0,,,,58.27814569536424,,180.425,
Maealiuaki Smith,QB,2024,college_data,44.0,75.0,499.0,2.0,4.0,15.0,-19.0,1.0,0,0,0,0,0,0,0,0,0.0,,,,58.666666666666664,,20.575000000000003,
Malachi Marshall,QB,2024,college_data,59.0,120.0,814.0,1.0,2.0,35.0,30.0,0.0,0,0,0,0,0,0,0,0,0.0,,,,49.166666666666664,,25.35,
Malachi Nelson,QB,2024,college_data,12.0,17.0,128.0,0.0,1.0,2.0,-11.0,0.0,0,0,0,0,0,0,0,0,0.0,,,,70.58823529411765,,0.10000000000000009,
Malachi Nelson,QB,2025,college_data,104.0,190.0,1163.0,8.0,9.0,23.0,-13.0,0.0,0,0,0,0,0,0,0,0,0.0,,,,54.736842105263165,,57.775000000000006,
Malachi Singleton,QB,2024,college_data,21.0,28.0,358.0,1.0,0.0,16.0,67.0,3.0,0,0,0,0,0,0,0,0,0.0,,,,75.0,,39.650000000000006,
Malachi Singleton,QB,2025,college_data,38.0,64.0,439.0,5.0,2.0,49.0,202.0,1.0,0,0,0,0,0,0,0,0,0.0,,,,59.375,,63.17500000000001,
Malakai Anthony,QB,2024,college_data,21.0,32.0,120.0,0.0,0.0,19.0,76.0,2.0,0,0,0,0,0,0,0,0,0.0,,,,65.625,,22.6,
Malakai Anthony,QB,2025,college_data,16.0,30.0,114.0,1.0,0.0,5.0,40.0,0.0,0,0,0,0,0,0,0,0,0.0,,,,53.333333333333336,,12.85,
Malcolm Mays,QB,2024,college_data,90.0,145.0,978.0,10.0,2.0,61.0,309.0,4.0,0,0,0,0,0,0,0,0,0.0,,,,62.06896551724138,,135.35000000000002,
Malik Washington,QB,2025,college_data,273.0,473.0,2963.0,17.0,9.0,55.0,317.0,4.0,0,0,0,0,0,0,0,0,0.0,,,,57.71670190274841,,213.775,
Malik Willis,QB,2022,nflreadpy,31.0,61.0,276.0,0.0,3.0,27.0,123.0,1.0,0,10,-49,0,0,498,144,11,-38.837689051219954,-14.195171482861042,0.5773971389847073,7.0,50.81967213114754,39.42857142857143,19.200000000000003,2.7428571428571433
Malik Willis,QB,2023,nflreadpy,4.0,5.0,74.0,0.0,0.0,5.0,21.0,0.0,0,4,-30,0,0,39,55,1,-0.068276936013552,14.360389113426208,1.8974358974358974,2.0,80.0,37.0,3.95,1.975
Malik Willis,QB,2024,nflreadpy,40.0,54.0,550.0,3.0,0.0,20.0,138.0,1.0,0,8,-37,1,1,430,274,20,15.299639245377364,-6.647148123878217,1.0976422291377121,6.0,74.07407407407408,91.66666666666667,49.55,8.258333333333333
Malik Willis,QB,2025,nflreadpy,30.0,35.0,422.0,3.0,0.0,22.0,123.0,2.0,0,3,-15,0,0,354,126,19,28.084425085735283,24.975324552748113,2.863034188034188,4.0,85.71428571428571,105.5,52.85,13.2125
Malik Willis,QB,2026,nflreadpy,49.0,86.0,627.0,1.0,2.0,17.0,101.0,1.0,0,9,-50,0,0,871,321,24,-5.08283038742622,-8.177315435035856,0.8040019094811038,3.0,56.97674418604651,209.0,33.775000000000006,11.258333333333335
Marcel Reed,QB,2024,college_data,147.0,240.0,1864.0,15.0,6.0,116.0,547.0,7.0,0,0,0,0,0,0,0,0,0.0,,,,61.25000000000001,,221.3,
Marcel Reed,QB,2025,college_data,234.0,377.0,3169.0,25.0,12.0,104.0,493.0,6.0,0,0,0,0,0,0,0,0,0.0,,,,62.06896551724138,,290.525,
Marco Lainez,QB,2025,college_data,8.0,20.0,113.0,0.0,0.0,9.0,30.0,0.0,0,0,0,0,0,0,0,0,0.0,,,,40.0,,5.825,
Marcus Beamon,QB,2025,college_data,2.0,4.0,35.0,1.0,0.0,33.0,88.0,1.0,0,0,0,0,0,0,0,0,0.0,,,,50.0,,21.675,
Marcus Brown,QB,2025,college_data,0.0,3.0,0.0,0.0,0.0,17.0,63.0,0.0,0,0,0,0,0,0,0,0,0.0,,,,0.0,,6.300000000000001,
Marcus Mariota,QB,2018,nflreadpy,228.0,331.0,2528.0,11.0,8.0,64.0,357.0,2.0,0,42,-243,5,1,2516,1266,121,8.214828941137633,3.0975276651316994,1.1428454025226202,14.0,68.8821752265861,180.57142857142858,158.9,11.35
Marcus Mariota,QB,2019,nflreadpy,96.0,161.0,1207.0,7.0,2.0,25.0,134.0,0.0,0,25,-162,2,0,1130,605,50,-7.529459486154753,5.214056318128881,1.3510186412223923,9.0,59.62732919254658,134.11111111111111,81.575,9.06388888888889
Marcus Mariota,QB,2020,nflreadpy,17.0,28.0,226.0,1.0,1.0,9.0,88.0,1.0,0,0,0,0,0,273,76,11,8.426394028313185,-2.654235752729269,0.8278388278388278,1.0,60.71428571428571,226.0,24.450000000000003,24.450000000000003
Marcus Mariota,QB,2021,nflreadpy,1.0,2.0,4.0,0.0,0.0,13.0,87.0,1.0,0,0,0,0,0,31,8,0,-0.7204284254694358,-10.441631078720093,0.0,7.0,50.0,0.5714285714285714,14.8,2.1142857142857143
Marcus Mariota,QB,2022,nflreadpy,184.0,300.0,2219.0,15.0,9.0,85.0,438.0,4.0,0,28,-195,3,1,3093,912,111,8.159635507238566,-0.07367827133805581,0.8526464989270041,13.0,61.33333333333333,170.69230769230768,193.275,14.867307692307692
Marcus Mariota,QB,2023,nflreadpy,15.0,23.0,164.0,1.0,1.0,8.0,52.0,0.0,0,3,-11,1,1,178,72,10,-5.110095864364313,-1.325395479798317,2.0277456647398844,2.0,65.21739130434783,82.0,11.3,5.65
Marcus Mariota,QB,2024,nflreadpy,34.0,44.0,364.0,4.0,0.0,20.0,93.0,1.0,0,3,-29,0,0,408,107,22,18.86635162629314,4.017107975045942,0.5377336743304019,5.0,77.27272727272727,72.8,48.4,9.68
Marcus Mariota,QB,2025,nflreadpy,139.0,227.0,1695.0,10.0,7.0,50.0,297.0,1.0,0,16,-107,3,1,2295,639,79,-3.8985720439669818,0.45425556399621037,0.7898199395989228,10.0,61.23348017621145,169.5,122.07499999999999,12.2075
Marcus Mariota,QB,2026,nflreadpy,33.0,51.0,340.0,4.0,0.0,7.0,49.0,0.0,0,3,-13,0,0,452,150,18,11.327415755106601,6.0625895609458285,1.3457894888160542,3.0,64.70588235294117,113.33333333333333,37.4,12.466666666666667
Mark Gronowski,QB,2024,college_data,206.0,338.0,2721.0,23.0,7.0,98.0,380.0,10.0,0,0,0,0,0,0,0,0,0.0,,,,60.946745562130175,,290.025,
Mark Gronowski,QB,2025,college_data,166.0,262.0,1741.0,10.0,7.0,130.0,545.0,16.0,0,0,0,0,0,0,0,0,0.0,,,,63.358778625954194,,240.025,
Mark Konecny,QB,2025,college_data,0.0,1.0,0.0,0.0,0.0,1.0,-2.0,0.0,0,0,0,0,0,0,0,0,0.0,,,,0.0,,-0.2,
Mark Sanchez,QB,2018,nflreadpy,19.0,35.0,138.0,0.0,3.0,1.0,8.0,0.0,0,7,-42,1,0,220,87,3,-31.6875793812898,-16.849120259284973,0.5946428571428571,2.0,54.285714285714285,69.0,-1.75,-0.875
Marqui Adams,QB,2024,college_data,90.0,152.0,1028.0,7.0,3.0,76.0,199.0,1.0,0,0,0,0,0,0,0,0,0.0,,,,59.210526315789465,,87.60000000000001,
Marshall Howe,QB,2024,college_data,2.0,6.0,9.0,0.0,1.0,1.0,10.0,0.0,0,0,0,0,0,0,0,0,0.0,,,,33.33333333333333,,-0.7749999999999999,
Marshall Howe,QB,2025,college_data,2.0,7.0,23.0,0.0,1.0,2.0,12.0,0.0,0,0,0,0,0,0,0,0,0.0,,,,28.57142857142857,,-0.22499999999999964,
Mason Bray,QB,2025,college_data,1.0,2.0,22.0,0.0,0.0,2.0,12.0,0.0,0,0,0,0,0,0,0,0,0.0,,,,50.0,,1.7500000000000002,
Mason Drube,QB,2025,college_data,20.0,38.0,187.0,0.0,1.0,16.0,21.0,0.0,0,0,0,0,0,0,0,0,0.0,,,,52.63157894736842,,4.775,
Mason Garcia,QB,2024,college_data,3.0,8.0,19.0,0.0,0.0,6.0,7.0,0.0,0,0,0,0,0,0,0,0,0.0,,,,37.5,,1.175,
Mason Heintschel,QB,2025,college_data,201.0,316.0,2357.0,16.0,8.0,86.0,88.0,2.0,0,0,0,0,0,0,0,0,0.0,,,,63.60759493670886,,159.72500000000002,
Mason McKenzie,QB,2025,college_data,21.0,38.0,202.0,2.0,1.0,11.0,88.0,1.0,0,0,0,0,0,0,0,0,0.0,,,,55.26315789473685,,29.85,
Mason Rudolph,QB,2019,nflreadpy,176.0,283.0,1765.0,13.0,9.0,21.0,42.0,0.0,0,15,-124,4,0,2286,934,80,-18.302914257979374,-0.6750833475508102,0.9431347635614988,10.0,62.19081272084806,176.5,108.325,10.8325
Mason Rudolph,QB,2020,nflreadpy,25.0,43.0,324.0,2.0,1.0,7.0,-6.0,0.0,0,1,-8,0,0,432,102,13,9.245174881400015,1.6361888171288006,0.3178628389154705,4.0,58.139534883720934,81.0,17.5,4.375
Mason Rudolph,QB,2021,nflreadpy,35.0,58.0,277.0,1.0,1.0,5.0,53.0,0.0,0,0,0,0,0,360,122,16,-8.753380168744872,-3.5978022582676945,0.95,2.0,60.3448275862069,138.5,16.225,8.1125
Mason Rudolph,QB,2023,nflreadpy,77.0,113.0,948.0,5.0,1.0,12.0,24.0,0.0,0,7,-54,2,1,800,525,40,13.184287708632544,5.3780371144899455,1.1586641977464844,5.0,68.14159292035397,189.6,52.1,10.42
Mason Rudolph,QB,2024,nflreadpy,146.0,228.0,1530.0,9.0,9.0,25.0,106.0,1.0,0,11,-71,2,0,1630,656,78,-0.883141146490229,0.5579558248148067,1.2475356353305829,8.0,64.03508771929825,191.25,90.85,11.35625
Mason Rudolph,QB,2025,nflreadpy,39.0,53.0,312.0,2.0,2.0,7.0,6.0,0.0,0,2,-12,1,1,272,256,18,3.7606674001701528,1.3676766591138005,0.6725290116046418,6.0,73.58490566037736,52.0,14.399999999999999,2.4
Mason Rudolph,QB,2026,nflreadpy,0.0,1.0,0.0,0.0,0.0,1.0,3.0,0.0,0,0,0,0,0,6,0,0,-0.4178705445956439,-76.33558511734009,0.0,1.0,0.0,0.0,0.30000000000000004,0.30000000000000004
Matt Barkley,QB,2018,nflreadpy,15.0,25.0,232.0,2.0,0.0,3.0,-2.0,0.0,0,1,-8,0,0,310,77,12,14.352384895724782,4.7301753759384155,0.7483870967741936,1.0,60.0,232.0,17.6,17.6
Matt Barkley,QB,2019,nflreadpy,27.0,51.0,359.0,0.0,3.0,2.0,-4.0,0.0,0,2,-10,2,1,403,156,15,-10.370137384771544,-12.430077878867879,0.911203412662775,2.0,52.94117647058824,179.5,0.5749999999999993,0.28749999999999964
Matt Barkley,QB,2020,nflreadpy,11.0,21.0,197.0,1.0,1.0,6.0,-6.0,0.0,0,1,-7,0,0,251,55,9,0.14290039491606876,-9.82555760277642,0.8050264550264551,4.0,52.38095238095239,49.25,8.325000000000001,2.0812500000000003
Matt Cassel,QB,2018,nflreadpy,7.0,17.0,59.0,0.0,1.0,2.0,13.0,0.0,0,1,-13,0,0,124,29,2,-15.966980080935173,-31.08795389533043,0.44285714285714284,2.0,41.17647058823529,29.5,0.7750000000000004,0.3875000000000002
Matt Machalik,QB,2024,college_data,0.0,2.0,0.0,0.0,1.0,39.0,200.0,3.0,0,0,0,0,0,0,0,0,0.0,,,,0.0,,36.0,
Matt Machalik,QB,2025,college_data,3.0,3.0,16.0,0.0,0.0,36.0,133.0,3.0,0,0,0,0,0,0,0,0,0.0,,,,100.0,,31.700000000000003,
Matt Moore,QB,2019,nflreadpy,59.0,91.0,659.0,4.0,0.0,5.0,-1.0,0.0,0,8,-65,2,0,630,287,35,6.999018010198256,-22.692711923608815,0.7722766301642608,6.0,64.83516483516483,109.83333333333333,40.375,6.729166666666667
Matt Morrissey,QB,2024,college_data,181.0,318.0,1934.0,12.0,7.0,87.0,242.0,3.0,0,0,0,0,0,0,0,0,0.0,,,,56.91823899371069,,148.55,
Matt O'Connor,QB,2024,college_data,26.0,52.0,213.0,1.0,4.0,3.0,-8.0,0.0,0,0,0,0,0,0,0,0,0.0,,,,50.0,,2.5250000000000004,
Matt Ryan,QB,2018,nflreadpy,422.0,608.0,4924.0,35.0,7.0,33.0,125.0,3.0,0,42,-296,9,5,5201,2133,236,120.77863280527052,4.172390155230862,0.9621246644200969,16.0,69.4078947368421,307.75,339.6,21.225
Matt Ryan,QB,2019,nflreadpy,408.0,616.0,4466.0,26.0,14.0,34.0,147.0,1.0,0,48,-316,8,4,5051,1626,228,17.73553498400357,2.137204855227871,0.8889341225762506,15.0,66.23376623376623,297.73333333333335,252.35000000000002,16.823333333333334
Matt Ryan,QB,2020,nflreadpy,407.0,626.0,4581.0,26.0,11.0,29.0,92.0,2.0,0,41,-257,4,2,5342,1642,242,67.56989269310293,1.105596008084198,0.8980834580032611,16.0,65.01597444089457,286.3125,265.725,16.6078125
Matt Ryan,QB,2021,nflreadpy,375.0,560.0,3968.0,20.0,12.0,40.0,82.0,1.0,1,40,-274,5,3,4002,1721,195,6.330791799200408,1.2546745938666797,1.0493934308857085,17.0,66.96428571428571,233.41176470588235,205.4,12.08235294117647
Matt Ryan,QB,2022,nflreadpy,309.0,461.0,3057.0,14.0,13.0,27.0,70.0,1.0,0,38,-287,11,3,2772,1405,156,-28.548005779762068,-0.4083936978035461,1.1151941235611165,12.0,67.02819956616052,254.75,141.425,11.785416666666668
Matt Schaub,QB,2018,nflreadpy,5.0,7.0,20.0,0.0,0.0,1.0,0.0,0.0,0,0,0,0,0,32,8,1,-2.4365082403528504,0.20876526832580566,0.625,2.0,71.42857142857143,10.0,0.5,0.25
Matt Schaub,QB,2019,nflreadpy,50.0,67.0,580.0,3.0,1.0,3.0,-3.0,0.0,0,2,-19,1,1,488,266,30,24.936006570535916,9.57040579163118,1.0477905302189112,5.0,74.6268656716418,116.0,28.200000000000003,5.640000000000001
Matt Vezza,QB,2024,college_data,14.0,18.0,136.0,1.0,0.0,7.0,28.0,0.0,0,0,0,0,0,0,0,0,0.0,,,,77.77777777777779,,12.200000000000001,
Matt Vezza,QB,2025,college_data,226.0,369.0,2673.0,19.0,7.0,150.0,605.0,8.0,0,0,0,0,0,0,0,0,0.0,,,,61.24661246612466,,275.325,
Matt Zollers,QB,2025,college_data,47.0,88.0,503.0,4.0,2.0,16.0,-23.0,0.0,0,0,0,0,0,0,0,0,0.0,,,,53.40909090909091,,30.275,
Matthew Caldwell,QB,2024,college_data,141.0,224.0,1608.0,13.0,8.0,48.0,47.0,5.0,0,0,0,0,0,0,0,0,0.0,,,,62.94642857142857,,136.9,
Matthew Caldwell,QB,2025,college_data,8.0,11.0,85.0,1.0,0.0,2.0,64.0,0.0,0,0,0,0,0,0,0,0,0.0,,,,72.72727272727273,,14.525,
Matthew Downing,QB,2024,college_data,144.0,233.0,2049.0,16.0,4.0,65.0,-18.0,3.0,0,0,0,0,0,0,0,0,0.0,,,,61.80257510729614,,155.425,
Matthew Schecklman,QB,2024,college_data,107.0,174.0,1275.0,7.0,2.0,50.0,86.0,0.0,0,0,0,0,0,0,0,0,0.0,,,,61.49425287356321,,78.475,
Matthew Schecklman,QB,2025,college_data,137.0,226.0,1389.0,9.0,7.0,54.0,173.0,0.0,0,0,0,0,0,0,0,0,0.0,,,,60.61946902654868,,92.025,
Matthew Sluka,QB,2024,college_data,21.0,48.0,318.0,6.0,1.0,39.0,253.0,1.0,0,0,0,0,0,0,0,0,0.0,,,,43.75,,73.25,
Matthew Sluka,QB,2025,college_data,8.0,11.0,100.0,3.0,2.0,42.0,239.0,3.0,0,0,0,0,0,0,0,0,0.0,,,,72.72727272727273,,58.400000000000006,
Matthew Stafford,QB,2018,nflreadpy,367.0,555.0,3777.0,21.0,11.0,25.0,71.0,0.0,0,40,-255,5,3,3836,2030,198,7.4154323858591304,-1.609643099305985,1.0421898438618624,16.0,66.12612612612612,236.0625,199.525,12.4703125
Matthew Stafford,QB,2019,nflreadpy,187.0,291.0,2499.0,19.0,5.0,20.0,66.0,0.0,0,18,-137,3,2,3109,890,117,68.66149178939001,2.252688070948511,0.8010339214390848,8.0,64.26116838487972,312.375,169.075,21.134375
Matthew Stafford,QB,2020,nflreadpy,339.0,528.0,4084.0,26.0,10.0,29.0,112.0,0.0,0,38,-254,2,1,4609,1741,205,56.05889820564013,-1.5773420169855616,1.053996243773978,16.0,64.20454545454545,255.25,247.3,15.45625
Matthew Stafford,QB,2021,nflreadpy,502.0,741.0,6074.0,50.0,20.0,50.0,85.0,2.0,0,37,-285,3,2,6296,2667,291,166.74135705608086,1.760677653946078,1.0085172425881723,21.0,67.74628879892038,289.23809523809524,428.35,20.39761904761905
Matthew Stafford,QB,2022,nflreadpy,206.0,303.0,2087.0,10.0,8.0,13.0,9.0,1.0,0,29,-208,4,3,2027,1119,105,-24.03734681550175,-0.14821639675803483,1.0764412471698706,9.0,67.98679867986799,231.88888888888889,97.075,10.786111111111111
Matthew Stafford,QB,2023,nflreadpy,351.0,557.0,4332.0,26.0,11.0,21.0,65.0,0.0,0,32,-215,0,0,4368,2097,202,72.76716255160824,-1.9698754322422167,1.0506046736959027,16.0,63.016157989228006,270.75,248.8,15.55
Matthew Stafford,QB,2024,nflreadpy,385.0,588.0,4295.0,24.0,8.0,34.0,45.0,0.0,0,35,-253,5,3,4511,1905,201,41.92034610653537,-0.7678074261795651,1.0153556243992814,18.0,65.47619047619048,238.61111111111111,233.875,12.993055555555555
Matthew Stafford,QB,2025,nflreadpy,454.0,716.0,5643.0,52.0,9.0,34.0,16.0,0.0,0,29,-197,5,2,6876,2218,283,173.11037278027885,0.965866628626938,0.8614102580709904,20.0,63.40782122905028,282.15,432.675,21.63375
Matthew Stafford,QB,2026,nflreadpy,99.0,162.0,1189.0,6.0,6.0,11.0,21.0,0.0,0,6,-41,0,0,1525,470,55,13.425448614599981,0.05398762446581107,0.780501589263112,4.0,61.111111111111114,297.25,55.825,13.95625
Matthew Wilson,QB,2025,college_data,12.0,22.0,128.0,0.0,2.0,12.0,110.0,1.0,0,0,0,0,0,0,0,0,0.0,,,,54.54545454545454,,16.2,
Maverick McIvor,QB,2024,college_data,312.0,496.0,3847.0,30.0,7.0,34.0,-39.0,0.0,0,0,0,0,0,0,0,0,0.0,,,,62.903225806451616,,258.275,
Maverick McIvor,QB,2025,college_data,183.0,273.0,2062.0,12.0,6.0,39.0,76.0,2.0,0,0,0,0,0,0,0,0,0.0,,,,67.03296703296702,,131.15,
Max Blanc,QB,2024,college_data,3.0,4.0,10.0,0.0,1.0,0.0,0.0,0.0,0,0,0,0,0,0,0,0,0.0,,,,75.0,,-1.75,
Max Brosmer,QB,2024,college_data,268.0,403.0,2829.0,18.0,6.0,71.0,-37.0,5.0,0,0,0,0,0,0,0,0,0.0,,,,66.50124069478908,,193.025,
Max Brosmer,QB,2025,nflreadpy,47.0,71.0,328.0,0.0,4.0,7.0,11.0,0.0,0,14,-100,2,1,312,249,18,-56.524260006414266,-5.39233182369847,1.5166276705333568,7.0,66.19718309859155,46.857142857142854,-0.6999999999999993,-0.0999999999999999
Max Brown,QB,2024,college_data,43.0,93.0,561.0,3.0,6.0,33.0,85.0,0.0,0,0,0,0,0,0,0,0,0.0,,,,46.236559139784944,,28.525,
Max Brown,QB,2025,college_data,1.0,3.0,7.0,0.0,1.0,4.0,23.0,0.0,0,0,0,0,0,0,0,0,0.0,,,,33.33333333333333,,0.4750000000000001,
Max Cutforth,QB,2024,college_data,2.0,2.0,13.0,0.0,0.0,0.0,0.0,0.0,0,0,0,0,0,0,0,0,0.0,,,,100.0,,0.325,
Max Cutforth,QB,2025,college_data,95.0,167.0,1059.0,4.0,5.0,17.0,-73.0,0.0,0,0,0,0,0,0,0,0,0.0,,,,56.886227544910184,,33.175,
Max Holtzclaw,QB,2024,college_data,0.0,1.0,0.0,0.0,0.0,3.0,7.0,0.0,0,0,0,0,0,0,0,0,0.0,,,,0.0,,0.7000000000000001,
Max Holtzclaw,QB,2025,college_data,1.0,4.0,5.0,0.0,0.0,4.0,22.0,0.0,0,0,0,0,0,0,0,0,0.0,,,,25.0,,2.325,
Max Johnson,QB,2024,college_data,12.0,19.0,71.0,0.0,1.0,6.0,10.0,1.0,0,0,0,0,0,0,0,0,0.0,,,,63.1578947368421,,6.775,
Max Johnson,QB,2025,college_data,54.0,87.0,437.0,2.0,0.0,9.0,38.0,0.0,0,0,0,0,0,0,0,0,0.0,,,,62.06896551724138,,26.725,
Max Shikenjanski,QB,2025,college_data,4.0,5.0,80.0,1.0,0.0,3.0,-2.0,1.0,0,0,0,0,0,0,0,0,0.0,,,,80.0,,13.8,
McCae Hillstead,QB,2025,college_data,4.0,5.0,33.0,0.0,0.0,5.0,28.0,0.0,0,0,0,0,0,0,0,0,0.0,,,,80.0,,3.6250000000000004,
Mekhi Hagens,QB,2024,college_data,173.0,322.0,2498.0,16.0,6.0,106.0,154.0,3.0,0,0,0,0,0,0,0,0,0.0,,,,53.72670807453416,,179.85000000000002,
Micah Alejado,QB,2024,college_data,49.0,70.0,585.0,6.0,0.0,19.0,59.0,0.0,0,0,0,0,0,0,0,0,0.0,,,,70.0,,56.525,
Micah Alejado,QB,2025,college_data,285.0,430.0,3106.0,24.0,9.0,81.0,105.0,1.0,0,0,0,0,0,0,0,0,0.0,,,,66.27906976744185,,220.15,
Micah Bowens,QB,2024,college_data,3.0,11.0,1.0,0.0,1.0,9.0,20.0,0.0,0,0,0,0,0,0,0,0,0.0,,,,27.27272727272727,,0.02499999999999991,
Michael Appel Jr.,QB,2024,college_data,21.0,34.0,128.0,0.0,2.0,13.0,-49.0,0.0,0,0,0,0,0,0,0,0,0.0,,,,61.76470588235294,,-5.7,
Michael Chandler II,QB,2024,college_data,86.0,160.0,1118.0,12.0,6.0,89.0,508.0,3.0,0,0,0,0,0,0,0,0,0.0,,,,53.75,,156.75,
Michael Chandler II,QB,2025,college_data,27.0,45.0,407.0,1.0,1.0,70.0,200.0,3.0,0,0,0,0,0,0,0,0,0.0,,,,60.0,,52.175,
Michael Grant,QB,2025,college_data,1.0,1.0,14.0,0.0,0.0,1.0,-9.0,0.0,0,0,0,0,0,0,0,0,0.0,,,,100.0,,-0.55,
Michael Hardyway,QB,2024,college_data,32.0,56.0,374.0,3.0,1.0,11.0,17.0,0.0,0,0,0,0,0,0,0,0,0.0,,,,57.14285714285714,,27.05,
Michael Hawkins Jr.,QB,2024,college_data,76.0,120.0,783.0,3.0,2.0,69.0,204.0,1.0,0,0,0,0,0,0,0,0,0.0,,,,63.33333333333333,,59.97500000000001,
Michael Hawkins Jr.,QB,2025,college_data,15.0,27.0,167.0,3.0,0.0,15.0,58.0,1.0,0,0,0,0,0,0,0,0,0.0,,,,55.55555555555556,,33.975,
Michael Johnson Jr.,QB,2024,college_data,2.0,3.0,31.0,0.0,0.0,4.0,-8.0,0.0,0,0,0,0,0,0,0,0,0.0,,,,66.66666666666666,,-0.025000000000000022,
Michael Johnson Jr.,QB,2025,college_data,12.0,23.0,62.0,1.0,0.0,27.0,42.0,0.0,0,0,0,0,0,0,0,0,0.0,,,,52.17391304347826,,11.75,
Michael Kern,QB,2024,college_data,24.0,45.0,288.0,1.0,3.0,8.0,1.0,0.0,0,0,0,0,0,0,0,0,0.0,,,,53.333333333333336,,7.300000000000001,
Michael Lindauer,QB,2024,college_data,34.0,57.0,445.0,8.0,3.0,10.0,21.0,0.0,0,0,0,0,0,0,0,0,0.0,,,,59.64912280701754,,55.225,
Michael Merdinger,QB,2024,college_data,9.0,12.0,86.0,0.0,1.0,5.0,-31.0,0.0,0,0,0,0,0,0,0,0,0.0,,,,75.0,,-2.95,
Michael Merdinger,QB,2025,college_data,21.0,41.0,350.0,1.0,0.0,19.0,28.0,1.0,0,0,0,0,0,0,0,0,0.0,,,,51.21951219512195,,23.55,
Michael Penix Jr.,QB,2024,nflreadpy,61.0,105.0,775.0,3.0,3.0,7.0,11.0,1.0,0,4,-14,2,0,1073,271,35,14.553116952157449,3.5076213620662826,1.5372248638142176,5.0,58.0952380952381,155.0,38.475,7.695
Michael Penix Jr.,QB,2025,nflreadpy,166.0,276.0,1982.0,9.0,3.0,21.0,70.0,1.0,0,13,-101,3,2,2300,888,99,5.139894674856958,-2.5222542306870483,0.9146298602435969,9.0,60.14492753623188,220.22222222222223,106.55000000000001,11.83888888888889
Michael Penix Jr.,QB,2026,nflreadpy,18.0,25.0,256.0,1.0,1.0,2.0,-2.0,0.0,0,0,0,0,0,149,167,8,9.511075021051639,8.77433743165887,1.7181208053691275,1.0,72.0,256.0,10.2,10.2
Michael Rostberg,QB,2024,college_data,35.0,85.0,316.0,1.0,4.0,20.0,21.0,3.0,0,0,0,0,0,0,0,0,0.0,,,,41.17647058823529,,26.0,
Michael Valentino,QB,2025,college_data,0.0,1.0,0.0,0.0,0.0,0.0,0.0,0.0,0,0,0,0,0,0,0,0,0.0,,,,0.0,,0.0,
Michael Van Buren Jr.,QB,2024,college_data,140.0,256.0,1886.0,11.0,7.0,69.0,-12.0,5.0,0,0,0,0,0,0,0,0,0.0,,,,54.6875,,127.94999999999999,
Michael Van Buren Jr.,QB,2025,college_data,94.0,151.0,1010.0,8.0,2.0,48.0,129.0,1.0,0,0,0,0,0,0,0,0,0.0,,,,62.251655629139066,,88.15,
Mikal Davis,QB,2024,college_data,7.0,18.0,60.0,1.0,1.0,8.0,-4.0,0.0,0,0,0,0,0,0,0,0,0.0,,,,38.88888888888889,,5.1,
Mike Glennon,QB,2018,nflreadpy,15.0,21.0,174.0,1.0,0.0,0.0,0.0,0.0,0,1,-8,0,0,177,84,8,8.741517671151087,5.886567809752055,1.0345528455284554,2.0,71.42857142857143,87.0,10.350000000000001,5.175000000000001
Mike Glennon,QB,2019,nflreadpy,6.0,10.0,56.0,1.0,0.0,2.0,0.0,0.0,0,0,0,0,0,112,18,3,1.0464354921714403,7.963065803050995,0.53125,2.0,60.0,28.0,7.4,3.7
Mike Glennon,QB,2020,nflreadpy,111.0,179.0,1072.0,7.0,5.0,6.0,17.0,0.0,0,9,-53,1,1,1424,405,57,-18.639893170183505,-3.995889289382036,0.737722603217249,5.0,62.01117318435754,214.4,58.5,11.7
Mike Glennon,QB,2021,nflreadpy,90.0,167.0,790.0,4.0,10.0,7.0,33.0,1.0,0,9,-68,4,3,1210,415,43,-81.78796342919406,-9.595286360489222,0.6325893576995815,6.0,53.89221556886228,131.66666666666666,27.049999999999997,4.508333333333333
Mike White,QB,2021,nflreadpy,88.0,132.0,953.0,5.0,8.0,5.0,-1.0,0.0,0,4,-18,0,0,781,566,49,1.9931785218303997,-2.2086196978718027,1.2913717290370281,4.0,66.66666666666666,238.25,37.725,9.43125
Mike White,QB,2022,nflreadpy,103.0,175.0,1192.0,3.0,4.0,6.0,9.0,1.0,0,9,-76,2,1,1303,568,56,-7.627866973863519,-4.4803884651801535,1.0626990009525663,4.0,58.857142857142854,298.0,44.7,11.175
Mike White,QB,2023,nflreadpy,5.0,6.0,74.0,1.0,1.0,8.0,-9.0,0.0,0,0,0,0,0,23,51,1,-7.240901717566885,-0.2278842031955719,0.6380952380952382,6.0,83.33333333333334,12.333333333333334,4.95,0.8250000000000001
Mike White,QB,2024,nflreadpy,3.0,11.0,28.0,0.0,0.0,0.0,0.0,0.0,0,0,0,0,0,98,32,1,-7.152866298856679,-36.900807510722764,0.2857142857142857,1.0,27.27272727272727,28.0,0.7000000000000001,0.7000000000000001
Mike Wright,QB,2024,college_data,39.0,67.0,356.0,0.0,1.0,17.0,82.0,1.0,0,0,0,0,0,0,0,0,0.0,,,,58.2089552238806,,21.1,
Mike Wright,QB,2025,college_data,3.0,7.0,13.0,0.0,0.0,18.0,72.0,2.0,0,0,0,0,0,0,0,0,0.0,,,,42.857142857142854,,19.525,
Mikey Keene,QB,2024,college_data,276.0,392.0,2887.0,18.0,11.0,47.0,-192.0,0.0,0,0,0,0,0,0,0,0,0.0,,,,70.40816326530613,,138.975,
Miles Hastings,QB,2024,college_data,350.0,493.0,4319.0,36.0,12.0,43.0,-145.0,1.0,0,0,0,0,0,0,0,0,0.0,,,,70.99391480730223,,291.475,
Miles O'Neill,QB,2024,college_data,5.0,6.0,51.0,1.0,0.0,0.0,0.0,0.0,0,0,0,0,0,0,0,0,0.0,,,,83.33333333333334,,7.275,
Miles O'Neill,QB,2025,college_data,7.0,14.0,120.0,1.0,2.0,7.0,9.0,0.0,0,0,0,0,0,0,0,0,0.0,,,,50.0,,5.9,
Miller Moss,QB,2024,college_data,233.0,362.0,2555.0,18.0,9.0,21.0,-18.0,2.0,0,0,0,0,0,0,0,0,0.0,,,,64.3646408839779,,164.075,
Miller Moss,QB,2025,college_data,244.0,380.0,2679.0,16.0,7.0,54.0,-65.0,9.0,0,0,0,0,0,0,0,0,0.0,,,,64.21052631578948,,196.47500000000002,
Mitch Griffis,QB,2025,college_data,26.0,36.0,357.0,2.0,0.0,14.0,29.0,1.0,0,0,0,0,0,0,0,0,0.0,,,,72.22222222222221,,29.825000000000003,
Mitchell Trubisky,QB,2018,nflreadpy,315.0,477.0,3526.0,25.0,12.0,71.0,430.0,3.0,0,26,-155,5,2,4305,1479,163,59.22283038808349,2.1475777626704557,0.8460991334369106,15.0,66.0377358490566,235.06666666666666,271.15,18.076666666666664
Mitchell Trubisky,QB,2019,nflreadpy,326.0,516.0,3138.0,17.0,10.0,48.0,193.0,2.0,0,38,-234,3,2,4108,1403,156,-35.02320500346647,-2.871258145201381,0.8681838935236759,15.0,63.17829457364341,209.2,187.75,12.516666666666667
Mitchell Trubisky,QB,2020,nflreadpy,218.0,326.0,2254.0,17.0,8.0,36.0,205.0,1.0,0,19,-133,4,2,2603,1061,132,26.175790058291586,1.2200315024006532,0.9502462823635218,11.0,66.87116564417178,204.9090909090909,164.85,14.986363636363636
Mitchell Trubisky,QB,2021,nflreadpy,6.0,8.0,43.0,0.0,1.0,16.0,22.0,1.0,0,0,0,0,0,41,17,2,-1.6611338711809367,16.476852297782898,1.7451923076923077,6.0,75.0,7.166666666666667,7.275,1.2125000000000001
Mitchell Trubisky,QB,2022,nflreadpy,117.0,180.0,1252.0,4.0,5.0,19.0,38.0,2.0,0,11,-68,0,0,1754,378,65,8.783268376912256,2.663999355302638,0.7878816465567,7.0,65.0,178.85714285714286,61.099999999999994,8.728571428571428
Mitchell Trubisky,QB,2023,nflreadpy,67.0,107.0,632.0,4.0,5.0,16.0,54.0,2.0,0,7,-42,0,0,983,274,36,-18.596531939842507,-3.8944815522874405,0.6433249654353224,5.0,62.616822429906534,126.4,47.2,9.440000000000001
Mitchell Trubisky,QB,2024,nflreadpy,19.0,26.0,179.0,2.0,0.0,20.0,-2.0,0.0,0,0,0,0,0,142,149,7,9.716510242314136,8.104878455400467,0.5800347222222222,9.0,73.07692307692307,19.88888888888889,16.275,1.8083333333333331
Mitchell Trubisky,QB,2025,nflreadpy,25.0,35.0,313.0,4.0,0.0,9.0,6.0,0.0,0,0,0,0,0,255,136,19,25.734475121658996,-4.208575543903169,1.0970616523477603,4.0,71.42857142857143,78.25,32.425,8.10625
Myles Burkett,QB,2024,college_data,139.0,259.0,1793.0,10.0,7.0,72.0,140.0,0.0,0,0,0,0,0,0,0,0,0.0,,,,53.66795366795367,,104.825,
Myles Burkett,QB,2025,college_data,139.0,255.0,1473.0,8.0,9.0,119.0,317.0,4.0,0,0,0,0,0,0,0,0,0.0,,,,54.509803921568626,,122.525,
Myles Crawley,QB,2024,college_data,116.0,208.0,1312.0,9.0,7.0,27.0,-57.0,0.0,0,0,0,0,0,0,0,0,0.0,,,,55.769230769230774,,67.10000000000001,
Myles Fulton,QB,2024,college_data,18.0,27.0,184.0,3.0,1.0,4.0,22.0,0.0,0,0,0,0,0,0,0,0,0.0,,,,66.66666666666666,,22.8,
Myles Lopez,QB,2025,college_data,1.0,2.0,-8.0,0.0,0.0,0.0,0.0,0.0,0,0,0,0,0,0,0,0,0.0,,,,50.0,,-0.2,
Nana Utsey,QB,2025,college_data,15.0,41.0,215.0,0.0,2.0,57.0,197.0,3.0,0,0,0,0,0,0,0,0,0.0,,,,36.58536585365854,,39.075,
Nate Bell,QB,2025,college_data,94.0,175.0,1004.0,7.0,6.0,118.0,662.0,7.0,0,0,0,0,0,0,0,0,0.0,,,,53.714285714285715,,163.3,
Nate Bennett,QB,2024,college_data,1.0,2.0,19.0,0.0,0.0,0.0,0.0,0.0,0,0,0,0,0,0,0,0,0.0,,,,50.0,,0.47500000000000003,
Nate Bennett,QB,2025,college_data,5.0,7.0,34.0,0.0,0.0,0.0,0.0,0.0,0,0,0,0,0,0,0,0,0.0,,,,71.42857142857143,,0.8500000000000001,
Nate Glantz,QB,2024,college_data,168.0,284.0,2209.0,16.0,10.0,131.0,313.0,6.0,0,0,0,0,0,0,0,0,0.0,,,,59.154929577464785,,198.525,
Nate Glantz,QB,2025,college_data,198.0,337.0,2590.0,17.0,11.0,112.0,265.0,9.0,0,0,0,0,0,0,0,0,0.0,,,,58.753709198813056,,225.25,
Nate Hampton,QB,2024,college_data,2.0,9.0,40.0,1.0,1.0,1.0,7.0,0.0,0,0,0,0,0,0,0,0,0.0,,,,22.22222222222222,,5.7,
Nate Hampton,QB,2025,college_data,83.0,143.0,1245.0,10.0,1.0,73.0,292.0,4.0,0,0,0,0,0,0,0,0,0.0,,,,58.04195804195804,,142.325,
Nate Lamb,QB,2024,college_data,262.0,402.0,3372.0,21.0,8.0,116.0,345.0,8.0,0,0,0,0,0,0,0,0,0.0,,,,65.17412935323384,,276.8,
Nate Lussier,QB,2024,college_data,0.0,1.0,0.0,0.0,0.0,4.0,2.0,1.0,0,0,0,0,0,0,0,0,0.0,,,,0.0,,6.2,
Nate Rogers,QB,2024,college_data,1.0,1.0,-9.0,0.0,0.0,0.0,0.0,0.0,0,0,0,0,0,0,0,0,0.0,,,,100.0,,-0.225,
Nate Rogers,QB,2025,college_data,1.0,2.0,0.0,0.0,0.0,13.0,84.0,2.0,0,0,0,0,0,0,0,0,0.0,,,,50.0,,20.4,
Nate Sudfeld,QB,2018,nflreadpy,1.0,2.0,22.0,1.0,0.0,2.0,-2.0,0.0,0,0,0,0,0,9,23,1,2.7612737589515746,-23.551008105278015,0.0,2.0,50.0,11.0,6.35,3.175
Nate Sudfeld,QB,2020,nflreadpy,5.0,12.0,32.0,0.0,1.0,2.0,12.0,0.0,0,2,-16,0,0,118,18,1,-4.724890282494016,-10.592576530244616,0.2711864406779661,1.0,41.66666666666667,32.0,0.0,0.0
Nate Yarnell,QB,2024,college_data,98.0,167.0,1056.0,10.0,5.0,35.0,25.0,0.0,0,0,0,0,0,0,0,0,0.0,,,,58.68263473053892,,78.9,
Nathan Downey,QB,2025,college_data,5.0,11.0,41.0,0.0,0.0,2.0,-16.0,0.0,0,0,0,0,0,0,0,0,0.0,,,,45.45454545454545,,-0.575,
Nathan Hayes,QB,2024,college_data,12.0,19.0,214.0,3.0,0.0,7.0,90.0,1.0,0,0,0,0,0,0,0,0,0.0,,,,63.1578947368421,,38.35,
Nathan Hayes,QB,2025,college_data,25.0,44.0,381.0,4.0,1.0,7.0,88.0,1.0,0,0,0,0,0,0,0,0,0.0,,,,56.81818181818182,,46.325,
Nathan Kent,QB,2025,college_data,15.0,32.0,290.0,3.0,0.0,5.0,52.0,0.0,0,0,0,0,0,0,0,0,0.0,,,,46.875,,30.45,
Nathan Peterman,QB,2018,nflreadpy,44.0,81.0,296.0,1.0,7.0,10.0,50.0,1.0,0,7,-34,0,0,493,183,13,-46.03248223019446,-10.575405815638266,1.5420176580268794,4.0,54.32098765432099,74.0,10.399999999999999,2.5999999999999996
Nathan Peterman,QB,2020,nflreadpy,3.0,5.0,25.0,0.0,0.0,1.0,9.0,0.0,0,2,-16,0,0,9,21,1,-3.5255508897244,-20.998283624649048,2.7777777777777777,1.0,60.0,25.0,1.525,1.525
Nathan Peterman,QB,2022,nflreadpy,14.0,25.0,139.0,1.0,1.0,2.0,7.0,0.0,0,1,-6,0,0,265,44,9,-5.093470546009485,-12.682587030338267,0.32795442501324856,3.0,56.00000000000001,46.333333333333336,8.175,2.725
Navy Shuler,QB,2024,college_data,1.0,3.0,10.0,0.0,0.0,2.0,5.0,0.0,0,0,0,0,0,0,0,0,0.0,,,,33.33333333333333,,0.75,
Nehuel Garcia,QB,2024,college_data,1.0,1.0,9.0,0.0,0.0,1.0,-2.0,0.0,0,0,0,0,0,0,0,0,0.0,,,,100.0,,0.024999999999999994,
Nelson Layne,QB,2025,college_data,24.0,36.0,236.0,2.0,1.0,40.0,153.0,1.0,0,0,0,0,0,0,0,0,0.0,,,,66.66666666666666,,37.2,
Nevan Cremascoli,QB,2024,college_data,2.0,5.0,104.0,2.0,1.0,11.0,133.0,1.0,0,0,0,0,0,0,0,0,0.0,,,,40.0,,31.9,
Nevan Cremascoli,QB,2025,college_data,1.0,1.0,3.0,0.0,0.0,1.0,0.0,0.0,0,0,0,0,0,0,0,0,0.0,,,,100.0,,0.07500000000000001,
Nicco Marchiol,QB,2024,college_data,37.0,56.0,434.0,5.0,2.0,40.0,120.0,2.0,0,0,0,0,0,0,0,0,0.0,,,,66.07142857142857,,60.849999999999994,
Nicco Marchiol,QB,2025,college_data,66.0,98.0,720.0,2.0,2.0,40.0,57.0,1.0,0,0,0,0,0,0,0,0,0.0,,,,67.3469387755102,,37.7,
Nicholas Penuvchev,QB,2025,college_data,18.0,34.0,276.0,3.0,3.0,7.0,-55.0,0.0,0,0,0,0,0,0,0,0,0.0,,,,52.94117647058824,,13.399999999999999,
Nick Billoups,QB,2025,college_data,5.0,13.0,56.0,0.0,1.0,11.0,-6.0,0.0,0,0,0,0,0,0,0,0,0.0,,,,38.46153846153847,,-1.2,
Nick Evers,QB,2024,college_data,97.0,180.0,918.0,5.0,5.0,80.0,245.0,3.0,0,0,0,0,0,0,0,0,0.0,,,,53.888888888888886,,85.45,
Nick Evers,QB,2025,college_data,10.0,15.0,105.0,1.0,0.0,1.0,-2.0,0.0,0,0,0,0,0,0,0,0,0.0,,,,66.66666666666666,,8.425,
Nick Foles,QB,2018,nflreadpy,184.0,266.0,1880.0,10.0,8.0,12.0,16.0,1.0,0,10,-55,3,2,1955,909,88,19.77085730873533,2.450644289437062,1.0623611895082279,7.0,69.17293233082707,268.57142857142856,94.6,13.514285714285714
Nick Foles,QB,2019,nflreadpy,77.0,117.0,736.0,3.0,2.0,4.0,23.0,0.0,0,8,-60,2,2,990,354,31,-16.422143405052548,-2.4784876352693876,0.8065078166958828,4.0,65.8119658119658,184.0,30.700000000000003,7.675000000000001
Nick Foles,QB,2020,nflreadpy,202.0,312.0,1852.0,10.0,8.0,16.0,1.0,1.0,0,18,-145,1,0,2502,701,93,-34.602163438031766,-5.766236769592328,0.6617121492954623,9.0,64.74358974358975,205.77777777777777,96.4,10.711111111111112
Nick Foles,QB,2021,nflreadpy,24.0,35.0,250.0,1.0,0.0,4.0,8.0,0.0,0,4,-21,1,0,198,165,14,5.539182382183368,2.477973358971732,1.2626262626262625,1.0,68.57142857142857,250.0,13.05,13.05
Nick Foles,QB,2022,nflreadpy,25.0,42.0,225.0,0.0,4.0,2.0,8.0,0.0,0,8,-48,0,0,343,91,9,-34.17122693501303,-8.33580793587716,0.7012962962962963,2.0,59.523809523809526,112.5,-1.5750000000000002,-0.7875000000000001
Nick Howard,QB,2024,college_data,34.0,52.0,524.0,7.0,0.0,133.0,662.0,11.0,0,0,0,0,0,0,0,0,0.0,,,,65.38461538461539,,187.3,
Nick Josifek,QB,2024,college_data,21.0,37.0,264.0,2.0,0.0,12.0,34.0,0.0,0,0,0,0,0,0,0,0,0.0,,,,56.75675675675676,,22.0,
Nick Josifek,QB,2025,college_data,6.0,13.0,104.0,1.0,0.0,3.0,21.0,0.0,0,0,0,0,0,0,0,0,0.0,,,,46.15384615384615,,10.7,
Nick Minicucci,QB,2024,college_data,79.0,125.0,825.0,10.0,4.0,45.0,141.0,3.0,0,0,0,0,0,0,0,0,0.0,,,,63.2,,104.725,
Nick Minicucci,QB,2025,college_data,322.0,514.0,3671.0,23.0,7.0,112.0,235.0,10.0,0,0,0,0,0,0,0,0,0.0,,,,62.64591439688716,,299.275,
Nick Mullens,QB,2018,nflreadpy,176.0,274.0,2277.0,13.0,10.0,18.0,-16.0,0.0,0,17,-127,1,0,1900,1220,106,32.170421214049135,2.007640594419059,1.3007688608415942,8.0,64.23357664233576,284.625,113.32499999999999,14.165624999999999
Nick Mullens,QB,2020,nflreadpy,211.0,326.0,2437.0,12.0,12.0,9.0,8.0,0.0,0,19,-139,5,4,2053,1239,120,3.124368974394109,-1.1995393894180064,1.2389560236680903,10.0,64.7239263803681,243.7,101.725,10.1725
Nick Mullens,QB,2021,nflreadpy,20.0,30.0,147.0,1.0,0.0,0.0,0.0,0.0,0,0,0,0,0,213,71,9,2.1646621113421176,4.743573069572449,0.6901408450704225,1.0,66.66666666666666,147.0,9.675,9.675
Nick Mullens,QB,2022,nflreadpy,21.0,25.0,224.0,1.0,1.0,4.0,8.0,0.0,0,0,0,0,0,170,117,11,12.437495140812455,20.95986037300183,1.1440637065637067,4.0,84.0,56.0,10.4,2.6
Nick Mullens,QB,2023,nflreadpy,100.0,148.0,1306.0,7.0,8.0,10.0,25.0,0.0,0,12,-105,2,0,1380,477,57,12.29686876892386,5.177564219724852,0.9672554032796162,5.0,67.56756756756756,261.2,61.150000000000006,12.23
Nick Mullens,QB,2024,nflreadpy,2.0,2.0,38.0,0.0,0.0,3.0,-2.0,0.0,0,0,0,0,0,24,14,2,4.8687256226548925,42.22909063100815,2.904761904761905,4.0,100.0,9.5,0.75,0.1875
Nick Mullens,QB,2025,nflreadpy,3.0,3.0,19.0,0.0,0.0,12.0,-8.0,0.0,0,0,0,0,0,4,15,2,2.8997661510420993,26.217644661664963,1.3333333333333333,4.0,100.0,4.75,-0.325,-0.08125
Nick Poulos,QB,2024,college_data,22.0,49.0,271.0,2.0,1.0,28.0,149.0,1.0,0,0,0,0,0,0,0,0,0.0,,,,44.89795918367347,,37.675,
Nick Poulos,QB,2025,college_data,4.0,8.0,19.0,0.0,0.0,8.0,34.0,0.0,0,0,0,0,0,0,0,0,0.0,,,,50.0,,3.8750000000000004,
Nick Vattiato,QB,2024,college_data,269.0,418.0,3092.0,16.0,10.0,86.0,77.0,1.0,0,0,0,0,0,0,0,0,0.0,,,,64.35406698564593,,167.0,
Nick Vattiato,QB,2025,college_data,219.0,357.0,2157.0,16.0,7.0,62.0,20.0,2.0,0,0,0,0,0,0,0,0,0.0,,,,61.34453781512605,,149.925,
Nick Whitfield Jr.,QB,2024,college_data,65.0,119.0,765.0,4.0,3.0,22.0,-47.0,0.0,0,0,0,0,0,0,0,0,0.0,,,,54.621848739495796,,32.425,
Nick Whitfield Jr.,QB,2025,college_data,165.0,273.0,1572.0,5.0,10.0,42.0,-15.0,0.0,0,0,0,0,0,0,0,0,0.0,,,,60.43956043956044,,47.80000000000001,
Nico Iamaleava,QB,2024,college_data,213.0,334.0,2616.0,19.0,5.0,109.0,364.0,3.0,0,0,0,0,0,0,0,0,0.0,,,,63.772455089820355,,223.8,
Nico Iamaleava,QB,2025,college_data,208.0,323.0,1928.0,13.0,7.0,112.0,505.0,4.0,0,0,0,0,0,0,0,0,0.0,,,,64.39628482972137,,186.7,
Nik Scalzo,QB,2024,college_data,0.0,1.0,0.0,0.0,0.0,1.0,-7.0,0.0,0,0,0,0,0,0,0,0,0.0,,,,0.0,,-0.7000000000000001,
Noah Bodden,QB,2024,college_data,94.0,198.0,1219.0,5.0,7.0,28.0,98.0,1.0,0,0,0,0,0,0,0,0,0.0,,,,47.474747474747474,,62.275000000000006,
Noah Bodden,QB,2025,college_data,18.0,38.0,167.0,1.0,3.0,9.0,8.0,0.0,0,0,0,0,0,0,0,0,0.0,,,,47.368421052631575,,4.975,
Noah Brannock,QB,2025,college_data,14.0,27.0,188.0,0.0,1.0,16.0,36.0,1.0,0,0,0,0,0,0,0,0,0.0,,,,51.85185185185185,,12.3,
Noah Fifita,QB,2024,college_data,260.0,430.0,2958.0,18.0,12.0,66.0,17.0,1.0,0,0,0,0,0,0,0,0,0.0,,,,60.46511627906976,,165.65,
Noah Fifita,QB,2025,college_data,275.0,429.0,3228.0,29.0,6.0,115.0,222.0,3.0,0,0,0,0,0,0,0,0,0.0,,,,64.1025641025641,,282.9,
Noah Gillon,QB,2025,college_data,17.0,39.0,175.0,0.0,2.0,8.0,-21.0,0.0,0,0,0,0,0,0,0,0,0.0,,,,43.58974358974359,,-1.725,
Noah Kim,QB,2024,college_data,30.0,56.0,333.0,4.0,1.0,13.0,0.0,0.0,0,0,0,0,0,0,0,0,0.0,,,,53.57142857142857,,30.325000000000003,
Noah Kim,QB,2025,college_data,247.0,402.0,2817.0,18.0,11.0,79.0,186.0,6.0,0,0,0,0,0,0,0,0,0.0,,,,61.442786069651746,,211.025,
Noah Sanders,QB,2025,college_data,8.0,23.0,109.0,1.0,0.0,12.0,13.0,1.0,0,0,0,0,0,0,0,0,0.0,,,,34.78260869565217,,16.025,
Noah Trigueros,QB,2025,college_data,1.0,2.0,4.0,0.0,0.0,0.0,0.0,0.0,0,0,0,0,0,0,0,0,0.0,,,,50.0,,0.1,
Noah Walters,QB,2025,college_data,6.0,14.0,72.0,1.0,0.0,9.0,19.0,0.0,0,0,0,0,0,0,0,0,0.0,,,,42.857142857142854,,9.7,
Nolan Good,QB,2025,college_data,5.0,10.0,38.0,0.0,0.0,7.0,1.0,0.0,0,0,0,0,0,0,0,0,0.0,,,,50.0,,1.05,
Otto Kuhns,QB,2025,college_data,165.0,269.0,2090.0,15.0,7.0,56.0,146.0,0.0,0,0,0,0,0,0,0,0,0.0,,,,61.33828996282528,,142.85,
Owen McCown,QB,2024,college_data,294.0,467.0,3424.0,25.0,10.0,86.0,340.0,3.0,0,0,0,0,0,0,0,0,0.0,,,,62.95503211991434,,267.6,
Owen McCown,QB,2025,college_data,276.0,409.0,2990.0,30.0,7.0,45.0,24.0,1.0,0,0,0,0,0,0,0,0,0.0,,,,67.48166259168704,,249.14999999999998,
PJ London,QB,2024,college_data,22.0,38.0,261.0,1.0,3.0,20.0,92.0,1.0,0,0,0,0,0,0,0,0,0.0,,,,57.89473684210527,,21.725,
PJ Walker,QB,2020,nflreadpy,32.0,56.0,368.0,1.0,5.0,5.0,-2.0,0.0,0,4,-31,0,0,583,141,17,-22.446498510842197,-12.614221695591421,0.444546985545513,4.0,57.14285714285714,92.0,5.000000000000002,1.2500000000000004
PJ Walker,QB,2021,nflreadpy,36.0,66.0,362.0,1.0,3.0,7.0,13.0,0.0,0,7,-47,0,0,594,137,19,-14.449125904082484,-21.160337194090797,0.5345640053523639,5.0,54.54545454545454,72.4,10.350000000000001,2.0700000000000003
PJ Walker,QB,2022,nflreadpy,63.0,106.0,731.0,3.0,3.0,6.0,39.0,0.0,0,7,-46,0,0,837,408,30,-19.931912035956493,-7.164330996434998,0.6402911701262908,6.0,59.43396226415094,121.83333333333333,34.175000000000004,5.695833333333334
PJ Walker,QB,2023,nflreadpy,54.0,111.0,674.0,1.0,5.0,13.0,30.0,0.0,0,11,-90,3,2,902,398,27,-34.964733364887934,-14.11700786494953,0.5975911609758925,5.0,48.64864864864865,134.8,11.850000000000001,2.37
Parker Awad,QB,2024,college_data,74.0,159.0,1079.0,7.0,4.0,60.0,109.0,1.0,0,0,0,0,0,0,0,0,0.0,,,,46.540880503144656,,77.875,
Parker Awad,QB,2025,college_data,0.0,3.0,0.0,0.0,0.0,1.0,11.0,0.0,0,0,0,0,0,0,0,0,0.0,,,,0.0,,1.1,
Parker Lancaster,QB,2025,college_data,3.0,7.0,88.0,1.0,0.0,5.0,-29.0,0.0,0,0,0,0,0,0,0,0,0.0,,,,42.857142857142854,,5.3,
Parker Navarro,QB,2024,college_data,195.0,295.0,2423.0,13.0,11.0,160.0,1047.0,18.0,0,0,0,0,0,0,0,0,0.0,,,,66.10169491525424,,329.275,
Parker Navarro,QB,2025,college_data,188.0,303.0,2375.0,14.0,11.0,161.0,886.0,9.0,0,0,0,0,0,0,0,0,0.0,,,,62.04620462046204,,263.975,
Parker Stofa,QB,2024,college_data,0.0,1.0,0.0,0.0,0.0,1.0,13.0,0.0,0,0,0,0,0,0,0,0,0.0,,,,0.0,,1.3,
Parker Stofa,QB,2025,college_data,8.0,15.0,93.0,0.0,1.0,6.0,16.0,1.0,0,0,0,0,0,0,0,0,0.0,,,,53.333333333333336,,7.925000000000001,
Pat McQuaide,QB,2024,college_data,215.0,367.0,2219.0,14.0,9.0,63.0,-28.0,2.0,0,0,0,0,0,0,0,0,0.0,,,,58.58310626702997,,130.675,
Pat McQuaide,QB,2025,college_data,236.0,400.0,3092.0,24.0,4.0,50.0,3.0,3.0,0,0,0,0,0,0,0,0,0.0,,,,59.0,,231.60000000000002,
Patrick Crayton Jr.,QB,2025,college_data,7.0,15.0,73.0,1.0,2.0,11.0,-36.0,0.0,0,0,0,0,0,0,0,0,0.0,,,,46.666666666666664,,0.22499999999999964,
Patrick Duchien,QB,2025,college_data,9.0,13.0,86.0,1.0,1.0,8.0,55.0,1.0,0,0,0,0,0,0,0,0,0.0,,,,69.23076923076923,,17.65,
Patrick Heitert,QB,2025,college_data,7.0,13.0,81.0,0.0,2.0,11.0,23.0,0.0,0,0,0,0,0,0,0,0,0.0,,,,53.84615384615385,,0.3250000000000002,
Patrick Mahomes,QB,2018,nflreadpy,426.0,652.0,5670.0,53.0,12.0,65.0,291.0,3.0,1,34,-242,4,2,6043,2888,262,228.39231869483464,3.8172279353161382,0.9850457917540449,18.0,65.33742331288343,315.0,480.85,26.71388888888889
Patrick Mahomes,QB,2019,nflreadpy,391.0,596.0,4932.0,36.0,7.0,67.0,353.0,4.0,0,23,-147,3,2,5156,2333,219,175.29386373287076,2.5159875743635682,1.1389583635431462,17.0,65.60402684563759,290.11764705882354,380.6,22.38823529411765
Patrick Mahomes,QB,2020,nflreadpy,466.0,705.0,5590.0,42.0,8.0,75.0,360.0,3.0,0,26,-174,4,2,5689,2705,281,204.37680443750196,2.6842622912213394,1.0521289239407847,18.0,66.09929078014184,310.55555555555554,425.75,23.65277777777778
Patrick Mahomes,QB,2021,nflreadpy,525.0,780.0,5896.0,48.0,16.0,79.0,498.0,3.0,1,37,-227,6,2,5523,3324,316,172.78916457250847,3.7792931864975534,1.1371506742368878,20.0,67.3076923076923,294.8,469.20000000000005,23.46
Patrick Mahomes,QB,2022,nflreadpy,507.0,748.0,5953.0,48.0,12.0,73.0,418.0,4.0,1,29,-199,1,1,5333,3182,312,222.60817022054007,4.329615990179321,1.1306391498409225,20.0,67.7807486631016,297.65,478.625,23.93125
Patrick Mahomes,QB,2023,nflreadpy,505.0,746.0,5234.0,33.0,15.0,98.0,530.0,0.0,0,32,-205,4,3,4846,3091,259,86.93810603804346,4.107130926672871,1.162087425220096,20.0,67.69436997319035,261.7,345.85,17.2925
Patrick Mahomes,QB,2024,nflreadpy,447.0,664.0,4607.0,31.0,13.0,80.0,389.0,4.0,0,47,-297,2,1,4269,2629,246,73.56810260137107,2.282906403734741,1.1462042298491664,19.0,67.31927710843374,242.47368421052633,336.07500000000005,17.688157894736843
Patrick Mahomes,QB,2025,nflreadpy,315.0,502.0,3587.0,22.0,11.0,64.0,422.0,5.0,0,34,-193,3,0,4050,1895,173,68.24694077617175,0.137741621895884,0.9569122777749415,14.0,62.74900398406375,256.2142857142857,271.875,19.419642857142858
Patrick Mahomes,QB,2026,nflreadpy,67.0,98.0,812.0,7.0,2.0,10.0,41.0,1.0,0,4,-23,0,0,556,519,37,24.046583815128958,3.4964007263758945,1.4564747414503734,3.0,68.36734693877551,270.6666666666667,68.4,22.8
Paxton DeLaurent,QB,2024,college_data,367.0,617.0,4065.0,33.0,15.0,64.0,96.0,3.0,0,0,0,0,0,0,0,0,0.0,,,,59.48136142625607,,297.225,
Payton Thorne,QB,2024,college_data,199.0,317.0,2713.0,21.0,9.0,112.0,283.0,2.0,0,0,0,0,0,0,0,0,0.0,,,,62.77602523659306,,216.125,
Peter Costelli,QB,2024,college_data,38.0,71.0,586.0,4.0,2.0,18.0,88.0,0.0,0,0,0,0,0,0,0,0,0.0,,,,53.52112676056338,,43.45,
Peter Costelli,QB,2025,college_data,22.0,41.0,272.0,1.0,4.0,16.0,74.0,1.0,0,0,0,0,0,0,0,0,0.0,,,,53.65853658536586,,18.200000000000003,
Peyton Cosover,QB,2024,college_data,1.0,3.0,1.0,0.0,0.0,0.0,0.0,0.0,0,0,0,0,0,0,0,0,0.0,,,,33.33333333333333,,0.025,
Philip Rivers,QB,2018,nflreadpy,394.0,591.0,4799.0,35.0,13.0,21.0,22.0,0.0,0,35,-225,1,1,4720,2336,237,148.4918916182611,3.3858671119920443,1.1496650640445674,18.0,66.66666666666666,266.6111111111111,304.175,16.898611111111112
Philip Rivers,QB,2019,nflreadpy,390.0,591.0,4615.0,23.0,20.0,12.0,29.0,0.0,0,34,-222,5,2,5047,2154,217,68.73409827071933,4.678529517238965,0.9881229647271571,16.0,65.98984771573603,288.4375,212.27499999999998,13.267187499999999
Philip Rivers,QB,2020,nflreadpy,396.0,589.0,4478.0,26.0,11.0,19.0,-9.0,0.0,0,19,-118,2,1,4240,2341,217,119.25038751201079,0.5963162686168382,1.1008500602063422,17.0,67.23259762308999,263.4117647058824,243.05,14.297058823529412
Philip Rivers,QB,2025,nflreadpy,58.0,92.0,544.0,4.0,3.0,2.0,-1.0,0.0,0,5,-37,1,0,717,271,30,-11.195535567243311,-3.7531283478612205,0.7614786980590008,3.0,63.04347826086957,181.33333333333334,31.5,10.5
Pierce Clarkson,QB,2024,college_data,3.0,4.0,11.0,0.0,0.0,4.0,6.0,0.0,0,0,0,0,0,0,0,0,0.0,,,,75.0,,0.8750000000000001,
Pierce Holley,QB,2024,college_data,249.0,405.0,3125.0,18.0,13.0,64.0,-179.0,1.0,0,0,0,0,0,0,0,0,0.0,,,,61.48148148148148,,148.225,
Pops Battle,QB,2025,college_data,1.0,3.0,9.0,0.0,1.0,5.0,4.0,0.0,0,0,0,0,0,0,0,0,0.0,,,,33.33333333333333,,-1.375,
Preston Brown,QB,2024,college_data,22.0,33.0,181.0,2.0,1.0,7.0,-9.0,0.0,0,0,0,0,0,0,0,0,0.0,,,,66.66666666666666,,13.625,
Preston Stone,QB,2024,college_data,30.0,51.0,421.0,5.0,1.0,12.0,27.0,0.0,0,0,0,0,0,0,0,0,0.0,,,,58.82352941176471,,41.225,
Preston Stone,QB,2025,college_data,222.0,370.0,2400.0,17.0,12.0,49.0,14.0,1.0,0,0,0,0,0,0,0,0,0.0,,,,60.0,,145.4,
Quaterius Hawkins,QB,2024,college_data,43.0,72.0,400.0,1.0,3.0,43.0,55.0,0.0,0,0,0,0,0,0,0,0,0.0,,,,59.72222222222222,,15.5,
Quayde Hawkins,QB,2025,college_data,3.0,3.0,36.0,1.0,0.0,2.0,12.0,0.0,0,0,0,0,0,0,0,0,0.0,,,,100.0,,8.1,
Quentin Hayes,QB,2024,college_data,25.0,43.0,455.0,3.0,2.0,126.0,466.0,7.0,0,0,0,0,0,0,0,0,0.0,,,,58.139534883720934,,113.975,
Quentin Hayes,QB,2025,college_data,58.0,92.0,897.0,8.0,4.0,152.0,683.0,7.0,0,0,0,0,0,0,0,0,0.0,,,,63.04347826086957,,172.725,
Quest Powell,QB,2024,college_data,1.0,4.0,4.0,0.0,0.0,10.0,77.0,1.0,0,0,0,0,0,0,0,0,0.0,,,,25.0,,13.8,
Quincy Casey,QB,2024,college_data,79.0,139.0,1066.0,10.0,5.0,39.0,160.0,3.0,0,0,0,0,0,0,0,0,0.0,,,,56.83453237410072,,110.65,
Quincy Crittendon,QB,2024,college_data,277.0,394.0,2684.0,18.0,12.0,147.0,391.0,7.0,0,0,0,0,0,0,0,0,0.0,,,,70.30456852791879,,232.20000000000005,
Quincy Crittendon,QB,2025,college_data,175.0,257.0,1672.0,6.0,6.0,87.0,79.0,0.0,0,0,0,0,0,0,0,0,0.0,,,,68.09338521400778,,73.7,
Quinn Boyd,QB,2025,college_data,147.0,223.0,1457.0,8.0,0.0,47.0,57.0,2.0,0,0,0,0,0,0,0,0,0.0,,,,65.91928251121077,,102.125,
Quinn Ewers,QB,2024,college_data,293.0,445.0,3472.0,31.0,12.0,57.0,-82.0,2.0,0,0,0,0,0,0,0,0,0.0,,,,65.84269662921348,,252.60000000000002,
Quinn Ewers,QB,2025,nflreadpy,55.0,83.0,622.0,3.0,3.0,8.0,19.0,0.0,0,8,-59,1,0,693,354,29,-2.2515222003800766,-0.12440538939905532,0.8612991418883225,4.0,66.26506024096386,155.5,29.450000000000003,7.362500000000001
Quinn Henicle,QB,2024,college_data,14.0,25.0,181.0,2.0,1.0,34.0,278.0,3.0,0,0,0,0,0,0,0,0,0.0,,,,56.00000000000001,,60.325,
Quinn Henicle,QB,2025,college_data,17.0,40.0,184.0,0.0,0.0,44.0,209.0,2.0,0,0,0,0,0,0,0,0,0.0,,,,42.5,,37.5,
RJ Johnson,QB,2025,college_data,17.0,32.0,183.0,0.0,0.0,7.0,5.0,0.0,0,0,0,0,0,0,0,0,0.0,,,,53.125,,5.075,
RJ Johnson III,QB,2025,college_data,176.0,265.0,2186.0,16.0,4.0,57.0,139.0,3.0,0,0,0,0,0,0,0,0,0.0,,,,66.41509433962264,,174.55,
RJ Martinez,QB,2024,college_data,18.0,24.0,148.0,0.0,1.0,8.0,21.0,0.0,0,0,0,0,0,0,0,0,0.0,,,,75.0,,3.8000000000000007,
Raeden Oliver,QB,2025,college_data,2.0,2.0,11.0,0.0,0.0,0.0,0.0,0.0,0,0,0,0,0,0,0,0,0.0,,,,100.0,,0.275,
Ralph Rucker,QB,2024,college_data,243.0,362.0,2800.0,25.0,7.0,87.0,105.0,4.0,0,0,0,0,0,0,0,0,0.0,,,,67.12707182320442,,240.5,
Ralph Rucker,QB,2025,college_data,117.0,170.0,1568.0,11.0,4.0,62.0,145.0,3.0,0,0,0,0,0,0,0,0,0.0,,,,68.82352941176471,,129.7,
Raymond Moore III,QB,2025,college_data,77.0,141.0,878.0,8.0,7.0,76.0,315.0,5.0,0,0,0,0,0,0,0,0,0.0,,,,54.60992907801418,,117.44999999999999,
Reagan Andrew,QB,2024,college_data,139.0,214.0,1701.0,11.0,6.0,102.0,519.0,7.0,0,0,0,0,0,0,0,0,0.0,,,,64.95327102803739,,190.425,
Reagan Andrew,QB,2025,college_data,137.0,202.0,1348.0,10.0,5.0,153.0,572.0,7.0,0,0,0,0,0,0,0,0,0.0,,,,67.82178217821783,,182.9,
Reese Poffenbarger,QB,2024,college_data,6.0,7.0,20.0,0.0,0.0,5.0,12.0,0.0,0,0,0,0,0,0,0,0,0.0,,,,85.71428571428571,,1.7000000000000002,
Reese Poffenbarger,QB,2025,college_data,5.0,7.0,36.0,0.0,0.0,4.0,20.0,0.0,0,0,0,0,0,0,0,0,0.0,,,,71.42857142857143,,2.9,
Reggie Graff,QB,2024,college_data,120.0,203.0,1363.0,10.0,3.0,112.0,415.0,4.0,0,0,0,0,0,0,0,0,0.0,,,,59.11330049261084,,153.575,
Reggie Graff,QB,2025,college_data,61.0,112.0,522.0,3.0,4.0,89.0,377.0,3.0,0,0,0,0,0,0,0,0,0.0,,,,54.46428571428571,,78.75,
Reilly Garcia,QB,2025,college_data,14.0,25.0,138.0,0.0,2.0,19.0,-22.0,0.0,0,0,0,0,0,0,0,0,0.0,,,,56.00000000000001,,-2.75,
Ren Hefley,QB,2024,college_data,25.0,47.0,197.0,1.0,1.0,6.0,-12.0,0.0,0,0,0,0,0,0,0,0,0.0,,,,53.191489361702125,,7.725000000000001,
Richard Torres,QB,2024,college_data,5.0,10.0,64.0,1.0,1.0,0.0,0.0,0.0,0,0,0,0,0,0,0,0,0.0,,,,50.0,,5.6,
Richard Torres,QB,2025,college_data,83.0,128.0,806.0,3.0,5.0,13.0,-53.0,0.0,0,0,0,0,0,0,0,0,0.0,,,,64.84375,,22.85,
Richie Lankford,QB,2024,college_data,2.0,3.0,17.0,0.0,0.0,3.0,15.0,1.0,0,0,0,0,0,0,0,0,0.0,,,,66.66666666666666,,7.925,
Richie Munoz,QB,2024,college_data,213.0,347.0,2189.0,20.0,5.0,66.0,140.0,2.0,0,0,0,0,0,0,0,0,0.0,,,,61.38328530259366,,190.725,
Rickie Collins,QB,2024,college_data,5.0,5.0,35.0,0.0,0.0,4.0,18.0,0.0,0,0,0,0,0,0,0,0,0.0,,,,100.0,,2.675,
Rickie Collins,QB,2025,college_data,97.0,181.0,1042.0,6.0,10.0,54.0,126.0,1.0,0,0,0,0,0,0,0,0,0.0,,,,53.591160220994475,,60.650000000000006,
Ridge Docekal,QB,2025,college_data,39.0,81.0,426.0,1.0,5.0,6.0,3.0,0.0,0,0,0,0,0,0,0,0,0.0,,,,48.148148148148145,,6.950000000000003,
Riley Leonard,QB,2024,college_data,269.0,403.0,2861.0,21.0,8.0,184.0,906.0,17.0,0,0,0,0,0,0,0,0,0.0,,,,66.74937965260546,,374.125,
Riley Leonard,QB,2025,nflreadpy,39.0,67.0,415.0,2.0,3.0,6.0,27.0,2.0,0,2,-17,1,1,537,168,18,-8.226148502326646,-38.34641930920168,0.3454864087471665,5.0,58.2089552238806,83.0,29.075000000000003,5.815
Rob McCoy,QB,2024,college_data,7.0,13.0,52.0,0.0,0.0,6.0,20.0,0.0,0,0,0,0,0,0,0,0,0.0,,,,53.84615384615385,,3.3,
Robby Ashford,QB,2024,college_data,23.0,32.0,324.0,2.0,0.0,41.0,227.0,2.0,0,0,0,0,0,0,0,0,0.0,,,,71.875,,54.800000000000004,
Robby Ashford,QB,2025,college_data,191.0,322.0,2472.0,12.0,8.0,130.0,554.0,9.0,0,0,0,0,0,0,0,0,0.0,,,,59.3167701863354,,227.20000000000002,
Robert Coleman,QB,2024,college_data,133.0,256.0,1773.0,15.0,8.0,82.0,263.0,6.0,0,0,0,0,0,0,0,0,0.0,,,,51.953125,,180.625,
Robert Coleman,QB,2025,college_data,67.0,108.0,585.0,3.0,2.0,30.0,6.0,0.0,0,0,0,0,0,0,0,0,0.0,,,,62.03703703703704,,29.225,
Robert Griffin III,QB,2018,nflreadpy,2.0,6.0,21.0,0.0,0.0,0.0,0.0,0.0,0,0,0,0,0,72,26,1,0.059968120603833164,-24.569643288850784,0.2625,2.0,33.33333333333333,10.5,0.525,0.2625
Robert Griffin III,QB,2019,nflreadpy,23.0,38.0,225.0,1.0,2.0,20.0,70.0,0.0,0,5,-19,0,0,282,84,10,-0.30862840273244885,-9.83033996489313,1.3807061846535529,6.0,60.526315789473685,37.5,14.625,2.4375
Robert Griffin III,QB,2020,nflreadpy,8.0,14.0,42.0,0.0,2.0,12.0,69.0,0.0,0,3,-20,0,0,123,34,1,-20.32961395784514,0.0941627969344457,0.7358024691358024,4.0,57.14285714285714,10.5,3.95,0.9875
Robert McDaniel,QB,2025,college_data,3.0,11.0,19.0,0.0,1.0,5.0,-22.0,0.0,0,0,0,0,0,0,0,0,0.0,,,,27.27272727272727,,-3.725,
Rocco Becht,QB,2024,college_data,272.0,457.0,3505.0,25.0,9.0,98.0,318.0,8.0,0,0,0,0,0,0,0,0,0.0,,,,59.51859956236324,,299.425,
Rocco Becht,QB,2025,college_data,204.0,337.0,2565.0,16.0,9.0,87.0,111.0,8.0,0,0,0,0,0,0,0,0,0.0,,,,60.534124629080125,,201.225,
Rocco Koch,QB,2025,college_data,1.0,7.0,42.0,1.0,0.0,29.0,173.0,3.0,0,0,0,0,0,0,0,0,0.0,,,,14.285714285714285,,42.35,
Roderick Hartsfield,QB,2024,college_data,2.0,6.0,28.0,0.0,1.0,4.0,8.0,0.0,0,0,0,0,0,0,0,0,0.0,,,,33.33333333333333,,-0.5,
Rodney Tisdale Jr.,QB,2025,college_data,139.0,212.0,1432.0,9.0,7.0,52.0,108.0,2.0,0,0,0,0,0,0,0,0,0.0,,,,65.56603773584906,,98.60000000000001,
Roman Gagliano,QB,2024,college_data,4.0,9.0,41.0,0.0,0.0,2.0,5.0,0.0,0,0,0,0,0,0,0,0,0.0,,,,44.44444444444444,,1.5250000000000001,
Roman Gagliano,QB,2025,college_data,78.0,135.0,1011.0,7.0,0.0,38.0,160.0,2.0,0,0,0,0,0,0,0,0,0.0,,,,57.77777777777777,,95.275,
Romelo Williams,QB,2024,college_data,14.0,20.0,171.0,1.0,1.0,11.0,53.0,1.0,0,0,0,0,0,0,0,0,0.0,,,,70.0,,19.575000000000003,
Ron Peace,QB,2024,college_data,187.0,327.0,2167.0,12.0,13.0,65.0,77.0,2.0,0,0,0,0,0,0,0,0,0.0,,,,57.18654434250765,,119.875,
Ron Peace,QB,2025,college_data,93.0,170.0,1374.0,6.0,5.0,39.0,38.0,3.0,0,0,0,0,0,0,0,0,0.0,,,,54.70588235294118,,82.15,
Rowan Keefe,QB,2024,college_data,9.0,25.0,139.0,0.0,0.0,9.0,-44.0,0.0,0,0,0,0,0,0,0,0,0.0,,,,36.0,,-0.9250000000000003,
Rowan Keefe,QB,2025,college_data,131.0,208.0,1519.0,12.0,14.0,68.0,111.0,3.0,0,0,0,0,0,0,0,0,0.0,,,,62.980769230769226,,111.07499999999999,
Ruben Lee II,QB,2024,college_data,18.0,34.0,249.0,2.0,1.0,9.0,4.0,0.0,0,0,0,0,0,0,0,0,0.0,,,,52.94117647058824,,16.625,
Ruben Lee II,QB,2025,college_data,1.0,1.0,-1.0,0.0,0.0,2.0,0.0,0.0,0,0,0,0,0,0,0,0,0.0,,,,100.0,,-0.025,
Ruel Tomlinson,QB,2024,college_data,11.0,28.0,73.0,0.0,2.0,28.0,7.0,0.0,0,0,0,0,0,0,0,0,0.0,,,,39.285714285714285,,-1.4749999999999996,
Russell Wilson,QB,2018,nflreadpy,298.0,454.0,3681.0,36.0,7.0,70.0,390.0,1.0,0,52,-362,5,2,4057,1483,162,67.64845031110204,7.288255331942869,0.9310438444738164,17.0,65.63876651982379,216.52941176470588,335.025,19.70735294117647
Russell Wilson,QB,2019,nflreadpy,380.0,577.0,4712.0,33.0,5.0,91.0,451.0,3.0,0,54,-338,5,0,5537,1946,215,113.08795315420112,7.731611308437114,0.8970464398589864,18.0,65.8578856152513,261.77777777777777,368.9,20.494444444444444
Russell Wilson,QB,2020,nflreadpy,395.0,585.0,4386.0,42.0,14.0,87.0,563.0,2.0,0,52,-333,2,2,5201,1867,218,62.84967749830397,5.916816408292438,0.8858566996188174,17.0,67.52136752136752,258.0,397.95000000000005,23.408823529411766
Russell Wilson,QB,2021,nflreadpy,259.0,400.0,3113.0,25.0,6.0,43.0,183.0,2.0,0,33,-266,4,1,3955,1383,135,16.61203137326887,3.610457123738518,0.8461610309671455,14.0,64.75,222.35714285714286,244.125,17.4375
Russell Wilson,QB,2022,nflreadpy,292.0,483.0,3524.0,16.0,11.0,55.0,277.0,3.0,0,55,-368,4,2,4264,1720,142,-56.944009727900315,-0.6311413108647582,0.8787952270762989,15.0,60.45548654244306,234.93333333333334,203.8,13.586666666666668
Russell Wilson,QB,2023,nflreadpy,297.0,447.0,3070.0,26.0,8.0,80.0,341.0,3.0,0,45,-258,7,4,3189,1735,135,-15.177197524169006,4.47618180849135,1.047400296329859,15.0,66.44295302013423,204.66666666666666,260.85,17.39
Russell Wilson,QB,2024,nflreadpy,234.0,365.0,2752.0,18.0,5.0,46.0,161.0,2.0,0,37,-238,3,2,2912,1248,121,6.202910982047639,5.293495900986707,0.9748239386530161,12.0,64.10958904109589,229.33333333333334,190.9,15.908333333333333
Russell Wilson,QB,2025,nflreadpy,69.0,119.0,831.0,3.0,3.0,18.0,106.0,0.0,0,10,-66,2,0,1058,376,32,-15.666261939590669,-11.179765863344073,0.7186115369871553,6.0,57.98319327731093,138.5,43.375,7.229166666666667
Ryan Boe,QB,2024,college_data,4.0,13.0,42.0,0.0,1.0,1.0,-15.0,0.0,0,0,0,0,0,0,0,0,0.0,,,,30.76923076923077,,-2.45,
Ryan Boe,QB,2025,college_data,2.0,7.0,17.0,0.0,1.0,11.0,118.0,1.0,0,0,0,0,0,0,0,0,0.0,,,,28.57142857142857,,16.225,
Ryan Browne,QB,2024,college_data,43.0,76.0,532.0,4.0,2.0,50.0,155.0,0.0,0,0,0,0,0,0,0,0,0.0,,,,56.57894736842105,,48.8,
Ryan Browne,QB,2025,college_data,199.0,338.0,2153.0,9.0,10.0,66.0,206.0,4.0,0,0,0,0,0,0,0,0,0.0,,,,58.875739644970416,,132.425,
Ryan Burger,QB,2024,college_data,8.0,19.0,88.0,0.0,0.0,17.0,70.0,1.0,0,0,0,0,0,0,0,0,0.0,,,,42.10526315789473,,15.2,
Ryan Finley,QB,2019,nflreadpy,41.0,87.0,474.0,2.0,2.0,10.0,77.0,0.0,0,11,-93,4,3,721,203,20,-52.63675865250967,-15.687838038950588,0.6550696611106427,3.0,47.12643678160919,158.0,21.55,7.183333333333334
Ryan Finley,QB,2020,nflreadpy,17.0,32.0,164.0,1.0,2.0,11.0,66.0,1.0,0,9,-63,0,0,335,71,8,-24.136624170034832,-6.901959125157241,1.4868688802787289,4.0,53.125,41.0,18.700000000000003,4.675000000000001
Ryan Fitzpatrick,QB,2018,nflreadpy,164.0,246.0,2366.0,17.0,12.0,36.0,152.0,2.0,0,14,-76,3,1,2546,874,113,60.621221629376784,4.6505490944521215,0.9443355975996559,8.0,66.66666666666666,295.75,162.35000000000002,20.293750000000003
Ryan Fitzpatrick,QB,2019,nflreadpy,311.0,502.0,3529.0,20.0,13.0,54.0,243.0,4.0,0,40,-209,3,1,4513,1239,182,23.52855438890904,1.7500867548242816,0.799885555041003,15.0,61.952191235059765,235.26666666666668,228.52499999999998,15.234999999999998
Ryan Fitzpatrick,QB,2020,nflreadpy,183.0,267.0,2091.0,13.0,8.0,30.0,151.0,2.0,1,14,-65,1,0,2080,855,106,48.69321799468204,5.595822776814476,1.0167044158210299,9.0,68.53932584269663,232.33333333333334,143.375,15.930555555555555
Ryan Fitzpatrick,QB,2021,nflreadpy,3.0,6.0,13.0,0.0,0.0,1.0,2.0,0.0,0,1,-2,1,0,9,6,0,-4.27462314258315,-17.919545372327168,1.4444444444444444,1.0,50.0,13.0,0.525,0.525
Ryan Griffin,QB,2019,nflreadpy,2.0,4.0,18.0,0.0,0.0,4.0,-1.0,0.0,0,0,0,0,0,12,13,1,-0.6239215268287808,-3.9851864178975425,1.5,2.0,50.0,9.0,0.35,0.175
Ryan Hilinski,QB,2024,college_data,9.0,15.0,121.0,0.0,1.0,2.0,-4.0,0.0,0,0,0,0,0,0,0,0,0.0,,,,60.0,,0.6250000000000004,
Ryan Huff,QB,2025,college_data,0.0,1.0,0.0,0.0,0.0,0.0,0.0,0.0,0,0,0,0,0,0,0,0,0.0,,,,0.0,,0.0,
Ryan Jackson,QB,2025,college_data,17.0,24.0,122.0,1.0,0.0,12.0,54.0,1.0,0,0,0,0,0,0,0,0,0.0,,,,70.83333333333334,,20.450000000000003,
Ryan Montgomery,QB,2025,college_data,1.0,1.0,12.0,0.0,0.0,0.0,0.0,0.0,0,0,0,0,0,0,0,0,0.0,,,,100.0,,0.30000000000000004,
Ryan O'Connor,QB,2024,college_data,77.0,125.0,879.0,8.0,1.0,7.0,44.0,1.0,0,0,0,0,0,0,0,0,0.0,,,,61.6,,78.375,
Ryan Puglisi,QB,2025,college_data,16.0,27.0,161.0,1.0,2.0,5.0,13.0,0.0,0,0,0,0,0,0,0,0,0.0,,,,59.25925925925925,,7.324999999999999,
Ryan Staub,QB,2024,college_data,0.0,4.0,0.0,0.0,0.0,3.0,4.0,0.0,0,0,0,0,0,0,0,0,0.0,,,,0.0,,0.4,
Ryan Staub,QB,2025,college_data,30.0,55.0,426.0,3.0,4.0,19.0,30.0,1.0,0,0,0,0,0,0,0,0,0.0,,,,54.54545454545454,,29.65,
Ryan Stubblefield,QB,2024,college_data,33.0,46.0,465.0,5.0,2.0,24.0,30.0,3.0,0,0,0,0,0,0,0,0,0.0,,,,71.73913043478261,,58.625,
Ryan Stubblefield,QB,2025,college_data,99.0,175.0,1290.0,7.0,4.0,58.0,159.0,6.0,0,0,0,0,0,0,0,0,0.0,,,,56.57142857142857,,118.15,
Ryan Tannehill,QB,2018,nflreadpy,176.0,274.0,1979.0,17.0,9.0,32.0,145.0,0.0,0,35,-279,4,3,2229,1071,92,-53.82381453888741,-0.7421127699132787,0.9589342673876207,11.0,64.23357664233576,179.9090909090909,141.975,12.906818181818181
Ryan Tannehill,QB,2019,nflreadpy,237.0,346.0,3111.0,27.0,7.0,56.0,220.0,5.0,1,36,-252,6,3,3307,1393,147,65.08151636135393,6.48686408416909,0.9688305852178569,15.0,68.4971098265896,207.4,273.775,18.251666666666665
Ryan Tannehill,QB,2020,nflreadpy,333.0,507.0,3984.0,34.0,8.0,45.0,272.0,7.0,2,25,-180,5,1,4212,1599,211,125.7853902430579,2.1882411893873193,0.9716873873610794,17.0,65.68047337278107,234.35294117647058,358.8,21.105882352941176
Ryan Tannehill,QB,2021,nflreadpy,372.0,555.0,3954.0,22.0,17.0,58.0,282.0,7.0,0,48,-334,6,3,4215,1825,201,21.212295382878597,2.2207650428046466,0.9990209603961921,18.0,67.02702702702703,219.66666666666666,261.05,14.502777777777778
Ryan Tannehill,QB,2022,nflreadpy,212.0,325.0,2536.0,13.0,6.0,34.0,98.0,2.0,0,33,-238,2,1,2532,1179,116,20.770154413364573,0.9637508210823752,1.0419350361531043,12.0,65.23076923076923,211.33333333333334,149.2,12.433333333333332
Ryan Tannehill,QB,2023,nflreadpy,149.0,230.0,1616.0,4.0,7.0,17.0,74.0,1.0,0,32,-230,2,0,1816,795,74,-22.866367662793895,1.7786124560076908,1.0258877830633155,9.0,64.78260869565217,179.55555555555554,63.80000000000001,7.08888888888889
Ryder Burton,QB,2025,college_data,62.0,98.0,708.0,7.0,5.0,32.0,-4.0,2.0,0,0,0,0,0,0,0,0,0.0,,,,63.26530612244898,,61.3,
Sam Bradford,QB,2018,nflreadpy,50.0,80.0,400.0,2.0,4.0,2.0,7.0,0.0,0,6,-33,3,2,512,192,16,-32.02339148496674,-5.93546082376773,0.7767991024569971,3.0,62.5,133.33333333333334,10.7,3.5666666666666664
Sam Darnold,QB,2018,nflreadpy,239.0,414.0,2865.0,17.0,15.0,43.0,135.0,1.0,0,30,-204,1,1,3832,1278,130,-14.117609732253541,-3.99438445358366,0.807393940382018,13.0,57.729468599033815,220.3846153846154,161.125,12.39423076923077
Sam Darnold,QB,2019,nflreadpy,273.0,441.0,3024.0,19.0,13.0,33.0,62.0,2.0,0,33,-212,5,3,3755,1466,147,-14.315234343549422,1.4125695588208704,0.8565224876521127,13.0,61.904761904761905,232.6153846153846,175.8,13.523076923076925
Sam Darnold,QB,2020,nflreadpy,217.0,364.0,2208.0,9.0,11.0,37.0,217.0,2.0,0,35,-234,4,2,2794,1155,109,-76.8571539423759,-1.8286930121390876,0.8557583792085003,12.0,59.61538461538461,184.0,116.9,9.741666666666667
Sam Darnold,QB,2021,nflreadpy,243.0,406.0,2527.0,9.0,13.0,48.0,222.0,5.0,0,35,-204,5,2,2932,1387,123,-76.71357971897748,-5.311386736159746,0.922016043364127,12.0,59.85221674876847,210.58333333333334,139.375,11.614583333333334
Sam Darnold,QB,2022,nflreadpy,82.0,140.0,1143.0,7.0,3.0,26.0,106.0,2.0,0,10,-78,1,1,1138,553,57,21.072685399863992,2.3320741100430022,1.046814505047686,6.0,58.57142857142858,190.5,85.17500000000001,14.195833333333335
Sam Darnold,QB,2023,nflreadpy,28.0,46.0,297.0,2.0,1.0,21.0,15.0,1.0,0,6,-40,2,1,371,155,15,-0.2621567214636231,-3.32121599820944,0.512,10.0,60.86956521739131,29.7,22.925,2.2925
Sam Darnold,QB,2024,nflreadpy,386.0,585.0,4564.0,36.0,13.0,71.0,231.0,1.0,0,57,-417,6,3,5026,1852,218,19.71650974334327,4.0061586193151,0.9582073542135068,18.0,65.98290598290598,253.55555555555554,327.20000000000005,18.17777777777778
Sam Darnold,QB,2025,nflreadpy,379.0,568.0,4720.0,30.0,14.0,40.0,109.0,0.0,0,33,-237,7,5,4563,2065,215,98.2836800910732,5.768720931904738,1.0908331175683847,20.0,66.72535211267606,236.0,270.9,13.544999999999998
Sam Darnold,QB,2026,nflreadpy,32.0,47.0,392.0,4.0,2.0,1.0,5.0,0.0,0,1,-5,0,0,312,171,22,2.004011433473191,-9.460881081494417,1.0713804713804715,2.0,68.08510638297872,196.0,30.299999999999997,15.149999999999999
Sam Ehlinger,QB,2022,nflreadpy,64.0,101.0,573.0,3.0,3.0,17.0,87.0,0.0,0,14,-87,1,1,722,294,28,-40.58373256801548,-3.43819151887351,0.7787147535793185,4.0,63.366336633663366,143.25,33.025000000000006,8.256250000000001
Sam Howell,QB,2022,nflreadpy,11.0,19.0,169.0,1.0,1.0,5.0,35.0,1.0,0,3,-11,0,0,160,75,6,-7.461784537902072,-4.900194704532623,1.05625,1.0,57.89473684210527,169.0,17.725,17.725
Sam Howell,QB,2023,nflreadpy,388.0,612.0,3946.0,21.0,21.0,48.0,263.0,5.0,1,65,-449,3,1,4588,2019,180,-103.5551776275185,-2.6311673330242513,0.8573020724890071,17.0,63.39869281045751,232.11764705882354,238.95,14.055882352941175
Sam Howell,QB,2024,nflreadpy,5.0,14.0,24.0,0.0,1.0,1.0,2.0,0.0,0,4,-21,0,0,83,7,1,-15.572918311471668,-33.19926879235676,0.2891566265060241,1.0,35.714285714285715,24.0,-1.2,-1.2
Sam Huard,QB,2025,college_data,1.0,1.0,10.0,0.0,0.0,0.0,0.0,0.0,0,0,0,0,0,0,0,0,0.0,,,,100.0,,0.25,
Sam Leavitt,QB,2024,college_data,216.0,350.0,2885.0,24.0,6.0,110.0,443.0,5.0,0,0,0,0,0,0,0,0,0.0,,,,61.71428571428571,,278.425,
Sam Leavitt,QB,2025,college_data,145.0,239.0,1628.0,10.0,3.0,73.0,306.0,5.0,0,0,0,0,0,0,0,0,0.0,,,,60.66945606694561,,155.3,
Sam Vidlak,QB,2024,college_data,174.0,258.0,2387.0,27.0,4.0,23.0,-38.0,0.0,0,0,0,0,0,0,0,0,0.0,,,,67.44186046511628,,209.875,
Sam Vidlak,QB,2025,college_data,232.0,349.0,2686.0,22.0,7.0,30.0,-183.0,0.0,0,0,0,0,0,0,0,0,0.0,,,,66.4756446991404,,166.85000000000002,
Samaj Jones,QB,2025,college_data,4.0,7.0,72.0,1.0,0.0,18.0,83.0,1.0,0,0,0,0,0,0,0,0,0.0,,,,57.14285714285714,,22.1,
Samari Collier,QB,2025,college_data,38.0,78.0,489.0,7.0,2.0,70.0,429.0,7.0,0,0,0,0,0,0,0,0,0.0,,,,48.717948717948715,,135.125,
Santino Marucci,QB,2024,college_data,49.0,112.0,519.0,3.0,5.0,37.0,131.0,1.0,0,0,0,0,0,0,0,0,0.0,,,,43.75,,40.075,
Sawyer Robertson,QB,2024,college_data,229.0,368.0,3071.0,28.0,8.0,63.0,230.0,4.0,0,0,0,0,0,0,0,0,0.0,,,,62.22826086956522,,275.775,
Sawyer Robertson,QB,2025,college_data,304.0,503.0,3681.0,31.0,12.0,56.0,17.0,3.0,0,0,0,0,0,0,0,0,0.0,,,,60.437375745526836,,273.725,
Sawyer Teeney,QB,2025,college_data,10.0,16.0,53.0,1.0,0.0,9.0,19.0,0.0,0,0,0,0,0,0,0,0,0.0,,,,62.5,,9.225000000000001,
Scotty Fox Jr.,QB,2025,college_data,101.0,170.0,1276.0,7.0,6.0,84.0,201.0,3.0,0,0,0,0,0,0,0,0,0.0,,,,59.411764705882355,,100.0,
Sean Ashenfelder,QB,2025,college_data,1.0,1.0,11.0,0.0,0.0,1.0,-3.0,0.0,0,0,0,0,0,0,0,0,0.0,,,,100.0,,-0.025000000000000022,
Sean Brown,QB,2024,college_data,165.0,262.0,1974.0,11.0,8.0,46.0,-33.0,1.0,0,0,0,0,0,0,0,0,0.0,,,,62.97709923664122,,102.05000000000001,
Sean Brown,QB,2025,college_data,1.0,2.0,28.0,0.0,0.0,0.0,0.0,0.0,0,0,0,0,0,0,0,0,0.0,,,,50.0,,0.7000000000000001,
Sean Clifford,QB,2023,nflreadpy,1.0,1.0,37.0,0.0,0.0,3.0,-2.0,0.0,0,0,0,0,0,34,3,1,2.1436268281540833,58.596500754356384,1.088235294117647,2.0,100.0,18.5,0.7250000000000001,0.36250000000000004
Sean Mannion,QB,2018,nflreadpy,2.0,3.0,23.0,0.0,0.0,7.0,-9.0,0.0,0,0,0,0,0,-10,27,1,1.2564425312073348,-14.918847878774008,0.0,3.0,66.66666666666666,7.666666666666667,-0.32499999999999996,-0.10833333333333332
Sean Mannion,QB,2019,nflreadpy,12.0,21.0,126.0,0.0,2.0,6.0,-5.0,0.0,0,0,0,0,0,132,66,6,-4.060896042318954,-13.562365472316742,0.9545454545454546,3.0,57.14285714285714,42.0,-1.3499999999999996,-0.4499999999999999
Sean Mannion,QB,2021,nflreadpy,22.0,36.0,189.0,1.0,0.0,2.0,14.0,0.0,0,2,-15,0,0,233,94,8,-10.911595458092904,-5.38791282212033,0.8111587982832618,1.0,61.111111111111114,189.0,12.125,12.125
Seth Henigan,QB,2024,college_data,309.0,477.0,3502.0,25.0,6.0,80.0,190.0,1.0,0,0,0,0,0,0,0,0,0.0,,,,64.77987421383648,,250.55,
Seth Morgan,QB,2024,college_data,234.0,363.0,2321.0,22.0,8.0,46.0,-51.0,2.0,0,0,0,0,0,0,0,0,0.0,,,,64.46280991735537,,180.925,
Shaker Reisig,QB,2025,college_data,10.0,19.0,141.0,1.0,2.0,7.0,1.0,0.0,0,0,0,0,0,0,0,0,0.0,,,,52.63157894736842,,5.625,
Shane Buechele,QB,2025,nflreadpy,7.0,14.0,88.0,0.0,0.0,1.0,4.0,0.0,0,5,-22,0,0,138,28,4,-6.825472935443697,-16.771898361352775,0.6376811594202898,1.0,50.0,88.0,2.6,2.6
Shawn Brown,QB,2025,college_data,1.0,4.0,11.0,0.0,0.0,7.0,45.0,1.0,0,0,0,0,0,0,0,0,0.0,,,,25.0,,10.775,
Shedeur Sanders,QB,2024,college_data,353.0,477.0,4134.0,37.0,10.0,100.0,-50.0,4.0,0,0,0,0,0,0,0,0,0.0,,,,74.0041928721174,,324.35,
Shedeur Sanders,QB,2025,nflreadpy,120.0,212.0,1400.0,7.0,10.0,21.0,169.0,1.0,0,23,-164,2,1,1525,830,54,-59.30007444472817,-6.550263556481393,1.0744751545384021,8.0,56.60377358490566,175.0,77.9,9.7375
Shedeur Sanders,QB,2026,nflreadpy,1.0,1.0,0.0,0.0,0.0,0.0,0.0,0.0,0,0,0,0,0,-4,4,0,-0.4044223628588952,13.08276653289795,0.0,1.0,100.0,0.0,0.0,0.0
Simon Romfo,QB,2024,college_data,183.0,301.0,2051.0,18.0,8.0,101.0,296.0,4.0,0,0,0,0,0,0,0,0,0.0,,,,60.797342192691026,,196.875,
Simon Romfo,QB,2025,college_data,6.0,11.0,73.0,0.0,0.0,10.0,13.0,1.0,0,0,0,0,0,0,0,0,0.0,,,,54.54545454545454,,9.125,
Sky Forest,QB,2025,college_data,2.0,4.0,16.0,0.0,0.0,1.0,3.0,0.0,0,0,0,0,0,0,0,0,0.0,,,,50.0,,0.7000000000000001,
Skylar Thompson,QB,2022,nflreadpy,78.0,150.0,754.0,2.0,5.0,16.0,24.0,0.0,0,10,-71,1,1,1280,314,38,-42.358160591811846,-14.06556539341169,0.9806599430370676,8.0,52.0,94.25,21.25,2.65625
Skylar Thompson,QB,2024,nflreadpy,21.0,33.0,187.0,0.0,0.0,1.0,4.0,0.0,0,6,-44,2,0,230,85,8,-15.511025142013118,1.5133561714301034,0.8370098039215687,2.0,63.63636363636363,93.5,5.075,2.5375
Skyler Cassel,QB,2025,college_data,0.0,1.0,0.0,0.0,0.0,0.0,0.0,0.0,0,0,0,0,0,0,0,0,0.0,,,,0.0,,0.0,
Skyler Locklear,QB,2024,college_data,149.0,236.0,1591.0,10.0,6.0,80.0,237.0,2.0,0,0,0,0,0,0,0,0,0.0,,,,63.13559322033898,,123.47500000000002,
Skyler Locklear,QB,2025,college_data,117.0,211.0,1418.0,13.0,11.0,103.0,396.0,8.0,0,0,0,0,0,0,0,0,0.0,,,,55.45023696682464,,179.05,
Sonny Mannino,QB,2024,college_data,159.0,298.0,1640.0,11.0,6.0,81.0,294.0,5.0,0,0,0,0,0,0,0,0,0.0,,,,53.355704697986575,,154.4,
Sonny Mannino,QB,2025,college_data,158.0,275.0,1771.0,11.0,3.0,136.0,395.0,6.0,0,0,0,0,0,0,0,0,0.0,,,,57.45454545454546,,179.775,
Spencer Petras,QB,2024,college_data,214.0,327.0,2315.0,17.0,11.0,36.0,35.0,1.0,0,0,0,0,0,0,0,0,0.0,,,,65.4434250764526,,147.375,
Spencer Rattler,QB,2024,nflreadpy,130.0,228.0,1317.0,4.0,5.0,18.0,146.0,0.0,0,22,-136,4,3,1834,642,62,-75.73932699372507,-10.318859999223006,0.750063964715791,7.0,57.01754385964912,188.14285714285714,55.525000000000006,7.932142857142858
Spencer Rattler,QB,2025,nflreadpy,174.0,257.0,1586.0,8.0,5.0,31.0,167.0,0.0,0,18,-104,3,1,2030,642,74,-21.49794801793607,2.8165975453915797,0.7357881148257794,9.0,67.70428015564202,176.22222222222223,92.35000000000001,10.261111111111113
Stanley Anderson-Lofton,QB,2025,college_data,1.0,1.0,11.0,0.0,0.0,3.0,9.0,0.0,0,0,0,0,0,0,0,0,0.0,,,,100.0,,1.175,
Steele Pizzella,QB,2025,college_data,0.0,1.0,0.0,0.0,0.0,1.0,-1.0,0.0,0,0,0,0,0,0,0,0,0.0,,,,0.0,,-0.1,
Stephen Kittleman,QB,2024,college_data,3.0,3.0,51.0,0.0,0.0,2.0,11.0,1.0,0,0,0,0,0,0,0,0,0.0,,,,100.0,,8.375,
Stephen Kittleman,QB,2025,college_data,2.0,3.0,18.0,0.0,0.0,3.0,4.0,1.0,0,0,0,0,0,0,0,0,0.0,,,,66.66666666666666,,6.85,
Stetson Bennett,QB,2026,nflreadpy,2.0,3.0,13.0,0.0,0.0,1.0,9.0,0.0,0,0,0,0,0,23,3,1,0.1888701870921068,-5.17047643661499,0.5652173913043478,1.0,66.66666666666666,13.0,1.225,1.225
Steven Angeli,QB,2024,college_data,24.0,36.0,268.0,3.0,0.0,9.0,9.0,0.0,0,0,0,0,0,0,0,0,0.0,,,,66.66666666666666,,25.6,
Steven Angeli,QB,2025,college_data,97.0,155.0,1317.0,10.0,2.0,23.0,-32.0,1.0,0,0,0,0,0,0,0,0,0.0,,,,62.58064516129033,,91.72500000000001,
Steven Johnson,QB,2024,college_data,3.0,3.0,33.0,0.0,0.0,1.0,1.0,0.0,0,0,0,0,0,0,0,0,0.0,,,,100.0,,0.925,
Stone Earle,QB,2024,college_data,65.0,120.0,673.0,7.0,2.0,57.0,207.0,0.0,0,0,0,0,0,0,0,0,0.0,,,,54.166666666666664,,75.525,
Stone Earle,QB,2025,college_data,265.0,398.0,2931.0,18.0,10.0,133.0,383.0,10.0,0,0,0,0,0,0,0,0,0.0,,,,66.58291457286433,,259.57500000000005,
T.C. Molk,QB,2025,college_data,0.0,2.0,0.0,0.0,1.0,0.0,0.0,0.0,0,0,0,0,0,0,0,0,0.0,,,,0.0,,-2.0,
T.J. Smith,QB,2024,college_data,131.0,213.0,1748.0,15.0,6.0,81.0,300.0,5.0,0,0,0,0,0,0,0,0,0.0,,,,61.502347417840376,,181.7,
TJ Finley,QB,2024,college_data,48.0,75.0,490.0,1.0,2.0,11.0,20.0,0.0,0,0,0,0,0,0,0,0,0.0,,,,64.0,,16.25,
TJ Finley,QB,2025,college_data,127.0,201.0,1244.0,6.0,7.0,28.0,-51.0,0.0,0,0,0,0,0,0,0,0,0.0,,,,63.18407960199005,,48.0,
TJ Lateef,QB,2025,college_data,74.0,123.0,904.0,5.0,1.0,40.0,120.0,4.0,0,0,0,0,0,0,0,0,0.0,,,,60.16260162601627,,86.6,
Ta'Quan Roberson,QB,2024,college_data,3.0,7.0,18.0,0.0,0.0,1.0,7.0,0.0,0,0,0,0,0,0,0,0,0.0,,,,42.857142857142854,,1.1500000000000001,
Ta'Quan Roberson,QB,2025,college_data,206.0,356.0,2520.0,17.0,12.0,83.0,125.0,3.0,0,0,0,0,0,0,0,0,0.0,,,,57.865168539325836,,171.5,
Tad Hudson,QB,2024,college_data,17.0,26.0,173.0,2.0,0.0,12.0,15.0,0.0,0,0,0,0,0,0,0,0,0.0,,,,65.38461538461539,,17.825,
Tad Hudson,QB,2025,college_data,139.0,254.0,1253.0,6.0,7.0,45.0,15.0,2.0,0,0,0,0,0,0,0,0,0.0,,,,54.7244094488189,,66.825,
Tahj Bullock,QB,2024,college_data,22.0,30.0,200.0,0.0,0.0,53.0,138.0,8.0,0,0,0,0,0,0,0,0,0.0,,,,73.33333333333333,,66.8,
Tahj Bullock,QB,2025,college_data,0.0,1.0,0.0,0.0,0.0,23.0,31.0,3.0,0,0,0,0,0,0,0,0,0.0,,,,0.0,,21.1,
Tahj Smith,QB,2024,college_data,65.0,116.0,708.0,3.0,1.0,47.0,103.0,1.0,0,0,0,0,0,0,0,0,0.0,,,,56.03448275862068,,50.0,
Taisun Phommachanh,QB,2024,college_data,132.0,234.0,1590.0,8.0,6.0,107.0,317.0,3.0,0,0,0,0,0,0,0,0,0.0,,,,56.41025641025641,,125.44999999999999,
Tak Tateoka,QB,2024,college_data,93.0,175.0,1155.0,9.0,5.0,61.0,83.0,2.0,0,0,0,0,0,0,0,0,0.0,,,,53.142857142857146,,93.175,
Tanner Maddocks,QB,2024,college_data,6.0,10.0,86.0,0.0,0.0,3.0,18.0,1.0,0,0,0,0,0,0,0,0,0.0,,,,60.0,,9.95,
Tanner Maddocks,QB,2025,college_data,8.0,15.0,78.0,1.0,1.0,11.0,73.0,0.0,0,0,0,0,0,0,0,0,0.0,,,,53.333333333333336,,13.25,
Tanner McKee,QB,2024,nflreadpy,30.0,45.0,323.0,4.0,0.0,5.0,-1.0,0.0,0,2,-17,0,0,322,138,17,14.677713276299727,10.064035299711112,1.0173789173789174,2.0,66.66666666666666,161.5,31.975,15.9875
Tanner McKee,QB,2025,nflreadpy,24.0,43.0,274.0,1.0,1.0,8.0,8.0,0.0,0,3,-14,0,0,411,100,16,-2.4619381445586193,15.570097460466272,0.9039071242073853,4.0,55.81395348837209,68.5,11.65,2.9125
Tanner Murray,QB,2024,college_data,2.0,6.0,43.0,0.0,0.0,13.0,28.0,0.0,0,0,0,0,0,0,0,0,0.0,,,,33.33333333333333,,3.875,
Tanner Murray,QB,2025,college_data,3.0,4.0,29.0,0.0,0.0,4.0,34.0,0.0,0,0,0,0,0,0,0,0,0.0,,,,75.0,,4.125,
Tanner Zolnosky,QB,2024,college_data,3.0,3.0,51.0,1.0,0.0,2.0,13.0,0.0,0,0,0,0,0,0,0,0,0.0,,,,100.0,,8.575,
Taron Dickens,QB,2024,college_data,127.0,172.0,1428.0,12.0,3.0,58.0,56.0,2.0,0,0,0,0,0,0,0,0,0.0,,,,73.83720930232558,,119.30000000000001,
Taron Dickens,QB,2025,college_data,271.0,365.0,3508.0,38.0,2.0,97.0,321.0,1.0,0,0,0,0,0,0,0,0,0.0,,,,74.24657534246575,,349.8,
Tate Rodemaker,QB,2024,college_data,98.0,165.0,985.0,7.0,7.0,26.0,-90.0,0.0,0,0,0,0,0,0,0,0,0.0,,,,59.3939393939394,,43.625,
Tavien St. Clair,QB,2025,college_data,0.0,2.0,0.0,0.0,0.0,0.0,0.0,0.0,0,0,0,0,0,0,0,0,0.0,,,,0.0,,0.0,
Taylen Green,QB,2024,college_data,230.0,381.0,3153.0,15.0,9.0,156.0,602.0,8.0,0,0,0,0,0,0,0,0,0.0,,,,60.367454068241464,,259.025,
Taylen Green,QB,2025,college_data,198.0,326.0,2714.0,19.0,11.0,138.0,779.0,8.0,0,0,0,0,0,0,0,0,0.0,,,,60.73619631901841,,285.75,
Taylor Heinicke,QB,2018,nflreadpy,35.0,57.0,320.0,1.0,3.0,5.0,31.0,0.0,0,2,-17,0,0,508,151,19,-17.19115018417993,7.408086908798592,0.6364358493390752,5.0,61.40350877192983,64.0,11.100000000000001,2.22
Taylor Heinicke,QB,2020,nflreadpy,38.0,63.0,443.0,2.0,1.0,9.0,68.0,1.0,0,3,-24,0,0,640,140,21,1.7274313922134987,0.3164338868527419,0.6660300483829895,2.0,60.317460317460316,221.5,33.875,16.9375
Taylor Heinicke,QB,2021,nflreadpy,321.0,494.0,3419.0,20.0,15.0,60.0,313.0,1.0,1,38,-278,4,2,3779,1747,167,-29.357315579167377,0.23935042455763478,0.9392599909508201,16.0,64.97975708502024,213.6875,210.775,13.1734375
Taylor Heinicke,QB,2022,nflreadpy,161.0,259.0,1859.0,12.0,6.0,28.0,96.0,1.0,0,19,-141,6,5,2146,772,93,-12.710993751717222,2.110041044456098,0.8970883098222693,9.0,62.16216216216216,206.55555555555554,112.07499999999999,12.452777777777776
Taylor Heinicke,QB,2023,nflreadpy,74.0,136.0,890.0,5.0,4.0,15.0,124.0,1.0,0,8,-47,0,0,1136,508,41,-1.6432791084098852,-9.107390350367783,0.852139058118347,5.0,54.41176470588235,178.0,62.650000000000006,12.530000000000001
Taylor Heinicke,QB,2024,nflreadpy,3.0,5.0,28.0,0.0,0.0,2.0,20.0,0.0,0,3,-28,0,0,32,9,1,-5.95559958711965,-7.286757230758667,0.9444444444444443,4.0,60.0,7.0,2.7,0.675
Tayven Jackson,QB,2024,college_data,23.0,37.0,349.0,4.0,1.0,15.0,73.0,3.0,0,0,0,0,0,0,0,0,0.0,,,,62.16216216216216,,56.025,
Tayven Jackson,QB,2025,college_data,200.0,315.0,2151.0,10.0,8.0,54.0,85.0,3.0,0,0,0,0,0,0,0,0,0.0,,,,63.49206349206349,,124.275,
Te'Sean Smoot,QB,2025,college_data,59.0,84.0,985.0,9.0,0.0,11.0,65.0,0.0,0,0,0,0,0,0,0,0,0.0,,,,70.23809523809523,,85.125,
Teddy Bridgewater,QB,2018,nflreadpy,14.0,23.0,118.0,1.0,1.0,11.0,5.0,0.0,0,2,-8,0,0,141,53,8,-8.28122925839898,-38.732814079239255,0.4338235294117647,4.0,60.86956521739131,29.5,7.449999999999999,1.8624999999999998
Teddy Bridgewater,QB,2019,nflreadpy,133.0,196.0,1384.0,9.0,2.0,28.0,31.0,0.0,0,12,-89,1,0,1212,748,67,23.955843418472337,6.262039496846569,1.0208423724217737,9.0,67.85714285714286,153.77777777777777,87.7,9.744444444444445
Teddy Bridgewater,QB,2020,nflreadpy,340.0,492.0,3733.0,15.0,11.0,53.0,279.0,5.0,0,31,-205,2,2,3507,1884,174,33.611893115549215,3.445364823311481,1.095676451675491,15.0,69.10569105691057,248.86666666666667,215.22500000000002,14.348333333333334
Teddy Bridgewater,QB,2021,nflreadpy,285.0,426.0,3052.0,18.0,7.0,30.0,106.0,2.0,0,31,-211,0,0,3424,1387,146,57.114571553219875,2.524410452849729,0.9137666077238089,14.0,66.90140845070422,218.0,192.9,13.778571428571428
Teddy Bridgewater,QB,2022,nflreadpy,49.0,79.0,683.0,4.0,4.0,3.0,27.0,0.0,0,7,-45,0,0,704,307,32,-0.5638175600222453,-18.606581074256965,0.5670134521456458,5.0,62.0253164556962,136.6,35.775,7.154999999999999
Teddy Bridgewater,QB,2024,nflreadpy,1.0,1.0,3.0,0.0,0.0,0.0,0.0,0.0,0,0,0,0,0,3,0,1,-0.13195179169997573,18.561673164367676,1.0,1.0,100.0,3.0,0.07500000000000001,0.07500000000000001
Teddy Bridgewater,QB,2025,nflreadpy,8.0,15.0,62.0,0.0,0.0,3.0,4.0,0.0,0,2,-21,0,0,98,52,2,-12.498526949668303,-16.29420667886734,0.6326530612244898,3.0,53.333333333333336,20.666666666666668,1.9500000000000002,0.65
Terrell Russell,QB,2025,college_data,2.0,4.0,49.0,1.0,0.0,1.0,7.0,0.0,0,0,0,0,0,0,0,0,0.0,,,,50.0,,7.925000000000001,
Tevin Carter,QB,2024,college_data,2.0,4.0,14.0,0.0,0.0,25.0,109.0,5.0,0,0,0,0,0,0,0,0,0.0,,,,50.0,,41.25,
Tevin Carter,QB,2025,college_data,55.0,102.0,614.0,3.0,2.0,54.0,262.0,5.0,0,0,0,0,0,0,0,0,0.0,,,,53.92156862745098,,85.55000000000001,
Thomas Castellanos,QB,2024,college_data,99.0,161.0,1366.0,18.0,5.0,93.0,194.0,1.0,0,0,0,0,0,0,0,0,0.0,,,,61.49068322981367,,157.55,
Thomas Castellanos,QB,2025,college_data,180.0,309.0,2760.0,15.0,9.0,137.0,557.0,9.0,0,0,0,0,0,0,0,0,0.0,,,,58.252427184466015,,250.7,
Thomas Gotkowski,QB,2025,college_data,38.0,86.0,575.0,4.0,1.0,31.0,115.0,1.0,0,0,0,0,0,0,0,0,0.0,,,,44.18604651162791,,53.875,
Tim Boyle,QB,2019,nflreadpy,3.0,4.0,15.0,0.0,0.0,5.0,-7.0,0.0,0,0,0,0,0,10,14,1,-0.45442071673460305,8.479483425617218,1.5,3.0,75.0,5.0,-0.32500000000000007,-0.10833333333333335
Tim Boyle,QB,2021,nflreadpy,61.0,94.0,526.0,3.0,6.0,2.0,13.0,0.0,0,0,0,0,0,593,265,28,-3.8455106693562593,-3.8593155031172834,0.8537111720048554,4.0,64.8936170212766,131.5,20.450000000000003,5.112500000000001
Tim Boyle,QB,2022,nflreadpy,2.0,8.0,33.0,0.0,2.0,2.0,-2.0,0.0,0,0,0,0,0,101,32,2,-5.456478976833634,-37.26350553333759,0.32673267326732675,1.0,25.0,33.0,-3.375,-3.375
Tim Boyle,QB,2023,nflreadpy,48.0,77.0,360.0,1.0,4.0,4.0,5.0,0.0,0,9,-64,1,0,477,190,16,-30.987578107018386,-8.510645553863869,0.7023375452274535,3.0,62.33766233766234,120.0,7.5,2.5
Tim Boyle,QB,2024,nflreadpy,27.0,50.0,276.0,1.0,1.0,3.0,9.0,0.0,0,2,-11,0,0,313,151,11,-14.487911420525052,-8.026658623785407,0.900550109363059,3.0,54.0,92.0,11.8,3.9333333333333336
Tim Carpenter,QB,2024,college_data,4.0,8.0,46.0,2.0,0.0,11.0,86.0,0.0,0,0,0,0,0,0,0,0,0.0,,,,50.0,,21.75,
Timmy McClain,QB,2024,college_data,14.0,21.0,163.0,3.0,0.0,19.0,39.0,1.0,0,0,0,0,0,0,0,0,0.0,,,,66.66666666666666,,31.975,
Timmy McClain,QB,2025,college_data,81.0,111.0,857.0,3.0,2.0,40.0,97.0,3.0,0,0,0,0,0,0,0,0,0.0,,,,72.97297297297297,,63.125,
Tom Brady,QB,2018,nflreadpy,460.0,695.0,5308.0,31.0,14.0,28.0,31.0,2.0,0,22,-156,5,2,5324,2615,255,115.46292409501129,0.06949669807507615,1.0847476866631423,19.0,66.18705035971223,279.36842105263156,301.8,15.88421052631579
Tom Brady,QB,2019,nflreadpy,393.0,650.0,4266.0,24.0,9.0,26.0,34.0,3.0,0,27,-185,2,1,4942,1997,204,28.486658345768994,-2.6656730283164514,0.9043834156282976,17.0,60.46153846153847,250.94117647058823,252.05,14.826470588235296
Tom Brady,QB,2020,nflreadpy,482.0,748.0,5694.0,50.0,15.0,43.0,3.0,4.0,0,27,-180,1,0,6903,2256,288,172.656931725399,2.7263728376389,0.8373739693655923,20.0,64.43850267379679,284.7,436.65,21.8325
Tom Brady,QB,2021,nflreadpy,544.0,810.0,5916.0,46.0,13.0,29.0,81.0,2.0,0,29,-193,4,3,6400,2851,297,139.03876664654877,1.5336332175589071,0.9692922536280743,19.0,67.1604938271605,311.36842105263156,412.0,21.68421052631579
Tom Brady,QB,2022,nflreadpy,525.0,799.0,5045.0,27.0,10.0,29.0,-1.0,1.0,0,24,-177,3,2,5387,2484,257,56.64548264528233,0.21803716357976752,0.9613582257486782,18.0,65.70713391739675,280.27777777777777,270.025,15.001388888888888
Tommy Brown,QB,2024,college_data,0.0,1.0,0.0,0.0,0.0,0.0,0.0,0.0,0,0,0,0,0,0,0,0,0.0,,,,0.0,,0.0,
Tommy DeVito,QB,2023,nflreadpy,114.0,178.0,1101.0,8.0,3.0,36.0,195.0,1.0,0,37,-196,0,0,1149,583,46,-49.32223220494569,-3.2013157096697165,1.0979524221685903,9.0,64.04494382022472,122.33333333333333,95.025,10.558333333333334
Tommy DeVito,QB,2024,nflreadpy,31.0,44.0,257.0,0.0,0.0,8.0,32.0,0.0,0,6,-31,0,0,263,119,15,-8.008932490309235,6.065483982193059,1.0185363505055367,2.0,70.45454545454545,128.5,9.625,4.8125
Tommy DeVito,QB,2026,nflreadpy,3.0,5.0,30.0,0.0,0.0,1.0,2.0,0.0,0,0,0,0,0,64,15,2,-0.5362695390358567,3.0441194772720337,0.46875,1.0,60.0,30.0,0.95,0.95
Tommy Lock,QB,2025,college_data,0.0,1.0,0.0,0.0,0.0,0.0,0.0,0.0,0,0,0,0,0,0,0,0,0.0,,,,0.0,,0.0,
Tommy Mellott,QB,2024,college_data,204.0,301.0,2783.0,31.0,2.0,121.0,1037.0,15.0,0,0,0,0,0,0,0,0,0.0,,,,67.77408637873754,,445.275,
Tommy Rittenhouse,QB,2024,college_data,256.0,385.0,2819.0,17.0,6.0,78.0,480.0,8.0,0,0,0,0,0,0,0,0,0.0,,,,66.49350649350649,,256.475,
Tommy Rittenhouse,QB,2025,college_data,334.0,516.0,3568.0,40.0,12.0,107.0,428.0,7.0,0,0,0,0,0,0,0,0,0.0,,,,64.72868217054264,,390.0,
Tommy Schuster,QB,2024,college_data,20.0,29.0,202.0,0.0,0.0,8.0,-51.0,1.0,0,0,0,0,0,0,0,0,0.0,,,,68.96551724137932,,5.95,
Tommy Ulatowski,QB,2024,college_data,81.0,175.0,1342.0,15.0,8.0,62.0,-22.0,1.0,0,0,0,0,0,0,0,0,0.0,,,,46.285714285714285,,111.35000000000001,
Tommy Ulatowski,QB,2025,college_data,3.0,5.0,9.0,0.0,0.0,1.0,1.0,0.0,0,0,0,0,0,0,0,0,0.0,,,,60.0,,0.325,
Tony Muskett,QB,2024,college_data,45.0,76.0,545.0,3.0,3.0,27.0,98.0,4.0,0,0,0,0,0,0,0,0,0.0,,,,59.210526315789465,,59.425,
Trace Campbell,QB,2024,college_data,0.0,1.0,0.0,0.0,0.0,5.0,28.0,0.0,0,0,0,0,0,0,0,0,0.0,,,,0.0,,2.8000000000000003,
Trace McSorley,QB,2020,nflreadpy,3.0,10.0,90.0,1.0,0.0,5.0,17.0,0.0,0,0,0,0,0,89,53,2,2.1845523178344592,-33.18268160025279,0.8911764705882352,2.0,30.0,45.0,9.95,4.975
Trace McSorley,QB,2022,nflreadpy,45.0,83.0,412.0,0.0,5.0,15.0,61.0,0.0,0,3,-27,1,1,644,207,17,-37.3351795077863,-10.561218887821353,0.6465999555375823,5.0,54.21686746987952,82.4,4.400000000000002,0.8800000000000004
Tramell Jones Jr.,QB,2025,college_data,21.0,35.0,191.0,2.0,0.0,8.0,10.0,0.0,0,0,0,0,0,0,0,0,0.0,,,,60.0,,17.775,
Tre Lawrence,QB,2024,college_data,26.0,48.0,257.0,2.0,3.0,12.0,12.0,0.0,0,0,0,0,0,0,0,0,0.0,,,,54.166666666666664,,13.625,
Trent Pearman,QB,2024,college_data,2.0,5.0,8.0,0.0,1.0,3.0,16.0,0.0,0,0,0,0,0,0,0,0,0.0,,,,40.0,,-0.19999999999999996,
Trent Pearman,QB,2025,college_data,2.0,5.0,35.0,0.0,0.0,2.0,1.0,0.0,0,0,0,0,0,0,0,0,0.0,,,,40.0,,0.975,
Trenton Bourguet,QB,2024,college_data,2.0,3.0,71.0,1.0,0.0,0.0,0.0,0.0,0,0,0,0,0,0,0,0,0.0,,,,66.66666666666666,,7.775,
Trever Jackson,QB,2025,college_data,0.0,1.0,0.0,0.0,0.0,0.0,0.0,0.0,0,0,0,0,0,0,0,0,0.0,,,,0.0,,0.0,
Trevor Lawrence,QB,2021,nflreadpy,359.0,602.0,3641.0,12.0,17.0,73.0,334.0,2.0,0,32,-238,6,5,4738,1634,177,-60.74785959799543,-4.281166818345793,0.822605312068349,17.0,59.63455149501661,214.1764705882353,164.425,9.672058823529412
Trevor Lawrence,QB,2022,nflreadpy,439.0,670.0,4618.0,30.0,13.0,66.0,325.0,5.0,1,31,-211,7,5,4950,2244,235,77.94637667901009,1.1102252988113475,1.036231176081175,19.0,65.5223880597015,243.05263157894737,323.95,17.05
Trevor Lawrence,QB,2023,nflreadpy,370.0,564.0,4016.0,21.0,14.0,70.0,339.0,4.0,0,35,-224,8,5,4613,1778,179,-0.06368614373231818,1.3847897301253476,0.9210538118736662,16.0,65.60283687943263,251.0,246.3,15.39375
Trevor Lawrence,QB,2024,nflreadpy,172.0,284.0,2045.0,11.0,7.0,26.0,119.0,3.0,0,18,-140,2,1,2658,834,97,6.113572620628485,-2.045905249967971,0.840695749484531,10.0,60.56338028169014,204.5,131.025,13.102500000000001
Trevor Lawrence,QB,2025,nflreadpy,359.0,590.0,4214.0,32.0,14.0,88.0,390.0,9.0,1,42,-249,3,2,5168,1712,205,39.1510003843122,-1.4664065128060995,0.8399432621966292,18.0,60.84745762711864,234.11111111111111,360.35,20.019444444444446
Trevor Lawrence,QB,2026,nflreadpy,72.0,104.0,843.0,8.0,2.0,11.0,34.0,0.0,0,8,-46,0,0,886,314,42,31.747797987207186,10.380772024171124,1.0126425469491895,4.0,69.23076923076923,210.75,68.475,17.11875
Trevor Siemian,QB,2019,nflreadpy,3.0,6.0,3.0,0.0,0.0,0.0,0.0,0.0,0,2,-17,0,0,41,11,0,-5.561112757772207,-6.651374697685242,0.07317073170731707,1.0,50.0,3.0,0.07500000000000001,0.07500000000000001
Trevor Siemian,QB,2021,nflreadpy,108.0,188.0,1154.0,11.0,3.0,9.0,20.0,1.0,0,9,-64,2,1,1329,507,61,-10.492305688234495,-4.127522829897954,0.8631373380579531,6.0,57.446808510638306,192.33333333333334,94.85,15.808333333333332
Trevor Siemian,QB,2022,nflreadpy,15.0,26.0,184.0,1.0,1.0,4.0,8.0,0.0,0,2,-14,0,0,171,116,7,-7.1543913324834385,1.9538367787996926,0.5203488372093024,2.0,57.692307692307686,92.0,9.4,4.7
Trevor Siemian,QB,2023,nflreadpy,86.0,153.0,724.0,2.0,4.0,11.0,40.0,0.0,0,8,-40,4,2,814,471,35,-54.594705236723684,-11.802561215077988,0.93986405705348,5.0,56.209150326797385,144.8,22.1,4.42
Trexler Ivey,QB,2024,college_data,34.0,59.0,326.0,3.0,2.0,4.0,3.0,0.0,0,0,0,0,0,0,0,0,0.0,,,,57.6271186440678,,22.450000000000003,
Trey Drake,QB,2025,college_data,1.0,1.0,4.0,0.0,0.0,2.0,5.0,0.0,0,0,0,0,0,0,0,0,0.0,,,,100.0,,0.6,
Trey Hedden,QB,2024,college_data,150.0,245.0,1767.0,13.0,9.0,48.0,-80.0,1.0,0,0,0,0,0,0,0,0,0.0,,,,61.224489795918366,,102.17500000000001,
Trey Hedden,QB,2025,college_data,287.0,419.0,2967.0,17.0,13.0,35.0,-176.0,1.0,0,0,0,0,0,0,0,0,0.0,,,,68.4964200477327,,138.575,
Trey Kukuk,QB,2025,college_data,67.0,106.0,644.0,3.0,4.0,98.0,609.0,5.0,0,0,0,0,0,0,0,0,0.0,,,,63.20754716981132,,117.0,
Trey Lance,QB,2021,nflreadpy,41.0,71.0,603.0,5.0,2.0,38.0,168.0,1.0,1,4,-15,0,0,658,288,27,10.68492744550112,5.1291513159751325,1.1427758981696448,6.0,57.74647887323944,100.5,65.875,10.979166666666666
Trey Lance,QB,2022,nflreadpy,15.0,31.0,194.0,0.0,1.0,16.0,67.0,0.0,0,2,-9,0,0,210,80,6,-9.725712290665726,-9.959366420904795,2.9019607843137254,2.0,48.38709677419355,97.0,9.55,4.775
Trey Lance,QB,2024,nflreadpy,25.0,41.0,266.0,0.0,1.0,11.0,41.0,0.0,0,4,-23,0,0,268,149,13,-8.364336361202223,2.6863210279532157,0.8505517503805174,4.0,60.97560975609756,66.5,8.75,2.1875
Trey Lance,QB,2025,nflreadpy,27.0,57.0,226.0,0.0,1.0,17.0,85.0,0.0,0,6,-44,1,1,535,105,10,-39.46669255959233,3.90212687484005,1.1343047236354167,4.0,47.368421052631575,56.5,10.15,2.5375
Trey Lindsey,QB,2024,college_data,14.0,28.0,128.0,1.0,0.0,12.0,72.0,1.0,0,0,0,0,0,0,0,0,0.0,,,,50.0,,22.4,
Trey Owens,QB,2024,college_data,2.0,4.0,19.0,0.0,0.0,1.0,3.0,0.0,0,0,0,0,0,0,0,0,0.0,,,,50.0,,0.7750000000000001,
Treynor Cleeland,QB,2025,college_data,2.0,4.0,26.0,0.0,0.0,0.0,0.0,0.0,0,0,0,0,0,0,0,0,0.0,,,,50.0,,0.65,
Treyson Bourguet,QB,2025,college_data,1.0,2.0,8.0,0.0,0.0,1.0,21.0,0.0,0,0,0,0,0,0,0,0,0.0,,,,50.0,,2.3000000000000003,
Trinidad Chambliss,QB,2025,college_data,294.0,445.0,3937.0,22.0,3.0,133.0,527.0,8.0,0,0,0,0,0,0,0,0,0.0,,,,66.06741573033707,,325.125,
Trip Maxwell,QB,2024,college_data,23.0,50.0,252.0,4.0,3.0,9.0,-32.0,0.0,0,0,0,0,0,0,0,0,0.0,,,,46.0,,21.1,
Tripp Holley,QB,2024,college_data,14.0,27.0,108.0,0.0,0.0,20.0,3.0,1.0,0,0,0,0,0,0,0,0,0.0,,,,51.85185185185185,,9.0,
Tristan Ti'a,QB,2025,college_data,37.0,53.0,385.0,3.0,2.0,13.0,-38.0,0.0,0,0,0,0,0,0,0,0,0.0,,,,69.81132075471697,,19.825,
Tua Tagovailoa,QB,2020,nflreadpy,186.0,290.0,1814.0,11.0,5.0,36.0,109.0,3.0,0,20,-136,1,1,2175,766,100,-14.35321187346172,2.1130319914139735,0.9032293932521529,10.0,64.13793103448275,181.4,128.25,12.825
Tua Tagovailoa,QB,2021,nflreadpy,263.0,388.0,2653.0,16.0,10.0,42.0,128.0,3.0,0,20,-152,6,1,2735,1231,137,20.961968126926603,-0.830106832979035,0.9779241800931704,13.0,67.78350515463917,204.07692307692307,171.125,13.163461538461538
Tua Tagovailoa,QB,2022,nflreadpy,259.0,400.0,3548.0,25.0,8.0,24.0,70.0,0.0,0,21,-163,4,1,3833,1274,162,96.42123342997455,0.74626254729032,0.9369266705770676,13.0,64.75,272.9230769230769,227.7,17.515384615384615
Tua Tagovailoa,QB,2023,nflreadpy,408.0,599.0,4823.0,30.0,15.0,38.0,99.0,0.0,0,31,-182,1,1,4572,2267,230,107.72952037596896,3.9408218177803653,1.209103553405601,18.0,68.11352253756262,267.94444444444446,278.475,15.470833333333335
Tua Tagovailoa,QB,2024,nflreadpy,291.0,399.0,2867.0,19.0,7.0,17.0,49.0,0.0,0,21,-154,4,2,2271,1685,161,85.83315489330296,3.9332328542616497,1.2778232349884975,11.0,72.93233082706767,260.6363636363636,172.575,15.688636363636363
Tua Tagovailoa,QB,2025,nflreadpy,260.0,384.0,2660.0,20.0,15.0,20.0,43.0,0.0,0,30,-195,1,1,2613,1417,142,14.395063419654823,1.3644719318659135,1.074746917295016,14.0,67.70833333333334,190.0,158.8,11.342857142857143
Tucker Gleason,QB,2024,college_data,233.0,385.0,2793.0,24.0,8.0,97.0,364.0,7.0,0,0,0,0,0,0,0,0,0.0,,,,60.51948051948052,,276.225,
Tucker Gleason,QB,2025,college_data,207.0,320.0,2515.0,21.0,9.0,46.0,144.0,4.0,0,0,0,0,0,0,0,0,0.0,,,,64.6875,,209.275,
Tucker Kilcrease,QB,2024,college_data,27.0,49.0,373.0,3.0,1.0,39.0,118.0,0.0,0,0,0,0,0,0,0,0,0.0,,,,55.10204081632652,,37.125,
Tucker Kilcrease,QB,2025,college_data,130.0,222.0,1537.0,9.0,6.0,116.0,126.0,5.0,0,0,0,0,0,0,0,0,0.0,,,,58.55855855855856,,123.025,
Tucker McDonald,QB,2024,college_data,3.0,5.0,20.0,0.0,0.0,3.0,9.0,0.0,0,0,0,0,0,0,0,0,0.0,,,,60.0,,1.4,
Tucker McDonald,QB,2025,college_data,1.0,3.0,45.0,0.0,0.0,0.0,0.0,0.0,0,0,0,0,0,0,0,0,0.0,,,,33.33333333333333,,1.125,
Tucker Parks,QB,2025,college_data,0.0,2.0,0.0,0.0,0.0,2.0,6.0,0.0,0,0,0,0,0,0,0,0,0.0,,,,0.0,,0.6000000000000001,
Turner Helton,QB,2025,college_data,14.0,26.0,74.0,1.0,0.0,2.0,11.0,0.0,0,0,0,0,0,0,0,0,0.0,,,,53.84615384615385,,8.95,
Ty Dieffenbach,QB,2025,college_data,92.0,162.0,1305.0,9.0,9.0,67.0,321.0,4.0,0,0,0,0,0,0,0,0,0.0,,,,56.79012345679012,,124.725,
Ty Englehart,QB,2024,college_data,22.0,42.0,328.0,3.0,2.0,21.0,70.0,1.0,0,0,0,0,0,0,0,0,0.0,,,,52.38095238095239,,35.2,
Ty Englehart,QB,2025,college_data,21.0,41.0,192.0,3.0,2.0,27.0,104.0,3.0,0,0,0,0,0,0,0,0,0.0,,,,51.21951219512195,,47.2,
Ty Hawkins,QB,2025,college_data,1.0,1.0,9.0,0.0,0.0,3.0,21.0,0.0,0,0,0,0,0,0,0,0,0.0,,,,100.0,,2.325,
Ty Pennington,QB,2024,college_data,187.0,286.0,2255.0,13.0,2.0,104.0,437.0,7.0,0,0,0,0,0,0,0,0,0.0,,,,65.38461538461539,,216.075,
Ty Pennington,QB,2025,college_data,230.0,350.0,2705.0,16.0,4.0,80.0,192.0,1.0,0,0,0,0,0,0,0,0,0.0,,,,65.71428571428571,,180.825,
Ty Simpson,QB,2024,college_data,14.0,25.0,167.0,0.0,0.0,8.0,44.0,1.0,0,0,0,0,0,0,0,0,0.0,,,,56.00000000000001,,14.575,
Ty Simpson,QB,2025,college_data,305.0,473.0,3567.0,28.0,5.0,90.0,93.0,2.0,0,0,0,0,0,0,0,0,0.0,,,,64.48202959830867,,268.475,
Ty Watkins,QB,2025,college_data,1.0,1.0,9.0,0.0,0.0,9.0,13.0,0.0,0,0,0,0,0,0,0,0,0.0,,,,100.0,,1.5250000000000001,
Tyler Bray,QB,2020,nflreadpy,1.0,5.0,18.0,0.0,0.0,0.0,0.0,0.0,0,0,0,0,0,43,13,1,-1.1256110534304753,-32.680319994688034,0.4186046511627907,1.0,20.0,18.0,0.45,0.45
Tyler Holtz,QB,2024,college_data,0.0,1.0,0.0,0.0,0.0,19.0,32.0,1.0,0,0,0,0,0,0,0,0,0.0,,,,0.0,,9.2,
Tyler Huff,QB,2024,college_data,178.0,293.0,2543.0,14.0,7.0,227.0,1344.0,15.0,0,0,0,0,0,0,0,0,0.0,,,,60.75085324232082,,357.975,
Tyler Hughes,QB,2024,college_data,12.0,23.0,132.0,0.0,2.0,17.0,189.0,3.0,0,0,0,0,0,0,0,0,0.0,,,,52.17391304347826,,36.2,
Tyler Hughes,QB,2025,college_data,204.0,308.0,2330.0,20.0,3.0,155.0,670.0,11.0,0,0,0,0,0,0,0,0,0.0,,,,66.23376623376623,,305.25,
Tyler Huntley,QB,2020,nflreadpy,9.0,18.0,75.0,0.0,0.0,13.0,55.0,0.0,0,1,-8,1,0,178,31,3,-10.061501068645157,-0.3591908189730771,0.7466827989514014,3.0,50.0,25.0,7.375,2.4583333333333335
Tyler Huntley,QB,2021,nflreadpy,122.0,188.0,1081.0,3.0,4.0,47.0,294.0,2.0,0,18,-107,3,2,1407,446,55,-30.697212040843034,-3.652369752494343,0.7513365834320385,7.0,64.8936170212766,154.42857142857142,74.42500000000001,10.632142857142858
Tyler Huntley,QB,2022,nflreadpy,92.0,141.0,884.0,4.0,4.0,52.0,191.0,1.0,1,9,-51,0,0,1021,376,42,-3.7453263161317984,1.2722144736653254,0.8903089687014737,6.0,65.24822695035462,147.33333333333334,65.2,10.866666666666667
Tyler Huntley,QB,2023,nflreadpy,21.0,37.0,203.0,3.0,0.0,15.0,55.0,0.0,0,4,-28,0,0,249,78,13,3.800454755120649,5.56778562265438,0.7441176470588236,5.0,56.75675675675676,40.6,28.575,5.715
Tyler Huntley,QB,2024,nflreadpy,86.0,133.0,829.0,3.0,3.0,26.0,135.0,2.0,0,15,-92,3,1,1036,352,45,-19.742036515060114,2.463801269674142,0.8277314352314352,5.0,64.66165413533834,165.8,56.224999999999994,11.245
Tyler Huntley,QB,2025,nflreadpy,52.0,67.0,426.0,2.0,0.0,24.0,151.0,0.0,0,8,-38,0,0,429,148,19,5.65948320099755,14.331643269950902,1.055463382808089,5.0,77.61194029850746,85.2,37.75,7.55
Tyler Huntley,QB,2026,nflreadpy,8.0,9.0,63.0,0.0,0.0,4.0,16.0,0.0,0,0,0,0,0,4,62,2,0.2477026909473352,8.448228571150038,15.75,1.0,88.88888888888889,63.0,3.1750000000000003,3.1750000000000003
Tyler Jefferson,QB,2024,college_data,27.0,58.0,286.0,0.0,1.0,43.0,233.0,1.0,0,0,0,0,0,0,0,0,0.0,,,,46.55172413793103,,34.45,
Tyler Knoop,QB,2024,college_data,182.0,263.0,2021.0,17.0,4.0,63.0,172.0,0.0,0,0,0,0,0,0,0,0,0.0,,,,69.20152091254754,,161.72500000000002,
Tyler Nelson,QB,2025,college_data,1.0,2.0,13.0,0.0,0.0,4.0,13.0,0.0,0,0,0,0,0,0,0,0,0.0,,,,50.0,,1.625,
Tyler Riddell,QB,2024,college_data,198.0,317.0,2335.0,15.0,11.0,52.0,-15.0,0.0,0,0,0,0,0,0,0,0,0.0,,,,62.46056782334385,,124.875,
Tyler Riddell,QB,2025,college_data,166.0,293.0,2011.0,25.0,7.0,54.0,139.0,3.0,0,0,0,0,0,0,0,0,0.0,,,,56.655290102389074,,218.175,
Tyler Shough,QB,2024,college_data,244.0,389.0,3195.0,23.0,6.0,42.0,19.0,1.0,0,0,0,0,0,0,0,0,0.0,,,,62.724935732647815,,213.775,
Tyler Shough,QB,2025,nflreadpy,221.0,327.0,2384.0,10.0,6.0,45.0,186.0,3.0,1,31,-195,2,1,2708,1051,107,2.059938944321194,-2.7484557376568506,0.811106359718231,11.0,67.58409785932722,216.72727272727272,144.2,13.109090909090908
Tyler Shough,QB,2026,nflreadpy,91.0,132.0,917.0,8.0,3.0,14.0,67.0,1.0,0,10,-73,3,3,1007,354,48,6.294562097558087,5.735342422356972,0.9506318555038386,3.0,68.93939393939394,305.6666666666667,71.625,23.875
Tyler Van Dyke,QB,2024,college_data,43.0,68.0,422.0,1.0,0.0,15.0,26.0,1.0,0,0,0,0,0,0,0,0,0.0,,,,63.23529411764706,,25.15,
Tyler Voss,QB,2024,college_data,1.0,2.0,5.0,0.0,0.0,0.0,0.0,0.0,0,0,0,0,0,0,0,0,0.0,,,,50.0,,0.125,
Tyler Voss,QB,2025,college_data,55.0,92.0,442.0,3.0,0.0,11.0,26.0,0.0,0,0,0,0,0,0,0,0,0.0,,,,59.78260869565217,,31.65,
Tyrese Smith,QB,2025,college_data,40.0,69.0,551.0,2.0,4.0,98.0,405.0,6.0,0,0,0,0,0,0,0,0,0.0,,,,57.971014492753625,,94.275,
Tyriq Starks,QB,2024,college_data,39.0,63.0,550.0,6.0,2.0,23.0,63.0,0.0,0,0,0,0,0,0,0,0,0.0,,,,61.904761904761905,,52.05,
Tyriq Starks,QB,2025,college_data,156.0,277.0,1638.0,8.0,10.0,128.0,157.0,4.0,0,0,0,0,0,0,0,0,0.0,,,,56.317689530685925,,108.65,
Tyrod Taylor,QB,2018,nflreadpy,42.0,85.0,473.0,2.0,2.0,16.0,125.0,1.0,0,13,-81,1,0,846,198,17,-28.325977112094122,-8.19724740900411,0.4016426550075603,4.0,49.411764705882355,118.25,38.325,9.58125
Tyrod Taylor,QB,2019,nflreadpy,4.0,6.0,33.0,1.0,0.0,10.0,7.0,0.0,0,0,0,0,0,32,19,3,3.6523738623363897,15.054237246513367,1.02,4.0,66.66666666666666,8.25,7.525,1.88125
Tyrod Taylor,QB,2020,nflreadpy,16.0,30.0,208.0,0.0,0.0,6.0,7.0,0.0,0,2,-1,0,0,335,80,10,-0.1912330587976525,-2.4686184422723176,0.6208955223880597,2.0,53.333333333333336,104.0,5.9,2.95
Tyrod Taylor,QB,2021,nflreadpy,91.0,150.0,966.0,5.0,5.0,19.0,151.0,3.0,0,13,-119,0,0,1107,491,44,-14.875614879206069,-4.032346139757959,1.0666647524667099,6.0,60.66666666666667,161.0,77.25,12.875
Tyrod Taylor,QB,2022,nflreadpy,6.0,8.0,58.0,1.0,1.0,5.0,70.0,0.0,0,3,-18,1,1,99,26,3,-3.332336910490878,2.87276009718577,0.9467592592592593,2.0,75.0,29.0,10.45,5.225
Tyrod Taylor,QB,2023,nflreadpy,116.0,180.0,1341.0,5.0,3.0,38.0,197.0,0.0,0,17,-94,2,0,1541,578,52,1.169015696653961,-0.6149158864764814,0.6960946885779897,10.0,64.44444444444444,134.1,77.225,7.722499999999999
Tyrod Taylor,QB,2024,nflreadpy,17.0,22.0,119.0,3.0,0.0,3.0,13.0,0.0,0,0,0,0,0,88,68,9,11.063086127557092,12.30355458190808,1.3087153367289193,2.0,77.27272727272727,59.5,22.275,11.1375
Tyrod Taylor,QB,2025,nflreadpy,80.0,134.0,779.0,5.0,5.0,27.0,143.0,1.0,0,14,-82,1,1,1145,331,41,-13.314910775482884,-7.356643169142863,0.670969143935074,6.0,59.70149253731343,129.83333333333334,57.775000000000006,9.629166666666668
Tysan Robbins,QB,2025,college_data,1.0,1.0,2.0,0.0,0.0,1.0,7.0,0.0,0,0,0,0,0,0,0,0,0.0,,,,100.0,,0.7500000000000001,
Tyson Bagent,QB,2023,nflreadpy,94.0,143.0,859.0,3.0,6.0,23.0,109.0,2.0,0,5,-35,2,2,814,498,48,-26.3647472920779,-1.629309379684009,1.3434307364434308,5.0,65.73426573426573,171.8,46.375,9.275
Tyson Bagent,QB,2024,nflreadpy,2.0,2.0,11.0,0.0,0.0,6.0,-7.0,0.0,0,0,0,0,0,1,10,1,0.31886750092962757,17.403337359428406,1.0,4.0,100.0,2.75,-0.42500000000000004,-0.10625000000000001
Tyson Bagent,QB,2025,nflreadpy,3.0,4.0,47.0,0.0,0.0,2.0,7.0,0.0,0,0,0,0,0,30,39,2,2.305082613544073,19.688149293263752,0.38571428571428573,2.0,75.0,23.5,1.875,0.9375
Tyson Bagent,QB,2026,nflreadpy,30.0,43.0,322.0,0.0,1.0,4.0,1.0,0.0,0,2,-17,0,0,284,145,16,5.091217660543371,7.99418120614944,1.0093896713615023,2.0,69.76744186046511,161.0,6.15,3.075
Ui Ale,QB,2024,college_data,10.0,13.0,112.0,1.0,0.0,3.0,-3.0,0.0,0,0,0,0,0,0,0,0,0.0,,,,76.92307692307693,,8.5,
Ui Ale,QB,2025,college_data,5.0,10.0,54.0,0.0,0.0,6.0,3.0,0.0,0,0,0,0,0,0,0,0,0.0,,,,50.0,,1.6500000000000001,
Van Weber,QB,2024,college_data,56.0,102.0,575.0,5.0,2.0,16.0,6.0,0.0,0,0,0,0,0,0,0,0,0.0,,,,54.90196078431373,,40.975,
Victor Gabalis,QB,2024,college_data,188.0,299.0,2823.0,23.0,9.0,39.0,57.0,1.0,0,0,0,0,0,0,0,0,0.0,,,,62.87625418060201,,202.275,
Victor Gabalis,QB,2025,college_data,187.0,316.0,2897.0,30.0,6.0,52.0,-24.0,1.0,0,0,0,0,0,0,0,0,0.0,,,,59.17721518987342,,244.02499999999998,
Vinson Berry,QB,2024,college_data,19.0,37.0,248.0,1.0,0.0,8.0,7.0,0.0,0,0,0,0,0,0,0,0,0.0,,,,51.35135135135135,,12.9,
Vinson Berry,QB,2025,college_data,28.0,55.0,310.0,4.0,2.0,11.0,-23.0,0.0,0,0,0,0,0,0,0,0,0.0,,,,50.90909090909091,,25.45,
Walker Eget,QB,2024,college_data,188.0,328.0,2504.0,13.0,10.0,29.0,99.0,0.0,0,0,0,0,0,0,0,0,0.0,,,,57.3170731707317,,130.5,
Walker Eget,QB,2025,college_data,232.0,393.0,3058.0,17.0,9.0,33.0,96.0,0.0,0,0,0,0,0,0,0,0,0.0,,,,59.03307888040712,,170.05,
Walker Harris,QB,2024,college_data,138.0,226.0,1845.0,18.0,6.0,37.0,-61.0,2.0,0,0,0,0,0,0,0,0,0.0,,,,61.06194690265486,,148.025,
Walker Harris,QB,2025,college_data,234.0,375.0,3215.0,24.0,9.0,64.0,77.0,5.0,0,0,0,0,0,0,0,0,0.0,,,,62.4,,244.075,
Walker Howard,QB,2024,college_data,0.0,2.0,0.0,0.0,0.0,0.0,0.0,0.0,0,0,0,0,0,0,0,0,0.0,,,,0.0,,0.0,
Walker Howard,QB,2025,college_data,18.0,41.0,155.0,0.0,3.0,15.0,82.0,1.0,0,0,0,0,0,0,0,0,0.0,,,,43.90243902439025,,12.075000000000003,
Walker White,QB,2024,college_data,2.0,5.0,18.0,0.0,0.0,4.0,18.0,0.0,0,0,0,0,0,0,0,0,0.0,,,,40.0,,2.25,
Warner Bush,QB,2024,college_data,4.0,9.0,49.0,1.0,0.0,3.0,15.0,0.0,0,0,0,0,0,0,0,0,0.0,,,,44.44444444444444,,8.725,
West Smith,QB,2025,college_data,3.0,6.0,24.0,0.0,0.0,0.0,0.0,0.0,0,0,0,0,0,0,0,0,0.0,,,,50.0,,0.6000000000000001,
Weston Bryan,QB,2025,college_data,7.0,9.0,84.0,3.0,0.0,31.0,111.0,3.0,0,0,0,0,0,0,0,0,0.0,,,,77.77777777777779,,49.2,
Whit Muschamp,QB,2025,college_data,2.0,3.0,40.0,0.0,0.0,1.0,8.0,0.0,0,0,0,0,0,0,0,0,0.0,,,,66.66666666666666,,1.8,
Whitt Newbauer,QB,2024,college_data,102.0,180.0,1395.0,12.0,4.0,41.0,19.0,2.0,0,0,0,0,0,0,0,0,0.0,,,,56.666666666666664,,112.775,
Whitt Newbauer,QB,2025,college_data,2.0,4.0,6.0,0.0,0.0,3.0,10.0,0.0,0,0,0,0,0,0,0,0,0.0,,,,50.0,,1.15,
Will Burns,QB,2025,college_data,23.0,32.0,252.0,1.0,1.0,49.0,380.0,4.0,0,0,0,0,0,0,0,0,0.0,,,,71.875,,72.3,
Will Crowder,QB,2024,college_data,44.0,63.0,547.0,5.0,0.0,17.0,63.0,1.0,0,0,0,0,0,0,0,0,0.0,,,,69.84126984126983,,55.975,
Will Crowder,QB,2025,college_data,115.0,196.0,1327.0,11.0,5.0,57.0,30.0,2.0,0,0,0,0,0,0,0,0,0.0,,,,58.673469387755105,,104.17500000000001,
Will Currid,QB,2025,college_data,6.0,8.0,34.0,0.0,0.0,2.0,-15.0,0.0,0,0,0,0,0,0,0,0,0.0,,,,75.0,,-0.6499999999999999,
Will Grier,QB,2019,nflreadpy,28.0,52.0,228.0,0.0,4.0,7.0,22.0,0.0,0,6,-44,0,0,491,179,12,-28.179330784515837,-25.35043551427562,0.3010788752864889,2.0,53.84615384615385,114.0,-0.09999999999999964,-0.04999999999999982
Will Hammond,QB,2024,college_data,35.0,57.0,471.0,2.0,2.0,17.0,49.0,2.0,0,0,0,0,0,0,0,0,0.0,,,,61.40350877192983,,36.675,
Will Hammond,QB,2025,college_data,68.0,108.0,668.0,7.0,3.0,43.0,299.0,5.0,0,0,0,0,0,0,0,0,0.0,,,,62.96296296296296,,112.6,
Will Howard,QB,2024,college_data,309.0,423.0,4010.0,35.0,10.0,105.0,226.0,7.0,0,0,0,0,0,0,0,0,0.0,,,,73.04964539007092,,354.85,
Will Jarvis,QB,2024,college_data,1.0,1.0,33.0,0.0,0.0,0.0,0.0,0.0,0,0,0,0,0,0,0,0,0.0,,,,100.0,,0.8250000000000001,
Will Levis,QB,2023,nflreadpy,149.0,255.0,1808.0,8.0,4.0,25.0,57.0,1.0,0,28,-185,5,2,2688,746,81,-12.833490839610919,-0.9152967482196956,0.6835391501360158,9.0,58.43137254901961,200.88888888888889,92.9,10.322222222222223
Will Levis,QB,2024,nflreadpy,190.0,301.0,2091.0,13.0,12.0,45.0,183.0,0.0,0,41,-233,5,3,2621,929,86,-65.51893214026178,-0.2726562275613233,0.9106578190712501,12.0,63.12292358803987,174.25,118.57499999999999,9.88125
Will Madonna,QB,2024,college_data,29.0,60.0,263.0,2.0,1.0,9.0,18.0,1.0,0,0,0,0,0,0,0,0,0.0,,,,48.333333333333336,,24.375,
Will Madonna,QB,2025,college_data,10.0,21.0,145.0,1.0,2.0,3.0,3.0,0.0,0,0,0,0,0,0,0,0,0.0,,,,47.61904761904761,,5.925000000000001,
Will McElvain,QB,2024,college_data,169.0,257.0,1958.0,14.0,6.0,36.0,-23.0,0.0,0,0,0,0,0,0,0,0,0.0,,,,65.75875486381322,,118.65,
Will O'Dell,QB,2025,college_data,48.0,75.0,496.0,2.0,4.0,42.0,167.0,1.0,0,0,0,0,0,0,0,0,0.0,,,,64.0,,39.1,
Will Perry,QB,2024,college_data,7.0,11.0,72.0,1.0,0.0,1.0,2.0,0.0,0,0,0,0,0,0,0,0,0.0,,,,63.63636363636363,,8.0,
Will Prichard,QB,2025,college_data,0.0,1.0,0.0,0.0,0.0,1.0,-3.0,0.0,0,0,0,0,0,0,0,0,0.0,,,,0.0,,-0.30000000000000004,
Will Rogers,QB,2024,college_data,220.0,311.0,2458.0,14.0,7.0,34.0,-79.0,0.0,0,0,0,0,0,0,0,0,0.0,,,,70.7395498392283,,123.55000000000001,
Will Wilson,QB,2025,college_data,3.0,5.0,16.0,0.0,1.0,43.0,146.0,10.0,0,0,0,0,0,0,0,0,0.0,,,,60.0,,73.0,
William Haskell,QB,2024,college_data,12.0,19.0,80.0,2.0,1.0,5.0,-7.0,1.0,0,0,0,0,0,0,0,0,0.0,,,,63.1578947368421,,17.3,
William Watson III,QB,2024,college_data,34.0,58.0,481.0,1.0,2.0,40.0,19.0,1.0,0,0,0,0,0,0,0,0,0.0,,,,58.620689655172406,,21.925,
William Watson III,QB,2025,college_data,2.0,4.0,77.0,0.0,0.0,9.0,22.0,1.0,0,0,0,0,0,0,0,0,0.0,,,,50.0,,10.125,
Winston Watkins,QB,2024,college_data,1.0,2.0,0.0,0.0,0.0,1.0,7.0,0.0,0,0,0,0,0,0,0,0,0.0,,,,50.0,,0.7000000000000001,
Winston Watkins,QB,2025,college_data,3.0,4.0,103.0,3.0,0.0,29.0,152.0,2.0,0,0,0,0,0,0,0,0,0.0,,,,75.0,,47.775000000000006,
Woods Ray,QB,2024,college_data,2.0,8.0,12.0,0.0,0.0,0.0,0.0,0.0,0,0,0,0,0,0,0,0,0.0,,,,25.0,,0.30000000000000004,
Xaiver Lankford,QB,2024,college_data,82.0,158.0,1166.0,8.0,6.0,76.0,323.0,7.0,0,0,0,0,0,0,0,0,0.0,,,,51.89873417721519,,139.45,
Xander Eschelman,QB,2025,college_data,0.0,1.0,0.0,0.0,0.0,16.0,21.0,0.0,0,0,0,0,0,0,0,0,0.0,,,,0.0,,2.1,
Xander Menapace,QB,2025,college_data,19.0,33.0,236.0,1.0,2.0,19.0,50.0,0.0,0,0,0,0,0,0,0,0,0.0,,,,57.57575757575758,,12.899999999999999,
Xavier Rice,QB,2024,college_data,0.0,3.0,0.0,0.0,0.0,0.0,0.0,0.0,0,0,0,0,0,0,0,0,0.0,,,,0.0,,0.0,
Xavier Rice,QB,2025,college_data,1.0,2.0,2.0,0.0,0.0,0.0,0.0,0.0,0,0,0,0,0,0,0,0,0.0,,,,50.0,,0.05,
Xavier Ward,QB,2024,college_data,1.0,3.0,16.0,0.0,1.0,0.0,0.0,0.0,0,0,0,0,0,0,0,0,0.0,,,,33.33333333333333,,-1.6,
Xavier Ward,QB,2025,college_data,12.0,32.0,116.0,0.0,4.0,6.0,17.0,0.0,0,0,0,0,0,0,0,0,0.0,,,,37.5,,-3.3999999999999995,
Xavier Washington,QB,2025,college_data,6.0,9.0,86.0,2.0,0.0,3.0,7.0,0.0,0,0,0,0,0,0,0,0,0.0,,,,66.66666666666666,,14.85,
Zach Calzada,QB,2024,college_data,334.0,508.0,3614.0,33.0,9.0,97.0,317.0,5.0,0,0,0,0,0,0,0,0,0.0,,,,65.74803149606299,,332.05,
Zach Calzada,QB,2025,college_data,28.0,58.0,238.0,0.0,2.0,14.0,23.0,1.0,0,0,0,0,0,0,0,0,0.0,,,,48.275862068965516,,10.25,
Zach Gibson,QB,2024,college_data,102.0,151.0,1004.0,7.0,2.0,43.0,53.0,1.0,0,0,0,0,0,0,0,0,0.0,,,,67.54966887417218,,74.4,
Zach Gibson,QB,2025,college_data,31.0,53.0,323.0,3.0,3.0,2.0,3.0,0.0,0,0,0,0,0,0,0,0,0.0,,,,58.490566037735846,,20.375,
Zach Marker,QB,2024,college_data,74.0,134.0,1011.0,10.0,0.0,28.0,22.0,1.0,0,0,0,0,0,0,0,0,0.0,,,,55.223880597014926,,93.475,
Zach Marker,QB,2025,college_data,3.0,8.0,21.0,0.0,0.0,2.0,12.0,0.0,0,0,0,0,0,0,0,0,0.0,,,,37.5,,1.725,
Zach Osborne,QB,2024,college_data,5.0,7.0,8.0,0.0,1.0,20.0,119.0,1.0,0,0,0,0,0,0,0,0,0.0,,,,71.42857142857143,,16.1,
Zach Osborne,QB,2025,college_data,69.0,118.0,1088.0,9.0,3.0,61.0,276.0,3.0,0,0,0,0,0,0,0,0,0.0,,,,58.47457627118644,,120.80000000000001,
Zach Pyron,QB,2024,college_data,35.0,65.0,409.0,2.0,3.0,36.0,115.0,4.0,0,0,0,0,0,0,0,0,0.0,,,,53.84615384615385,,51.725,
Zach Tanner,QB,2024,college_data,22.0,38.0,347.0,3.0,1.0,20.0,41.0,0.0,0,0,0,0,0,0,0,0,0.0,,,,57.89473684210527,,28.775000000000002,
Zach Tanner,QB,2025,college_data,84.0,166.0,1069.0,11.0,2.0,27.0,-29.0,0.0,0,0,0,0,0,0,0,0,0.0,,,,50.602409638554214,,85.825,
Zach Wilcke,QB,2025,college_data,33.0,51.0,296.0,2.0,3.0,19.0,52.0,1.0,0,0,0,0,0,0,0,0,0.0,,,,64.70588235294117,,24.6,
Zach Wilson,QB,2021,nflreadpy,213.0,383.0,2334.0,9.0,11.0,29.0,185.0,4.0,1,44,-370,4,1,2885,1099,112,-95.57318635706599,-9.820057303152492,0.896500596411397,13.0,55.61357702349869,179.53846153846155,132.85,10.21923076923077
Zach Wilson,QB,2022,nflreadpy,132.0,242.0,1688.0,6.0,7.0,28.0,102.0,1.0,0,23,-175,1,1,2189,810,73,-36.21105495186014,-6.2267367184348865,0.8001155454395052,9.0,54.54545454545454,187.55555555555554,78.4,8.711111111111112
Zach Wilson,QB,2023,nflreadpy,221.0,368.0,2271.0,8.0,7.0,36.0,211.0,0.0,1,46,-340,7,4,2672,1113,104,-101.19415159158767,-4.41064276402691,0.913842236578022,12.0,60.05434782608695,189.25,105.875,8.822916666666666
Zach Wilson,QB,2025,nflreadpy,6.0,11.0,32.0,0.0,0.0,3.0,1.0,0.0,0,0,0,0,0,61,23,3,-6.621344425424468,-13.730032617847124,0.1568627450980392,4.0,54.54545454545454,8.0,0.9,0.225
Zane Flores,QB,2025,college_data,155.0,262.0,1454.0,3.0,7.0,52.0,117.0,2.0,0,0,0,0,0,0,0,0,0.0,,,,59.16030534351145,,64.05000000000001,
Zeon Chriss,QB,2024,college_data,83.0,130.0,824.0,4.0,8.0,113.0,381.0,4.0,0,0,0,0,0,0,0,0,0.0,,,,63.84615384615384,,90.7,
Zeon Chriss,QB,2025,college_data,10.0,21.0,108.0,1.0,1.0,12.0,79.0,0.0,0,0,0,0,0,0,0,0,0.0,,,,47.61904761904761,,14.600000000000001,
Zevi Eckhaus,QB,2024,college_data,37.0,50.0,424.0,4.0,2.0,11.0,28.0,1.0,0,0,0,0,0,0,0,0,0.0,,,,74.0,,39.400000000000006,
Zevi Eckhaus,QB,2025,college_data,192.0,306.0,2092.0,15.0,12.0,114.0,371.0,8.0,0,0,0,0,0,0,0,0,0.0,,,,62.745098039215684,,203.4,
Zion Turner,QB,2024,college_data,0.0,1.0,0.0,0.0,0.0,1.0,3.0,0.0,0,0,0,0,0,0,0,0,0.0,,,,0.0,,0.30000000000000004,
Zion Turner,QB,2025,college_data,40.0,59.0,409.0,1.0,1.0,21.0,135.0,1.0,0,0,0,0,0,0,0,0,0.0,,,,67.79661016949152,,33.725,
Zolten Osbourne,QB,2024,college_data,10.0,19.0,81.0,0.0,2.0,3.0,-34.0,0.0,0,0,0,0,0,0,0,0,0.0,,,,52.63157894736842,,-5.375,
Zolten Osbourne,QB,2025,college_data,167.0,305.0,2229.0,12.0,6.0,45.0,-16.0,1.0,0,0,0,0,0,0,0,0,0.0,,,,54.75409836065573,,120.125,
Zy McDonald,QB,2024,college_data,7.0,12.0,104.0,2.0,1.0,16.0,161.0,2.0,0,0,0,0,0,0,0,0,0.0,,,,58.333333333333336,,40.7,
