player,position,season,data_source,carries,rushing_yards,rushing_tds,rushing_fumbles,rushing_fumbles_lost,rushing_first_downs,rushing_epa,rushing_2pt_conversions,receptions,targets,receiving_yards,receiving_tds,receiving_fumbles,receiving_fumbles_lost,receiving_air_yards,receiving_yards_after_catch,receiving_first_downs,receiving_epa,receiving_2pt_conversions,racr,target_share,air_yards_share,total_games_played,rush_yards_per_carry,rush_yards_per_game,rec_yards_per_catch,rec_yards_per_game
A'Marion Peterson,RB,2024,college_data,16.0,65.0,1.0,0,0,0,,0,2.0,0,13.0,0.0,0,0,0,0,0,,0,,,,,4.0625,,6.5,
A'Marion Peterson,RB,2025,college_data,49.0,177.0,3.0,0,0,0,,0,2.0,0,7.0,0.0,0,0,0,0,0,,0,,,,,3.6122448979591835,,3.5,
A.J. Gates,RB,2024,college_data,37.0,160.0,0.0,0,0,0,,0,8.0,0,96.0,0.0,0,0,0,0,0,,0,,,,,4.324324324324325,,12.0,
A.J. Turner,RB,2024,college_data,104.0,864.0,6.0,0,0,0,,0,8.0,0,68.0,2.0,0,0,0,0,0,,0,,,,,8.307692307692308,,8.5,
AJ Dillon,RB,2020,nflreadpy,55.0,286.0,2.0,11,11,11,0.8948221789112061,11,3.0,11,34.0,0.0,11,11,11,11,11,0.8450443616020493,11,7.916666666666667,1.0,1.0,11.0,5.2,26.0,11.333333333333334,3.090909090909091
AJ Dillon,RB,2021,nflreadpy,194.0,828.0,6.0,13,13,28,0.3702744109290911,13,34.0,21,313.0,2.0,13,13,26,60,16,1.2164985216991877,13,-7.311826268969126,0.734471853257432,0.7246692368582833,18.0,4.268041237113402,46.0,9.205882352941176,17.38888888888889
AJ Dillon,RB,2022,nflreadpy,186.0,770.0,7.0,0,0,47,0.13409812182367853,0,28.0,43,206.0,0.0,1,0,17,203,9,-0.4164401114756289,0,0.6605442176870747,0.0788219804098609,0.003006977191612409,17.0,4.139784946236559,45.294117647058826,7.357142857142857,12.117647058823529
AJ Dillon,RB,2023,nflreadpy,178.0,613.0,2.0,0,0,32,-1.5664184030583073,0,22.0,28,223.0,0.0,0,0,1,231,10,0.4816692780611144,0,-3.359424603174603,0.05575791136039882,-0.001814609452383732,15.0,3.443820224719101,40.86666666666667,10.136363636363637,14.866666666666667
AJ Dillon,RB,2025,nflreadpy,12.0,60.0,0.0,0,0,4,-0.03449873432982713,0,3.0,3,21.0,0.0,1,1,12,9,0,-2.0921333931037225,0,1.5,0.015318627450980393,0.006052318471758601,6.0,5.0,10.0,7.0,3.5
AJ Dillon,RB,2026,nflreadpy,12.0,41.0,0.0,0,0,2,-1.7318095220252872,0,1.0,1,-2.0,0.0,0,0,-7,5,0,-1.1228350129676983,0,0.2857142857142857,0.007936507936507936,-0.00526711813393529,3.0,3.4166666666666665,13.666666666666666,-2.0,-0.6666666666666666
AJ Newberry,RB,2024,college_data,41.0,185.0,3.0,0,0,0,,0,7.0,0,134.0,2.0,0,0,0,0,0,,0,,,,,4.512195121951219,,19.142857142857142,
AJ Newberry,RB,2025,college_data,18.0,57.0,3.0,0,0,0,,0,2.0,0,18.0,0.0,0,0,0,0,0,,0,,,,,3.1666666666666665,,9.0,
AK Dear,RB,2025,college_data,19.0,140.0,3.0,0,0,0,,0,3.0,0,18.0,0.0,0,0,0,0,0,,0,,,,,7.368421052631579,,6.0,
Aaron Crossley,RB,2024,college_data,30.0,208.0,1.0,0,0,0,,0,1.0,0,9.0,0.0,0,0,0,0,0,,0,,,,,6.933333333333334,,9.0,
Aaron Crossley,RB,2025,college_data,45.0,129.0,3.0,0,0,0,,0,2.0,0,36.0,0.0,0,0,0,0,0,,0,,,,,2.8666666666666667,,18.0,
Aaron Jones,RB,2018,nflreadpy,133.0,728.0,8.0,1,1,41,0.5429701164061221,0,26.0,35,206.0,1.0,0,0,9,221,12,0.292001621494278,0,-1.5853994490358128,0.08863976835658333,0.0017297298960011077,12.0,5.473684210526316,60.666666666666664,7.923076923076923,17.166666666666668
Aaron Jones,RB,2019,nflreadpy,269.0,1202.0,19.0,5,4,53,-0.08131940886151925,3,55.0,65,505.0,4.0,4,4,134,400,19,0.6198950388600372,3,-0.954370930091273,0.271377115471029,0.19495071883116794,18.0,4.4684014869888475,66.77777777777777,9.181818181818182,28.055555555555557
Aaron Jones,RB,2020,nflreadpy,221.0,1230.0,10.0,16,16,16,1.0445272354127229,16,52.0,16,376.0,2.0,16,16,16,16,16,-0.18381766000806288,16,1.7341182113830949,1.0,1.0,16.0,5.5656108597285066,76.875,7.230769230769231,23.5
Aaron Jones,RB,2021,nflreadpy,183.0,840.0,4.0,12,12,23,0.0742262993784453,12,61.0,36,520.0,6.0,12,12,34,182,18,0.7982375929386956,12,-1.7685132575757576,0.7971383894059416,0.7557729892463337,16.0,4.590163934426229,52.5,8.524590163934427,32.5
Aaron Jones,RB,2022,nflreadpy,213.0,1121.0,2.0,3,1,54,0.7108822426542996,0,59.0,72,395.0,5.0,2,2,-16,477,19,-0.13307491560812656,1,0.0859240948250236,0.13649019153804412,0.00031077350336824035,17.0,5.262910798122066,65.94117647058823,6.694915254237288,23.235294117647058
Aaron Jones,RB,2023,nflreadpy,181.0,882.0,5.0,1,1,48,0.8194812334684405,0,34.0,50,254.0,1.0,1,0,-57,297,14,0.5202270149642391,1,-1.5813576208737499,0.12189308763909859,-0.019354927925489214,13.0,4.87292817679558,67.84615384615384,7.470588235294118,19.53846153846154
Aaron Jones,RB,2024,nflreadpy,268.0,1186.0,5.0,3,1,50,-0.9146236982782483,0,54.0,68,420.0,2.0,2,2,30,429,20,0.052094733275170696,0,-0.6209049743374686,0.12329831946907288,0.003634476191023861,18.0,4.425373134328358,65.88888888888889,7.777777777777778,23.333333333333332
Aaron Jones,RB,2025,nflreadpy,132.0,548.0,2.0,0,0,28,-0.19789335485905024,0,28.0,41,199.0,1.0,1,1,-25,227,9,-0.6292276120418748,0,1.0357142857142856,0.1413775793336394,-0.012545499552659553,12.0,4.151515151515151,45.666666666666664,7.107142857142857,16.583333333333332
Aaron Jones,RB,2026,nflreadpy,52.0,203.0,1.0,0,0,9,-1.597717264630641,0,5.0,7,34.0,0.0,0,0,-7,42,1,-1.0572705174214378,0,-1.5454545454545454,0.09449275362318839,-0.0069745069745069735,3.0,3.9038461538461537,67.66666666666667,6.8,11.333333333333334
Aaron Young,RB,2024,college_data,172.0,887.0,8.0,0,0,0,,0,9.0,0,71.0,0.0,0,0,0,0,0,,0,,,,,5.156976744186046,,7.888888888888889,
Abu Sama III,RB,2024,college_data,124.0,587.0,2.0,0,0,0,,0,8.0,0,58.0,0.0,0,0,0,0,0,,0,,,,,4.733870967741935,,7.25,
Abu Sama III,RB,2025,college_data,141.0,732.0,5.0,0,0,0,,0,5.0,0,19.0,0.0,0,0,0,0,0,,0,,,,,5.191489361702128,,3.8,
Adam Criter,RB,2025,college_data,180.0,927.0,12.0,0,0,0,,0,23.0,0,136.0,0.0,0,0,0,0,0,,0,,,,,5.15,,5.913043478260869,
Adam Jones,RB,2024,college_data,175.0,1085.0,13.0,0,0,0,,0,21.0,0,234.0,1.0,0,0,0,0,0,,0,,,,,6.2,,11.142857142857142,
Adam Jones,RB,2025,college_data,173.0,1093.0,15.0,0,0,0,,0,35.0,0,301.0,2.0,0,0,0,0,0,,0,,,,,6.317919075144508,,8.6,
Adam Mohammed,RB,2024,college_data,42.0,193.0,0.0,0,0,0,,0,6.0,0,41.0,0.0,0,0,0,0,0,,0,,,,,4.595238095238095,,6.833333333333333,
Adam Mohammed,RB,2025,college_data,106.0,523.0,5.0,0,0,0,,0,17.0,0,138.0,0.0,0,0,0,0,0,,0,,,,,4.933962264150943,,8.117647058823529,
Adam Randall,RB,2024,college_data,4.0,44.0,0.0,0,0,0,,0,16.0,0,155.0,2.0,0,0,0,0,0,,0,,,,,11.0,,9.6875,
Adam Randall,RB,2025,college_data,168.0,814.0,10.0,0,0,0,,0,36.0,0,254.0,3.0,0,0,0,0,0,,0,,,,,4.845238095238095,,7.055555555555555,
Adrian Cormier,RB,2024,college_data,84.0,368.0,0.0,0,0,0,,0,16.0,0,101.0,0.0,0,0,0,0,0,,0,,,,,4.380952380952381,,6.3125,
Adrian Killins Jr.,RB,2020,nflreadpy,1.0,-12.0,0.0,1,1,1,-1.7750083119608462,1,1.0,1,2.0,0.0,1,1,1,1,1,-0.26891346205957234,1,-0.5,1.0,1.0,1.0,-12.0,-12.0,2.0,2.0
Adrian Peterson,RB,2018,nflreadpy,251.0,1042.0,7.0,2,1,47,-1.51661200776735,0,20.0,26,208.0,1.0,1,1,9,201,9,0.22320182256225962,0,3.952876984126984,0.05291881179894304,0.003727960788427007,16.0,4.151394422310757,65.125,10.4,13.0
Adrian Peterson,RB,2019,nflreadpy,211.0,898.0,5.0,2,1,41,-1.705516412149882,0,17.0,23,142.0,0.0,1,1,-43,161,7,-0.10638452100702776,0,1.0933333333333333,0.05117392694978902,-0.013077441867865266,15.0,4.2559241706161135,59.86666666666667,8.352941176470589,9.466666666666667
Adrian Peterson,RB,2020,nflreadpy,156.0,604.0,7.0,16,16,16,-0.7585111139213476,16,12.0,16,101.0,0.0,16,16,16,16,16,0.1565985981830057,16,1.011111111111111,1.0,1.0,16.0,3.871794871794872,37.75,8.416666666666666,6.3125
Adrian Peterson,RB,2021,nflreadpy,38.0,98.0,2.0,4,4,4,-2.466156442897045,4,4.0,4,8.0,0.0,4,4,4,4,4,-0.42588165949564427,4,-1.6944444444444444,1.0,1.0,4.0,2.5789473684210527,24.5,2.0,2.0
Agyeman Addae,RB,2025,college_data,12.0,50.0,0.0,0,0,0,,0,7.0,0,70.0,1.0,0,0,0,0,0,,0,,,,,4.166666666666667,,10.0,
Ahmad Hardy,RB,2024,college_data,237.0,1352.0,13.0,0,0,0,,0,8.0,0,72.0,0.0,0,0,0,0,0,,0,,,,,5.70464135021097,,9.0,
Ahmad Hardy,RB,2025,college_data,256.0,1649.0,16.0,0,0,0,,0,6.0,0,22.0,0.0,0,0,0,0,0,,0,,,,,6.44140625,,3.6666666666666665,
Ahmad Miller,RB,2024,college_data,18.0,95.0,2.0,0,0,0,,0,3.0,0,25.0,0.0,0,0,0,0,0,,0,,,,,5.277777777777778,,8.333333333333334,
Ahmad Miller,RB,2025,college_data,163.0,1035.0,5.0,0,0,0,,0,5.0,0,26.0,0.0,0,0,0,0,0,,0,,,,,6.3496932515337425,,5.2,
Ahmani Marshall,RB,2024,college_data,149.0,713.0,7.0,0,0,0,,0,11.0,0,71.0,0.0,0,0,0,0,0,,0,,,,,4.785234899328859,,6.454545454545454,
Ahmonte Watkins,RB,2024,college_data,16.0,66.0,0.0,0,0,0,,0,2.0,0,69.0,1.0,0,0,0,0,0,,0,,,,,4.125,,34.5,
Aidan Garrett,RB,2025,college_data,33.0,153.0,2.0,0,0,0,,0,2.0,0,24.0,0.0,0,0,0,0,0,,0,,,,,4.636363636363637,,12.0,
Aidan Laughery,RB,2024,college_data,97.0,589.0,4.0,0,0,0,,0,9.0,0,32.0,0.0,0,0,0,0,0,,0,,,,,6.072164948453608,,3.5555555555555554,
Aidan Laughery,RB,2025,college_data,75.0,382.0,3.0,0,0,0,,0,9.0,0,54.0,0.0,0,0,0,0,0,,0,,,,,5.093333333333334,,6.0,
Aidan Littles,RB,2024,college_data,63.0,389.0,3.0,0,0,0,,0,9.0,0,87.0,0.0,0,0,0,0,0,,0,,,,,6.174603174603175,,9.666666666666666,
Aidan Littles,RB,2025,college_data,47.0,245.0,4.0,0,0,0,,0,14.0,0,101.0,3.0,0,0,0,0,0,,0,,,,,5.212765957446808,,7.214285714285714,
Aiden Calvert,RB,2024,college_data,18.0,91.0,2.0,0,0,0,,0,1.0,0,21.0,0.0,0,0,0,0,0,,0,,,,,5.055555555555555,,21.0,
Aiden Flora,RB,2024,college_data,11.0,53.0,1.0,0,0,0,,0,1.0,0,6.0,0.0,0,0,0,0,0,,0,,,,,4.818181818181818,,6.0,
Aiden Flora,RB,2025,college_data,4.0,58.0,1.0,0,0,0,,0,2.0,0,25.0,0.0,0,0,0,0,0,,0,,,,,14.5,,12.5,
Aiden Ramos,RB,2024,college_data,101.0,387.0,2.0,0,0,0,,0,19.0,0,145.0,0.0,0,0,0,0,0,,0,,,,,3.8316831683168315,,7.631578947368421,
Ajay Allen,RB,2024,college_data,24.0,183.0,2.0,0,0,0,,0,2.0,0,23.0,0.0,0,0,0,0,0,,0,,,,,7.625,,11.5,
Ajay Allen,RB,2025,college_data,97.0,497.0,5.0,0,0,0,,0,10.0,0,98.0,0.0,0,0,0,0,0,,0,,,,,5.123711340206185,,9.8,
Al Wooten II,RB,2025,college_data,120.0,427.0,4.0,0,0,0,,0,12.0,0,105.0,1.0,0,0,0,0,0,,0,,,,,3.558333333333333,,8.75,
Al-Jay Henderson,RB,2024,college_data,204.0,1078.0,9.0,0,0,0,,0,19.0,0,238.0,1.0,0,0,0,0,0,,0,,,,,5.284313725490196,,12.526315789473685,
Al-Jay Henderson,RB,2025,college_data,182.0,755.0,6.0,0,0,0,,0,25.0,0,181.0,1.0,0,0,0,0,0,,0,,,,,4.148351648351649,,7.24,
Alex Armah,RB,2018,nflreadpy,9.0,15.0,2.0,0,0,3,0.16292364468245069,0,1.0,1,5.0,0.0,0,0,0,5,0,0.05999423435423523,0,0.0,0.003703703703703704,0.0,9.0,1.6666666666666667,1.6666666666666667,5.0,0.5555555555555556
Alex Armah,RB,2019,nflreadpy,6.0,11.0,1.0,0,0,1,-0.3620457459241152,0,2.0,2,6.0,0.0,0,0,-1,7,0,-0.31621881294995546,0,0.41666666666666663,0.009464285714285713,-0.00024224806201550387,8.0,1.8333333333333333,1.375,3.0,0.75
Alex Armah,RB,2020,nflreadpy,6.0,9.0,0.0,12,12,12,-0.12701963811996392,12,5.0,12,18.0,0.0,12,12,12,12,12,-1.249949225813907,12,1.4666666666666668,1.0,1.0,12.0,1.5,0.75,3.6,1.5
Alex Armah,RB,2021,nflreadpy,5.0,21.0,0.0,7,7,7,0.11811770289205015,7,1.0,7,1.0,1.0,7,7,7,7,7,1.315868472243892,7,0.0,0.7777777777777778,0.7777777777777778,9.0,4.2,2.3333333333333335,1.0,0.1111111111111111
Alex Collins,RB,2018,nflreadpy,114.0,411.0,7.0,3,3,22,-2.0044759691663785,0,15.0,21,105.0,1.0,0,0,27,97,6,-0.006418127886718139,0,2.7046130952380953,0.048352700222114325,0.006461007333712694,10.0,3.6052631578947367,41.1,7.0,10.5
Alex Collins,RB,2020,nflreadpy,18.0,77.0,2.0,3,3,3,0.6569833251123782,3,1.0,3,4.0,0.0,3,3,3,3,3,-1.0763212831225246,3,0.36363636363636365,1.0,1.0,3.0,4.277777777777778,25.666666666666668,4.0,1.3333333333333333
Alex Collins,RB,2021,nflreadpy,108.0,411.0,2.0,11,11,11,-1.0991801641278223,11,9.0,11,87.0,0.0,11,11,11,11,11,-0.2044916493510495,11,2.2,1.0,1.0,11.0,3.8055555555555554,37.36363636363637,9.666666666666666,7.909090909090909
Alex Jreige,RB,2024,college_data,32.0,185.0,1.0,0,0,0,,0,2.0,0,7.0,1.0,0,0,0,0,0,,0,,,,,5.78125,,3.5,
Alex Jreige,RB,2025,college_data,36.0,124.0,0.0,0,0,0,,0,12.0,0,44.0,1.0,0,0,0,0,0,,0,,,,,3.4444444444444446,,3.6666666666666665,
Alex Tecza,RB,2024,college_data,123.0,556.0,8.0,0,0,0,,0,12.0,0,229.0,2.0,0,0,0,0,0,,0,,,,,4.520325203252033,,19.083333333333332,
Alex Tecza,RB,2025,college_data,158.0,902.0,10.0,0,0,0,,0,13.0,0,125.0,1.0,0,0,0,0,0,,0,,,,,5.708860759493671,,9.615384615384615,
Alexander Diggs,RB,2025,college_data,72.0,281.0,2.0,0,0,0,,0,10.0,0,49.0,0.0,0,0,0,0,0,,0,,,,,3.9027777777777777,,4.9,
Alexander Mattison,RB,2019,nflreadpy,106.0,485.0,1.0,3,3,21,-0.8622915909373357,2,11.0,14,92.0,0.0,2,2,29,76,5,0.403914886693071,2,-0.273809523809524,0.15860295063854574,0.1390667549683185,15.0,4.5754716981132075,32.333333333333336,8.363636363636363,6.133333333333334
Alexander Mattison,RB,2020,nflreadpy,96.0,434.0,2.0,13,13,13,-0.5572747089519487,13,13.0,13,125.0,1.0,13,13,13,13,13,1.3492317509905358,13,8.47008547008547,1.0,1.0,13.0,4.520833333333333,33.38461538461539,9.615384615384615,9.615384615384615
Alexander Mattison,RB,2021,nflreadpy,134.0,491.0,3.0,13,13,18,-1.7330265904475934,13,32.0,23,228.0,1.0,13,13,8,66,15,-0.19342444388287863,13,-0.8197278911564627,0.8310649935649935,0.8117231638418079,16.0,3.6641791044776117,30.6875,7.125,14.25
Alexander Mattison,RB,2022,nflreadpy,74.0,283.0,5.0,0,0,21,0.022504999444422805,0,16.0,19,93.0,1.0,0,0,-38,128,4,0.37510517312373487,0,-1.1413636363636364,0.027594305302638636,-0.007656944117896703,18.0,3.824324324324324,15.722222222222221,5.8125,5.166666666666667
Alexander Mattison,RB,2023,nflreadpy,180.0,700.0,0.0,2,2,28,-1.983809643954281,0,30.0,44,192.0,3.0,0,0,24,181,5,-0.3369452201795544,0,0.03154208754208755,0.07518205056641365,0.007047600695137102,16.0,3.888888888888889,43.75,6.4,12.0
Alexander Mattison,RB,2024,nflreadpy,132.0,420.0,4.0,1,1,25,-2.198999834214845,1,36.0,48,294.0,1.0,0,0,-4,314,13,-0.5231032345277679,0,-2.145188492063492,0.10085643693836972,-0.0033398684343164046,14.0,3.1818181818181817,30.0,8.166666666666666,21.0
Alfred Blue,RB,2018,nflreadpy,152.0,507.0,2.0,0,0,26,-1.887662616414912,0,22.0,29,165.0,0.0,0,0,74,117,4,-0.7298508284233599,0,2.8977218614718616,0.04721950123271649,0.016049667242203986,17.0,3.335526315789474,29.823529411764707,7.5,9.705882352941176
Alfred Morris,RB,2018,nflreadpy,111.0,428.0,2.0,2,1,24,-1.5744257103789208,0,8.0,13,73.0,0.0,0,0,-4,67,5,-0.32945434264339774,0,1.5476190476190474,0.033142627574445756,-0.00093723975654273,11.0,3.855855855855856,38.90909090909091,9.125,6.636363636363637
Alfred Morris,RB,2020,nflreadpy,55.0,238.0,1.0,9,9,9,0.014454165286022343,9,3.0,9,19.0,1.0,9,9,9,9,9,0.5620727466302924,9,1.75,1.0,1.0,9.0,4.327272727272727,26.444444444444443,6.333333333333333,2.111111111111111
Ali Scott,RB,2025,college_data,84.0,399.0,5.0,0,0,0,,0,15.0,0,90.0,1.0,0,0,0,0,0,,0,,,,,4.75,,6.0,
Aliou-Rocco Traore,RB,2025,college_data,42.0,125.0,1.0,0,0,0,,0,25.0,0,89.0,0.0,0,0,0,0,0,,0,,,,,2.9761904761904763,,3.56,
Almari Brown,RB,2024,college_data,24.0,69.0,0.0,0,0,0,,0,15.0,0,79.0,1.0,0,0,0,0,0,,0,,,,,2.875,,5.266666666666667,
Alton McCaskill,RB,2025,college_data,88.0,371.0,1.0,0,0,0,,0,9.0,0,66.0,1.0,0,0,0,0,0,,0,,,,,4.215909090909091,,7.333333333333333,
Alvin Kamara,RB,2018,nflreadpy,218.0,969.0,14.0,0,0,64,0.5959762289735879,3,96.0,122,840.0,4.0,0,0,210,758,37,1.43990413758664,0,1.0043449531918531,0.2076123354223626,0.03776406910224591,17.0,4.444954128440367,57.0,8.75,49.411764705882355
Alvin Kamara,RB,2019,nflreadpy,178.0,818.0,6.0,5,3,31,-1.375702347850273,2,89.0,96,567.0,1.0,3,2,30,537,29,-0.262979328049828,2,-5.350020538493629,0.3158009936143678,0.13546354883991268,15.0,4.595505617977528,54.53333333333333,6.370786516853933,37.8
Alvin Kamara,RB,2020,nflreadpy,228.0,1116.0,17.0,17,17,17,0.5579387284800096,17,88.0,17,793.0,5.0,17,17,17,17,17,0.14922361259279332,17,6.662827865033747,1.0,1.0,17.0,4.894736842105263,65.6470588235294,9.011363636363637,46.64705882352941
Alvin Kamara,RB,2021,nflreadpy,240.0,898.0,4.0,9,9,23,-3.1130639461893157,9,47.0,27,439.0,5.0,9,9,29,126,13,0.9002011513391405,9,3.0319444444444446,0.7546191007060572,0.690897779632402,13.0,3.7416666666666667,69.07692307692308,9.340425531914894,33.76923076923077
Alvin Kamara,RB,2022,nflreadpy,223.0,897.0,2.0,2,2,40,-2.7366825434418085,0,57.0,77,490.0,2.0,2,2,73,461,17,-0.22673920023489041,0,11.93172161172161,0.1793084422155311,0.015333164533377382,15.0,4.022421524663677,59.8,8.596491228070175,32.666666666666664
Alvin Kamara,RB,2023,nflreadpy,180.0,694.0,5.0,0,0,42,-0.07992462174687535,2,75.0,86,466.0,1.0,0,0,5,501,23,0.25778770116235605,1,4.974563897640821,0.18541224434704168,0.0011963561019688019,13.0,3.8555555555555556,53.38461538461539,6.213333333333333,35.84615384615385
Alvin Kamara,RB,2024,nflreadpy,228.0,950.0,6.0,0,0,52,-1.2982046139893606,0,68.0,89,543.0,2.0,1,0,79,542,18,-0.43906878191988763,0,-1.1051202702924368,0.21274499995347115,0.02246499349389838,14.0,4.166666666666667,67.85714285714286,7.985294117647059,38.785714285714285
Alvin Kamara,RB,2025,nflreadpy,131.0,471.0,1.0,1,1,21,-2.615906600166935,0,33.0,39,186.0,0.0,1,1,33,202,7,-1.0610663935351332,0,-0.7434013355065988,0.11668709818995417,0.007682760266792894,11.0,3.595419847328244,42.81818181818182,5.636363636363637,16.90909090909091
Alvin Kamara,RB,2026,nflreadpy,18.0,51.0,0.0,0,0,3,-2.5178707178565674,0,6.0,7,12.0,0.0,0,0,-7,20,0,-1.9186069014831446,0,-3.0833333333333335,0.10625,-0.015692224084054164,2.0,2.8333333333333335,25.5,2.0,6.0
Alvon Isaac,RB,2025,college_data,73.0,350.0,0.0,0,0,0,,0,12.0,0,120.0,0.0,0,0,0,0,0,,0,,,,,4.794520547945205,,10.0,
Amani Givens,RB,2024,college_data,75.0,319.0,2.0,0,0,0,,0,6.0,0,38.0,0.0,0,0,0,0,0,,0,,,,,4.253333333333333,,6.333333333333333,
Amar Johnson,RB,2024,college_data,193.0,1223.0,14.0,0,0,0,,0,30.0,0,233.0,1.0,0,0,0,0,0,,0,,,,,6.33678756476684,,7.766666666666667,
Amari Daniels,RB,2024,college_data,139.0,661.0,8.0,0,0,0,,0,7.0,0,60.0,0.0,0,0,0,0,0,,0,,,,,4.755395683453237,,8.571428571428571,
Amari Daniels,RB,2025,college_data,41.0,216.0,1.0,0,0,0,,0,2.0,0,21.0,0.0,0,0,0,0,0,,0,,,,,5.2682926829268295,,10.5,
Amauri Pesek-Hickson,RB,2024,college_data,95.0,456.0,4.0,0,0,0,,0,20.0,0,159.0,1.0,0,0,0,0,0,,0,,,,,4.8,,7.95,
Ameer Abdullah,RB,2018,nflreadpy,1.0,1.0,0.0,0,0,0,-0.4378723145928234,0,3.0,4,28.0,0.0,0,0,17,28,1,0.4167912129050819,0,2.25,0.013371646704980039,0.005146977097097879,9.0,1.0,0.1111111111111111,9.333333333333334,3.111111111111111
Ameer Abdullah,RB,2019,nflreadpy,24.0,124.0,0.0,3,3,6,-0.44929261839470935,3,16.0,20,95.0,1.0,3,3,16,68,8,-0.664077112892933,3,-0.3180555555555555,0.21006079971597214,0.17864344999904974,17.0,5.166666666666667,7.294117647058823,5.9375,5.588235294117647
Ameer Abdullah,RB,2020,nflreadpy,8.0,42.0,0.0,11,11,11,0.4748177766232402,11,8.0,11,58.0,2.0,11,11,11,11,11,0.7599872454835955,11,-1.1,1.0,1.0,11.0,5.25,3.8181818181818183,7.25,5.2727272727272725
Ameer Abdullah,RB,2021,nflreadpy,51.0,166.0,0.0,14,14,18,-0.8457047465054596,14,38.0,35,289.0,1.0,14,14,18,143,18,-0.559591627461402,14,-0.9858108884579474,0.8569474301348446,0.817461227323613,17.0,3.2549019607843137,9.764705882352942,7.605263157894737,17.0
Ameer Abdullah,RB,2022,nflreadpy,4.0,20.0,0.0,0,0,2,-0.15590463570825785,0,25.0,32,211.0,1.0,0,0,95,195,8,-0.13721949382508614,0,3.359615384615385,0.06060431143877351,0.01693180046183355,16.0,5.0,1.25,8.44,13.1875
Ameer Abdullah,RB,2023,nflreadpy,15.0,89.0,0.0,0,0,6,0.32532820727834866,0,19.0,24,131.0,0.0,0,0,46,88,4,-0.8912168348906835,0,1.1407184829059829,0.051510344052164786,0.007874932539772023,16.0,5.933333333333334,5.5625,6.894736842105263,8.1875
Ameer Abdullah,RB,2024,nflreadpy,66.0,311.0,2.0,1,1,14,-0.6317948517809634,0,40.0,47,261.0,3.0,0,0,31,252,16,0.9117602686714881,0,1.5954747816286277,0.08658564165703979,0.008415123834264704,15.0,4.712121212121212,20.733333333333334,6.525,17.4
Ameer Abdullah,RB,2025,nflreadpy,14.0,60.0,1.0,0,0,3,0.11849778561008861,0,16.0,17,99.0,0.0,0,0,-3,105,4,0.07397714753063735,0,-0.5121212121212122,0.04327541540203044,-0.001902221072198102,13.0,4.285714285714286,4.615384615384615,6.1875,7.615384615384615
Ameer Abdullah,RB,2026,nflreadpy,10.0,45.0,0.0,0,0,3,0.18934658005516525,0,2.0,3,2.0,0.0,0,0,-12,11,0,-0.5335988160028743,0,-0.1111111111111111,0.03009259259259259,-0.012232727637604218,4.0,4.5,11.25,1.0,0.5
Amin Hassan,RB,2024,college_data,14.0,46.0,0.0,0,0,0,,0,3.0,0,34.0,0.0,0,0,0,0,0,,0,,,,,3.2857142857142856,,11.333333333333334,
Amir Simmons,RB,2025,college_data,22.0,79.0,0.0,0,0,0,,0,3.0,0,90.0,0.0,0,0,0,0,0,,0,,,,,3.590909090909091,,30.0,
Anderson Castle,RB,2024,college_data,50.0,246.0,1.0,0,0,0,,0,13.0,0,88.0,0.0,0,0,0,0,0,,0,,,,,4.92,,6.769230769230769,
Anderson Castle,RB,2025,college_data,115.0,488.0,12.0,0,0,0,,0,17.0,0,111.0,0.0,0,0,0,0,0,,0,,,,,4.243478260869566,,6.529411764705882,
Andre Crews,RB,2025,college_data,99.0,462.0,2.0,0,0,0,,0,2.0,0,20.0,0.0,0,0,0,0,0,,0,,,,,4.666666666666667,,10.0,
Andre Hines,RB,2024,college_data,58.0,245.0,2.0,0,0,0,,0,1.0,0,7.0,0.0,0,0,0,0,0,,0,,,,,4.224137931034483,,7.0,
Andre Hines,RB,2025,college_data,177.0,812.0,8.0,0,0,0,,0,1.0,0,6.0,0.0,0,0,0,0,0,,0,,,,,4.5875706214689265,,6.0,
Andrew Burnette,RB,2025,college_data,94.0,486.0,9.0,0,0,0,,0,3.0,0,13.0,0.0,0,0,0,0,0,,0,,,,,5.170212765957447,,4.333333333333333,
Andrew King,RB,2024,college_data,43.0,240.0,1.0,0,0,0,,0,5.0,0,35.0,0.0,0,0,0,0,0,,0,,,,,5.5813953488372094,,7.0,
Andrew King,RB,2025,college_data,29.0,178.0,1.0,0,0,0,,0,23.0,0,175.0,3.0,0,0,0,0,0,,0,,,,,6.137931034482759,,7.608695652173913,
Andrew Paul,RB,2024,college_data,38.0,166.0,4.0,0,0,0,,0,2.0,0,-1.0,0.0,0,0,0,0,0,,0,,,,,4.368421052631579,,-0.5,
Andrew Paul,RB,2025,college_data,30.0,127.0,3.0,0,0,0,,0,2.0,0,29.0,0.0,0,0,0,0,0,,0,,,,,4.233333333333333,,14.5,
Aneyas Williams,RB,2024,college_data,34.0,219.0,2.0,0,0,0,,0,18.0,0,172.0,0.0,0,0,0,0,0,,0,,,,,6.4411764705882355,,9.555555555555555,
Aneyas Williams,RB,2025,college_data,24.0,224.0,5.0,0,0,0,,0,2.0,0,40.0,0.0,0,0,0,0,0,,0,,,,,9.333333333333334,,20.0,
Angel Johnson,RB,2024,college_data,91.0,646.0,3.0,0,0,0,,0,14.0,0,176.0,1.0,0,0,0,0,0,,0,,,,,7.0989010989010985,,12.571428571428571,
Angel Johnson,RB,2025,college_data,75.0,252.0,1.0,0,0,0,,0,7.0,0,55.0,0.0,0,0,0,0,0,,0,,,,,3.36,,7.857142857142857,
Antario Brown,RB,2024,college_data,115.0,567.0,4.0,0,0,0,,0,8.0,0,204.0,1.0,0,0,0,0,0,,0,,,,,4.930434782608696,,25.5,
Anthony Carrie,RB,2024,college_data,25.0,120.0,1.0,0,0,0,,0,4.0,0,16.0,0.0,0,0,0,0,0,,0,,,,,4.8,,4.0,
Anthony Carrie,RB,2025,college_data,103.0,469.0,5.0,0,0,0,,0,10.0,0,55.0,0.0,0,0,0,0,0,,0,,,,,4.553398058252427,,5.5,
Anthony DiNota,RB,2024,college_data,13.0,50.0,0.0,0,0,0,,0,2.0,0,16.0,0.0,0,0,0,0,0,,0,,,,,3.8461538461538463,,8.0,
Anthony Frias II,RB,2024,college_data,15.0,47.0,0.0,0,0,0,,0,2.0,0,18.0,0.0,0,0,0,0,0,,0,,,,,3.1333333333333333,,9.0,
Anthony Frias II,RB,2025,college_data,24.0,183.0,1.0,0,0,0,,0,13.0,0,78.0,1.0,0,0,0,0,0,,0,,,,,7.625,,6.0,
Anthony Hankerson,RB,2024,college_data,232.0,1082.0,15.0,0,0,0,,0,27.0,0,151.0,0.0,0,0,0,0,0,,0,,,,,4.663793103448276,,5.592592592592593,
Anthony Hankerson,RB,2025,college_data,247.0,1088.0,9.0,0,0,0,,0,22.0,0,123.0,0.0,0,0,0,0,0,,0,,,,,4.4048582995951415,,5.590909090909091,
Anthony League,RB,2025,college_data,11.0,38.0,1.0,0,0,0,,0,2.0,0,11.0,0.0,0,0,0,0,0,,0,,,,,3.4545454545454546,,5.5,
Anthony McFarland,RB,2020,nflreadpy,33.0,113.0,0.0,11,11,11,-0.46011562884615903,11,6.0,11,54.0,0.0,11,11,11,11,11,-0.27189953479683027,11,-2.351020408163265,1.0,1.0,11.0,3.4242424242424243,10.272727272727273,9.0,4.909090909090909
Anthony McFarland,RB,2021,nflreadpy,3.0,3.0,0.0,2,2,2,-1.029634848848218,2,1.0,2,11.0,0.0,2,2,2,2,2,-1.8559470546315424,2,0.0,1.0,1.0,2.0,1.0,1.5,11.0,5.5
Anthony McFarland,RB,2022,nflreadpy,6.0,30.0,0.0,0,0,3,0.7719154636724852,0,2.0,2,11.0,0.0,0,0,-4,15,1,-0.4527095224475488,0,-2.75,0.07142857142857142,-0.024539877300613498,1.0,5.0,30.0,5.5,11.0
Anthony Reagan Jr.,RB,2025,college_data,105.0,549.0,7.0,0,0,0,,0,20.0,0,166.0,1.0,0,0,0,0,0,,0,,,,,5.228571428571429,,8.3,
Anthony Tyus III,RB,2024,college_data,237.0,1215.0,9.0,0,0,0,,0,16.0,0,137.0,2.0,0,0,0,0,0,,0,,,,,5.1265822784810124,,8.5625,
Anthony Watkins,RB,2024,college_data,87.0,402.0,4.0,0,0,0,,0,13.0,0,142.0,1.0,0,0,0,0,0,,0,,,,,4.620689655172414,,10.923076923076923,
Anthony Wilhite,RB,2025,college_data,5.0,22.0,0.0,0,0,0,,0,1.0,0,22.0,0.0,0,0,0,0,0,,0,,,,,4.4,,22.0,
Anthony Williams,RB,2024,college_data,8.0,36.0,0.0,0,0,0,,0,17.0,0,142.0,2.0,0,0,0,0,0,,0,,,,,4.5,,8.352941176470589,
Anthony Williams,RB,2025,college_data,22.0,94.0,1.0,0,0,0,,0,1.0,0,5.0,0.0,0,0,0,0,0,,0,,,,,4.2727272727272725,,5.0,
Anthony Williams Jr.,RB,2024,college_data,34.0,175.0,2.0,0,0,0,,0,6.0,0,0.0,0.0,0,0,0,0,0,,0,,,,,5.147058823529412,,0.0,
Anthony Woods,RB,2025,college_data,63.0,294.0,0.0,0,0,0,,0,24.0,0,211.0,2.0,0,0,0,0,0,,0,,,,,4.666666666666667,,8.791666666666666,
Antonio Gibson,RB,2020,nflreadpy,184.0,826.0,11.0,15,15,15,0.08880758103332483,15,38.0,15,251.0,0.0,15,15,15,15,15,-0.5816529699409979,15,-2.9133403361344534,1.0,1.0,15.0,4.489130434782608,55.06666666666667,6.605263157894737,16.733333333333334
Antonio Gibson,RB,2021,nflreadpy,258.0,1037.0,7.0,13,13,23,-1.5080788734562234,13,42.0,27,294.0,3.0,13,13,35,92,16,0.08661357120436926,13,-1.5353968253968255,0.8464460784313725,0.8217983454231162,16.0,4.01937984496124,64.8125,7.0,18.375
Antonio Gibson,RB,2022,nflreadpy,149.0,546.0,3.0,1,0,32,-1.045952864712464,0,46.0,58,353.0,2.0,0,0,69,297,18,0.20239844303687493,0,-0.5502415458937198,0.12477777772136618,0.02021535725198796,15.0,3.664429530201342,36.4,7.673913043478261,23.533333333333335
Antonio Gibson,RB,2023,nflreadpy,65.0,265.0,1.0,1,1,13,-0.4490553795554054,0,48.0,59,389.0,2.0,2,1,-2,377,19,0.05414785472991657,0,2.209707125603865,0.10799525845323259,-0.0024243561423360218,16.0,4.076923076923077,16.5625,8.104166666666666,24.3125
Antonio Gibson,RB,2024,nflreadpy,120.0,538.0,1.0,2,0,24,-0.6265210382150732,0,23.0,29,206.0,0.0,0,0,53,213,11,0.1853228735367399,0,-3.1511803011803012,0.05869228049947462,0.012579749200780841,17.0,4.483333333333333,31.647058823529413,8.956521739130435,12.117647058823529
Antonio Gibson,RB,2025,nflreadpy,25.0,106.0,1.0,1,1,6,-0.9403036835487001,0,2.0,3,6.0,0.0,0,0,-6,16,0,-0.41167441685684025,0,-0.36111111111111116,0.020282953761214632,-0.009337663118791393,5.0,4.24,21.2,3.0,1.2
Antonio Harris,RB,2025,college_data,69.0,305.0,2.0,0,0,0,,0,17.0,0,137.0,0.0,0,0,0,0,0,,0,,,,,4.420289855072464,,8.058823529411764,
Antonio Martin,RB,2024,college_data,226.0,1211.0,11.0,0,0,0,,0,20.0,0,74.0,0.0,0,0,0,0,0,,0,,,,,5.3584070796460175,,3.7,
Antonio Williams,RB,2020,nflreadpy,12.0,63.0,2.0,1,1,1,2.231978423660621,1,1.0,1,20.0,0.0,1,1,1,1,1,1.4815831943997182,1,5.0,1.0,1.0,1.0,5.25,63.0,20.0,20.0
Antonio Wright,RB,2024,college_data,70.0,299.0,1.0,0,0,0,,0,10.0,0,149.0,0.0,0,0,0,0,0,,0,,,,,4.271428571428571,,14.9,
Antonio Wright,RB,2025,college_data,48.0,174.0,1.0,0,0,0,,0,6.0,0,49.0,0.0,0,0,0,0,0,,0,,,,,3.625,,8.166666666666666,
Antwain Littleton II,RB,2024,college_data,93.0,305.0,1.0,0,0,0,,0,16.0,0,134.0,1.0,0,0,0,0,0,,0,,,,,3.2795698924731185,,8.375,
Antwain Littleton II,RB,2025,college_data,241.0,1248.0,14.0,0,0,0,,0,30.0,0,165.0,2.0,0,0,0,0,0,,0,,,,,5.178423236514523,,5.5,
Antwan Raymond,RB,2024,college_data,100.0,457.0,8.0,0,0,0,,0,3.0,0,44.0,0.0,0,0,0,0,0,,0,,,,,4.57,,14.666666666666666,
Antwan Raymond,RB,2025,college_data,244.0,1241.0,13.0,0,0,0,,0,18.0,0,225.0,2.0,0,0,0,0,0,,0,,,,,5.086065573770492,,12.5,
Antwan Roberts,RB,2025,college_data,90.0,512.0,4.0,0,0,0,,0,7.0,0,58.0,0.0,0,0,0,0,0,,0,,,,,5.688888888888889,,8.285714285714286,
Anwar Lewis,RB,2024,college_data,35.0,127.0,2.0,0,0,0,,0,3.0,0,54.0,0.0,0,0,0,0,0,,0,,,,,3.6285714285714286,,18.0,
Armoni Goodwin,RB,2024,college_data,14.0,88.0,0.0,0,0,0,,0,2.0,0,23.0,1.0,0,0,0,0,0,,0,,,,,6.285714285714286,,11.5,
Armoni Goodwin,RB,2025,college_data,6.0,13.0,0.0,0,0,0,,0,5.0,0,18.0,0.0,0,0,0,0,0,,0,,,,,2.1666666666666665,,3.6,
Arnold Barnes,RB,2024,college_data,87.0,402.0,6.0,0,0,0,,0,8.0,0,19.0,1.0,0,0,0,0,0,,0,,,,,4.620689655172414,,2.375,
Arnold Barnes,RB,2025,college_data,51.0,217.0,0.0,0,0,0,,0,2.0,0,16.0,0.0,0,0,0,0,0,,0,,,,,4.254901960784314,,8.0,
Art Williams,RB,2024,college_data,66.0,360.0,2.0,0,0,0,,0,1.0,0,-6.0,0.0,0,0,0,0,0,,0,,,,,5.454545454545454,,-6.0,
Art Williams,RB,2025,college_data,60.0,291.0,2.0,0,0,0,,0,5.0,0,11.0,0.0,0,0,0,0,0,,0,,,,,4.85,,2.2,
Arthur Rodgers,RB,2024,college_data,16.0,152.0,0.0,0,0,0,,0,1.0,0,9.0,0.0,0,0,0,0,0,,0,,,,,9.5,,9.0,
Arthur Rodgers,RB,2025,college_data,90.0,444.0,6.0,0,0,0,,0,10.0,0,84.0,0.0,0,0,0,0,0,,0,,,,,4.933333333333334,,8.4,
Asa Chatman,RB,2024,college_data,6.0,36.0,0.0,0,0,0,,0,5.0,0,13.0,0.0,0,0,0,0,0,,0,,,,,6.0,,2.6,
Asa Chatman,RB,2025,college_data,121.0,536.0,5.0,0,0,0,,0,39.0,0,177.0,0.0,0,0,0,0,0,,0,,,,,4.429752066115703,,4.538461538461538,
Ashaad Clayton,RB,2024,college_data,34.0,227.0,1.0,0,0,0,,0,8.0,0,57.0,0.0,0,0,0,0,0,,0,,,,,6.676470588235294,,7.125,
Ashaad Clayton,RB,2025,college_data,12.0,88.0,2.0,0,0,0,,0,3.0,0,20.0,0.0,0,0,0,0,0,,0,,,,,7.333333333333333,,6.666666666666667,
Ashten Emory,RB,2024,college_data,6.0,23.0,0.0,0,0,0,,0,2.0,0,12.0,0.0,0,0,0,0,0,,0,,,,,3.8333333333333335,,6.0,
Ashten Emory,RB,2025,college_data,119.0,569.0,4.0,0,0,0,,0,16.0,0,103.0,2.0,0,0,0,0,0,,0,,,,,4.781512605042017,,6.4375,
Ashton Ashford,RB,2025,college_data,12.0,54.0,0.0,0,0,0,,0,1.0,0,1.0,0.0,0,0,0,0,0,,0,,,,,4.5,,1.0,
Ashton Gray,RB,2025,college_data,58.0,377.0,5.0,0,0,0,,0,1.0,0,9.0,0.0,0,0,0,0,0,,0,,,,,6.5,,9.0,
Ashton Hayes,RB,2024,college_data,3.0,19.0,0.0,0,0,0,,0,1.0,0,10.0,0.0,0,0,0,0,0,,0,,,,,6.333333333333333,,10.0,
Ashton Hayes,RB,2025,college_data,3.0,9.0,0.0,0,0,0,,0,1.0,0,1.0,0.0,0,0,0,0,0,,0,,,,,3.0,,1.0,
Ashton Jeanty,RB,2024,college_data,374.0,2601.0,29.0,0,0,0,,0,23.0,0,138.0,1.0,0,0,0,0,0,,0,,,,,6.954545454545454,,6.0,
Ashton Jeanty,RB,2025,nflreadpy,266.0,975.0,5.0,1,1,44,-3.8341786689673985,0,55.0,73,346.0,5.0,1,0,-104,452,13,-0.7422947351138569,0,-0.7855226340423709,0.147596031639186,-0.058066702008564855,17.0,3.6654135338345863,57.35294117647059,6.290909090909091,20.352941176470587
Ashton Jeanty,RB,2026,nflreadpy,63.0,206.0,0.0,0,0,9,-6.517241662093085,0,13.0,16,97.0,2.0,0,0,33,76,4,-0.29274167423617714,0,4.282051282051282,0.18275862068965518,0.04477740104244998,3.0,3.2698412698412698,68.66666666666667,7.461538461538462,32.333333333333336
Aslin Shipe,RB,2024,college_data,10.0,39.0,0.0,0,0,0,,0,10.0,0,33.0,0.0,0,0,0,0,0,,0,,,,,3.9,,3.3,
Aslin Shipe,RB,2025,college_data,67.0,270.0,1.0,0,0,0,,0,6.0,0,13.0,0.0,0,0,0,0,0,,0,,,,,4.029850746268656,,2.1666666666666665,
Athean Renfro,RB,2024,college_data,72.0,323.0,4.0,0,0,0,,0,1.0,0,-7.0,0.0,0,0,0,0,0,,0,,,,,4.486111111111111,,-7.0,
Athean Renfro,RB,2025,college_data,125.0,730.0,6.0,0,0,0,,0,1.0,0,15.0,0.0,0,0,0,0,0,,0,,,,,5.84,,15.0,
Audric Estimé,RB,2024,nflreadpy,76.0,310.0,2.0,2,1,15,-0.5715167519628355,0,5.0,5,27.0,0.0,0,0,-10,37,2,-0.25510932454684127,0,-5.388888888888889,0.012096774193548387,-0.0049900871269638325,13.0,4.078947368421052,23.846153846153847,5.4,2.076923076923077
Audric Estimé,RB,2025,nflreadpy,46.0,198.0,1.0,0,0,12,0.9376354665728286,0,12.0,13,103.0,0.0,0,0,-2,108,3,0.9432358276390005,0,-2.0138888888888884,0.07319528741871187,-0.0012336231625266563,5.0,4.304347826086956,39.6,8.583333333333334,20.6
Austin Clemons,RB,2025,college_data,3.0,10.0,0.0,0,0,0,,0,1.0,0,3.0,0.0,0,0,0,0,0,,0,,,,,3.3333333333333335,,3.0,
Austin Ekeler,RB,2018,nflreadpy,117.0,583.0,3.0,0,0,25,0.23829680526314967,0,46.0,62,437.0,3.0,1,1,53,461,19,0.9697009089911998,0,-3.164835068667821,0.12152082528892201,-0.00043721162139111897,16.0,4.982905982905983,36.4375,9.5,27.3125
Austin Ekeler,RB,2019,nflreadpy,132.0,557.0,3.0,2,2,30,-0.64361899460734,1,92.0,98,993.0,8.0,3,2,146,892,41,2.5923782619940408,1,0.3649095048935414,0.22819425170012725,0.08592280839620461,16.0,4.21969696969697,34.8125,10.793478260869565,62.0625
Austin Ekeler,RB,2020,nflreadpy,116.0,530.0,1.0,10,10,10,-0.9872815929859737,10,54.0,10,403.0,2.0,10,10,10,10,10,1.272670021805669,10,-1.7066666666666666,1.0,1.0,10.0,4.568965517241379,53.0,7.462962962962963,40.3
Austin Ekeler,RB,2021,nflreadpy,206.0,911.0,12.0,13,13,24,-0.05597442048745871,13,70.0,32,647.0,8.0,13,13,36,132,17,-0.04425375121974584,14,-3.6408380052553193,0.8372255067567568,0.8123528479315956,16.0,4.422330097087379,56.9375,9.242857142857142,40.4375
Austin Ekeler,RB,2022,nflreadpy,217.0,950.0,15.0,3,2,49,-0.19380588930948614,0,109.0,131,730.0,5.0,2,1,-111,873,36,0.5158108332612588,0,-2.0482363315696652,0.1728468381783921,-0.02680733041242493,18.0,4.377880184331797,52.77777777777778,6.697247706422019,40.55555555555556
Austin Ekeler,RB,2023,nflreadpy,179.0,628.0,5.0,3,2,34,-2.9373913564396217,0,51.0,74,436.0,1.0,2,2,-82,533,20,-0.9516245015784903,0,-1.6368385029303631,0.14712610882328053,-0.031538554789192284,14.0,3.5083798882681565,44.857142857142854,8.549019607843137,31.142857142857142
Austin Ekeler,RB,2024,nflreadpy,99.0,456.0,4.0,1,0,22,0.049579531835336255,0,47.0,56,450.0,0.0,2,1,-34,514,17,0.22267545653382673,0,-5.353583357893703,0.12479609768293672,-0.017353661809165952,15.0,4.606060606060606,30.4,9.574468085106384,30.0
Austin Ekeler,RB,2025,nflreadpy,14.0,43.0,0.0,0,0,3,-0.5826735363225453,0,5.0,7,38.0,0.0,0,0,12,49,2,0.11484664837576797,0,-2.030075187969925,0.10172413793103449,0.021505376344086023,2.0,3.0714285714285716,21.5,7.6,19.0
Austin Ekeler,RB,2026,nflreadpy,4.0,29.0,0.0,0,0,2,1.6916222182335332,0,1.0,2,11.0,0.0,0,0,-4,11,1,0.7485982171492651,0,-2.75,0.05555555555555555,-0.009685230024213076,1.0,7.25,29.0,11.0,11.0
Austin Walter,RB,2020,nflreadpy,1.0,3.0,0.0,3,3,3,-0.2148154666647315,3,1.0,3,27.0,0.0,3,3,3,3,3,1.0316403093747795,3,-4.5,1.0,1.0,3.0,3.0,1.0,27.0,9.0
Austin Walter,RB,2021,nflreadpy,26.0,101.0,1.0,2,2,4,-0.41846059544274905,2,2.0,2,9.0,0.0,2,2,2,2,2,-0.41436608671210706,2,-1.125,0.5,0.5,4.0,3.8846153846153846,25.25,4.5,2.25
Austyn Dendy,RB,2025,college_data,108.0,493.0,5.0,0,0,0,,0,4.0,0,64.0,1.0,0,0,0,0,0,,0,,,,,4.564814814814815,,16.0,
Autavius Ison,RB,2024,college_data,169.0,779.0,4.0,0,0,0,,0,9.0,0,67.0,0.0,0,0,0,0,0,,0,,,,,4.609467455621302,,7.444444444444445,
Avery Knight,RB,2024,college_data,9.0,73.0,1.0,0,0,0,,0,1.0,0,3.0,0.0,0,0,0,0,0,,0,,,,,8.11111111111111,,3.0,
Avery Morrow,RB,2024,college_data,184.0,1006.0,9.0,0,0,0,,0,16.0,0,102.0,0.0,0,0,0,0,0,,0,,,,,5.467391304347826,,6.375,
Avery Williams,RB,2022,nflreadpy,22.0,109.0,1.0,0,0,6,0.022057749633677303,0,13.0,14,61.0,0.0,0,0,-27,85,3,-0.10886078175325209,0,-0.19761904761904764,0.03562889860874763,-0.011366226247436405,17.0,4.954545454545454,6.411764705882353,4.6923076923076925,3.588235294117647
Ayron Rodriguez,RB,2024,college_data,81.0,330.0,2.0,0,0,0,,0,12.0,0,88.0,2.0,0,0,0,0,0,,0,,,,,4.074074074074074,,7.333333333333333,
Ayron Rodriguez,RB,2025,college_data,74.0,280.0,1.0,0,0,0,,0,15.0,0,86.0,1.0,0,0,0,0,0,,0,,,,,3.7837837837837838,,5.733333333333333,
Aziz Foster-Powell,RB,2024,college_data,56.0,230.0,1.0,0,0,0,,0,3.0,0,10.0,0.0,0,0,0,0,0,,0,,,,,4.107142857142857,,3.3333333333333335,
Aziz Foster-Powell,RB,2025,college_data,125.0,568.0,4.0,0,0,0,,0,15.0,0,91.0,1.0,0,0,0,0,0,,0,,,,,4.544,,6.066666666666666,
BJ Curry,RB,2024,college_data,123.0,509.0,4.0,0,0,0,,0,13.0,0,199.0,0.0,0,0,0,0,0,,0,,,,,4.138211382113822,,15.307692307692308,
BJ Harris,RB,2024,college_data,91.0,418.0,3.0,0,0,0,,0,11.0,0,93.0,0.0,0,0,0,0,0,,0,,,,,4.593406593406593,,8.454545454545455,
Bam Knight,RB,2022,nflreadpy,85.0,300.0,1.0,1,0,14,-1.9764301836679572,0,13.0,14,100.0,0.0,1,0,-30,132,5,0.8013168157776818,0,-6.233333333333333,0.049072356215213365,-0.010629066595130186,7.0,3.5294117647058822,42.857142857142854,7.6923076923076925,14.285714285714286
Bam Knight,RB,2023,nflreadpy,3.0,13.0,0.0,0,0,0,-0.20531910238787532,0,1.0,1,8.0,0.0,0,0,-5,13,0,0.6098271292867139,0,-1.6,0.018518518518518517,-0.015723270440251572,2.0,4.333333333333333,6.5,8.0,4.0
Bam Knight,RB,2025,nflreadpy,82.0,269.0,4.0,1,1,21,-1.6387532609762157,0,22.0,31,160.0,1.0,0,0,37,151,10,0.1560741513256087,0,-1.246866096866097,0.0633088327197155,0.00950970758260545,12.0,3.2804878048780486,22.416666666666668,7.2727272727272725,13.333333333333334
Barika Kpeenu,RB,2024,college_data,131.0,714.0,7.0,0,0,0,,0,15.0,0,122.0,1.0,0,0,0,0,0,,0,,,,,5.450381679389313,,8.133333333333333,
Barika Kpeenu,RB,2025,college_data,191.0,1005.0,20.0,0,0,0,,0,19.0,0,211.0,1.0,0,0,0,0,0,,0,,,,,5.261780104712042,,11.105263157894736,
Barret Labus,RB,2024,college_data,2.0,13.0,0.0,0,0,0,,0,2.0,0,2.0,0.0,0,0,0,0,0,,0,,,,,6.5,,1.0,
Barry Remo,RB,2024,college_data,10.0,27.0,2.0,0,0,0,,0,1.0,0,4.0,0.0,0,0,0,0,0,,0,,,,,2.7,,4.0,
Barry Remo,RB,2025,college_data,43.0,251.0,1.0,0,0,0,,0,4.0,0,21.0,0.0,0,0,0,0,0,,0,,,,,5.837209302325581,,5.25,
Beau Herrington,RB,2025,college_data,70.0,334.0,2.0,0,0,0,,0,3.0,0,26.0,0.0,0,0,0,0,0,,0,,,,,4.771428571428571,,8.666666666666666,
Ben Croasdale,RB,2025,college_data,61.0,313.0,2.0,0,0,0,,0,7.0,0,59.0,0.0,0,0,0,0,0,,0,,,,,5.131147540983607,,8.428571428571429,
Benjamin Hall,RB,2024,college_data,29.0,72.0,0.0,0,0,0,,0,3.0,0,12.0,0.0,0,0,0,0,0,,0,,,,,2.4827586206896552,,4.0,
Benjamin Hall,RB,2025,college_data,71.0,274.0,2.0,0,0,0,,0,8.0,0,34.0,0.0,0,0,0,0,0,,0,,,,,3.859154929577465,,4.25,
Benny Cunningham,RB,2018,nflreadpy,12.0,22.0,0.0,0,0,0,-1.3980183178141208,0,1.0,2,9.0,0.0,0,0,-14,13,1,-1.6706860663252883,0,-0.6428571428571429,0.005714285714285714,-0.004142011834319527,10.0,1.8333333333333333,2.2,9.0,0.9
Benny Snell,RB,2019,nflreadpy,108.0,426.0,2.0,2,2,16,-1.1736926497013138,1,3.0,5,23.0,0.0,1,1,-1,23,1,-0.2142746501485817,1,-2.0,0.10790681939007297,0.08686029946722307,11.0,3.9444444444444446,38.72727272727273,7.666666666666667,2.090909090909091
Benny Snell,RB,2020,nflreadpy,113.0,381.0,4.0,16,16,16,-1.8445920134781773,16,11.0,16,65.0,0.0,16,16,16,16,16,-1.5795586982152223,16,-1.9173469387755102,1.0,1.0,16.0,3.3716814159292037,23.8125,5.909090909090909,4.0625
Benny Snell,RB,2021,nflreadpy,38.0,113.0,0.0,12,12,15,-0.6540931460102869,12,4.0,15,29.0,0.0,12,12,10,36,14,-0.3575091413455084,12,1.0416666666666665,0.7099567099567099,0.7051804812834225,17.0,2.973684210526316,6.647058823529412,7.25,1.7058823529411764
Benny Snell,RB,2022,nflreadpy,20.0,90.0,1.0,0,0,6,1.4434780195200194,0,2.0,2,17.0,0.0,0,0,-1,18,1,0.7821203130006324,0,1.0833333333333333,0.008083480305702528,-0.0013986317850615262,9.0,4.5,10.0,8.5,1.8888888888888888
Bhayshul Tuten,RB,2024,college_data,183.0,1158.0,15.0,0,0,0,,0,22.0,0,79.0,2.0,0,0,0,0,0,,0,,,,,6.327868852459017,,3.590909090909091,
Bhayshul Tuten,RB,2025,nflreadpy,87.0,358.0,5.0,1,1,26,-0.43788579662493493,0,10.0,14,79.0,2.0,0,0,8,80,3,0.5495415985467844,0,1.0405011655011656,0.027885334570640425,0.001815239555752652,16.0,4.114942528735632,22.375,7.9,4.9375
Bhayshul Tuten,RB,2026,nflreadpy,60.0,277.0,2.0,0,0,15,0.5524773976503639,0,7.0,7,54.0,0.0,0,0,-22,76,2,0.25332455859461334,0,-3.8633928571428573,0.07001955371520588,-0.02459644778779838,4.0,4.616666666666666,69.25,7.714285714285714,13.5
Bijan Robinson,RB,2023,nflreadpy,214.0,976.0,4.0,4,3,50,-1.5709571401247309,0,58.0,86,487.0,4.0,0,0,24,519,24,-0.8072310450284446,0,0.9398060935854128,0.17315368038141668,-0.009158037333010998,17.0,4.5607476635514015,57.411764705882355,8.39655172413793,28.647058823529413
Bijan Robinson,RB,2024,nflreadpy,304.0,1456.0,14.0,1,0,82,1.055090565105273,1,61.0,72,431.0,1.0,0,0,-21,531,20,0.4499069848413652,0,-2.161570240601382,0.1407924508438311,-0.014443953871599819,17.0,4.7894736842105265,85.6470588235294,7.065573770491803,25.352941176470587
Bijan Robinson,RB,2025,nflreadpy,287.0,1478.0,7.0,3,2,63,-0.7208605417921755,1,79.0,103,820.0,4.0,1,1,101,857,34,1.5641079837624436,0,5.968578651438822,0.1976050798076922,0.02102774741145044,17.0,5.149825783972125,86.94117647058823,10.379746835443038,48.23529411764706
Bijan Robinson,RB,2026,nflreadpy,66.0,349.0,2.0,1,0,20,1.5860610389453855,0,13.0,16,118.0,1.0,1,0,-28,147,3,-1.7930993317939083,0,-1.3833333333333335,0.2474348564257769,-0.12708426181897123,3.0,5.287878787878788,116.33333333333333,9.076923076923077,39.333333333333336
Bilal Powell,RB,2018,nflreadpy,80.0,343.0,0.0,2,1,16,-1.570195217968525,0,11.0,18,110.0,1.0,0,0,89,84,3,-1.8798750877173642,0,0.8024440836940837,0.078584041614199,0.0411068132322692,7.0,4.2875,49.0,10.0,15.714285714285714
Bilal Powell,RB,2019,nflreadpy,59.0,229.0,0.0,0,0,12,-0.8235234642561409,0,7.0,12,33.0,0.0,0,0,21,45,0,-0.5162442616419867,0,-0.5388888888888889,0.03265364265364266,0.007871944893845665,12.0,3.8813559322033897,19.083333333333332,4.714285714285714,2.75
Bill Davis,RB,2024,college_data,163.0,796.0,9.0,0,0,0,,0,11.0,0,86.0,1.0,0,0,0,0,0,,0,,,,,4.883435582822086,,7.818181818181818,
Bill Davis,RB,2025,college_data,158.0,763.0,6.0,0,0,0,,0,10.0,0,79.0,0.0,0,0,0,0,0,,0,,,,,4.829113924050633,,7.9,
Bill Jackson,RB,2024,college_data,67.0,319.0,0.0,0,0,0,,0,19.0,0,104.0,2.0,0,0,0,0,0,,0,,,,,4.7611940298507465,,5.473684210526316,
Bill Jackson,RB,2025,college_data,103.0,455.0,3.0,0,0,0,,0,39.0,0,324.0,1.0,0,0,0,0,0,,0,,,,,4.41747572815534,,8.307692307692308,
Billy Lucas,RB,2024,college_data,123.0,720.0,5.0,0,0,0,,0,5.0,0,51.0,0.0,0,0,0,0,0,,0,,,,,5.853658536585366,,10.2,
Billy Roberson II,RB,2025,college_data,41.0,188.0,1.0,0,0,0,,0,6.0,0,41.0,0.0,0,0,0,0,0,,0,,,,,4.585365853658536,,6.833333333333333,
Blake Corum,RB,2024,nflreadpy,58.0,207.0,0.0,0,0,12,-0.695982295450189,0,7.0,8,58.0,0.0,0,0,-5,65,5,0.4390174101572484,0,0.27777777777777796,0.016785527471801984,-0.000992945233608041,15.0,3.5689655172413794,13.8,8.285714285714286,3.8666666666666667
Blake Corum,RB,2025,nflreadpy,171.0,865.0,6.0,0,0,49,0.7144984792001197,0,13.0,19,73.0,0.0,0,0,38,61,3,-0.5511869694397319,0,0.22401515151515156,0.026018787545373633,0.0022492108267331613,20.0,5.058479532163743,43.25,5.615384615384615,3.65
Blake Corum,RB,2026,nflreadpy,33.0,162.0,0.0,1,0,7,-0.09879318872117437,0,4.0,7,20.0,0.0,0,0,-2,23,1,-0.5498507675947621,0,-0.25555555555555554,0.03874149659863945,-0.0022634992914858402,4.0,4.909090909090909,40.5,5.0,5.0
Blake Watson,RB,2024,nflreadpy,4.0,10.0,0.0,0,0,2,-0.17967239196877927,0,1.0,2,13.0,0.0,0,0,-4,18,0,0.25141325587173924,0,-3.25,0.05128205128205128,-0.03418803418803419,1.0,2.5,10.0,13.0,13.0
Bo Jackson,RB,2025,college_data,179.0,1090.0,6.0,0,0,0,,0,19.0,0,200.0,1.0,0,0,0,0,0,,0,,,,,6.089385474860335,,10.526315789473685,
Bo MacCormack III,RB,2025,college_data,15.0,43.0,1.0,0,0,0,,0,2.0,0,14.0,0.0,0,0,0,0,0,,0,,,,,2.8666666666666667,,7.0,
Bo Scarbrough,RB,2019,nflreadpy,89.0,377.0,1.0,2,2,15,-2.223868612127262,1,1.0,5,5.0,0.0,1,1,-7,9,1,-0.22883306408766657,1,-0.5,0.1853801169590643,0.16180340776120442,6.0,4.235955056179775,62.833333333333336,5.0,0.8333333333333334
Bo Walker,RB,2025,college_data,22.0,100.0,3.0,0,0,0,,0,2.0,0,2.0,0.0,0,0,0,0,0,,0,,,,,4.545454545454546,,1.0,
Boston Scott,RB,2019,nflreadpy,67.0,270.0,5.0,3,2,14,-0.6235982909963537,2,27.0,22,227.0,0.0,3,2,-57,181,9,1.4635598834538373,2,-1.4143169091444951,0.2485,0.17413342016781114,10.0,4.029850746268656,27.0,8.407407407407407,22.7
Boston Scott,RB,2020,nflreadpy,80.0,374.0,1.0,16,16,16,-0.31013535571595036,16,25.0,16,212.0,1.0,16,16,16,16,16,-0.03618540074026169,16,0.04266876534318403,1.0,1.0,16.0,4.675,23.375,8.48,13.25
Boston Scott,RB,2021,nflreadpy,88.0,407.0,8.0,9,9,17,0.7309287942777174,9,14.0,14,84.0,0.0,9,9,10,48,11,-0.6275910806927634,9,1.0998168498168497,0.7652713178294573,0.7507249918540241,12.0,4.625,33.916666666666664,6.0,7.0
Boston Scott,RB,2022,nflreadpy,69.0,278.0,5.0,0,0,16,-0.07111695994535694,0,6.0,7,24.0,0.0,0,0,-15,34,0,-0.5271797709089393,0,-0.26296296296296295,0.013247233608386392,-0.0035486463708919247,18.0,4.028985507246377,15.444444444444445,4.0,1.3333333333333333
Boston Scott,RB,2023,nflreadpy,20.0,86.0,0.0,0,0,5,-0.35267809429852703,0,4.0,6,52.0,0.0,0,0,31,43,2,0.49606053474902484,0,0.6722222222222222,0.013460570437314624,0.006047014735995435,13.0,4.3,6.615384615384615,13.0,4.0
Braden Lewis,RB,2025,college_data,31.0,209.0,0.0,0,0,0,,0,1.0,0,2.0,0.0,0,0,0,0,0,,0,,,,,6.741935483870968,,2.0,
Bradley Dunn,RB,2024,college_data,8.0,52.0,1.0,0,0,0,,0,1.0,0,13.0,0.0,0,0,0,0,0,,0,,,,,6.5,,13.0,
Brady Hensley,RB,2025,college_data,93.0,562.0,5.0,0,0,0,,0,12.0,0,72.0,0.0,0,0,0,0,0,,0,,,,,6.043010752688172,,6.0,
Braedon Sloan,RB,2024,college_data,150.0,597.0,4.0,0,0,0,,0,29.0,0,329.0,1.0,0,0,0,0,0,,0,,,,,3.98,,11.344827586206897,
Braedon Wissler,RB,2024,college_data,63.0,249.0,0.0,0,0,0,,0,17.0,0,86.0,0.0,0,0,0,0,0,,0,,,,,3.9523809523809526,,5.0588235294117645,
Braedon Wissler,RB,2025,college_data,44.0,187.0,2.0,0,0,0,,0,17.0,0,92.0,1.0,0,0,0,0,0,,0,,,,,4.25,,5.411764705882353,
Braelen Morgan,RB,2024,college_data,6.0,10.0,0.0,0,0,0,,0,1.0,0,8.0,0.0,0,0,0,0,0,,0,,,,,1.6666666666666667,,8.0,
Braelon Allen,RB,2024,nflreadpy,92.0,334.0,2.0,0,0,22,-0.44802491726038757,0,19.0,27,148.0,1.0,0,0,-5,163,8,0.3646019330660168,0,3.927855477855478,0.044743124672363,-0.0012098627997307926,17.0,3.630434782608696,19.647058823529413,7.7894736842105265,8.705882352941176
Braelon Allen,RB,2025,nflreadpy,18.0,76.0,1.0,1,1,4,-2.1748983036413554,0,2.0,3,17.0,0.0,0,0,8,9,1,-0.10726321313995868,0,2.125,0.026190476190476188,0.012422360248447204,4.0,4.222222222222222,19.0,8.5,4.25
Braelon Allen,RB,2026,nflreadpy,33.0,120.0,1.0,0,0,8,-0.8588567676289053,0,6.0,7,19.0,0.0,0,0,-2,21,1,-0.4367559479373858,0,0.6888888888888888,0.07198067632850241,-0.0008939397688748113,4.0,3.6363636363636362,30.0,3.1666666666666665,4.75
Braelon Bridges,RB,2024,college_data,76.0,334.0,3.0,0,0,0,,0,4.0,0,13.0,0.0,0,0,0,0,0,,0,,,,,4.394736842105263,,3.25,
Brandon Bolden,RB,2018,nflreadpy,8.0,91.0,2.0,1,1,4,0.40814581752056256,0,3.0,3,13.0,1.0,0,0,-6,19,1,0.5406053429081416,0,-2.1666666666666665,0.014842662211083262,-0.004206365932568569,9.0,11.375,10.11111111111111,4.333333333333333,1.4444444444444444
Brandon Bolden,RB,2019,nflreadpy,15.0,68.0,3.0,0,0,5,0.40345075997902313,0,9.0,11,111.0,1.0,0,0,66,59,6,-0.035477321385405956,0,5.280952380952381,0.018002401660229223,0.016156786163628842,15.0,4.533333333333333,4.533333333333333,12.333333333333334,7.4
Brandon Bolden,RB,2021,nflreadpy,44.0,226.0,1.0,13,13,16,-0.07324761598596205,13,45.0,29,432.0,2.0,13,13,52,91,18,1.2369969900606592,13,-0.6032242817382137,0.7935467442108809,0.7732454656735293,17.0,5.136363636363637,13.294117647058824,9.6,25.41176470588235
Brandon Bolden,RB,2022,nflreadpy,17.0,66.0,0.0,0,0,3,-1.047440963156987,0,9.0,9,57.0,1.0,0,0,30,27,2,0.20463002868693608,0,1.7764102564102564,0.021338062801477434,0.006915615459849682,13.0,3.8823529411764706,5.076923076923077,6.333333333333333,4.384615384615385
Brandon Campbell,RB,2024,college_data,61.0,233.0,3.0,0,0,0,,0,8.0,0,67.0,0.0,0,0,0,0,0,,0,,,,,3.819672131147541,,8.375,
Brandon Campbell,RB,2025,college_data,10.0,17.0,0.0,0,0,0,,0,4.0,0,38.0,0.0,0,0,0,0,0,,0,,,,,1.7,,9.5,
Brandon Epton Jr.,RB,2024,college_data,61.0,223.0,1.0,0,0,0,,0,20.0,0,84.0,1.0,0,0,0,0,0,,0,,,,,3.6557377049180326,,4.2,
Brandon Epton Jr.,RB,2025,college_data,140.0,535.0,6.0,0,0,0,,0,22.0,0,182.0,1.0,0,0,0,0,0,,0,,,,,3.8214285714285716,,8.272727272727273,
Brandon High,RB,2024,college_data,93.0,495.0,8.0,0,0,0,,0,6.0,0,58.0,0.0,0,0,0,0,0,,0,,,,,5.32258064516129,,9.666666666666666,
Brandon High,RB,2025,college_data,23.0,98.0,1.0,0,0,0,,0,1.0,0,5.0,0.0,0,0,0,0,0,,0,,,,,4.260869565217392,,5.0,
Brandon Hood,RB,2025,college_data,98.0,368.0,2.0,0,0,0,,0,11.0,0,88.0,0.0,0,0,0,0,0,,0,,,,,3.7551020408163267,,8.0,
Brandon Johnson,RB,2025,college_data,80.0,319.0,6.0,0,0,0,,0,8.0,0,66.0,0.0,0,0,0,0,0,,0,,,,,3.9875,,8.25,
Brandon Lambert Jr.,RB,2025,college_data,5.0,8.0,0.0,0,0,0,,0,1.0,0,8.0,0.0,0,0,0,0,0,,0,,,,,1.6,,8.0,
Brandon Musch,RB,2025,college_data,22.0,60.0,1.0,0,0,0,,0,2.0,0,6.0,0.0,0,0,0,0,0,,0,,,,,2.727272727272727,,3.0,
Brandon Ramirez,RB,2025,college_data,60.0,271.0,3.0,0,0,0,,0,5.0,0,52.0,0.0,0,0,0,0,0,,0,,,,,4.516666666666667,,10.4,
Brandon Rogers,RB,2024,college_data,29.0,83.0,0.0,0,0,0,,0,3.0,0,15.0,0.0,0,0,0,0,0,,0,,,,,2.8620689655172415,,5.0,
Brandon Thomas,RB,2024,college_data,57.0,335.0,9.0,0,0,0,,0,6.0,0,30.0,0.0,0,0,0,0,0,,0,,,,,5.87719298245614,,5.0,
Brandon Tullis,RB,2025,college_data,68.0,297.0,4.0,0,0,0,,0,11.0,0,82.0,0.0,0,0,0,0,0,,0,,,,,4.367647058823529,,7.454545454545454,
Branson Adams,RB,2024,college_data,132.0,742.0,4.0,0,0,0,,0,35.0,0,277.0,1.0,0,0,0,0,0,,0,,,,,5.621212121212121,,7.914285714285715,
Branson Adams,RB,2025,college_data,38.0,147.0,1.0,0,0,0,,0,12.0,0,95.0,0.0,0,0,0,0,0,,0,,,,,3.8684210526315788,,7.916666666666667,
Branson Robinson,RB,2024,college_data,25.0,73.0,3.0,0,0,0,,0,6.0,0,33.0,0.0,0,0,0,0,0,,0,,,,,2.92,,5.5,
Branson Robinson,RB,2025,college_data,46.0,148.0,1.0,0,0,0,,0,5.0,0,22.0,0.0,0,0,0,0,0,,0,,,,,3.217391304347826,,4.4,
Brashard Smith,RB,2024,college_data,234.0,1330.0,14.0,0,0,0,,0,39.0,0,327.0,4.0,0,0,0,0,0,,0,,,,,5.683760683760684,,8.384615384615385,
Brashard Smith,RB,2025,nflreadpy,44.0,151.0,0.0,1,0,5,-0.8858329909218644,0,25.0,35,172.0,1.0,0,0,-56,232,7,-0.051416962212649873,0,-1.5194035947712419,0.0657833648792573,-0.020569405527109678,17.0,3.4318181818181817,8.882352941176471,6.88,10.117647058823529
Braxton Jennings,RB,2025,college_data,37.0,200.0,1.0,0,0,0,,0,2.0,0,6.0,0.0,0,0,0,0,0,,0,,,,,5.405405405405405,,3.0,
Brayden Latham,RB,2024,college_data,134.0,639.0,3.0,0,0,0,,0,10.0,0,66.0,0.0,0,0,0,0,0,,0,,,,,4.768656716417911,,6.6,
Brayden Latham,RB,2025,college_data,154.0,667.0,3.0,0,0,0,,0,19.0,0,129.0,0.0,0,0,0,0,0,,0,,,,,4.3311688311688314,,6.7894736842105265,
Brayden Porter,RB,2024,college_data,3.0,31.0,0.0,0,0,0,,0,2.0,0,33.0,0.0,0,0,0,0,0,,0,,,,,10.333333333333334,,16.5,
Braydon Bennett,RB,2024,college_data,134.0,781.0,11.0,0,0,0,,0,25.0,0,188.0,2.0,0,0,0,0,0,,0,,,,,5.8283582089552235,,7.52,
Braydon Bennett,RB,2025,college_data,4.0,8.0,1.0,0,0,0,,0,1.0,0,2.0,0.0,0,0,0,0,0,,0,,,,,2.0,,2.0,
Braylen Russell,RB,2024,college_data,67.0,354.0,3.0,0,0,0,,0,3.0,0,18.0,0.0,0,0,0,0,0,,0,,,,,5.2835820895522385,,6.0,
Braylen Russell,RB,2025,college_data,55.0,286.0,5.0,0,0,0,,0,4.0,0,27.0,0.0,0,0,0,0,0,,0,,,,,5.2,,6.75,
Braylin Presley,RB,2024,college_data,3.0,27.0,1.0,0,0,0,,0,9.0,0,73.0,0.0,0,0,0,0,0,,0,,,,,9.0,,8.11111111111111,
Braylin Presley,RB,2025,college_data,32.0,215.0,1.0,0,0,0,,0,18.0,0,115.0,1.0,0,0,0,0,0,,0,,,,,6.71875,,6.388888888888889,
Braylon McReynolds,RB,2024,college_data,20.0,111.0,1.0,0,0,0,,0,4.0,0,54.0,0.0,0,0,0,0,0,,0,,,,,5.55,,13.5,
Braylon McReynolds,RB,2025,college_data,124.0,614.0,3.0,0,0,0,,0,15.0,0,80.0,1.0,0,0,0,0,0,,0,,,,,4.951612903225806,,5.333333333333333,
Breece Hall,RB,2022,nflreadpy,80.0,463.0,4.0,0,0,20,1.9841585261248318,0,19.0,31,218.0,1.0,1,1,152,166,8,-0.23878205080735082,0,1.6670591049658634,0.11500293619172383,0.05424346059518004,7.0,5.7875,66.14285714285714,11.473684210526315,31.142857142857142
Breece Hall,RB,2023,nflreadpy,223.0,994.0,5.0,2,0,40,-1.2180458966499568,1,76.0,95,591.0,4.0,0,0,-48,649,28,0.35812505837769576,0,-1.5861865258924082,0.16097604848469899,-0.008848762419667866,17.0,4.457399103139013,58.470588235294116,7.776315789473684,34.76470588235294
Breece Hall,RB,2024,nflreadpy,209.0,876.0,5.0,5,1,40,-1.3037352346152091,2,57.0,76,483.0,3.0,1,1,19,496,15,-0.0930280494595686,0,1.3819230248917749,0.1412967498734016,0.0015260879173126188,16.0,4.1913875598086126,54.75,8.473684210526315,30.1875
Breece Hall,RB,2025,nflreadpy,243.0,1065.0,4.0,2,2,57,-1.391663094427713,0,36.0,48,350.0,1.0,0,0,14,321,13,0.5779727975488939,0,-4.478418803418804,0.10585165145619367,-0.007493881785908096,16.0,4.382716049382716,66.5625,9.722222222222221,21.875
Breece Hall,RB,2026,nflreadpy,51.0,163.0,1.0,0,0,13,-2.9406831720261835,0,10.0,10,102.0,0.0,0,0,0,102,3,2.8453328844043426,0,-23.055555555555554,0.10305958132045089,0.002553966329299778,3.0,3.196078431372549,54.333333333333336,10.2,34.0
Brendan Cassamajor,RB,2024,college_data,38.0,136.0,4.0,0,0,0,,0,2.0,0,6.0,0.0,0,0,0,0,0,,0,,,,,3.5789473684210527,,3.0,
Brendan Cassamajor,RB,2025,college_data,29.0,104.0,0.0,0,0,0,,0,4.0,0,27.0,2.0,0,0,0,0,0,,0,,,,,3.586206896551724,,6.75,
Brendon Barrow,RB,2025,college_data,56.0,422.0,5.0,0,0,0,,0,10.0,0,67.0,0.0,0,0,0,0,0,,0,,,,,7.535714285714286,,6.7,
Brendon Wyatt,RB,2024,college_data,54.0,313.0,3.0,0,0,0,,0,4.0,0,54.0,1.0,0,0,0,0,0,,0,,,,,5.796296296296297,,13.5,
Brendon Wyatt,RB,2025,college_data,73.0,304.0,3.0,0,0,0,,0,13.0,0,102.0,0.0,0,0,0,0,0,,0,,,,,4.164383561643835,,7.846153846153846,
Brennan Carroll,RB,2025,college_data,21.0,175.0,1.0,0,0,0,,0,1.0,0,10.0,0.0,0,0,0,0,0,,0,,,,,8.333333333333334,,10.0,
Bretton Stone,RB,2024,college_data,26.0,125.0,2.0,0,0,0,,0,15.0,0,169.0,0.0,0,0,0,0,0,,0,,,,,4.8076923076923075,,11.266666666666667,
Bretton Stone,RB,2025,college_data,42.0,189.0,1.0,0,0,0,,0,7.0,0,43.0,0.0,0,0,0,0,0,,0,,,,,4.5,,6.142857142857143,
Breyahn Townsend,RB,2025,college_data,12.0,29.0,0.0,0,0,0,,0,1.0,0,9.0,0.0,0,0,0,0,0,,0,,,,,2.4166666666666665,,9.0,
Brian Hill,RB,2018,nflreadpy,20.0,157.0,0.0,1,1,5,-0.8832740511425072,0,1.0,2,9.0,0.0,0,0,7,5,0,-0.7742483442707453,0,1.125,0.012343470483005367,0.004153044727860607,5.0,7.85,31.4,9.0,1.8
Brian Hill,RB,2019,nflreadpy,78.0,323.0,2.0,1,1,19,-0.6986916514696095,1,10.0,15,69.0,1.0,1,1,22,55,5,0.3657315775832206,1,4.96969696969697,0.13591817395016978,0.10544562107749333,10.0,4.141025641025641,32.3,6.9,6.9
Brian Hill,RB,2020,nflreadpy,100.0,465.0,1.0,16,16,16,-0.8849889004907319,16,25.0,16,199.0,0.0,16,16,16,16,16,0.21698414589368978,16,1.8518707482993195,1.0,1.0,16.0,4.65,29.0625,7.96,12.4375
Brian Robinson,RB,2022,nflreadpy,205.0,797.0,2.0,2,0,49,-0.519616426633244,0,9.0,12,60.0,1.0,0,0,-11,72,3,-0.29435246099352036,0,-0.2525510204081632,0.03566248339532653,-0.004086744370685663,12.0,3.8878048780487804,66.41666666666667,6.666666666666667,5.0
Brian Robinson,RB,2023,nflreadpy,178.0,733.0,5.0,3,2,47,-1.4091031066655748,1,36.0,43,368.0,4.0,1,0,-55,410,15,1.5711407817233032,0,-3.138396897220427,0.07905439913553504,-0.012869230073984479,15.0,4.117977528089888,48.86666666666667,10.222222222222221,24.533333333333335
Brian Robinson,RB,2024,nflreadpy,223.0,928.0,10.0,2,2,54,-0.650166856757763,0,24.0,30,181.0,0.0,0,0,-26,207,5,-0.33484029876462373,0,-0.8076923076923077,0.058426208718070125,-0.008758855928391294,17.0,4.161434977578475,54.588235294117645,7.541666666666667,10.647058823529411
Brian Robinson,RB,2025,nflreadpy,95.0,404.0,2.0,0,0,20,-0.1904039280157464,0,9.0,13,28.0,0.0,0,0,3,35,1,-0.4881457319845342,0,0.7962962962962963,0.020631817013192277,0.0005948558957231807,19.0,4.252631578947368,21.263157894736842,3.111111111111111,1.4736842105263157
Brian Robinson,RB,2026,nflreadpy,30.0,132.0,1.0,0,0,8,1.0340813037279684,0,2.0,2,16.0,0.0,0,0,0,16,1,1.2034323135158047,0,0.0,0.02150537634408602,0.0,3.0,4.4,44.0,8.0,5.333333333333333
Brian Thomas,RB,2024,college_data,16.0,67.0,0.0,0,0,0,,0,4.0,0,32.0,1.0,0,0,0,0,0,,0,,,,,4.1875,,8.0,
Brian Thomas,RB,2025,college_data,71.0,296.0,0.0,0,0,0,,0,17.0,0,130.0,1.0,0,0,0,0,0,,0,,,,,4.169014084507042,,7.647058823529412,
Brian Trobel,RB,2024,college_data,80.0,428.0,4.0,0,0,0,,0,11.0,0,136.0,2.0,0,0,0,0,0,,0,,,,,5.35,,12.363636363636363,
Brian Trobel,RB,2025,college_data,156.0,981.0,12.0,0,0,0,,0,13.0,0,134.0,1.0,0,0,0,0,0,,0,,,,,6.288461538461538,,10.307692307692308,
Briggs Bartosh,RB,2025,college_data,43.0,254.0,1.0,0,0,0,,0,1.0,0,8.0,0.0,0,0,0,0,0,,0,,,,,5.906976744186046,,8.0,
Brinston Williams,RB,2025,college_data,26.0,137.0,1.0,0,0,0,,0,11.0,0,96.0,0.0,0,0,0,0,0,,0,,,,,5.269230769230769,,8.727272727272727,
Brock Townsend,RB,2025,college_data,82.0,418.0,4.0,0,0,0,,0,13.0,0,145.0,4.0,0,0,0,0,0,,0,,,,,5.097560975609756,,11.153846153846153,
Brodey Berg,RB,2025,college_data,23.0,82.0,0.0,0,0,0,,0,10.0,0,61.0,0.0,0,0,0,0,0,,0,,,,,3.5652173913043477,,6.1,
Bronson Yoder,RB,2024,college_data,198.0,1115.0,10.0,0,0,0,,0,11.0,0,118.0,0.0,0,0,0,0,0,,0,,,,,5.6313131313131315,,10.727272727272727,
Bryan Jackson,RB,2024,college_data,36.0,188.0,1.0,0,0,0,,0,1.0,0,0.0,0.0,0,0,0,0,0,,0,,,,,5.222222222222222,,0.0,
Bryan Jackson,RB,2025,college_data,36.0,123.0,4.0,0,0,0,,0,2.0,0,17.0,0.0,0,0,0,0,0,,0,,,,,3.4166666666666665,,8.5,
Bryce Baker,RB,2025,college_data,16.0,52.0,0.0,0,0,0,,0,5.0,0,21.0,0.0,0,0,0,0,0,,0,,,,,3.25,,4.2,
Bryce Cox,RB,2024,college_data,103.0,562.0,4.0,0,0,0,,0,17.0,0,97.0,0.0,0,0,0,0,0,,0,,,,,5.456310679611651,,5.705882352941177,
Bryce Cox,RB,2025,college_data,28.0,133.0,1.0,0,0,0,,0,2.0,0,12.0,0.0,0,0,0,0,0,,0,,,,,4.75,,6.0,
Bryce Duke,RB,2024,college_data,46.0,285.0,0.0,0,0,0,,0,9.0,0,58.0,1.0,0,0,0,0,0,,0,,,,,6.195652173913044,,6.444444444444445,
Bryce Duke,RB,2025,college_data,16.0,86.0,0.0,0,0,0,,0,2.0,0,6.0,1.0,0,0,0,0,0,,0,,,,,5.375,,3.0,
Bryce Hicks,RB,2024,college_data,10.0,73.0,0.0,0,0,0,,0,1.0,0,12.0,0.0,0,0,0,0,0,,0,,,,,7.3,,12.0,
Bryce Strong,RB,2024,college_data,40.0,325.0,3.0,0,0,0,,0,6.0,0,30.0,0.0,0,0,0,0,0,,0,,,,,8.125,,5.0,
Bryce Strong,RB,2025,college_data,67.0,330.0,2.0,0,0,0,,0,4.0,0,30.0,1.0,0,0,0,0,0,,0,,,,,4.925373134328358,,7.5,
Bryson Donelson,RB,2024,college_data,78.0,472.0,3.0,0,0,0,,0,21.0,0,94.0,1.0,0,0,0,0,0,,0,,,,,6.051282051282051,,4.476190476190476,
Bryson Donelson,RB,2025,college_data,142.0,583.0,5.0,0,0,0,,0,17.0,0,107.0,0.0,0,0,0,0,0,,0,,,,,4.105633802816901,,6.294117647058823,
Bryson Donnell,RB,2024,college_data,35.0,172.0,0.0,0,0,0,,0,4.0,0,5.0,0.0,0,0,0,0,0,,0,,,,,4.914285714285715,,1.25,
Bryson Irby,RB,2024,college_data,145.0,763.0,6.0,0,0,0,,0,9.0,0,45.0,0.0,0,0,0,0,0,,0,,,,,5.2620689655172415,,5.0,
Bryson Kuzdzal,RB,2025,college_data,76.0,326.0,4.0,0,0,0,,0,4.0,0,10.0,0.0,0,0,0,0,0,,0,,,,,4.2894736842105265,,2.5,
Bryson Washington,RB,2024,college_data,175.0,1028.0,12.0,0,0,0,,0,22.0,0,217.0,1.0,0,0,0,0,0,,0,,,,,5.8742857142857146,,9.863636363636363,
Bryson Washington,RB,2025,college_data,154.0,788.0,6.0,0,0,0,,0,18.0,0,93.0,1.0,0,0,0,0,0,,0,,,,,5.116883116883117,,5.166666666666667,
Bucky Irving,RB,2024,nflreadpy,224.0,1199.0,8.0,2,1,55,1.1003536880274107,0,49.0,54,398.0,1.0,0,0,-165,540,17,0.9055856910683895,0,-1.4164056318787777,0.09271292275102783,-0.04588711097131052,18.0,5.352678571428571,66.61111111111111,8.122448979591837,22.11111111111111
Bucky Irving,RB,2025,nflreadpy,173.0,588.0,1.0,1,1,27,-3.557741220465277,0,30.0,35,277.0,3.0,0,0,-56,360,11,0.9791529104695655,0,-4.290174153332049,0.1071224824026548,-0.020599732131749822,10.0,3.398843930635838,58.8,9.233333333333333,27.7
Bucky Irving,RB,2026,nflreadpy,56.0,241.0,1.0,0,0,10,-0.05965733992343303,0,13.0,15,61.0,0.0,1,1,-33,98,3,-1.007771766143075,0,-0.3694372294372294,0.12368927368927368,-0.04788717799195631,4.0,4.303571428571429,60.25,4.6923076923076925,15.25
Buddy Howell,RB,2020,nflreadpy,16.0,64.0,0.0,5,5,5,-0.2626149116549641,5,1.0,5,3.0,0.0,5,5,5,5,5,-0.4685888678650372,5,0.15789473684210525,1.0,1.0,5.0,4.0,12.8,3.0,0.6
Byron Cardwell,RB,2024,college_data,24.0,75.0,0.0,0,0,0,,0,2.0,0,31.0,0.0,0,0,0,0,0,,0,,,,,3.125,,15.5,
Byron Cardwell,RB,2025,college_data,48.0,267.0,1.0,0,0,0,,0,5.0,0,108.0,1.0,0,0,0,0,0,,0,,,,,5.5625,,21.6,
Byron Eaton Jr.,RB,2025,college_data,69.0,232.0,3.0,0,0,0,,0,10.0,0,28.0,0.0,0,0,0,0,0,,0,,,,,3.36231884057971,,2.8,
Byron Marshall,RB,2018,nflreadpy,3.0,9.0,0.0,0,0,0,-0.31379580311477184,0,4.0,6,30.0,0.0,0,0,10,28,1,0.2892643404484261,0,-0.5208333333333334,0.04363651507579543,0.008524340920310089,5.0,3.0,1.8,7.5,6.0
C.J. Anderson,RB,2018,nflreadpy,113.0,592.0,4.0,1,0,35,1.2916427529550845,0,8.0,14,58.0,1.0,0,0,-12,61,2,-1.1238211341717812,0,-0.3205009276437848,0.03947236673685949,-0.004654715568296411,12.0,5.238938053097345,49.333333333333336,7.25,4.833333333333333
C.J. Hester,RB,2024,college_data,119.0,529.0,4.0,0,0,0,,0,14.0,0,58.0,0.0,0,0,0,0,0,,0,,,,,4.445378151260504,,4.142857142857143,
C.J. Prosise,RB,2018,nflreadpy,1.0,-3.0,0.0,0,0,0,-1.284840086940676,0,3.0,3,22.0,0.0,0,0,5,17,0,0.7432247576070949,0,4.4,0.045454545454545456,0.00865051903114187,2.0,-3.0,-1.5,7.333333333333333,11.0
C.J. Prosise,RB,2019,nflreadpy,23.0,72.0,1.0,1,1,4,-1.1057413985272286,0,10.0,12,76.0,0.0,0,0,51,66,3,0.653322322294116,0,1.2914634146341462,0.041019992236024844,0.020410540390743998,8.0,3.130434782608696,9.0,7.6,9.5
C.J. Prosise,RB,2020,nflreadpy,10.0,19.0,0.0,5,5,5,-2.214357843360631,5,5.0,5,18.0,1.0,5,5,5,5,5,-0.22026790118252393,5,1.2083333333333335,1.0,1.0,5.0,1.9,3.8,3.6,3.6
C.J. Stokes,RB,2024,college_data,7.0,33.0,1.0,0,0,0,,0,1.0,0,6.0,0.0,0,0,0,0,0,,0,,,,,4.714285714285714,,6.0,
C.J. Stokes,RB,2025,college_data,48.0,149.0,1.0,0,0,0,,0,5.0,0,37.0,0.0,0,0,0,0,0,,0,,,,,3.1041666666666665,,7.4,
CJ Baxter Jr.,RB,2025,college_data,54.0,196.0,0.0,0,0,0,,0,12.0,0,41.0,1.0,0,0,0,0,0,,0,,,,,3.6296296296296298,,3.4166666666666665,
CJ Beasley,RB,2024,college_data,13.0,71.0,0.0,0,0,0,,0,3.0,0,16.0,0.0,0,0,0,0,0,,0,,,,,5.461538461538462,,5.333333333333333,
CJ Campbell,RB,2024,college_data,165.0,860.0,11.0,0,0,0,,0,40.0,0,466.0,3.0,0,0,0,0,0,,0,,,,,5.212121212121212,,11.65,
CJ Donaldson,RB,2024,college_data,163.0,734.0,11.0,0,0,0,,0,14.0,0,104.0,1.0,0,0,0,0,0,,0,,,,,4.5030674846625764,,7.428571428571429,
CJ Donaldson,RB,2025,college_data,96.0,361.0,10.0,0,0,0,,0,15.0,0,96.0,1.0,0,0,0,0,0,,0,,,,,3.7604166666666665,,6.4,
CJ Donaldson,RB,2026,nflreadpy,4.0,11.0,0.0,0,0,3,0.5777255611610599,0,1.0,2,-2.0,0.0,0,0,5,4,0,-1.2862824223702773,0,-0.4,0.012820512820512822,0.003450655624568668,3.0,2.75,3.6666666666666665,-2.0,-0.6666666666666666
CJ Evans Jr.,RB,2024,college_data,72.0,289.0,2.0,0,0,0,,0,23.0,0,302.0,3.0,0,0,0,0,0,,0,,,,,4.013888888888889,,13.130434782608695,
CJ Evans Jr.,RB,2025,college_data,90.0,243.0,2.0,0,0,0,,0,22.0,0,142.0,2.0,0,0,0,0,0,,0,,,,,2.7,,6.454545454545454,
CJ Johnson,RB,2024,college_data,23.0,139.0,2.0,0,0,0,,0,1.0,0,4.0,0.0,0,0,0,0,0,,0,,,,,6.043478260869565,,4.0,
CJ Johnson,RB,2025,college_data,11.0,25.0,0.0,0,0,0,,0,1.0,0,-2.0,0.0,0,0,0,0,0,,0,,,,,2.272727272727273,,-2.0,
CJ Miller,RB,2024,college_data,76.0,415.0,3.0,0,0,0,,0,6.0,0,72.0,0.0,0,0,0,0,0,,0,,,,,5.4605263157894735,,12.0,
CJ Miller,RB,2025,college_data,168.0,953.0,14.0,0,0,0,,0,26.0,0,314.0,3.0,0,0,0,0,0,,0,,,,,5.6726190476190474,,12.076923076923077,
CJ Nettles,RB,2025,college_data,85.0,358.0,2.0,0,0,0,,0,14.0,0,75.0,0.0,0,0,0,0,0,,0,,,,,4.211764705882353,,5.357142857142857,
CJ Russell,RB,2024,college_data,75.0,334.0,4.0,0,0,0,,0,1.0,0,17.0,0.0,0,0,0,0,0,,0,,,,,4.453333333333333,,17.0,
Ca'Lil Valentine,RB,2024,college_data,53.0,212.0,1.0,0,0,0,,0,5.0,0,30.0,0.0,0,0,0,0,0,,0,,,,,4.0,,6.0,
Ca'Lil Valentine,RB,2025,college_data,131.0,614.0,4.0,0,0,0,,0,10.0,0,55.0,0.0,0,0,0,0,0,,0,,,,,4.687022900763359,,5.5,
Cade Yacamelli,RB,2024,college_data,33.0,274.0,2.0,0,0,0,,0,4.0,0,35.0,0.0,0,0,0,0,0,,0,,,,,8.303030303030303,,8.75,
Cade Yacamelli,RB,2025,college_data,38.0,128.0,0.0,0,0,0,,0,2.0,0,26.0,0.0,0,0,0,0,0,,0,,,,,3.3684210526315788,,13.0,
Caden Durham,RB,2024,college_data,138.0,754.0,6.0,0,0,0,,0,28.0,0,260.0,2.0,0,0,0,0,0,,0,,,,,5.463768115942029,,9.285714285714286,
Caden Durham,RB,2025,college_data,111.0,505.0,3.0,0,0,0,,0,16.0,0,91.0,0.0,0,0,0,0,0,,0,,,,,4.54954954954955,,5.6875,
Caden Knighten,RB,2025,college_data,104.0,469.0,1.0,0,0,0,,0,11.0,0,134.0,1.0,0,0,0,0,0,,0,,,,,4.509615384615385,,12.181818181818182,
Caden Meis,RB,2024,college_data,96.0,337.0,4.0,0,0,0,,0,7.0,0,49.0,0.0,0,0,0,0,0,,0,,,,,3.5104166666666665,,7.0,
Caleb Hampton,RB,2025,college_data,11.0,29.0,0.0,0,0,0,,0,1.0,0,12.0,0.0,0,0,0,0,0,,0,,,,,2.6363636363636362,,12.0,
Caleb Hawkins,RB,2025,college_data,231.0,1424.0,25.0,0,0,0,,0,32.0,0,370.0,4.0,0,0,0,0,0,,0,,,,,6.1645021645021645,,11.5625,
Caleb Hood,RB,2024,college_data,18.0,81.0,0.0,0,0,0,,0,4.0,0,37.0,0.0,0,0,0,0,0,,0,,,,,4.5,,9.25,
Caleb Hood,RB,2025,college_data,16.0,44.0,1.0,0,0,0,,0,6.0,0,29.0,0.0,0,0,0,0,0,,0,,,,,2.75,,4.833333333333333,
Caleb Huntley,RB,2022,nflreadpy,76.0,366.0,1.0,1,0,18,0.33174978905299213,0,2.0,2,3.0,0.0,0,0,-6,9,0,-0.3822718292940408,0,-0.5,0.008101851851851851,-0.00434668071654373,12.0,4.815789473684211,30.5,1.5,0.25
Caleb Komolafe,RB,2024,college_data,50.0,139.0,0.0,0,0,0,,0,2.0,0,8.0,0.0,0,0,0,0,0,,0,,,,,2.78,,4.0,
Caleb Komolafe,RB,2025,college_data,190.0,941.0,11.0,0,0,0,,0,11.0,0,60.0,1.0,0,0,0,0,0,,0,,,,,4.9526315789473685,,5.454545454545454,
Caleb Lewis,RB,2025,college_data,128.0,465.0,9.0,0,0,0,,0,11.0,0,71.0,0.0,0,0,0,0,0,,0,,,,,3.6328125,,6.454545454545454,
Caleb Ramseur,RB,2024,college_data,32.0,110.0,0.0,0,0,0,,0,8.0,0,106.0,1.0,0,0,0,0,0,,0,,,,,3.4375,,13.25,
Caleb Ramseur,RB,2025,college_data,139.0,683.0,5.0,0,0,0,,0,18.0,0,191.0,3.0,0,0,0,0,0,,0,,,,,4.913669064748201,,10.61111111111111,
Caleb Williams,RB,2025,college_data,7.0,10.0,0.0,0,0,0,,0,2.0,0,-1.0,0.0,0,0,0,0,0,,0,,,,,1.4285714285714286,,-0.5,
Calvin Hill,RB,2024,college_data,92.0,425.0,4.0,0,0,0,,0,3.0,0,8.0,0.0,0,0,0,0,0,,0,,,,,4.619565217391305,,2.6666666666666665,
Calvin Smith Jr.,RB,2025,college_data,75.0,413.0,5.0,0,0,0,,0,2.0,0,14.0,0.0,0,0,0,0,0,,0,,,,,5.506666666666667,,7.0,
Cam Akers,RB,2020,nflreadpy,191.0,846.0,4.0,13,13,13,-2.087423085665462,13,14.0,13,174.0,1.0,13,13,13,13,13,0.8726130159464037,13,3.830088635644191,1.0,1.0,13.0,4.429319371727749,65.07692307692308,12.428571428571429,13.384615384615385
Cam Akers,RB,2021,nflreadpy,72.0,175.0,0.0,2,2,6,-6.623817309001362,0,11.0,13,86.0,0.0,0,0,57,64,4,0.22308468086412175,0,0.46784511784511784,0.08240079365079364,0.05461222058767552,5.0,2.4305555555555554,35.0,7.818181818181818,17.2
Cam Akers,RB,2022,nflreadpy,188.0,786.0,7.0,2,2,39,-0.883145030620896,0,13.0,18,117.0,0.0,0,0,34,136,8,0.41208708513224296,0,-3.5469135802469136,0.045622374475315655,0.0018371423719074416,15.0,4.180851063829787,52.4,9.0,7.8
Cam Akers,RB,2023,nflreadpy,60.0,167.0,2.0,0,0,12,-0.6839834163876128,0,11.0,12,70.0,0.0,0,0,-13,78,2,0.20787301579063447,0,-0.611111111111111,0.053259456799234696,-0.008834226684631002,7.0,2.783333333333333,23.857142857142858,6.363636363636363,10.0
Cam Akers,RB,2024,nflreadpy,109.0,483.0,2.0,1,1,22,-1.1795927332932479,0,14.0,18,68.0,3.0,0,0,-27,83,4,-0.11357650341276765,0,-0.7575295075295075,0.02919091513147488,-0.005439019919196035,17.0,4.431192660550459,28.41176470588235,4.857142857142857,4.0
Cam Barfield,RB,2024,college_data,33.0,158.0,0.0,0,0,0,,0,7.0,0,55.0,0.0,0,0,0,0,0,,0,,,,,4.787878787878788,,7.857142857142857,
Cam Barfield,RB,2025,college_data,80.0,371.0,4.0,0,0,0,,0,27.0,0,257.0,3.0,0,0,0,0,0,,0,,,,,4.6375,,9.518518518518519,
Cam Bland,RB,2025,college_data,39.0,145.0,1.0,0,0,0,,0,10.0,0,45.0,0.0,0,0,0,0,0,,0,,,,,3.717948717948718,,4.5,
Cam Cook,RB,2024,college_data,119.0,460.0,9.0,0,0,0,,0,18.0,0,75.0,0.0,0,0,0,0,0,,0,,,,,3.865546218487395,,4.166666666666667,
Cam Cook,RB,2025,college_data,296.0,1666.0,16.0,0,0,0,,0,30.0,0,286.0,0.0,0,0,0,0,0,,0,,,,,5.628378378378378,,9.533333333333333,
Cam Davis,RB,2024,college_data,14.0,76.0,0.0,0,0,0,,0,4.0,0,6.0,0.0,0,0,0,0,0,,0,,,,,5.428571428571429,,1.5,
Cam Porter,RB,2024,college_data,126.0,501.0,6.0,0,0,0,,0,23.0,0,174.0,0.0,0,0,0,0,0,,0,,,,,3.9761904761904763,,7.565217391304348,
Cam Porter,RB,2025,college_data,18.0,137.0,1.0,0,0,0,,0,3.0,0,23.0,0.0,0,0,0,0,0,,0,,,,,7.611111111111111,,7.666666666666667,
Cam Settles,RB,2025,college_data,6.0,16.0,0.0,0,0,0,,0,2.0,0,16.0,0.0,0,0,0,0,0,,0,,,,,2.6666666666666665,,8.0,
Cam Skattebo,RB,2025,nflreadpy,101.0,410.0,5.0,1,1,27,-1.5121033314422825,1,24.0,32,207.0,2.0,0,0,-5,209,11,0.4197944742409163,0,2.4361678762414054,0.12916302447552447,-0.006867460464103128,8.0,4.0594059405940595,51.25,8.625,25.875
Cam Skattebo,RB,2026,nflreadpy,68.0,235.0,1.0,2,0,13,-2.8727356277653033,0,8.0,9,67.0,0.0,1,0,32,39,3,0.44326373585499823,0,0.14215686274509812,0.08748973727422003,0.06107347277673745,4.0,3.4558823529411766,58.75,8.375,16.75
Cam Wallace,RB,2025,college_data,6.0,23.0,0.0,0,0,0,,0,1.0,0,12.0,0.0,0,0,0,0,0,,0,,,,,3.8333333333333335,,12.0,
Cam Young,RB,2025,college_data,33.0,136.0,2.0,0,0,0,,0,3.0,0,16.0,0.0,0,0,0,0,0,,0,,,,,4.121212121212121,,5.333333333333333,
Cam'Ron Valdez,RB,2024,college_data,9.0,40.0,0.0,0,0,0,,0,1.0,0,1.0,0.0,0,0,0,0,0,,0,,,,,4.444444444444445,,1.0,
Cameren Smith,RB,2024,college_data,184.0,790.0,7.0,0,0,0,,0,33.0,0,306.0,5.0,0,0,0,0,0,,0,,,,,4.293478260869565,,9.272727272727273,
Cameren Smith,RB,2025,college_data,62.0,220.0,0.0,0,0,0,,0,11.0,0,57.0,0.0,0,0,0,0,0,,0,,,,,3.5483870967741935,,5.181818181818182,
Cameron Artis-Payne,RB,2018,nflreadpy,19.0,69.0,1.0,0,0,8,-0.10014369868440554,0,3.0,4,15.0,0.0,0,0,-5,15,1,-0.586912250961177,0,-1.3,0.025757575757575757,-0.002834467120181406,4.0,3.6315789473684212,17.25,5.0,3.75
Cameron Davis,RB,2024,college_data,44.0,190.0,0.0,0,0,0,,0,14.0,0,156.0,0.0,0,0,0,0,0,,0,,,,,4.318181818181818,,11.142857142857142,
Cameron Davis,RB,2025,college_data,35.0,111.0,2.0,0,0,0,,0,18.0,0,119.0,0.0,0,0,0,0,0,,0,,,,,3.1714285714285713,,6.611111111111111,
Cameron Dickey,RB,2024,college_data,40.0,224.0,1.0,0,0,0,,0,9.0,0,47.0,1.0,0,0,0,0,0,,0,,,,,5.6,,5.222222222222222,
Cameron Dickey,RB,2025,college_data,211.0,1138.0,14.0,0,0,0,,0,24.0,0,217.0,2.0,0,0,0,0,0,,0,,,,,5.393364928909953,,9.041666666666666,
Cameron Pettaway,RB,2025,college_data,72.0,365.0,0.0,0,0,0,,0,8.0,0,139.0,2.0,0,0,0,0,0,,0,,,,,5.069444444444445,,17.375,
Cameron Price,RB,2025,college_data,7.0,17.0,1.0,0,0,0,,0,1.0,0,18.0,0.0,0,0,0,0,0,,0,,,,,2.4285714285714284,,18.0,
Cameron Skattebo,RB,2024,college_data,293.0,1715.0,21.0,0,0,0,,0,45.0,0,605.0,3.0,0,0,0,0,0,,0,,,,,5.853242320819112,,13.444444444444445,
Camryn Edwards,RB,2024,college_data,146.0,830.0,8.0,0,0,0,,0,13.0,0,148.0,2.0,0,0,0,0,0,,0,,,,,5.684931506849315,,11.384615384615385,
Camryn Edwards,RB,2025,college_data,210.0,1240.0,15.0,0,0,0,,0,19.0,0,186.0,1.0,0,0,0,0,0,,0,,,,,5.904761904761905,,9.789473684210526,
Camury Reid,RB,2025,college_data,49.0,134.0,4.0,0,0,0,,0,10.0,0,174.0,3.0,0,0,0,0,0,,0,,,,,2.7346938775510203,,17.4,
Carlos Hyde,RB,2018,nflreadpy,172.0,571.0,5.0,2,1,27,-3.004819104226794,0,10.0,16,33.0,0.0,0,0,-13,59,0,-0.8261205319949012,0,-0.37744107744107747,0.033192479932806364,-0.005563501998248498,14.0,3.3197674418604652,40.785714285714285,3.3,2.357142857142857
Carlos Hyde,RB,2019,nflreadpy,274.0,1162.0,6.0,6,4,57,-1.1564312238446695,2,14.0,18,65.0,1.0,2,2,24,53,4,-1.306347192915079,2,-1.4166666666666667,0.13712993286327071,0.11490711110609325,18.0,4.240875912408759,64.55555555555556,4.642857142857143,3.611111111111111
Carlos Hyde,RB,2020,nflreadpy,85.0,361.0,4.0,11,11,11,-0.08113281334853774,11,16.0,11,93.0,0.0,11,11,11,11,11,-0.11831148443653838,11,-0.69390589569161,1.0,1.0,11.0,4.247058823529412,32.81818181818182,5.8125,8.454545454545455
Carlos Hyde,RB,2021,nflreadpy,72.0,253.0,1.0,11,11,11,-2.504209601742332,11,12.0,11,65.0,0.0,11,11,11,11,11,-0.7299272451847274,11,-2.9461538461538463,1.0,1.0,11.0,3.513888888888889,23.0,5.416666666666667,5.909090909090909
Carlos Matheney,RB,2025,college_data,15.0,75.0,0.0,0,0,0,,0,6.0,0,32.0,0.0,0,0,0,0,0,,0,,,,,5.0,,5.333333333333333,
Carson Dunn,RB,2024,college_data,7.0,24.0,0.0,0,0,0,,0,1.0,0,3.0,0.0,0,0,0,0,0,,0,,,,,3.4285714285714284,,3.0,
Carson Fletcher,RB,2025,college_data,90.0,478.0,1.0,0,0,0,,0,7.0,0,104.0,0.0,0,0,0,0,0,,0,,,,,5.311111111111111,,14.857142857142858,
Carson Gresock,RB,2024,college_data,83.0,383.0,10.0,0,0,0,,0,6.0,0,83.0,0.0,0,0,0,0,0,,0,,,,,4.614457831325301,,13.833333333333334,
Carson Gresock,RB,2025,college_data,120.0,798.0,14.0,0,0,0,,0,3.0,0,40.0,0.0,0,0,0,0,0,,0,,,,,6.65,,13.333333333333334,
Carson Hansen,RB,2024,college_data,151.0,752.0,13.0,0,0,0,,0,13.0,0,88.0,2.0,0,0,0,0,0,,0,,,,,4.9801324503311255,,6.769230769230769,
Carson Hansen,RB,2025,college_data,187.0,950.0,6.0,0,0,0,,0,19.0,0,134.0,0.0,0,0,0,0,0,,0,,,,,5.080213903743315,,7.052631578947368,
Carson Steele,RB,2024,nflreadpy,56.0,183.0,0.0,3,2,14,-0.998634205227877,0,7.0,11,26.0,0.0,0,0,-17,43,0,-0.4837480179267004,0,-1.3666666666666667,0.030517732320388867,-0.007773541396433579,13.0,3.267857142857143,14.076923076923077,3.7142857142857144,2.0
Carson Sudbury,RB,2025,college_data,49.0,222.0,4.0,0,0,0,,0,8.0,0,39.0,0.0,0,0,0,0,0,,0,,,,,4.530612244897959,,4.875,
Carter James,RB,2024,college_data,76.0,238.0,1.0,0,0,0,,0,21.0,0,129.0,2.0,0,0,0,0,0,,0,,,,,3.1315789473684212,,6.142857142857143,
Carter James,RB,2025,college_data,81.0,360.0,4.0,0,0,0,,0,19.0,0,129.0,2.0,0,0,0,0,0,,0,,,,,4.444444444444445,,6.7894736842105265,
Carter Vargas,RB,2025,college_data,67.0,445.0,5.0,0,0,0,,0,10.0,0,177.0,2.0,0,0,0,0,0,,0,,,,,6.641791044776119,,17.7,
Cartevious Norton,RB,2024,college_data,129.0,525.0,7.0,0,0,0,,0,2.0,0,13.0,0.0,0,0,0,0,0,,0,,,,,4.069767441860465,,6.5,
Cartevious Norton,RB,2025,college_data,32.0,166.0,2.0,0,0,0,,0,2.0,0,27.0,0.0,0,0,0,0,0,,0,,,,,5.1875,,13.5,
Cash Jones,RB,2024,college_data,14.0,27.0,1.0,0,0,0,,0,24.0,0,275.0,4.0,0,0,0,0,0,,0,,,,,1.9285714285714286,,11.458333333333334,
Cash Jones,RB,2025,college_data,13.0,15.0,0.0,0,0,0,,0,20.0,0,195.0,1.0,0,0,0,0,0,,0,,,,,1.1538461538461537,,9.75,
Cayden Betts,RB,2024,college_data,32.0,124.0,0.0,0,0,0,,0,1.0,0,10.0,0.0,0,0,0,0,0,,0,,,,,3.875,,10.0,
Cayden Betts,RB,2025,college_data,103.0,534.0,4.0,0,0,0,,0,5.0,0,53.0,1.0,0,0,0,0,0,,0,,,,,5.184466019417476,,10.6,
Cedric Hawkins,RB,2025,college_data,4.0,23.0,0.0,0,0,0,,0,1.0,0,3.0,0.0,0,0,0,0,0,,0,,,,,5.75,,3.0,
Chad Alexander,RB,2024,college_data,58.0,280.0,1.0,0,0,0,,0,5.0,0,22.0,0.0,0,0,0,0,0,,0,,,,,4.827586206896552,,4.4,
Chad Alexander,RB,2025,college_data,2.0,3.0,0.0,0,0,0,,0,2.0,0,-2.0,0.0,0,0,0,0,0,,0,,,,,1.5,,-1.0,
Chad Elzy Jr,RB,2025,college_data,11.0,58.0,1.0,0,0,0,,0,2.0,0,13.0,0.0,0,0,0,0,0,,0,,,,,5.2727272727272725,,6.5,
Champ Dozier,RB,2024,college_data,50.0,234.0,3.0,0,0,0,,0,24.0,0,189.0,1.0,0,0,0,0,0,,0,,,,,4.68,,7.875,
Chance Arthur,RB,2025,college_data,5.0,23.0,0.0,0,0,0,,0,1.0,0,9.0,0.0,0,0,0,0,0,,0,,,,,4.6,,9.0,
Chance Harris,RB,2024,college_data,72.0,199.0,2.0,0,0,0,,0,5.0,0,28.0,0.0,0,0,0,0,0,,0,,,,,2.763888888888889,,5.6,
Chandler Chapman,RB,2025,college_data,78.0,465.0,6.0,0,0,0,,0,11.0,0,49.0,0.0,0,0,0,0,0,,0,,,,,5.961538461538462,,4.454545454545454,
Chandler Pittman,RB,2024,college_data,2.0,7.0,0.0,0,0,0,,0,8.0,0,51.0,0.0,0,0,0,0,0,,0,,,,,3.5,,6.375,
Chapman McKown,RB,2025,college_data,46.0,226.0,1.0,0,0,0,,0,9.0,0,33.0,0.0,0,0,0,0,0,,0,,,,,4.913043478260869,,3.6666666666666665,
CharMar Brown,RB,2024,college_data,244.0,1181.0,15.0,0,0,0,,0,6.0,0,57.0,0.0,0,0,0,0,0,,0,,,,,4.840163934426229,,9.5,
CharMar Brown,RB,2025,college_data,122.0,460.0,7.0,0,0,0,,0,20.0,0,138.0,2.0,0,0,0,0,0,,0,,,,,3.7704918032786887,,6.9,
Charcandrick West,RB,2018,nflreadpy,2.0,-1.0,0.0,0,0,1,-0.494402709096903,0,2.0,3,37.0,1.0,0,0,16,25,2,3.387153221294284,0,2.3125,0.025641025641025644,0.01350210970464135,3.0,-0.5,-0.3333333333333333,18.5,12.333333333333334
Charles Kellom,RB,2024,college_data,85.0,358.0,1.0,0,0,0,,0,27.0,0,210.0,2.0,0,0,0,0,0,,0,,,,,4.211764705882353,,7.777777777777778,
Charles Kellom,RB,2025,college_data,192.0,716.0,3.0,0,0,0,,0,18.0,0,92.0,0.0,0,0,0,0,0,,0,,,,,3.7291666666666665,,5.111111111111111,
Charles Langama,RB,2025,college_data,16.0,86.0,1.0,0,0,0,,0,2.0,0,12.0,0.0,0,0,0,0,0,,0,,,,,5.375,,6.0,
Charles Pierre Jr.,RB,2024,college_data,164.0,1226.0,16.0,0,0,0,,0,19.0,0,190.0,2.0,0,0,0,0,0,,0,,,,,7.475609756097561,,10.0,
Charles Pierre Jr.,RB,2025,college_data,13.0,49.0,0.0,0,0,0,,0,4.0,0,37.0,0.0,0,0,0,0,0,,0,,,,,3.769230769230769,,9.25,
Charleston French,RB,2024,college_data,10.0,84.0,1.0,0,0,0,,0,1.0,0,2.0,0.0,0,0,0,0,0,,0,,,,,8.4,,2.0,
Charleston French,RB,2025,college_data,1.0,3.0,0.0,0,0,0,,0,1.0,0,1.0,0.0,0,0,0,0,0,,0,,,,,3.0,,1.0,
Charlie Offerdahl,RB,2024,college_data,26.0,119.0,1.0,0,0,0,,0,4.0,0,13.0,0.0,0,0,0,0,0,,0,,,,,4.576923076923077,,3.25,
Charlie Spegal,RB,2025,college_data,66.0,210.0,1.0,0,0,0,,0,3.0,0,21.0,0.0,0,0,0,0,0,,0,,,,,3.1818181818181817,,7.0,
Charlie Vincent,RB,2024,college_data,14.0,44.0,0.0,0,0,0,,0,2.0,0,9.0,0.0,0,0,0,0,0,,0,,,,,3.142857142857143,,4.5,
Chase Belcher,RB,2024,college_data,42.0,188.0,3.0,0,0,0,,0,10.0,0,137.0,0.0,0,0,0,0,0,,0,,,,,4.476190476190476,,13.7,
Chase Belcher,RB,2025,college_data,107.0,566.0,2.0,0,0,0,,0,13.0,0,194.0,2.0,0,0,0,0,0,,0,,,,,5.289719626168225,,14.923076923076923,
Chase Bingmon,RB,2024,college_data,18.0,128.0,0.0,0,0,0,,0,3.0,0,30.0,0.0,0,0,0,0,0,,0,,,,,7.111111111111111,,10.0,
Chase Bingmon,RB,2025,college_data,154.0,840.0,8.0,0,0,0,,0,18.0,0,130.0,0.0,0,0,0,0,0,,0,,,,,5.454545454545454,,7.222222222222222,
Chase Brown,RB,2023,nflreadpy,44.0,179.0,0.0,1,0,6,-1.126377019410162,0,14.0,15,156.0,1.0,0,0,-45,194,4,0.8044102789353929,0,-1.1490079365079366,0.03910670323304732,-0.025676898870528486,12.0,4.068181818181818,14.916666666666666,11.142857142857142,13.0
Chase Brown,RB,2024,nflreadpy,229.0,990.0,7.0,2,1,49,-0.30035204551712813,1,54.0,65,360.0,4.0,0,0,53,326,23,0.6545930196322718,0,1.5480053179543842,0.10730175554806319,0.00929976231586041,16.0,4.323144104803493,61.875,6.666666666666667,22.5
Chase Brown,RB,2025,nflreadpy,232.0,1019.0,6.0,1,0,52,-0.2494918034122572,0,69.0,88,437.0,5.0,1,0,46,450,18,-0.6075931456898495,1,-1.9900793650793653,0.14323767402726423,0.013669334886481947,17.0,4.392241379310345,59.94117647058823,6.333333333333333,25.705882352941178
Chase Brown,RB,2026,nflreadpy,58.0,207.0,1.0,0,0,10,-1.6640988299477613,0,21.0,24,103.0,0.0,0,0,-20,115,3,-1.6004194219349301,0,-0.2729166666666667,0.1498405336703285,-0.03160554299888528,4.0,3.5689655172413794,51.75,4.904761904761905,25.75
Chase Edmonds,RB,2018,nflreadpy,60.0,208.0,2.0,1,0,14,-0.40290121728503436,0,20.0,23,103.0,0.0,0,0,-11,121,5,-0.4450029974622238,0,0.3925925925925926,0.04702406721681121,-0.002486460298266717,16.0,3.466666666666667,13.0,5.15,6.4375
Chase Edmonds,RB,2019,nflreadpy,60.0,303.0,4.0,1,1,13,0.2656104015710298,1,12.0,22,105.0,1.0,1,1,6,106,6,-0.30403655375812405,1,-0.3492063492063493,0.14116531233466717,0.08649876068831129,12.0,5.05,25.25,8.75,8.75
Chase Edmonds,RB,2020,nflreadpy,97.0,448.0,1.0,16,16,16,-0.4474904742894862,16,53.0,16,402.0,4.0,16,16,16,16,16,0.567650611407398,16,2.40345193001443,1.0,1.0,16.0,4.618556701030927,28.0,7.584905660377358,25.125
Chase Edmonds,RB,2021,nflreadpy,124.0,620.0,2.0,9,9,22,0.6676503438901984,9,43.0,26,311.0,0.0,9,9,30,109,14,-0.39968735221118884,9,0.988353952692188,0.7263981916131238,0.6985099223154775,13.0,5.0,47.69230769230769,7.232558139534884,23.923076923076923
Chase Edmonds,RB,2022,nflreadpy,68.0,245.0,2.0,0,0,8,-1.2081516983565121,0,16.0,24,157.0,1.0,0,0,50,113,7,0.5059574326597328,0,2.128728461081402,0.05229936977017695,0.014322598057630255,13.0,3.6029411764705883,18.846153846153847,9.8125,12.076923076923077
Chase Edmonds,RB,2023,nflreadpy,60.0,207.0,0.0,0,0,9,-0.6572380760353821,0,17.0,21,107.0,0.0,0,0,-38,143,6,0.2034371604888954,0,0.9523809523809524,0.04198880168010381,-0.007593853376089941,15.0,3.45,13.8,6.294117647058823,7.133333333333334
Chase Garnett,RB,2025,college_data,8.0,81.0,0.0,0,0,0,,0,1.0,0,0.0,0.0,0,0,0,0,0,,0,,,,,10.125,,0.0,
Chase Gillespie,RB,2024,college_data,15.0,51.0,0.0,0,0,0,,0,1.0,0,6.0,0.0,0,0,0,0,0,,0,,,,,3.4,,6.0,
Chauncey Bowens,RB,2025,college_data,103.0,526.0,6.0,0,0,0,,0,14.0,0,82.0,0.0,0,0,0,0,0,,0,,,,,5.106796116504855,,5.857142857142857,
Chauncey Sylvester,RB,2025,college_data,60.0,305.0,4.0,0,0,0,,0,8.0,0,88.0,1.0,0,0,0,0,0,,0,,,,,5.083333333333333,,11.0,
Chaunzavia Lewis,RB,2024,college_data,21.0,84.0,2.0,0,0,0,,0,4.0,0,7.0,0.0,0,0,0,0,0,,0,,,,,4.0,,1.75,
Chavon Wright,RB,2025,college_data,196.0,875.0,5.0,0,0,0,,0,8.0,0,16.0,0.0,0,0,0,0,0,,0,,,,,4.464285714285714,,2.0,
Chez Mellusi,RB,2024,college_data,56.0,232.0,3.0,0,0,0,,0,6.0,0,17.0,0.0,0,0,0,0,0,,0,,,,,4.142857142857143,,2.8333333333333335,
Chris Brooks,RB,2024,nflreadpy,36.0,183.0,1.0,0,0,12,0.47882587546024996,0,13.0,16,78.0,0.0,0,0,-33,113,2,-0.43373651124918366,0,0.4413580246913581,0.04884024893828815,-0.015270723999719115,12.0,5.083333333333333,15.25,6.0,6.5
Chris Brooks,RB,2025,nflreadpy,28.0,122.0,0.0,0,0,6,-0.5199822530507137,0,14.0,18,102.0,0.0,0,0,10,113,3,-0.1256641527819741,0,2.108677685950413,0.03534287694426923,0.0021810926830758155,18.0,4.357142857142857,6.777777777777778,7.285714285714286,5.666666666666667
Chris Brooks,RB,2026,nflreadpy,15.0,70.0,0.0,0,0,2,-0.3180600031434248,0,3.0,5,24.0,0.0,0,0,-7,27,1,0.12146144230791833,0,-2.25,0.036726673427991886,-0.003825282764577156,4.0,4.666666666666667,17.5,8.0,6.0
Chris Carson,RB,2018,nflreadpy,260.0,1171.0,9.0,3,2,61,-0.3770516440767019,1,22.0,27,162.0,0.0,0,0,-6,169,7,0.14214469479047692,0,-4.235,0.07428108893743568,-0.002083344434024507,15.0,4.503846153846154,78.06666666666666,7.363636363636363,10.8
Chris Carson,RB,2019,nflreadpy,278.0,1230.0,7.0,6,3,75,-1.7056067107785549,0,37.0,47,266.0,2.0,1,1,-48,317,10,0.31842979087571927,0,4.259033189033189,0.1124409513748149,-0.015191540898338808,15.0,4.424460431654676,82.0,7.1891891891891895,17.733333333333334
Chris Carson,RB,2020,nflreadpy,157.0,758.0,5.0,13,13,13,1.19851724282881,13,38.0,13,292.0,4.0,13,13,13,13,13,-1.1969711564060965,13,2.414499748617396,1.0,1.0,13.0,4.828025477707007,58.30769230769231,7.684210526315789,22.46153846153846
Chris Carson,RB,2021,nflreadpy,54.0,232.0,3.0,4,4,4,-0.44271806176402606,4,6.0,4,29.0,0.0,4,4,4,4,4,-0.16258008393924683,4,-3.0888888888888886,1.0,1.0,4.0,4.296296296296297,58.0,4.833333333333333,7.25
Chris Collier,RB,2024,nflreadpy,5.0,12.0,0.0,0,0,0,-1.5023597309482284,0,1.0,2,-4.0,0.0,0,0,-5,1,0,-1.598184967180714,0,0.8,0.00980392156862745,-0.0027144408251900108,6.0,2.4,2.0,-4.0,-0.6666666666666666
Chris Davis Jr.,RB,2024,college_data,54.0,288.0,0.0,0,0,0,,0,3.0,0,11.0,0.0,0,0,0,0,0,,0,,,,,5.333333333333333,,3.6666666666666665,
Chris Evans,RB,2021,nflreadpy,19.0,90.0,0.0,7,7,9,0.15294689510483295,7,16.0,15,154.0,2.0,7,7,33,41,9,1.1262688378266108,7,3.246556776556777,0.5580583833957147,0.5449310162549671,13.0,4.7368421052631575,6.923076923076923,9.625,11.846153846153847
Chris Evans,RB,2023,nflreadpy,2.0,12.0,0.0,0,0,0,-0.6515378241892904,0,1.0,1,-1.0,0.0,0,0,-1,0,0,-1.3476241859607399,0,1.0,0.01075268817204301,-0.0014124293785310734,3.0,6.0,4.0,-1.0,-0.3333333333333333
Chris Franklin,RB,2024,college_data,14.0,87.0,1.0,0,0,0,,0,1.0,0,3.0,0.0,0,0,0,0,0,,0,,,,,6.214285714285714,,3.0,
Chris Franklin,RB,2025,college_data,89.0,450.0,3.0,0,0,0,,0,16.0,0,96.0,0.0,0,0,0,0,0,,0,,,,,5.056179775280899,,6.0,
Chris Gee,RB,2024,college_data,72.0,399.0,2.0,0,0,0,,0,10.0,0,67.0,0.0,0,0,0,0,0,,0,,,,,5.541666666666667,,6.7,
Chris Howell,RB,2025,college_data,30.0,109.0,1.0,0,0,0,,0,1.0,0,32.0,0.0,0,0,0,0,0,,0,,,,,3.6333333333333333,,32.0,
Chris Ivory,RB,2018,nflreadpy,115.0,385.0,1.0,1,0,25,-1.4375493042126226,0,12.0,20,175.0,0.0,0,0,-2,169,6,1.2205400900893437,0,0.0984848484848485,0.049726446596343406,0.003307980399665683,13.0,3.347826086956522,29.615384615384617,14.583333333333334,13.461538461538462
Chris Johnson Jr.,RB,2024,college_data,6.0,31.0,0.0,0,0,0,,0,8.0,0,72.0,2.0,0,0,0,0,0,,0,,,,,5.166666666666667,,9.0,
Chris Johnson Jr.,RB,2025,college_data,67.0,479.0,4.0,0,0,0,,0,17.0,0,180.0,1.0,0,0,0,0,0,,0,,,,,7.149253731343284,,10.588235294117647,
Chris McMillian,RB,2025,college_data,84.0,342.0,3.0,0,0,0,,0,2.0,0,6.0,0.0,0,0,0,0,0,,0,,,,,4.071428571428571,,3.0,
Chris Mosley,RB,2024,college_data,25.0,252.0,3.0,0,0,0,,0,1.0,0,12.0,1.0,0,0,0,0,0,,0,,,,,10.08,,12.0,
Chris Mosley,RB,2025,college_data,188.0,1020.0,8.0,0,0,0,,0,30.0,0,324.0,2.0,0,0,0,0,0,,0,,,,,5.425531914893617,,10.8,
Chris Rodriguez Jr.,RB,2023,nflreadpy,51.0,247.0,2.0,1,1,14,-0.43552002553406055,0,2.0,2,12.0,0.0,0,0,-7,19,1,0.22716501960530877,0,-2.25,0.006117724867724867,-0.0029985890109973583,9.0,4.8431372549019605,27.444444444444443,6.0,1.3333333333333333
Chris Rodriguez Jr.,RB,2024,nflreadpy,35.0,173.0,2.0,0,0,10,1.3233754015770198,0,1.0,1,12.0,0.0,0,0,1,11,1,1.138391637650784,0,12.0,0.004081632653061224,0.0005558643690939411,7.0,4.942857142857143,24.714285714285715,12.0,1.7142857142857142
Chris Rodriguez Jr.,RB,2025,nflreadpy,112.0,500.0,6.0,0,0,32,0.5164596473478014,0,3.0,4,30.0,0.0,0,0,16,26,1,-0.8250125992199173,0,5.0,0.013278046649190025,0.00348096929720035,12.0,4.464285714285714,41.666666666666664,10.0,2.5
Chris Street,RB,2024,college_data,64.0,185.0,1.0,0,0,0,,0,17.0,0,136.0,2.0,0,0,0,0,0,,0,,,,,2.890625,,8.0,
Chris Street,RB,2025,college_data,54.0,213.0,1.0,0,0,0,,0,14.0,0,70.0,1.0,0,0,0,0,0,,0,,,,,3.9444444444444446,,5.0,
Chris Thompson,RB,2018,nflreadpy,43.0,178.0,0.0,1,0,9,-0.9594295861970743,0,41.0,55,268.0,1.0,0,0,80,219,12,-0.3159716605371149,0,-1.568913752913753,0.17800297436330226,0.03090546853774954,10.0,4.1395348837209305,17.8,6.536585365853658,26.8
Chris Thompson,RB,2019,nflreadpy,37.0,138.0,0.0,0,0,7,-0.8025625438539363,0,42.0,58,378.0,0.0,1,0,101,337,16,-0.2324397984188183,0,1.946192217743942,0.16730437021134695,0.03945507083029388,11.0,3.72972972972973,12.545454545454545,9.0,34.36363636363637
Chris Thompson,RB,2020,nflreadpy,7.0,20.0,0.0,6,6,6,-0.4230136177066015,6,20.0,6,146.0,1.0,6,6,6,6,6,-0.09057981809728277,6,3.673123781676413,1.0,1.0,6.0,2.857142857142857,3.3333333333333335,7.3,24.333333333333332
Chris Watkins,RB,2024,college_data,38.0,185.0,2.0,0,0,0,,0,19.0,0,109.0,0.0,0,0,0,0,0,,0,,,,,4.868421052631579,,5.7368421052631575,
Christian Benson,RB,2024,college_data,4.0,7.0,0.0,0,0,0,,0,1.0,0,2.0,0.0,0,0,0,0,0,,0,,,,,1.75,,2.0,
Christian Clark,RB,2025,college_data,55.0,236.0,2.0,0,0,0,,0,4.0,0,57.0,0.0,0,0,0,0,0,,0,,,,,4.290909090909091,,14.25,
Christian Collins,RB,2025,college_data,15.0,70.0,0.0,0,0,0,,0,2.0,0,14.0,0.0,0,0,0,0,0,,0,,,,,4.666666666666667,,7.0,
Christian Davis,RB,2024,college_data,11.0,11.0,0.0,0,0,0,,0,1.0,0,3.0,0.0,0,0,0,0,0,,0,,,,,1.0,,3.0,
Christian Francisco,RB,2024,college_data,19.0,78.0,0.0,0,0,0,,0,8.0,0,62.0,1.0,0,0,0,0,0,,0,,,,,4.105263157894737,,7.75,
Christian Grubb,RB,2024,college_data,20.0,114.0,1.0,0,0,0,,0,1.0,0,6.0,0.0,0,0,0,0,0,,0,,,,,5.7,,6.0,
Christian Lynch,RB,2025,college_data,23.0,91.0,1.0,0,0,0,,0,4.0,0,17.0,0.0,0,0,0,0,0,,0,,,,,3.9565217391304346,,4.25,
Christian McCaffrey,RB,2018,nflreadpy,219.0,1098.0,7.0,2,1,53,0.46587826731763843,0,107.0,124,867.0,6.0,2,0,84,859,41,2.08437294237768,0,-5.862951776905265,0.22733826658333783,0.02500809545766165,16.0,5.013698630136986,68.625,8.102803738317757,54.1875
Christian McCaffrey,RB,2019,nflreadpy,287.0,1387.0,15.0,2,1,56,-0.8907478893071756,2,116.0,133,1005.0,4.0,1,1,92,925,57,3.1551879122846858,1,-2.3631717595090462,0.283884291676905,0.08236503191764442,16.0,4.832752613240418,86.6875,8.663793103448276,62.8125
Christian McCaffrey,RB,2020,nflreadpy,59.0,225.0,5.0,3,3,3,1.3112105502633462,3,17.0,3,149.0,1.0,3,3,3,3,3,2.970571761523994,3,14.075757575757576,1.0,1.0,3.0,3.8135593220338984,75.0,8.764705882352942,49.666666666666664
Christian McCaffrey,RB,2021,nflreadpy,99.0,442.0,1.0,7,7,7,0.2540094662465882,7,37.0,7,343.0,1.0,7,7,7,7,7,3.011914338326148,7,4.370800627943486,1.0,1.0,7.0,4.4646464646464645,63.142857142857146,9.27027027027027,49.0
Christian McCaffrey,RB,2022,nflreadpy,284.0,1377.0,10.0,1,0,73,0.347251422485115,0,97.0,122,802.0,6.0,0,0,152,756,40,1.0350616252554699,0,0.6672850529100529,0.21675020945040346,-0.0011188718270423934,20.0,4.848591549295775,68.85,8.268041237113403,40.1
Christian McCaffrey,RB,2023,nflreadpy,331.0,1727.0,18.0,3,3,98,0.6342613912650115,0,86.0,108,716.0,8.0,1,0,191,603,36,0.4099995667891592,0,-2.793919170720187,0.19482913003357116,0.03941630945267747,19.0,5.217522658610272,90.89473684210526,8.325581395348838,37.68421052631579
Christian McCaffrey,RB,2024,nflreadpy,50.0,202.0,0.0,0,0,12,-0.7229573893928318,0,15.0,19,146.0,0.0,1,1,60,98,6,-1.445368578165875,0,1.2532094594594596,0.17869263089851325,0.06499561842470034,4.0,4.04,50.5,9.733333333333333,36.5
Christian McCaffrey,RB,2025,nflreadpy,337.0,1285.0,10.0,1,0,73,-1.3665052990585,0,113.0,143,1029.0,9.0,1,0,397,786,55,2.5015360134534044,0,5.476944312996944,0.23468463013864546,0.08218161184039548,19.0,3.8130563798219583,67.63157894736842,9.106194690265486,54.1578947368421
Christian McCaffrey,RB,2026,nflreadpy,35.0,166.0,3.0,0,0,8,0.598221394214003,0,13.0,17,104.0,0.0,0,0,40,86,7,1.0123714456818638,0,-0.4921085858585859,0.20602600014364722,0.04994014011271921,3.0,4.742857142857143,55.333333333333336,8.0,34.666666666666664
Christian Vann,RB,2024,college_data,17.0,55.0,0.0,0,0,0,,0,3.0,0,15.0,0.0,0,0,0,0,0,,0,,,,,3.235294117647059,,5.0,
Christian Vaughn,RB,2025,college_data,19.0,97.0,0.0,0,0,0,,0,1.0,0,5.0,0.0,0,0,0,0,0,,0,,,,,5.105263157894737,,5.0,
Christian Washington,RB,2024,college_data,102.0,537.0,5.0,0,0,0,,0,4.0,0,36.0,0.0,0,0,0,0,0,,0,,,,,5.264705882352941,,9.0,
Christian Washington,RB,2025,college_data,97.0,560.0,4.0,0,0,0,,0,7.0,0,45.0,1.0,0,0,0,0,0,,0,,,,,5.77319587628866,,6.428571428571429,
Christopher Frew,RB,2024,college_data,45.0,260.0,1.0,0,0,0,,0,2.0,0,15.0,0.0,0,0,0,0,0,,0,,,,,5.777777777777778,,7.5,
Christopher Frew,RB,2025,college_data,57.0,285.0,2.0,0,0,0,,0,7.0,0,52.0,0.0,0,0,0,0,0,,0,,,,,5.0,,7.428571428571429,
Chuba Hubbard,RB,2021,nflreadpy,172.0,612.0,5.0,12,12,22,-1.5971626762126108,12,25.0,20,174.0,1.0,12,12,-9,48,15,-0.7304988926928385,12,0.7311791383219955,0.7665824566260613,0.7418471653077828,16.0,3.558139534883721,38.25,6.96,10.875
Chuba Hubbard,RB,2022,nflreadpy,95.0,466.0,2.0,0,0,23,0.14943204985575778,0,14.0,17,171.0,0.0,0,0,9,166,5,0.25267637198864223,0,19.0,0.055916314666011484,-0.005377799753442928,14.0,4.905263157894737,33.285714285714285,12.214285714285714,12.214285714285714
Chuba Hubbard,RB,2023,nflreadpy,238.0,902.0,5.0,0,0,59,-1.2656449674616694,0,39.0,44,233.0,0.0,1,0,-34,269,9,-0.6712665512313833,0,0.8126984126984127,0.0854432136235469,-0.010716723882864659,17.0,3.7899159663865545,53.05882352941177,5.9743589743589745,13.705882352941176
Chuba Hubbard,RB,2024,nflreadpy,250.0,1195.0,10.0,1,1,62,0.7166584964278963,1,43.0,54,171.0,1.0,3,2,-65,245,10,-1.8536696589386945,0,-0.6222730972730973,0.11949811683145016,-0.02732497275576321,15.0,4.78,79.66666666666667,3.9767441860465116,11.4
Chuba Hubbard,RB,2025,nflreadpy,147.0,557.0,3.0,1,1,35,-0.9359478040002441,0,32.0,43,236.0,3.0,0,0,-42,311,13,0.09178946731773396,0,-1.1643343635531136,0.08947491333825763,-0.03313306054870747,16.0,3.7891156462585034,34.8125,7.375,14.75
Chuba Hubbard,RB,2026,nflreadpy,41.0,184.0,1.0,0,0,9,-0.6000945997705373,0,9.0,9,77.0,2.0,0,0,-18,95,4,3.396669328697802,0,-1.5833333333333333,0.08199112978524743,-0.014821481712672294,3.0,4.487804878048781,61.333333333333336,8.555555555555555,25.666666666666668
Clarence Butler,RB,2024,college_data,22.0,141.0,0.0,0,0,0,,0,4.0,0,25.0,0.0,0,0,0,0,0,,0,,,,,6.409090909090909,,6.25,
Clarence Butler,RB,2025,college_data,28.0,121.0,1.0,0,0,0,,0,10.0,0,83.0,0.0,0,0,0,0,0,,0,,,,,4.321428571428571,,8.3,
Clay Ash,RB,2025,college_data,43.0,131.0,0.0,0,0,0,,0,10.0,0,59.0,0.0,0,0,0,0,0,,0,,,,,3.046511627906977,,5.9,
Clay Thevenin,RB,2025,college_data,131.0,634.0,8.0,0,0,0,,0,33.0,0,269.0,0.0,0,0,0,0,0,,0,,,,,4.8396946564885495,,8.151515151515152,
Clyde Edwards-Helaire,RB,2020,nflreadpy,196.0,874.0,5.0,15,15,15,-0.5557885083378075,15,39.0,15,320.0,1.0,15,15,15,15,15,0.02702003565144621,15,0.8047979797979797,1.0,1.0,15.0,4.459183673469388,58.266666666666666,8.205128205128204,21.333333333333332
Clyde Edwards-Helaire,RB,2021,nflreadpy,132.0,613.0,4.0,8,8,14,-0.520517889255037,8,21.0,17,142.0,2.0,8,8,0,46,9,-0.19385872127056294,9,-0.9670995670995672,0.6854203957652234,0.6645741731061858,12.0,4.643939393939394,51.083333333333336,6.761904761904762,11.833333333333334
Clyde Edwards-Helaire,RB,2022,nflreadpy,71.0,302.0,3.0,0,0,15,0.22188025465422673,0,17.0,23,151.0,3.0,0,0,10,144,11,1.2787013956221926,0,-6.691666666666666,0.06189595982764863,0.0011579981979877158,10.0,4.253521126760563,30.2,8.882352941176471,15.1
Clyde Edwards-Helaire,RB,2023,nflreadpy,81.0,276.0,1.0,1,1,15,-0.9301576124684958,0,21.0,26,195.0,1.0,0,0,-66,247,8,0.23032462935550632,0,-2.7560606060606063,0.03933773361375972,-0.01723699619499459,19.0,3.4074074074074074,14.526315789473685,9.285714285714286,10.263157894736842
Clyde Edwards-Helaire,RB,2024,nflreadpy,13.0,46.0,0.0,0,0,2,-0.9794865543371998,0,3.0,5,24.0,0.0,0,0,-4,35,1,0.2410598095448222,0,-1.25,0.07164404223227752,-0.006993006993006993,2.0,3.5384615384615383,23.0,8.0,12.0
Clyde Edwards-Helaire,RB,2025,nflreadpy,7.0,13.0,0.0,0,0,1,-1.3301932719477918,0,2.0,2,9.0,0.0,0,0,-4,13,0,1.5574801142211072,0,-2.25,0.023255813953488372,-0.005698005698005698,2.0,1.8571428571428572,6.5,4.5,4.5
Clyde McClendon Jr.,RB,2025,college_data,39.0,161.0,1.0,0,0,0,,0,1.0,0,3.0,0.0,0,0,0,0,0,,0,,,,,4.128205128205129,,3.0,
Cody Schrader,RB,2024,nflreadpy,1.0,3.0,0.0,0,0,0,-0.3208925893995911,0,1.0,1,6.0,0.0,0,0,0,6,0,0.3972773446002975,0,0.0,0.0125,0.0,2.0,3.0,1.5,6.0,3.0
Colby McDonald,RB,2024,college_data,29.0,150.0,0.0,0,0,0,,0,2.0,0,16.0,0.0,0,0,0,0,0,,0,,,,,5.172413793103448,,8.0,
Cole Cabana,RB,2025,college_data,8.0,18.0,0.0,0,0,0,,0,2.0,0,2.0,0.0,0,0,0,0,0,,0,,,,,2.25,,1.0,
Cole Fulton,RB,2025,college_data,58.0,297.0,2.0,0,0,0,,0,7.0,0,51.0,0.0,0,0,0,0,0,,0,,,,,5.120689655172414,,7.285714285714286,
Cole Ruble,RB,2024,college_data,46.0,219.0,2.0,0,0,0,,0,11.0,0,111.0,0.0,0,0,0,0,0,,0,,,,,4.760869565217392,,10.090909090909092,
Cole Ruble,RB,2025,college_data,75.0,377.0,4.0,0,0,0,,0,14.0,0,97.0,1.0,0,0,0,0,0,,0,,,,,5.026666666666666,,6.928571428571429,
Cole Tabb,RB,2024,college_data,27.0,130.0,0.0,0,0,0,,0,2.0,0,9.0,0.0,0,0,0,0,0,,0,,,,,4.814814814814815,,4.5,
Cole Tabb,RB,2025,college_data,114.0,445.0,3.0,0,0,0,,0,4.0,0,22.0,0.0,0,0,0,0,0,,0,,,,,3.9035087719298245,,5.5,
Coleby Hamm,RB,2024,college_data,41.0,177.0,1.0,0,0,0,,0,2.0,0,12.0,0.0,0,0,0,0,0,,0,,,,,4.317073170731708,,6.0,
Coleby Hamm,RB,2025,college_data,116.0,635.0,5.0,0,0,0,,0,5.0,0,55.0,0.0,0,0,0,0,0,,0,,,,,5.474137931034483,,11.0,
Coleman Bennett,RB,2025,college_data,157.0,764.0,4.0,0,0,0,,0,27.0,0,314.0,3.0,0,0,0,0,0,,0,,,,,4.86624203821656,,11.62962962962963,
Coleson Fields,RB,2025,college_data,11.0,19.0,0.0,0,0,0,,0,3.0,0,36.0,0.0,0,0,0,0,0,,0,,,,,1.7272727272727273,,12.0,
Collin Guggenheim,RB,2024,college_data,196.0,843.0,7.0,0,0,0,,0,16.0,0,115.0,1.0,0,0,0,0,0,,0,,,,,4.301020408163265,,7.1875,
Colson Coon,RB,2024,college_data,57.0,346.0,1.0,0,0,0,,0,2.0,0,18.0,0.0,0,0,0,0,0,,0,,,,,6.0701754385964914,,9.0,
Colson Coon,RB,2025,college_data,31.0,248.0,1.0,0,0,0,,0,1.0,0,1.0,0.0,0,0,0,0,0,,0,,,,,8.0,,1.0,
Colter May,RB,2025,college_data,49.0,255.0,2.0,0,0,0,,0,9.0,0,63.0,0.0,0,0,0,0,0,,0,,,,,5.204081632653061,,7.0,
Connor Hilling,RB,2024,college_data,6.0,57.0,1.0,0,0,0,,0,1.0,0,1.0,0.0,0,0,0,0,0,,0,,,,,9.5,,1.0,
Connor Lair,RB,2024,college_data,2.0,1.0,0.0,0,0,0,,0,3.0,0,31.0,2.0,0,0,0,0,0,,0,,,,,0.5,,10.333333333333334,
Connor Lair,RB,2025,college_data,6.0,9.0,0.0,0,0,0,,0,6.0,0,62.0,1.0,0,0,0,0,0,,0,,,,,1.5,,10.333333333333334,
Connor Walendzak,RB,2024,college_data,128.0,458.0,1.0,0,0,0,,0,14.0,0,77.0,0.0,0,0,0,0,0,,0,,,,,3.578125,,5.5,
Connor Walendzak,RB,2025,college_data,32.0,99.0,0.0,0,0,0,,0,4.0,0,21.0,0.0,0,0,0,0,0,,0,,,,,3.09375,,5.25,
Connor Wisham,RB,2024,college_data,62.0,164.0,1.0,0,0,0,,0,6.0,0,39.0,0.0,0,0,0,0,0,,0,,,,,2.6451612903225805,,6.5,
Connor Wisham,RB,2025,college_data,12.0,51.0,0.0,0,0,0,,0,1.0,0,10.0,0.0,0,0,0,0,0,,0,,,,,4.25,,10.0,
Conor Booth,RB,2025,college_data,3.0,6.0,0.0,0,0,0,,0,2.0,0,11.0,0.0,0,0,0,0,0,,0,,,,,2.0,,5.5,
Cookie Desiderio,RB,2024,college_data,8.0,20.0,0.0,0,0,0,,0,1.0,0,2.0,0.0,0,0,0,0,0,,0,,,,,2.5,,2.0,
Cooper Wallace,RB,2024,college_data,90.0,424.0,4.0,0,0,0,,0,9.0,0,75.0,0.0,0,0,0,0,0,,0,,,,,4.711111111111111,,8.333333333333334,
Cordarrelle Patterson,RB,2018,nflreadpy,45.0,238.0,1.0,0,0,15,0.32044645411457345,0,25.0,35,279.0,3.0,0,0,195,199,12,0.5840529319845625,0,1.252934419962384,0.055289024582502844,0.04268655248447711,18.0,5.288888888888889,13.222222222222221,11.16,15.5
Cordarrelle Patterson,RB,2019,nflreadpy,17.0,103.0,0.0,0,0,4,0.027653148625342346,0,11.0,17,83.0,0.0,0,0,84,72,3,-0.1425549655305993,0,3.818055555555555,0.027522040341063113,0.013018010389602716,16.0,6.0588235294117645,6.4375,7.545454545454546,5.1875
Cordarrelle Patterson,RB,2020,nflreadpy,65.0,234.0,1.0,17,17,17,-0.5996237883628055,17,21.0,17,132.0,0.0,17,17,17,17,17,-0.055671027422552775,17,1.1003968253968255,1.0,1.0,17.0,3.6,13.764705882352942,6.285714285714286,7.764705882352941
Cordarrelle Patterson,RB,2021,nflreadpy,153.0,618.0,6.0,13,13,17,-0.9678539724754955,13,52.0,18,548.0,5.0,13,13,1,52,14,1.1931891234878937,13,-0.2978576978576978,0.8264479472140762,0.8092792999810332,16.0,4.03921568627451,38.625,10.538461538461538,34.25
Cordarrelle Patterson,RB,2022,nflreadpy,144.0,695.0,8.0,1,1,39,-0.019397715709375804,0,21.0,31,122.0,0.0,0,0,75,116,6,-1.6488431536674535,0,0.30859733700642794,0.09392865999428225,0.025093356510171947,13.0,4.826388888888889,53.46153846153846,5.809523809523809,9.384615384615385
Cordarrelle Patterson,RB,2023,nflreadpy,50.0,181.0,0.0,1,0,9,-0.7256607939819797,0,9.0,12,38.0,1.0,0,0,10,37,2,-0.6707704941218253,0,-0.03095238095238096,0.040342726803640115,0.0037852321825379807,12.0,3.62,15.083333333333334,4.222222222222222,3.1666666666666665
Cordarrelle Patterson,RB,2024,nflreadpy,32.0,135.0,0.0,1,1,7,-0.6537789369534809,0,12.0,14,80.0,1.0,0,0,42,56,5,-0.5542116143642343,0,1.0296318527410964,0.033294350618659374,0.014400377908204936,14.0,4.21875,9.642857142857142,6.666666666666667,5.714285714285714
Corey Blair Jr.,RB,2025,college_data,20.0,96.0,1.0,0,0,0,,0,2.0,0,14.0,0.0,0,0,0,0,0,,0,,,,,4.8,,7.0,
Corey Clement,RB,2018,nflreadpy,68.0,259.0,2.0,2,0,15,-0.5741330625036816,1,22.0,25,192.0,0.0,0,0,-31,264,10,0.33100977179775426,0,-1.567305781979695,0.060362002878143216,-0.011541468184290112,11.0,3.8088235294117645,23.545454545454547,8.727272727272727,17.454545454545453
Corey Clement,RB,2020,nflreadpy,21.0,75.0,1.0,10,10,10,-0.31125531750149094,10,5.0,10,25.0,0.0,10,10,10,10,10,-0.20632278827542905,10,1.833333333333333,1.0,1.0,10.0,3.5714285714285716,7.5,5.0,2.5
Corey Clement,RB,2021,nflreadpy,33.0,140.0,0.0,7,7,11,-0.9888558139558882,7,6.0,11,29.0,1.0,7,7,18,18,8,-0.6239385635873521,7,1.3333333333333333,0.6493506493506493,0.6406371406371406,11.0,4.242424242424242,12.727272727272727,4.833333333333333,2.6363636363636362
Corey Clement,RB,2022,nflreadpy,15.0,55.0,1.0,0,0,6,-0.37664417710038833,0,5.0,7,54.0,0.0,0,0,-4,61,3,0.6510502619785257,0,0.7443181818181818,0.04717824371226168,-0.007994656608517994,5.0,3.6666666666666665,11.0,10.8,10.8
Corey Grant,RB,2018,nflreadpy,13.0,40.0,0.0,0,0,1,-1.0061306777526624,0,9.0,12,67.0,0.0,0,0,0,80,5,0.25537540328776015,0,2.0952380952380953,0.05937236138474529,-0.00421474358974359,5.0,3.076923076923077,8.0,7.444444444444445,13.4
Corey Ibrahim,RB,2024,college_data,110.0,440.0,1.0,0,0,0,,0,14.0,0,121.0,0.0,0,0,0,0,0,,0,,,,,4.0,,8.642857142857142,
Corey Ibrahim,RB,2025,college_data,24.0,50.0,0.0,0,0,0,,0,1.0,0,-3.0,0.0,0,0,0,0,0,,0,,,,,2.0833333333333335,,-3.0,
Corey Kiner,RB,2024,college_data,204.0,1153.0,4.0,0,0,0,,0,15.0,0,105.0,0.0,0,0,0,0,0,,0,,,,,5.651960784313726,,7.0,
Corey Kiner,RB,2025,nflreadpy,12.0,58.0,0.0,0,0,4,0.4719657764217118,0,2.0,3,15.0,0.0,0,0,11,6,1,-0.4323960118344985,0,1.3636363636363635,0.026785714285714284,0.010956175298804782,4.0,4.833333333333333,14.5,7.5,3.75
Corey Kiner,RB,2026,nflreadpy,14.0,29.0,0.0,0,0,1,-1.3106320759591956,0,1.0,1,9.0,0.0,0,0,-3,12,1,1.0378803326166235,0,-3.0,0.008333333333333333,-0.0020718232044198894,4.0,2.0714285714285716,7.25,9.0,2.25
Corey Reddick Jr.,RB,2024,college_data,29.0,119.0,0.0,0,0,0,,0,11.0,0,115.0,0.0,0,0,0,0,0,,0,,,,,4.103448275862069,,10.454545454545455,
Corey Richardson,RB,2024,college_data,47.0,291.0,1.0,0,0,0,,0,7.0,0,61.0,0.0,0,0,0,0,0,,0,,,,,6.191489361702128,,8.714285714285714,
Corey Richardson,RB,2025,college_data,37.0,188.0,1.0,0,0,0,,0,1.0,0,20.0,1.0,0,0,0,0,0,,0,,,,,5.081081081081081,,20.0,
Corey Smith,RB,2024,college_data,22.0,152.0,0.0,0,0,0,,0,1.0,0,-2.0,0.0,0,0,0,0,0,,0,,,,,6.909090909090909,,-2.0,
Corey Warren Jr.,RB,2024,college_data,57.0,319.0,3.0,0,0,0,,0,4.0,0,30.0,0.0,0,0,0,0,0,,0,,,,,5.5964912280701755,,7.5,
Cornell Hatcher Jr.,RB,2025,college_data,52.0,292.0,2.0,0,0,0,,0,5.0,0,17.0,1.0,0,0,0,0,0,,0,,,,,5.615384615384615,,3.4,
Cortaz Williams,RB,2024,college_data,12.0,21.0,0.0,0,0,0,,0,1.0,0,3.0,0.0,0,0,0,0,0,,0,,,,,1.75,,3.0,
Cortezz Jones,RB,2024,college_data,110.0,551.0,5.0,0,0,0,,0,10.0,0,70.0,0.0,0,0,0,0,0,,0,,,,,5.009090909090909,,7.0,
Courtland Simmons,RB,2025,college_data,65.0,291.0,3.0,0,0,0,,0,14.0,0,305.0,1.0,0,0,0,0,0,,0,,,,,4.476923076923077,,21.785714285714285,
Courtney Reese,RB,2024,college_data,66.0,222.0,1.0,0,0,0,,0,13.0,0,103.0,1.0,0,0,0,0,0,,0,,,,,3.3636363636363638,,7.923076923076923,
Craig Cunningham,RB,2025,college_data,75.0,314.0,3.0,0,0,0,,0,6.0,0,68.0,1.0,0,0,0,0,0,,0,,,,,4.1866666666666665,,11.333333333333334,
Craig Reynolds,RB,2020,nflreadpy,1.0,4.0,0.0,1,1,1,-0.18512318504508585,1,1.0,1,3.0,0.0,1,1,1,1,1,-1.1314386145677418,1,3.0,1.0,1.0,1.0,4.0,4.0,3.0,3.0
Craig Reynolds,RB,2021,nflreadpy,55.0,230.0,0.0,1,1,8,-1.5530828581535592,1,7.0,7,52.0,0.0,1,1,0,46,3,0.37625243091315497,1,5.041666666666667,0.23595485595485596,0.19924541861300754,5.0,4.181818181818182,46.0,7.428571428571429,10.4
Craig Reynolds,RB,2022,nflreadpy,23.0,102.0,0.0,0,0,4,-0.7083765114463555,0,9.0,10,116.0,0.0,0,0,12,108,5,0.9995837123842111,0,3.3888888888888893,0.05431350632489152,0.003557899809073979,6.0,4.434782608695652,17.0,12.88888888888889,19.333333333333332
Craig Reynolds,RB,2023,nflreadpy,42.0,180.0,2.0,1,1,12,-0.3502088040653949,0,5.0,5,47.0,0.0,0,0,-12,59,2,0.7091364383231848,0,-4.666666666666667,0.009143727177282063,-0.0031260272229770504,14.0,4.285714285714286,12.857142857142858,9.4,3.357142857142857
Craig Reynolds,RB,2024,nflreadpy,31.0,139.0,0.0,1,0,6,-0.6955031936938342,0,3.0,5,40.0,0.0,0,0,-10,42,2,-0.909296156198252,0,5.416666666666667,0.017150673400673402,-0.0064443884549704655,9.0,4.483870967741935,15.444444444444445,13.333333333333334,4.444444444444445
Cross Patton,RB,2024,college_data,9.0,17.0,0.0,0,0,0,,0,1.0,0,-1.0,0.0,0,0,0,0,0,,0,,,,,1.8888888888888888,,-1.0,
Curron Borders,RB,2024,college_data,65.0,361.0,1.0,0,0,0,,0,20.0,0,101.0,0.0,0,0,0,0,0,,0,,,,,5.553846153846154,,5.05,
Curtis Douglas,RB,2024,college_data,48.0,145.0,0.0,0,0,0,,0,4.0,0,2.0,0.0,0,0,0,0,0,,0,,,,,3.0208333333333335,,0.5,
Cyncir Bowers,RB,2025,college_data,63.0,249.0,2.0,0,0,0,,0,8.0,0,134.0,1.0,0,0,0,0,0,,0,,,,,3.9523809523809526,,16.75,
D'Andre Swift,RB,2020,nflreadpy,114.0,521.0,8.0,13,13,13,-0.508508345374139,13,46.0,13,357.0,2.0,13,13,13,13,13,0.7214753400090282,13,0.39973992295973726,1.0,1.0,13.0,4.5701754385964914,40.07692307692308,7.760869565217392,27.46153846153846
D'Andre Swift,RB,2021,nflreadpy,151.0,617.0,5.0,11,11,14,-2.0667846324749783,11,62.0,19,452.0,2.0,11,11,22,42,11,-0.6017327799503174,11,-2.0198037005729312,0.8656534518603484,0.8494799380142998,13.0,4.086092715231788,47.46153846153846,7.290322580645161,34.76923076923077
D'Andre Swift,RB,2022,nflreadpy,99.0,542.0,5.0,0,0,21,0.4692267793133517,1,48.0,70,389.0,3.0,1,0,32,454,17,0.5788842404444118,0,-2.879346074814365,0.149541569583233,0.008121243936510394,14.0,5.474747474747475,38.714285714285715,8.104166666666666,27.785714285714285
D'Andre Swift,RB,2023,nflreadpy,239.0,1083.0,5.0,2,0,52,-0.02944652413393563,0,43.0,53,246.0,1.0,1,1,33,293,9,-0.5473707805745683,0,1.519488114224956,0.097512244706905,0.00486407794285015,17.0,4.531380753138075,63.705882352941174,5.72093023255814,14.470588235294118
D'Andre Swift,RB,2024,nflreadpy,253.0,959.0,6.0,1,0,43,-2.289814221688122,0,42.0,52,386.0,0.0,1,0,2,405,12,0.1787714522616884,1,0.19678819444444443,0.10110170670494513,-0.0027590187503859676,17.0,3.7905138339920947,56.411764705882355,9.19047619047619,22.705882352941178
D'Andre Swift,RB,2025,nflreadpy,255.0,1217.0,10.0,2,2,66,0.6917562000078692,0,36.0,50,337.0,1.0,0,0,-21,391,13,0.07818362258773168,0,-1.6635620915032678,0.08555995835592557,-0.005865479885189273,18.0,4.772549019607843,67.61111111111111,9.36111111111111,18.72222222222222
D'Andre Swift,RB,2026,nflreadpy,69.0,311.0,3.0,2,2,12,-1.9662289090465679,0,10.0,11,84.0,0.0,0,0,-24,108,5,1.2990842448780313,0,-1.6083333333333334,0.08946990706952757,-0.031987152894082674,4.0,4.507246376811594,77.75,8.4,21.0
D'Angelo Durham,RB,2024,college_data,54.0,232.0,3.0,0,0,0,,0,7.0,0,56.0,0.0,0,0,0,0,0,,0,,,,,4.296296296296297,,8.0,
D'Ernest Johnson,RB,2019,nflreadpy,4.0,21.0,0.0,1,1,1,-1.0156330335885286,1,6.0,8,71.0,0.0,1,1,35,44,2,0.6867271206962565,1,0.7744252873563218,0.1223086124401914,0.1095895448997102,10.0,5.25,2.1,11.833333333333334,7.1
D'Ernest Johnson,RB,2020,nflreadpy,33.0,166.0,0.0,16,16,16,-0.3092529894420194,16,3.0,16,14.0,0.0,16,16,16,16,16,-0.2350321191479452,16,-0.08333333333333331,1.0,1.0,16.0,5.03030303030303,10.375,4.666666666666667,0.875
D'Ernest Johnson,RB,2021,nflreadpy,100.0,534.0,3.0,9,9,19,0.5362596342165489,9,19.0,19,137.0,0.0,9,9,0,50,10,0.07785107255848642,9,-0.7444444444444446,0.7168066607721779,0.6884721245576505,13.0,5.34,41.07692307692308,7.2105263157894735,10.538461538461538
D'Ernest Johnson,RB,2022,nflreadpy,4.0,17.0,0.0,0,0,1,-0.06391741416882724,0,3.0,3,7.0,0.0,0,0,-1,8,0,-0.4822846660099458,0,1.325,0.008558979147214442,-0.0008873545733571624,9.0,4.25,1.8888888888888888,2.3333333333333335,0.7777777777777778
D'Ernest Johnson,RB,2023,nflreadpy,41.0,108.0,0.0,0,0,5,-0.8870222645929057,0,10.0,12,140.0,0.0,0,0,10,136,6,1.4021034077514898,0,0.5285714285714285,0.019505250433864012,0.0016529655221087635,16.0,2.6341463414634148,6.75,14.0,8.75
D'Ernest Johnson,RB,2024,nflreadpy,32.0,143.0,0.0,0,0,7,0.3198504520460256,0,12.0,19,96.0,0.0,0,0,7,101,3,-1.416326697854351,0,-1.0217261904761905,0.05708354211674895,-0.002467587193704341,12.0,4.46875,11.916666666666666,8.0,8.0
D'Marius Rucker,RB,2025,college_data,15.0,67.0,1.0,0,0,0,,0,1.0,0,4.0,0.0,0,0,0,0,0,,0,,,,,4.466666666666667,,4.0,
D'Onta Foreman,RB,2018,nflreadpy,8.0,2.0,0.0,1,0,0,-2.576708425913239,0,2.0,3,28.0,1.0,0,0,20,10,1,1.1492000481521245,0,0.7777777777777778,0.03563829787234043,0.024372009569377993,2.0,0.25,1.0,14.0,14.0
D'Onta Foreman,RB,2020,nflreadpy,22.0,95.0,0.0,5,5,5,-0.5307237949687987,5,1.0,5,5.0,1.0,5,5,5,5,5,1.0344758105347864,5,2.5,1.0,1.0,5.0,4.318181818181818,19.0,5.0,1.0
D'Onta Foreman,RB,2021,nflreadpy,137.0,632.0,3.0,6,5,21,-1.0710492471262114,5,9.0,10,123.0,0.0,5,5,9,43,7,1.4966177235910436,5,-2.5,0.515625,0.5010765632999847,10.0,4.613138686131387,63.2,13.666666666666666,12.3
D'Onta Foreman,RB,2022,nflreadpy,203.0,914.0,5.0,1,0,45,0.2521902098904599,1,5.0,9,26.0,0.0,0,0,-3,27,1,-1.822036250933672,0,0.16666666666666666,0.022985871095750128,0.0035565254053491696,16.0,4.502463054187192,57.125,5.2,1.625
D'Onta Foreman,RB,2023,nflreadpy,109.0,425.0,4.0,1,0,24,-0.46035004724399187,0,11.0,16,77.0,1.0,0,0,21,65,6,0.200741841030928,0,1.741904761904762,0.05710753857305581,-0.0009614047918251848,9.0,3.8990825688073394,47.22222222222222,7.0,8.555555555555555
D'Onta Foreman,RB,2024,nflreadpy,71.0,232.0,0.0,2,1,10,-2.4159471105609556,0,6.0,8,54.0,0.0,0,0,1,48,1,0.13996417577921724,0,-0.057936507936507876,0.02610384959664535,0.001787830079985017,10.0,3.267605633802817,23.2,9.0,5.4
D.J. Crowther,RB,2024,college_data,48.0,249.0,2.0,0,0,0,,0,4.0,0,3.0,0.0,0,0,0,0,0,,0,,,,,5.1875,,0.75,
D.J. Crowther,RB,2025,college_data,191.0,929.0,10.0,0,0,0,,0,16.0,0,120.0,0.0,0,0,0,0,0,,0,,,,,4.863874345549738,,7.5,
D.J. Foster,RB,2020,nflreadpy,2.0,2.0,0.0,6,6,6,-0.9769154477398843,6,1.0,6,7.0,0.0,6,6,6,6,6,0.6621657733339816,6,1.75,1.0,1.0,6.0,1.0,0.3333333333333333,7.0,1.1666666666666667
D.J. Jones,RB,2024,college_data,57.0,162.0,0.0,0,0,0,,0,4.0,0,24.0,0.0,0,0,0,0,0,,0,,,,,2.8421052631578947,,6.0,
DAndre Hardeman Jr.,RB,2025,college_data,76.0,302.0,2.0,0,0,0,,0,1.0,0,3.0,0.0,0,0,0,0,0,,0,,,,,3.973684210526316,,3.0,
DJ Butler,RB,2024,college_data,16.0,102.0,0.0,0,0,0,,0,4.0,0,36.0,0.0,0,0,0,0,0,,0,,,,,6.375,,9.0,
DJ Butler,RB,2025,college_data,68.0,301.0,0.0,0,0,0,,0,8.0,0,58.0,0.0,0,0,0,0,0,,0,,,,,4.426470588235294,,7.25,
DJ Giddens,RB,2024,college_data,205.0,1343.0,7.0,0,0,0,,0,21.0,0,258.0,1.0,0,0,0,0,0,,0,,,,,6.5512195121951216,,12.285714285714286,
DJ McKinney,RB,2024,college_data,97.0,481.0,3.0,0,0,0,,0,12.0,0,99.0,0.0,0,0,0,0,0,,0,,,,,4.958762886597938,,8.25,
DJ McKinney,RB,2025,college_data,111.0,464.0,7.0,0,0,0,,0,15.0,0,161.0,0.0,0,0,0,0,0,,0,,,,,4.18018018018018,,10.733333333333333,
DJ Moyer,RB,2024,college_data,74.0,332.0,5.0,0,0,0,,0,10.0,0,30.0,0.0,0,0,0,0,0,,0,,,,,4.486486486486487,,3.0,
DJ Murray Jr.,RB,2024,college_data,3.0,18.0,0.0,0,0,0,,0,4.0,0,13.0,0.0,0,0,0,0,0,,0,,,,,6.0,,3.25,
DJ Murray Jr.,RB,2025,college_data,13.0,53.0,0.0,0,0,0,,0,13.0,0,99.0,1.0,0,0,0,0,0,,0,,,,,4.076923076923077,,7.615384615384615,
DJ Scott,RB,2025,college_data,95.0,502.0,6.0,0,0,0,,0,4.0,0,44.0,0.0,0,0,0,0,0,,0,,,,,5.28421052631579,,11.0,
DJ Taylor,RB,2025,college_data,26.0,199.0,2.0,0,0,0,,0,7.0,0,54.0,1.0,0,0,0,0,0,,0,,,,,7.653846153846154,,7.714285714285714,
Da'Marion Alberic,RB,2025,college_data,8.0,23.0,0.0,0,0,0,,0,2.0,0,17.0,0.0,0,0,0,0,0,,0,,,,,2.875,,8.5,
Da'Shaun Whatley,RB,2024,college_data,25.0,61.0,0.0,0,0,0,,0,3.0,0,15.0,0.0,0,0,0,0,0,,0,,,,,2.44,,5.0,
Da'Shaun Whatley,RB,2025,college_data,2.0,12.0,0.0,0,0,0,,0,1.0,0,8.0,0.0,0,0,0,0,0,,0,,,,,6.0,,8.0,
Dae'Trell Cooper,RB,2025,college_data,26.0,116.0,0.0,0,0,0,,0,6.0,0,49.0,0.0,0,0,0,0,0,,0,,,,,4.461538461538462,,8.166666666666666,
Dailan Goodman,RB,2025,college_data,2.0,3.0,0.0,0,0,0,,0,1.0,0,9.0,0.0,0,0,0,0,0,,0,,,,,1.5,,9.0,
Dallan Hayden,RB,2024,college_data,64.0,196.0,1.0,0,0,0,,0,17.0,0,132.0,0.0,0,0,0,0,0,,0,,,,,3.0625,,7.764705882352941,
Dallan Hayden,RB,2025,college_data,70.0,326.0,1.0,0,0,0,,0,4.0,0,15.0,0.0,0,0,0,0,0,,0,,,,,4.6571428571428575,,3.75,
Dalvin Cook,RB,2018,nflreadpy,133.0,615.0,2.0,2,2,22,-2.011168499009047,0,40.0,49,305.0,2.0,0,0,-90,373,15,0.4950721869012341,0,-3.891081002331002,0.13229499589470264,-0.03469852511309047,11.0,4.62406015037594,55.90909090909091,7.625,27.727272727272727
Dalvin Cook,RB,2019,nflreadpy,287.0,1247.0,15.0,5,4,62,-0.17271572526779794,2,62.0,65,563.0,0.0,3,2,-92,593,28,1.603307697860683,2,-4.312936723602484,0.27096501465765926,0.09737769011282016,16.0,4.344947735191638,77.9375,9.080645161290322,35.1875
Dalvin Cook,RB,2020,nflreadpy,312.0,1557.0,16.0,14,14,14,1.1538510313790646,14,44.0,14,361.0,1.0,14,14,14,14,14,-0.14968628574009207,14,-7.073318348318348,1.0,1.0,14.0,4.990384615384615,111.21428571428571,8.204545454545455,25.785714285714285
Dalvin Cook,RB,2021,nflreadpy,249.0,1159.0,6.0,10,10,15,-0.751982515207653,10,34.0,17,224.0,0.0,10,10,-4,29,10,-0.37412840050374724,10,-0.6422644474680672,0.7896202896202896,0.7649255851873525,13.0,4.6546184738955825,89.15384615384616,6.588235294117647,17.23076923076923
Dalvin Cook,RB,2022,nflreadpy,279.0,1233.0,8.0,3,3,52,-2.7503679344256104,0,45.0,63,305.0,2.0,0,0,-53,358,17,0.24465066961294965,0,-1.8570738343184165,0.09186376805604862,-0.012648650699195376,18.0,4.419354838709677,68.5,6.777777777777778,16.944444444444443
Dalvin Cook,RB,2023,nflreadpy,75.0,237.0,0.0,2,2,11,-1.7546476586082684,0,15.0,20,78.0,0.0,0,0,-23,106,3,-0.18951106018115146,0,-2.501515151515152,0.04479499379499379,-0.008303773067785927,15.0,3.16,15.8,5.2,5.2
Dalvin Cook,RB,2024,nflreadpy,8.0,20.0,0.0,0,0,0,-1.3310777338338085,0,1.0,1,10.0,0.0,0,0,3,7,1,1.252329922746867,0,3.3333333333333335,0.013513513513513514,0.004322766570605188,2.0,2.5,10.0,10.0,5.0
Damari Alston,RB,2024,college_data,52.0,276.0,3.0,0,0,0,,0,6.0,0,53.0,0.0,0,0,0,0,0,,0,,,,,5.3076923076923075,,8.833333333333334,
Damari Alston,RB,2025,college_data,32.0,128.0,1.0,0,0,0,,0,4.0,0,29.0,0.0,0,0,0,0,0,,0,,,,,4.0,,7.25,
Damashja Harris,RB,2024,college_data,23.0,193.0,1.0,0,0,0,,0,4.0,0,7.0,0.0,0,0,0,0,0,,0,,,,,8.391304347826088,,1.75,
Damashja Harris,RB,2025,college_data,13.0,52.0,0.0,0,0,0,,0,1.0,0,-1.0,0.0,0,0,0,0,0,,0,,,,,4.0,,-1.0,
Dameon Pierce,RB,2022,nflreadpy,220.0,939.0,4.0,4,2,54,-2.1492607906210535,0,30.0,39,165.0,1.0,0,0,-11,197,7,-0.8021936809448313,0,3.428822158233923,0.09073510802076168,-0.0020930250234786675,13.0,4.2681818181818185,72.23076923076923,5.5,12.692307692307692
Dameon Pierce,RB,2023,nflreadpy,148.0,416.0,2.0,0,0,14,-3.0559686317489363,0,13.0,17,101.0,0.0,0,0,14,95,3,0.06116200898799838,0,2.181746031746032,0.030440423728417737,0.0031630639190206433,16.0,2.810810810810811,26.0,7.769230769230769,6.3125
Dameon Pierce,RB,2024,nflreadpy,46.0,318.0,2.0,1,0,8,0.5404415863216855,0,2.0,5,2.0,0.0,0,0,-10,5,0,-0.9989069977018517,0,-0.375,0.014141995996834708,-0.0033773651141684835,12.0,6.913043478260869,26.5,1.0,0.16666666666666666
Damian Henderson II,RB,2024,college_data,9.0,41.0,0.0,0,0,0,,0,2.0,0,13.0,0.0,0,0,0,0,0,,0,,,,,4.555555555555555,,6.5,
Damian Henderson II,RB,2025,college_data,91.0,565.0,5.0,0,0,0,,0,7.0,0,65.0,0.0,0,0,0,0,0,,0,,,,,6.208791208791209,,9.285714285714286,
Damien Harris,RB,2020,nflreadpy,137.0,691.0,2.0,10,10,10,0.6074224722135113,10,5.0,10,52.0,0.0,10,10,10,10,10,-1.8434744207770564,10,-1.0,1.0,1.0,10.0,5.043795620437956,69.1,10.4,5.2
Damien Harris,RB,2021,nflreadpy,211.0,959.0,15.0,12,12,30,0.05230529633820458,12,19.0,19,139.0,0.0,12,12,7,63,14,0.33384222522311446,12,2.3155677655677653,0.764029116045245,0.7492529618616516,16.0,4.545023696682464,59.9375,7.315789473684211,8.6875
Damien Harris,RB,2022,nflreadpy,106.0,462.0,3.0,0,0,23,-0.3378255389239216,0,17.0,23,97.0,0.0,0,0,25,86,4,-0.5194687074952526,0,0.9024358974358974,0.06859175682705095,0.008493560397606015,11.0,4.3584905660377355,42.0,5.705882352941177,8.818181818181818
Damien Harris,RB,2023,nflreadpy,23.0,94.0,1.0,0,0,9,0.3623767496513513,0,2.0,2,16.0,0.0,0,0,0,16,0,0.5349582841505538,0,0.0,0.008547008547008546,0.0,6.0,4.086956521739131,15.666666666666666,8.0,2.6666666666666665
Damien Martinez,RB,2024,college_data,159.0,1002.0,10.0,0,0,0,,0,17.0,0,204.0,0.0,0,0,0,0,0,,0,,,,,6.30188679245283,,12.0,
Damien Moore,RB,2024,college_data,49.0,227.0,1.0,0,0,0,,0,4.0,0,103.0,2.0,0,0,0,0,0,,0,,,,,4.63265306122449,,25.75,
Damien Moore,RB,2025,college_data,29.0,80.0,2.0,0,0,0,,0,1.0,0,-1.0,0.0,0,0,0,0,0,,0,,,,,2.7586206896551726,,-1.0,
Damien Taylor,RB,2024,college_data,173.0,1010.0,7.0,0,0,0,,0,3.0,0,19.0,1.0,0,0,0,0,0,,0,,,,,5.838150289017341,,6.333333333333333,
Damien Taylor,RB,2025,college_data,28.0,130.0,2.0,0,0,0,,0,1.0,0,-3.0,0.0,0,0,0,0,0,,0,,,,,4.642857142857143,,-3.0,
Damien Williams,RB,2018,nflreadpy,85.0,415.0,6.0,1,1,26,0.36885625123860305,0,33.0,38,251.0,4.0,0,0,9,312,12,1.453467537142812,0,-0.041119726834012583,0.07078432816813579,-0.0008544940679782231,15.0,4.882352941176471,27.666666666666668,7.606060606060606,16.733333333333334
Damien Williams,RB,2019,nflreadpy,157.0,694.0,9.0,4,4,25,-0.5755771339767414,3,41.0,40,307.0,4.0,3,3,37,233,13,0.4284841023625839,3,1.8299553011091472,0.2930249364393971,0.2094180542240596,14.0,4.420382165605096,49.57142857142857,7.487804878048781,21.928571428571427
Damien Williams,RB,2021,nflreadpy,40.0,164.0,2.0,9,9,10,-0.16517501465416407,9,16.0,17,103.0,1.0,9,9,59,44,10,-0.6140778375362667,9,-2.2454304954304956,0.76634512830165,0.7668817562741083,12.0,4.1,13.666666666666666,6.4375,8.583333333333334
Damien Williams,RB,2023,nflreadpy,11.0,43.0,0.0,0,0,1,-0.6360723907904079,0,2.0,2,12.0,0.0,0,0,1,11,0,-0.032225607719738036,0,4.0,0.018031189083820662,0.000782472613458529,3.0,3.909090909090909,14.333333333333334,6.0,4.0
Damon Bankston,RB,2024,college_data,172.0,1093.0,6.0,0,0,0,,0,8.0,0,111.0,0.0,0,0,0,0,0,,0,,,,,6.354651162790698,,13.875,
Damon Bankston,RB,2025,college_data,114.0,635.0,5.0,0,0,0,,0,31.0,0,397.0,3.0,0,0,0,0,0,,0,,,,,5.5701754385964914,,12.806451612903226,
Damonta Witherspoon,RB,2024,college_data,118.0,447.0,5.0,0,0,0,,0,26.0,0,129.0,1.0,0,0,0,0,0,,0,,,,,3.788135593220339,,4.961538461538462,
Dane Nauman,RB,2024,college_data,6.0,15.0,0.0,0,0,0,,0,1.0,0,14.0,0.0,0,0,0,0,0,,0,,,,,2.5,,14.0,
Daniel Batch,RB,2025,college_data,11.0,65.0,0.0,0,0,0,,0,7.0,0,45.0,1.0,0,0,0,0,0,,0,,,,,5.909090909090909,,6.428571428571429,
Daniel Bray,RB,2025,college_data,40.0,272.0,1.0,0,0,0,,0,8.0,0,67.0,0.0,0,0,0,0,0,,0,,,,,6.8,,8.375,
Daniel Carter,RB,2024,college_data,22.0,208.0,4.0,0,0,0,,0,3.0,0,22.0,1.0,0,0,0,0,0,,0,,,,,9.454545454545455,,7.333333333333333,
Daniel Coles,RB,2024,college_data,31.0,104.0,0.0,0,0,0,,0,8.0,0,62.0,2.0,0,0,0,0,0,,0,,,,,3.3548387096774195,,7.75,
Daniel Frederick,RB,2025,college_data,51.0,244.0,3.0,0,0,0,,0,9.0,0,34.0,0.0,0,0,0,0,0,,0,,,,,4.784313725490196,,3.7777777777777777,
Daniel Hill,RB,2024,college_data,21.0,61.0,1.0,0,0,0,,0,1.0,0,3.0,0.0,0,0,0,0,0,,0,,,,,2.9047619047619047,,3.0,
Daniel Hill,RB,2025,college_data,75.0,284.0,6.0,0,0,0,,0,28.0,0,203.0,1.0,0,0,0,0,0,,0,,,,,3.7866666666666666,,7.25,
Daniel Hishaw Jr.,RB,2024,college_data,65.0,376.0,3.0,0,0,0,,0,3.0,0,33.0,0.0,0,0,0,0,0,,0,,,,,5.7846153846153845,,11.0,
Daniel Hishaw Jr.,RB,2025,college_data,124.0,587.0,5.0,0,0,0,,0,6.0,0,33.0,0.0,0,0,0,0,0,,0,,,,,4.733870967741935,,5.5,
Daniel Shaban,RB,2025,college_data,84.0,432.0,5.0,0,0,0,,0,14.0,0,101.0,0.0,0,0,0,0,0,,0,,,,,5.142857142857143,,7.214285714285714,
Danny Green Jr.,RB,2024,college_data,32.0,154.0,2.0,0,0,0,,0,1.0,0,9.0,0.0,0,0,0,0,0,,0,,,,,4.8125,,9.0,
Danny Meuser,RB,2024,college_data,13.0,43.0,0.0,0,0,0,,0,1.0,0,5.0,0.0,0,0,0,0,0,,0,,,,,3.3076923076923075,,5.0,
Danny Vitale,RB,2019,nflreadpy,1.0,3.0,0.0,0,0,0,-0.29762378241866827,0,7.0,12,97.0,0.0,0,0,82,56,3,0.30604538387787117,0,1.6979166666666667,0.027535060016848467,0.023409365873173,13.0,3.0,0.23076923076923078,13.857142857142858,7.461538461538462
Dante Dowdell,RB,2024,college_data,143.0,614.0,12.0,0,0,0,,0,7.0,0,21.0,0.0,0,0,0,0,0,,0,,,,,4.293706293706293,,3.0,
Dante Dowdell,RB,2025,college_data,112.0,560.0,3.0,0,0,0,,0,7.0,0,30.0,0.0,0,0,0,0,0,,0,,,,,5.0,,4.285714285714286,
Dare Ogunbowale,RB,2019,nflreadpy,11.0,17.0,2.0,1,1,4,-0.0026809461010540935,1,35.0,47,286.0,0.0,2,2,122,208,15,-0.7181635560633519,1,1.416421078921079,0.1353864946981222,0.08079244176978888,16.0,1.5454545454545454,1.0625,8.17142857142857,17.875
Dare Ogunbowale,RB,2020,nflreadpy,32.0,145.0,0.0,10,10,10,-0.9882853632079787,10,10.0,10,54.0,0.0,10,10,10,10,10,-1.9995507888628967,10,0.13945578231292519,1.0,1.0,10.0,4.53125,14.5,5.4,5.4
Dare Ogunbowale,RB,2021,nflreadpy,43.0,137.0,1.0,9,9,14,-1.471315981264723,9,13.0,23,114.0,1.0,9,9,27,78,11,-0.13060557505296957,9,1.4332519332519333,0.7257126420587959,0.6980183605099005,13.0,3.186046511627907,10.538461538461538,8.76923076923077,8.76923076923077
Dare Ogunbowale,RB,2022,nflreadpy,42.0,123.0,1.0,0,0,10,-0.902385472361013,0,20.0,26,104.0,0.0,0,0,-11,124,5,-1.359739022445865,0,0.10987654320987647,0.047531977466187994,-0.0012171539554262172,15.0,2.9285714285714284,8.2,5.2,6.933333333333334
Dare Ogunbowale,RB,2023,nflreadpy,10.0,42.0,0.0,0,0,2,-0.4809449758657651,0,3.0,8,31.0,0.0,0,0,36,13,0,-2.0115092903841285,0,0.96,0.021389176393920226,0.011239680966138336,11.0,4.2,3.8181818181818183,10.333333333333334,2.8181818181818183
Dare Ogunbowale,RB,2024,nflreadpy,32.0,126.0,0.0,0,0,5,-1.088968883787135,0,20.0,29,198.0,1.0,0,0,42,174,8,0.40382237861713016,0,0.8534909534909535,0.04908262492869691,0.007278535892389364,18.0,3.9375,7.0,9.9,11.0
Dare Ogunbowale,RB,2025,nflreadpy,11.0,25.0,1.0,0,0,1,-0.610290942410301,0,10.0,13,76.0,0.0,1,1,24,56,3,-1.1533875660955473,0,0.3894607843137255,0.03053260782886958,0.012415353984777172,14.0,2.272727272727273,1.7857142857142858,7.6,5.428571428571429
Dareion Murphy,RB,2024,college_data,31.0,119.0,2.0,0,0,0,,0,1.0,0,12.0,0.0,0,0,0,0,0,,0,,,,,3.838709677419355,,12.0,
Dareion Murphy,RB,2025,college_data,35.0,137.0,3.0,0,0,0,,0,8.0,0,42.0,0.0,0,0,0,0,0,,0,,,,,3.914285714285714,,5.25,
Darius Hale,RB,2024,college_data,133.0,700.0,12.0,0,0,0,,0,21.0,0,117.0,1.0,0,0,0,0,0,,0,,,,,5.2631578947368425,,5.571428571428571,
Darius Stewart,RB,2024,college_data,81.0,360.0,2.0,0,0,0,,0,4.0,0,2.0,0.0,0,0,0,0,0,,0,,,,,4.444444444444445,,0.5,
Darius Taylor,RB,2024,college_data,205.0,986.0,10.0,0,0,0,,0,54.0,0,350.0,2.0,0,0,0,0,0,,0,,,,,4.809756097560975,,6.481481481481482,
Darius Taylor,RB,2025,college_data,143.0,670.0,4.0,0,0,0,,0,34.0,0,245.0,0.0,0,0,0,0,0,,0,,,,,4.685314685314685,,7.205882352941177,
Darrel Williams,RB,2018,nflreadpy,16.0,53.0,1.0,0,0,4,0.6833495936589316,0,3.0,3,27.0,1.0,0,0,-7,34,1,1.349999671074329,0,-4.166666666666666,0.013276143790849673,-0.004014939309056956,6.0,3.3125,8.833333333333334,9.0,4.5
Darrel Williams,RB,2019,nflreadpy,41.0,141.0,3.0,1,1,12,-1.2783368761083693,0,15.0,19,167.0,1.0,0,0,21,179,7,0.7878117550568151,0,-1.632120752810408,0.06219576190498467,0.00017469771342640755,9.0,3.4390243902439024,15.666666666666666,11.133333333333333,18.555555555555557
Darrel Williams,RB,2020,nflreadpy,67.0,304.0,2.0,16,16,16,0.6966329758787655,16,25.0,16,151.0,0.0,16,16,16,16,16,-0.3217716291879571,16,-1.2908201058201059,1.0,1.0,16.0,4.537313432835821,19.0,6.04,9.4375
Darrel Williams,RB,2021,nflreadpy,145.0,562.0,6.0,13,13,25,0.2945254092901571,13,47.0,24,452.0,2.0,13,13,33,98,18,1.3737631303648807,13,-4.585578690315532,0.7393968826355574,0.7260396525649848,18.0,3.8758620689655174,31.22222222222222,9.617021276595745,25.11111111111111
Darrel Williams,RB,2022,nflreadpy,21.0,102.0,1.0,0,0,8,0.8198219163226895,0,4.0,8,9.0,0.0,0,0,-24,15,0,-1.3150497954920866,0,-0.9,0.03680742235849098,-0.020563994081472234,5.0,4.857142857142857,20.4,2.25,1.8
Darrell Henderson,RB,2019,nflreadpy,39.0,147.0,0.0,0,0,10,-1.3815014693661527,0,4.0,6,37.0,0.0,0,0,3,37,1,0.001738616032525897,0,-1.3333333333333333,0.023294346978557503,0.0006677162540894829,9.0,3.769230769230769,16.333333333333332,9.25,4.111111111111111
Darrell Henderson,RB,2020,nflreadpy,138.0,624.0,5.0,15,15,15,0.18248925387742929,15,16.0,15,159.0,1.0,15,15,15,15,15,-0.0661990480947246,15,-2.3156130268199235,1.0,1.0,15.0,4.521739130434782,41.6,9.9375,10.6
Darrell Henderson,RB,2021,nflreadpy,153.0,695.0,5.0,10,10,13,-0.2592175558217301,10,32.0,17,219.0,3.0,10,10,59,34,12,-0.4075285243584073,10,-0.7206947643216116,0.7841511936339522,0.780448717948718,13.0,4.542483660130719,53.46153846153846,6.84375,16.846153846153847
Darrell Henderson,RB,2022,nflreadpy,70.0,283.0,3.0,0,0,14,0.16013974390378063,0,17.0,22,102.0,0.0,0,0,28,110,5,-0.2826707298918336,0,3.587343690791967,0.05890949309301001,0.010141340444036943,10.0,4.042857142857143,28.3,6.0,10.2
Darrell Henderson,RB,2023,nflreadpy,46.0,112.0,2.0,0,0,5,-2.946580783391255,0,10.0,14,103.0,0.0,0,0,-9,134,3,-0.23059853673977648,0,1.0958333333333332,0.12081936462324394,-0.0046512721058699705,4.0,2.4347826086956523,28.0,10.3,25.75
Darrell Smith,RB,2024,college_data,69.0,263.0,0.0,0,0,0,,0,12.0,0,131.0,0.0,0,0,0,0,0,,0,,,,,3.8115942028985508,,10.916666666666666,
Darren Lloyd,RB,2024,college_data,21.0,132.0,0.0,0,0,0,,0,1.0,0,0.0,0.0,0,0,0,0,0,,0,,,,,6.285714285714286,,0.0,
Darren Sproles,RB,2018,nflreadpy,45.0,145.0,1.0,0,0,7,-0.7621090257834751,0,20.0,30,195.0,2.0,0,0,24,175,8,1.4863612417455963,0,4.172741237257367,0.1046873487298145,0.008850757779291507,8.0,3.2222222222222223,18.125,9.75,24.375
Darren Sproles,RB,2019,nflreadpy,17.0,66.0,0.0,0,0,3,-0.7689208659663331,1,6.0,10,24.0,0.0,0,0,15,25,1,-0.8921785595782368,0,-0.6666666666666666,0.04258782982187237,0.008586177356760108,6.0,3.8823529411764706,11.0,4.0,4.0
Darrion Dupree,RB,2024,college_data,79.0,317.0,1.0,0,0,0,,0,12.0,0,119.0,0.0,0,0,0,0,0,,0,,,,,4.012658227848101,,9.916666666666666,
Darrion Dupree,RB,2025,college_data,83.0,363.0,2.0,0,0,0,,0,7.0,0,28.0,0.0,0,0,0,0,0,,0,,,,,4.373493975903615,,4.0,
Darryle Evans,RB,2024,college_data,89.0,463.0,4.0,0,0,0,,0,3.0,0,51.0,0.0,0,0,0,0,0,,0,,,,,5.202247191011236,,17.0,
Darryle Evans,RB,2025,college_data,80.0,382.0,3.0,0,0,0,,0,7.0,0,46.0,0.0,0,0,0,0,0,,0,,,,,4.775,,6.571428571428571,
Darrynton Evans,RB,2020,nflreadpy,15.0,55.0,0.0,6,6,6,-0.2735616641060915,6,2.0,6,27.0,1.0,6,6,6,6,6,1.7545966337493155,6,-13.5,1.0,1.0,6.0,3.6666666666666665,9.166666666666666,13.5,4.5
Darrynton Evans,RB,2021,nflreadpy,2.0,7.0,0.0,1,1,1,-1.2462251161923632,1,2.0,1,11.0,0.0,1,1,1,1,1,1.331596571719274,1,-2.75,1.0,1.0,1.0,3.5,7.0,5.5,11.0
Darrynton Evans,RB,2022,nflreadpy,14.0,64.0,0.0,0,0,3,0.9874545590137132,0,1.0,1,33.0,0.0,0,0,2,31,1,2.579272797971498,0,16.5,0.013888888888888888,0.003875968992248062,3.0,4.571428571428571,21.333333333333332,33.0,11.0
Darrynton Evans,RB,2023,nflreadpy,32.0,121.0,1.0,0,0,10,0.10064093032997201,0,7.0,12,49.0,0.0,0,0,-14,69,2,-1.045828011399741,0,-4.61,0.06544102125998678,-0.058632877772089385,6.0,3.78125,20.166666666666668,7.0,8.166666666666666
Darvon Hubbard,RB,2024,college_data,98.0,436.0,4.0,0,0,0,,0,16.0,0,99.0,0.0,0,0,0,0,0,,0,,,,,4.448979591836735,,6.1875,
Darvon Hubbard,RB,2025,college_data,45.0,206.0,3.0,0,0,0,,0,9.0,0,10.0,1.0,0,0,0,0,0,,0,,,,,4.5777777777777775,,1.1111111111111112,
Darwin Barlow,RB,2024,college_data,9.0,62.0,0.0,0,0,0,,0,3.0,0,31.0,0.0,0,0,0,0,0,,0,,,,,6.888888888888889,,10.333333333333334,
Darwin Thompson,RB,2019,nflreadpy,39.0,135.0,1.0,4,4,11,-0.1864350162337082,4,9.0,13,43.0,0.0,4,4,-5,63,6,-0.3221342473563011,4,-0.5816326530612246,0.3258467884195098,0.3044643484369512,13.0,3.4615384615384617,10.384615384615385,4.777777777777778,3.3076923076923075
Darwin Thompson,RB,2020,nflreadpy,27.0,97.0,1.0,5,5,5,-1.611831546126632,5,7.0,5,65.0,1.0,5,5,5,5,5,0.25283120821404736,5,-1.4130434782608696,1.0,1.0,5.0,3.5925925925925926,19.4,9.285714285714286,13.0
Dason Brooks,RB,2024,college_data,78.0,498.0,4.0,0,0,0,,0,7.0,0,60.0,0.0,0,0,0,0,0,,0,,,,,6.384615384615385,,8.571428571428571,
Dason Brooks,RB,2025,college_data,157.0,1007.0,10.0,0,0,0,,0,11.0,0,50.0,0.0,0,0,0,0,0,,0,,,,,6.414012738853503,,4.545454545454546,
Daune Morris,RB,2025,college_data,35.0,133.0,1.0,0,0,0,,0,1.0,0,4.0,0.0,0,0,0,0,0,,0,,,,,3.8,,4.0,
Daveon Ford,RB,2024,college_data,35.0,88.0,0.0,0,0,0,,0,8.0,0,66.0,0.0,0,0,0,0,0,,0,,,,,2.5142857142857142,,8.25,
Daveon Ford,RB,2025,college_data,44.0,145.0,1.0,0,0,0,,0,9.0,0,71.0,0.0,0,0,0,0,0,,0,,,,,3.2954545454545454,,7.888888888888889,
David Afari,RB,2024,college_data,59.0,263.0,1.0,0,0,0,,0,8.0,0,113.0,0.0,0,0,0,0,0,,0,,,,,4.4576271186440675,,14.125,
David Avit,RB,2024,college_data,173.0,923.0,9.0,0,0,0,,0,11.0,0,175.0,0.0,0,0,0,0,0,,0,,,,,5.335260115606936,,15.909090909090908,
David Avit,RB,2025,college_data,125.0,687.0,8.0,0,0,0,,0,9.0,0,84.0,0.0,0,0,0,0,0,,0,,,,,5.496,,9.333333333333334,
David Cordero,RB,2024,college_data,10.0,57.0,0.0,0,0,0,,0,1.0,0,-1.0,0.0,0,0,0,0,0,,0,,,,,5.7,,-1.0,
David Cordero,RB,2025,college_data,14.0,51.0,0.0,0,0,0,,0,2.0,0,16.0,0.0,0,0,0,0,0,,0,,,,,3.642857142857143,,8.0,
David Eziomume,RB,2025,college_data,16.0,71.0,0.0,0,0,0,,0,3.0,0,10.0,0.0,0,0,0,0,0,,0,,,,,4.4375,,3.3333333333333335,
David Johnson,RB,2018,nflreadpy,258.0,940.0,7.0,2,2,51,-3.3146166720735084,1,50.0,76,446.0,3.0,1,0,63,385,22,-0.8324496019436283,0,0.18658945221445214,0.15668121657094422,0.014454699512541695,16.0,3.643410852713178,58.75,8.92,27.875
David Johnson,RB,2019,nflreadpy,94.0,345.0,2.0,0,0,20,-1.1574879878467697,0,36.0,47,370.0,4.0,1,1,181,226,17,0.08159683945750391,0,-3.9299808429118768,0.11039866889766864,0.0472156461481304,12.0,3.6702127659574466,28.75,10.277777777777779,30.833333333333332
David Johnson,RB,2020,nflreadpy,147.0,691.0,6.0,12,12,12,-0.3047324121386434,12,33.0,12,314.0,2.0,12,12,12,12,12,0.11143257144131402,12,0.3706057693471882,1.0,1.0,12.0,4.700680272108843,57.583333333333336,9.515151515151516,26.166666666666668
David Johnson,RB,2021,nflreadpy,67.0,228.0,0.0,12,12,14,-1.6675732987888086,12,32.0,16,225.0,1.0,12,12,27,23,12,-0.7140590977582045,12,0.8806727994227995,0.9326923076923077,0.9261703444009074,13.0,3.4029850746268657,17.53846153846154,7.03125,17.307692307692307
David Johnson,RB,2022,nflreadpy,12.0,24.0,0.0,1,1,0,-3.292548471421469,0,4.0,4,47.0,0.0,0,0,1,46,3,1.500002536883888,0,-12.111111111111112,0.04711640211640211,0.0046859759625717074,4.0,2.0,6.0,11.75,11.75
David Mbadinga,RB,2024,college_data,58.0,229.0,3.0,0,0,0,,0,3.0,0,26.0,0.0,0,0,0,0,0,,0,,,,,3.9482758620689653,,8.666666666666666,
David Mbadinga,RB,2025,college_data,49.0,196.0,1.0,0,0,0,,0,5.0,0,18.0,0.0,0,0,0,0,0,,0,,,,,4.0,,3.6,
David Montgomery,RB,2019,nflreadpy,242.0,889.0,6.0,3,3,44,-2.570023880190894,1,25.0,36,185.0,1.0,1,1,95,157,8,-0.15018286635299946,1,1.6571699812301317,0.12948113516510118,0.08325585845839051,16.0,3.6735537190082646,55.5625,7.4,11.5625
David Montgomery,RB,2020,nflreadpy,259.0,1101.0,8.0,16,16,16,-0.7972279492958049,16,54.0,16,438.0,2.0,16,16,16,16,16,0.13477782463330776,16,3.157660376903798,1.0,1.0,16.0,4.250965250965251,68.8125,8.11111111111111,27.375
David Montgomery,RB,2021,nflreadpy,225.0,849.0,7.0,10,10,28,-1.6618914122969768,9,42.0,29,301.0,0.0,9,9,49,96,17,0.43956345188827267,9,0.9889682539682539,0.7345871519784564,0.7037039058291771,13.0,3.7733333333333334,65.3076923076923,7.166666666666667,23.153846153846153
David Montgomery,RB,2022,nflreadpy,201.0,801.0,5.0,1,1,41,-0.9570873093428228,0,34.0,40,316.0,1.0,1,1,51,283,10,0.5171002864829876,0,7.25534262485482,0.1220519520388278,0.01741967556546077,16.0,3.985074626865672,50.0625,9.294117647058824,19.75
David Montgomery,RB,2023,nflreadpy,258.0,1198.0,15.0,2,1,70,0.6520011838543196,1,22.0,31,162.0,0.0,0,0,-12,184,11,-0.38834697276719715,0,-0.5374847374847375,0.056742635753733735,-0.004115546352343931,17.0,4.6434108527131785,70.47058823529412,7.363636363636363,9.529411764705882
David Montgomery,RB,2024,nflreadpy,192.0,803.0,12.0,2,1,52,-0.6291271760323547,0,36.0,38,341.0,0.0,0,0,-18,365,16,1.1370183694078049,0,4.1443877551020405,0.08464257847629088,-0.002435539346606482,15.0,4.182291666666667,53.53333333333333,9.472222222222221,22.733333333333334
David Montgomery,RB,2025,nflreadpy,158.0,716.0,8.0,2,1,41,0.027764517491217697,1,24.0,29,192.0,0.0,0,0,12,199,11,0.1956207359364328,0,0.6482257326007326,0.05427127379706137,0.0018495066547368696,17.0,4.531645569620253,42.11764705882353,8.0,11.294117647058824
David Montgomery,RB,2026,nflreadpy,47.0,127.0,2.0,0,0,5,-4.0105569593724795,0,7.0,7,67.0,1.0,0,0,25,42,2,1.5232804145586367,0,1.6797979797979798,0.05027027027027027,0.016827784906783508,4.0,2.702127659574468,31.75,9.571428571428571,16.75
Davion Cherwin,RB,2024,college_data,69.0,441.0,6.0,0,0,0,,0,12.0,0,71.0,0.0,0,0,0,0,0,,0,,,,,6.391304347826087,,5.916666666666667,
Davion Gause,RB,2024,college_data,67.0,326.0,4.0,0,0,0,,0,3.0,0,34.0,0.0,0,0,0,0,0,,0,,,,,4.865671641791045,,11.333333333333334,
Davion Gause,RB,2025,college_data,61.0,258.0,3.0,0,0,0,,0,16.0,0,132.0,2.0,0,0,0,0,0,,0,,,,,4.229508196721311,,8.25,
Davion Godley,RB,2024,college_data,101.0,630.0,4.0,0,0,0,,0,13.0,0,87.0,0.0,0,0,0,0,0,,0,,,,,6.237623762376238,,6.6923076923076925,
Davion Godley,RB,2025,college_data,94.0,512.0,4.0,0,0,0,,0,9.0,0,39.0,0.0,0,0,0,0,0,,0,,,,,5.446808510638298,,4.333333333333333,
Davion Kerr,RB,2025,college_data,5.0,-3.0,0.0,0,0,0,,0,2.0,0,13.0,0.0,0,0,0,0,0,,0,,,,,-0.6,,6.5,
Davon Booth,RB,2024,college_data,152.0,759.0,5.0,0,0,0,,0,13.0,0,164.0,4.0,0,0,0,0,0,,0,,,,,4.993421052631579,,12.615384615384615,
Davon Booth,RB,2025,college_data,136.0,552.0,7.0,0,0,0,,0,15.0,0,165.0,2.0,0,0,0,0,0,,0,,,,,4.0588235294117645,,11.0,
Dawaiian McNeely,RB,2025,college_data,65.0,198.0,4.0,0,0,0,,0,2.0,0,16.0,0.0,0,0,0,0,0,,0,,,,,3.046153846153846,,8.0,
Dawson Pendergrass,RB,2024,college_data,121.0,671.0,6.0,0,0,0,,0,11.0,0,103.0,1.0,0,0,0,0,0,,0,,,,,5.545454545454546,,9.363636363636363,
Daylan Smothers,RB,2024,college_data,89.0,571.0,6.0,0,0,0,,0,19.0,0,263.0,2.0,0,0,0,0,0,,0,,,,,6.415730337078652,,13.842105263157896,
Daylan Smothers,RB,2025,college_data,160.0,939.0,6.0,0,0,0,,0,37.0,0,189.0,1.0,0,0,0,0,0,,0,,,,,5.86875,,5.108108108108108,
Daylon Gordon,RB,2025,college_data,4.0,63.0,1.0,0,0,0,,0,1.0,0,4.0,0.0,0,0,0,0,0,,0,,,,,15.75,,4.0,
Dazhaun Hopkins,RB,2025,college_data,46.0,201.0,2.0,0,0,0,,0,1.0,0,7.0,0.0,0,0,0,0,0,,0,,,,,4.369565217391305,,7.0,
De'Lance Turner,RB,2018,nflreadpy,1.0,4.0,0.0,0,0,0,-0.0616620066575706,0,2.0,2,17.0,0.0,0,0,3,14,0,0.4110200391151011,0,1.1666666666666667,0.021271929824561404,0.0032679738562091504,2.0,4.0,2.0,8.5,8.5
De'Von Achane,RB,2023,nflreadpy,109.0,809.0,8.0,1,1,31,2.6960796174755273,0,30.0,43,218.0,3.0,0,0,16,288,11,0.03368954506713073,0,-0.9059989717884455,0.11276305605938003,-0.004589436977398984,12.0,7.422018348623853,67.41666666666667,7.266666666666667,18.166666666666668
De'Von Achane,RB,2024,nflreadpy,203.0,907.0,6.0,0,0,37,-0.6636253535432521,0,78.0,87,592.0,6.0,1,0,-35,665,30,1.4914985921955188,0,-0.61207968661773,0.15270101463506558,-0.014699716762816523,17.0,4.467980295566503,53.35294117647059,7.589743589743589,34.8235294117647
De'Von Achane,RB,2025,nflreadpy,238.0,1350.0,8.0,1,0,56,0.8774282472253052,0,67.0,85,488.0,4.0,0,0,35,552,23,-0.639242303840939,0,-4.387538363667397,0.18751578476608943,0.010673100880537323,16.0,5.6722689075630255,84.375,7.2835820895522385,30.5
De'Von Achane,RB,2026,nflreadpy,34.0,127.0,0.0,0,0,5,-1.942409357639071,0,7.0,12,49.0,0.0,0,0,38,34,2,0.046055561507365304,0,2.763888888888889,0.15820872632466834,0.06013403691972067,3.0,3.735294117647059,42.333333333333336,7.0,16.333333333333332
DeAndre Washington,RB,2018,nflreadpy,30.0,115.0,0.0,1,1,8,-1.111205754911799,0,1.0,1,9.0,0.0,0,0,2,7,0,0.5590074185747653,0,4.5,0.003787878787878788,0.000819672131147541,8.0,3.8333333333333335,14.375,9.0,1.125
DeAndre Washington,RB,2019,nflreadpy,108.0,387.0,3.0,1,1,21,-1.0313213571365976,1,36.0,33,292.0,0.0,1,1,42,205,9,0.39349924829056915,1,0.8484901850286465,0.12980565802103622,0.07779554611700554,16.0,3.5833333333333335,24.1875,8.11111111111111,18.25
DeAndre Washington,RB,2020,nflreadpy,31.0,91.0,0.0,4,4,4,-1.950397930922918,4,5.0,4,30.0,0.0,4,4,4,4,4,0.7872465121618006,4,4.569444444444445,1.0,1.0,4.0,2.935483870967742,22.75,6.0,7.5
DeCarlos Brooks,RB,2024,college_data,37.0,148.0,1.0,0,0,0,,0,1.0,0,7.0,0.0,0,0,0,0,0,,0,,,,,4.0,,7.0,
DeJuan Williams,RB,2024,college_data,8.0,46.0,1.0,0,0,0,,0,1.0,0,2.0,0.0,0,0,0,0,0,,0,,,,,5.75,,2.0,
DeJuan Williams,RB,2025,college_data,128.0,501.0,3.0,0,0,0,,0,45.0,0,426.0,1.0,0,0,0,0,0,,0,,,,,3.9140625,,9.466666666666667,
DeMarcus Jones II,RB,2024,college_data,6.0,33.0,1.0,0,0,0,,0,1.0,0,14.0,0.0,0,0,0,0,0,,0,,,,,5.5,,14.0,
DeMarcus McElroy,RB,2024,college_data,114.0,605.0,2.0,0,0,0,,0,16.0,0,112.0,1.0,0,0,0,0,0,,0,,,,,5.307017543859649,,7.0,
DeMarcus McElroy,RB,2025,college_data,58.0,256.0,1.0,0,0,0,,0,14.0,0,83.0,1.0,0,0,0,0,0,,0,,,,,4.413793103448276,,5.928571428571429,
DeSean Bishop,RB,2024,college_data,74.0,455.0,3.0,0,0,0,,0,1.0,0,10.0,0.0,0,0,0,0,0,,0,,,,,6.148648648648648,,10.0,
DeSean Bishop,RB,2025,college_data,182.0,1076.0,16.0,0,0,0,,0,15.0,0,135.0,0.0,0,0,0,0,0,,0,,,,,5.912087912087912,,9.0,
DeaMonte Trayanum,RB,2025,college_data,182.0,1015.0,12.0,0,0,0,,0,21.0,0,212.0,2.0,0,0,0,0,0,,0,,,,,5.576923076923077,,10.095238095238095,
Dean Connors,RB,2024,college_data,159.0,780.0,9.0,0,0,0,,0,61.0,0,472.0,2.0,0,0,0,0,0,,0,,,,,4.90566037735849,,7.737704918032787,
Dean Connors,RB,2025,college_data,200.0,977.0,6.0,0,0,0,,0,34.0,0,254.0,3.0,0,0,0,0,0,,0,,,,,4.885,,7.470588235294118,
Deantre Jackson,RB,2025,college_data,90.0,586.0,7.0,0,0,0,,0,29.0,0,257.0,3.0,0,0,0,0,0,,0,,,,,6.511111111111111,,8.862068965517242,
Dedrick Talbert,RB,2024,college_data,51.0,182.0,3.0,0,0,0,,0,4.0,0,22.0,0.0,0,0,0,0,0,,0,,,,,3.5686274509803924,,5.5,
DeeJay Dallas,RB,2020,nflreadpy,34.0,108.0,2.0,9,9,9,-0.6844100699599389,9,17.0,9,111.0,1.0,9,9,9,9,9,0.34764033145678724,9,0.11111111111111109,1.0,1.0,9.0,3.176470588235294,12.0,6.529411764705882,12.333333333333334
DeeJay Dallas,RB,2021,nflreadpy,33.0,138.0,2.0,13,13,17,0.17199258174122284,13,21.0,21,133.0,0.0,13,13,24,56,15,-0.7667915548850914,13,0.82624716553288,0.7818238406473701,0.7654887073861845,17.0,4.181818181818182,8.117647058823529,6.333333333333333,7.823529411764706
DeeJay Dallas,RB,2022,nflreadpy,41.0,199.0,0.0,0,0,9,0.1391658941389654,0,17.0,19,126.0,0.0,0,0,10,126,5,0.014099365240885342,0,-0.2844202898550724,0.0363494709711815,0.002325115551511283,16.0,4.853658536585366,12.4375,7.411764705882353,7.875
DeeJay Dallas,RB,2023,nflreadpy,10.0,36.0,0.0,0,0,2,0.02232347587622436,0,6.0,9,26.0,0.0,0,0,-15,31,1,-0.9609113303158665,0,0.2041666666666666,0.01725751369714218,-0.0009456178046024696,17.0,3.6,2.1176470588235294,4.333333333333333,1.5294117647058822
DeeJay Dallas,RB,2024,nflreadpy,9.0,49.0,0.0,0,0,4,0.32026791939279065,0,3.0,3,11.0,1.0,0,0,-9,20,1,0.5401071352922978,0,-0.36111111111111116,0.005497186302681993,-0.001997244457482922,16.0,5.444444444444445,3.0625,3.6666666666666665,0.6875
DeeJay Dallas,RB,2026,nflreadpy,3.0,10.0,0.0,0,0,0,-0.33282247313763946,0,2.0,2,13.0,0.0,0,0,-3,16,0,-0.6304565761238337,0,-1.0,0.032036613272311214,-0.006598629608183748,3.0,3.3333333333333335,3.3333333333333335,6.5,4.333333333333333
Deion Brown,RB,2024,college_data,25.0,114.0,1.0,0,0,0,,0,4.0,0,14.0,0.0,0,0,0,0,0,,0,,,,,4.56,,3.5,
Deion Brown,RB,2025,college_data,66.0,248.0,1.0,0,0,0,,0,3.0,0,10.0,0.0,0,0,0,0,0,,0,,,,,3.757575757575758,,3.3333333333333335,
Dekalon Taylor,RB,2024,college_data,152.0,909.0,9.0,0,0,0,,0,22.0,0,163.0,0.0,0,0,0,0,0,,0,,,,,5.980263157894737,,7.409090909090909,
Dekalon Taylor,RB,2025,college_data,19.0,83.0,0.0,0,0,0,,0,10.0,0,106.0,2.0,0,0,0,0,0,,0,,,,,4.368421052631579,,10.6,
Delbert Mimms III,RB,2024,college_data,182.0,799.0,9.0,0,0,0,,0,19.0,0,147.0,1.0,0,0,0,0,0,,0,,,,,4.3901098901098905,,7.7368421052631575,
Delon Thompson,RB,2024,college_data,137.0,678.0,7.0,0,0,0,,0,7.0,0,87.0,0.0,0,0,0,0,0,,0,,,,,4.9489051094890515,,12.428571428571429,
Delon Thompson,RB,2025,college_data,191.0,662.0,7.0,0,0,0,,0,22.0,0,217.0,1.0,0,0,0,0,0,,0,,,,,3.4659685863874348,,9.863636363636363,
Delvecchio Powell II,RB,2024,college_data,38.0,173.0,2.0,0,0,0,,0,13.0,0,97.0,0.0,0,0,0,0,0,,0,,,,,4.552631578947368,,7.461538461538462,
Demarius Robinson,RB,2025,college_data,24.0,84.0,0.0,0,0,0,,0,10.0,0,110.0,0.0,0,0,0,0,0,,0,,,,,3.5,,11.0,
Demetric Felton,RB,2021,nflreadpy,7.0,24.0,0.0,12,12,12,-0.6359799563651904,12,18.0,18,181.0,2.0,12,12,15,44,14,0.955242118309252,12,-2.535378787878788,0.8147509578544061,0.798411432958337,15.0,3.4285714285714284,1.6,10.055555555555555,12.066666666666666
Demetric Felton,RB,2022,nflreadpy,1.0,-4.0,0.0,0,0,0,-1.2909204087918624,0,2.0,4,8.0,0.0,0,0,16,11,0,-0.3657403730903752,0,-0.25,0.02607515940849274,0.013218289967334701,6.0,-4.0,-0.6666666666666666,4.0,1.3333333333333333
Demie Sumo,RB,2024,college_data,129.0,586.0,5.0,0,0,0,,0,20.0,0,154.0,0.0,0,0,0,0,0,,0,,,,,4.542635658914729,,7.7,
Demon June,RB,2025,college_data,84.0,464.0,2.0,0,0,0,,0,17.0,0,159.0,1.0,0,0,0,0,0,,0,,,,,5.523809523809524,,9.352941176470589,
Demond Claiborne,RB,2024,college_data,228.0,1048.0,11.0,0,0,0,,0,23.0,0,254.0,2.0,0,0,0,0,0,,0,,,,,4.5964912280701755,,11.043478260869565,
Demond Claiborne,RB,2025,college_data,179.0,905.0,10.0,0,0,0,,0,28.0,0,140.0,0.0,0,0,0,0,0,,0,,,,,5.055865921787709,,5.0,
Demond Claiborne,RB,2026,nflreadpy,3.0,1.0,0.0,0,0,0,-2.1003015995956957,0,1.0,1,2.0,0.0,0,0,-7,9,0,-0.7320571841876633,0,-0.2857142857142857,0.02631578947368421,-0.022292993630573247,2.0,0.3333333333333333,0.5,2.0,1.0
Dennis Moody,RB,2024,college_data,61.0,253.0,0.0,0,0,0,,0,5.0,0,12.0,0.0,0,0,0,0,0,,0,,,,,4.147540983606557,,2.4,
Dennis Palmer,RB,2024,college_data,157.0,696.0,5.0,0,0,0,,0,8.0,0,60.0,0.0,0,0,0,0,0,,0,,,,,4.43312101910828,,7.5,
Denzell Gibson,RB,2024,college_data,77.0,295.0,3.0,0,0,0,,0,9.0,0,66.0,0.0,0,0,0,0,0,,0,,,,,3.831168831168831,,7.333333333333333,
Denzell Gibson,RB,2025,college_data,65.0,340.0,2.0,0,0,0,,0,3.0,0,42.0,1.0,0,0,0,0,0,,0,,,,,5.230769230769231,,14.0,
Deon Jackson,RB,2022,nflreadpy,68.0,236.0,1.0,1,1,13,-1.4193805723257082,0,30.0,34,209.0,1.0,0,0,-17,228,10,-1.06830616753723,0,-1.9704545454545455,0.07742701023061554,-0.005315612116859489,12.0,3.4705882352941178,19.666666666666668,6.966666666666667,17.416666666666668
Deon Jackson,RB,2023,nflreadpy,14.0,16.0,0.0,1,1,1,-5.721607045750716,0,5.0,6,14.0,0.0,1,1,-6,20,0,-8.510520981624722,0,-2.3333333333333335,0.07692307692307693,-0.013761467889908258,2.0,1.1428571428571428,8.0,2.8,7.0
Deon Silas,RB,2024,college_data,56.0,240.0,2.0,0,0,0,,0,2.0,0,20.0,0.0,0,0,0,0,0,,0,,,,,4.285714285714286,,10.0,
Derrick Davis Jr.,RB,2024,college_data,27.0,70.0,2.0,0,0,0,,0,3.0,0,15.0,0.0,0,0,0,0,0,,0,,,,,2.5925925925925926,,5.0,
Derrick Gore,RB,2021,nflreadpy,54.0,259.0,2.0,5,5,10,0.007978721008116585,5,8.0,10,105.0,0.0,5,5,24,51,6,1.1043582410299375,5,-2.762345679012346,0.5729632849308306,0.564271412213531,9.0,4.796296296296297,28.77777777777778,13.125,11.666666666666666
Derrick Graham Jr.,RB,2024,college_data,42.0,203.0,3.0,0,0,0,,0,3.0,0,5.0,0.0,0,0,0,0,0,,0,,,,,4.833333333333333,,1.6666666666666667,
Derrick Graham Jr.,RB,2025,college_data,20.0,59.0,1.0,0,0,0,,0,4.0,0,6.0,0.0,0,0,0,0,0,,0,,,,,2.95,,1.5,
Derrick Henry,RB,2018,nflreadpy,215.0,1059.0,12.0,0,0,51,0.6625584910925681,0,15.0,18,99.0,0.0,1,1,-13,115,4,-0.21879918879130855,0,-0.43712121212121197,0.043034899557464756,-0.0024138018381089144,16.0,4.925581395348837,66.1875,6.6,6.1875
Derrick Henry,RB,2019,nflreadpy,386.0,1986.0,18.0,9,7,65,0.2115089003742129,4,23.0,28,227.0,2.0,4,4,-41,240,8,0.4022640365292318,4,-2.893091804029304,0.2726766437835068,0.21101816738854287,18.0,5.1450777202072535,110.33333333333333,9.869565217391305,12.61111111111111
Derrick Henry,RB,2020,nflreadpy,396.0,2067.0,17.0,17,17,17,1.6535388645813267,17,22.0,17,125.0,0.0,17,17,17,17,17,-0.5581182439391098,17,0.7234217171717171,1.0,1.0,17.0,5.21969696969697,121.58823529411765,5.681818181818182,7.352941176470588
Derrick Henry,RB,2021,nflreadpy,239.0,999.0,11.0,8,8,13,-1.0362063009726066,8,18.0,8,154.0,0.0,8,8,8,8,8,1.6191617349347023,8,0.448148148148148,0.8888888888888888,0.8888888888888888,9.0,4.179916317991632,111.0,8.555555555555555,17.11111111111111
Derrick Henry,RB,2022,nflreadpy,349.0,1538.0,13.0,4,2,65,-1.3944560105082928,0,33.0,41,398.0,0.0,2,1,-7,397,11,1.0088725803720378,0,-0.2683106575963717,0.10319899343102468,-6.933577359807559e-05,16.0,4.406876790830945,96.125,12.06060606060606,24.875
Derrick Henry,RB,2023,nflreadpy,280.0,1167.0,12.0,0,0,63,-0.12344136229636274,0,28.0,36,214.0,0.0,0,0,-100,275,7,0.21163206328831924,0,-0.4862500897795015,0.07727039886209436,-0.026242480234657604,17.0,4.167857142857143,68.6470588235294,7.642857142857143,12.588235294117647
Derrick Henry,RB,2024,nflreadpy,367.0,2191.0,19.0,3,1,106,2.499544310320445,0,19.0,24,193.0,2.0,0,0,-9,216,11,0.5513896213388263,0,1.8215136054421766,0.0514591844391138,-0.005580440235847281,19.0,5.970027247956403,115.3157894736842,10.157894736842104,10.157894736842104
Derrick Henry,RB,2025,nflreadpy,307.0,1595.0,16.0,4,3,79,0.5391867217783985,0,15.0,21,150.0,0.0,0,0,12,135,4,-0.2212117545020122,0,2.661111111111111,0.04880496773410475,0.002374543980072974,17.0,5.195439739413681,93.82352941176471,10.0,8.823529411764707
Derrick Henry,RB,2026,nflreadpy,89.0,374.0,7.0,0,0,23,-1.114241409522708,0,7.0,7,44.0,0.0,0,0,-30,74,2,0.18554116386803798,0,-5.251748251748252,0.06602011494252874,-0.03137469011604785,4.0,4.202247191011236,93.5,6.285714285714286,11.0
Derrius Guice,RB,2019,nflreadpy,42.0,245.0,2.0,0,0,9,0.6003308490035124,0,7.0,9,79.0,1.0,0,0,-3,86,2,0.7962187664234079,0,-15.75,0.056913258487035545,-0.0028447694296676418,5.0,5.833333333333333,49.0,11.285714285714286,15.8
Deshaun Buchanan,RB,2024,college_data,75.0,548.0,5.0,0,0,0,,0,7.0,0,50.0,0.0,0,0,0,0,0,,0,,,,,7.306666666666667,,7.142857142857143,
Deshaun Buchanan,RB,2025,college_data,7.0,14.0,0.0,0,0,0,,0,6.0,0,56.0,0.0,0,0,0,0,0,,0,,,,,2.0,,9.333333333333334,
Desmin Jackson,RB,2024,college_data,40.0,164.0,0.0,0,0,0,,0,18.0,0,119.0,0.0,0,0,0,0,0,,0,,,,,4.1,,6.611111111111111,
Desmin Jackson,RB,2025,college_data,48.0,170.0,1.0,0,0,0,,0,8.0,0,4.0,0.0,0,0,0,0,0,,0,,,,,3.5416666666666665,,0.5,
Desmond Moultrie,RB,2024,college_data,17.0,27.0,0.0,0,0,0,,0,1.0,0,11.0,0.0,0,0,0,0,0,,0,,,,,1.588235294117647,,11.0,
Desmond Reid,RB,2024,college_data,184.0,966.0,5.0,0,0,0,,0,52.0,0,579.0,4.0,0,0,0,0,0,,0,,,,,5.25,,11.134615384615385,
Desmond Reid,RB,2025,college_data,60.0,278.0,2.0,0,0,0,,0,23.0,0,317.0,2.0,0,0,0,0,0,,0,,,,,4.633333333333334,,13.782608695652174,
Deston Hawkins,RB,2024,college_data,6.0,32.0,0.0,0,0,0,,0,7.0,0,33.0,0.0,0,0,0,0,0,,0,,,,,5.333333333333333,,4.714285714285714,
Detrez Newsome,RB,2018,nflreadpy,11.0,49.0,0.0,0,0,3,0.4020111509016715,0,2.0,2,19.0,0.0,0,0,0,19,2,1.5585344881983474,0,0.0,0.010526315789473684,0.0,5.0,4.454545454545454,9.8,9.5,3.8
Deuce Vaughn,RB,2023,nflreadpy,23.0,40.0,0.0,0,0,1,-2.1515416943099503,0,7.0,7,40.0,0.0,0,0,-6,46,1,0.14903923609526828,0,2.05,0.032845782845782844,-0.0027805171302058237,6.0,1.7391304347826086,6.666666666666667,5.714285714285714,6.666666666666667
Deuce Vaughn,RB,2024,nflreadpy,17.0,70.0,0.0,0,0,2,-0.8183537148754112,0,3.0,5,18.0,0.0,0,0,0,13,0,-0.6340283449583998,0,-1.0,0.020285456187895214,-0.0005985703514117731,5.0,4.117647058823529,14.0,6.0,3.6
Devin Matthews,RB,2024,college_data,132.0,896.0,5.0,0,0,0,,0,21.0,0,142.0,1.0,0,0,0,0,0,,0,,,,,6.787878787878788,,6.761904761904762,
Devin Miles,RB,2025,college_data,99.0,425.0,3.0,0,0,0,,0,5.0,0,36.0,0.0,0,0,0,0,0,,0,,,,,4.292929292929293,,7.2,
Devin Mockobee,RB,2024,college_data,138.0,687.0,4.0,0,0,0,,0,17.0,0,170.0,1.0,0,0,0,0,0,,0,,,,,4.978260869565218,,10.0,
Devin Mockobee,RB,2025,college_data,125.0,521.0,4.0,0,0,0,,0,18.0,0,215.0,1.0,0,0,0,0,0,,0,,,,,4.168,,11.944444444444445,
Devin Neal,RB,2024,college_data,219.0,1266.0,16.0,0,0,0,,0,24.0,0,254.0,1.0,0,0,0,0,0,,0,,,,,5.780821917808219,,10.583333333333334,
Devin Neal,RB,2025,nflreadpy,57.0,206.0,2.0,0,0,11,-0.9835488954740867,0,17.0,19,104.0,0.0,0,0,-38,138,4,-0.3182064414495717,0,-2.6028571428571428,0.061148370928830756,-0.015209394297245946,9.0,3.6140350877192984,22.88888888888889,6.117647058823529,11.555555555555555
Devin Roche,RB,2024,college_data,43.0,274.0,2.0,0,0,0,,0,7.0,0,52.0,1.0,0,0,0,0,0,,0,,,,,6.372093023255814,,7.428571428571429,
Devin Roche,RB,2025,college_data,111.0,634.0,4.0,0,0,0,,0,5.0,0,31.0,0.0,0,0,0,0,0,,0,,,,,5.711711711711712,,6.2,
Devin Singletary,RB,2019,nflreadpy,164.0,833.0,2.0,5,2,38,0.11488856718857801,1,35.0,42,270.0,2.0,1,1,62,194,6,-0.0356549309810281,1,-1.30091440545986,0.18320523249803647,0.09421512022593125,13.0,5.079268292682927,64.07692307692308,7.714285714285714,20.76923076923077
Devin Singletary,RB,2020,nflreadpy,172.0,750.0,2.0,19,19,19,-0.8718643664451935,19,46.0,19,313.0,0.0,19,19,19,19,19,-0.047749742002783445,19,1.6672119261364113,1.0,1.0,19.0,4.3604651162790695,39.473684210526315,6.804347826086956,16.473684210526315
Devin Singletary,RB,2021,nflreadpy,214.0,977.0,10.0,13,13,42,0.17427458165452422,13,47.0,32,266.0,1.0,13,13,-6,144,21,-0.14088328809369255,13,0.9292855292855293,0.7133178523412266,0.680969912749986,19.0,4.565420560747664,51.421052631578945,5.659574468085107,14.0
Devin Singletary,RB,2022,nflreadpy,193.0,892.0,5.0,3,3,48,-0.849422540934433,0,43.0,60,317.0,1.0,0,0,-1,306,16,0.29555419588973886,0,0.9720588235294119,0.09167146355191463,4.528984567547839e-05,18.0,4.6217616580310885,49.55555555555556,7.372093023255814,17.61111111111111
Devin Singletary,RB,2023,nflreadpy,238.0,986.0,5.0,1,0,45,-1.1803834878483264,0,38.0,47,245.0,0.0,0,0,31,265,9,-0.19988360666795701,0,-5.855645161290322,0.07900102187724736,0.006013101824041517,19.0,4.142857142857143,51.89473684210526,6.447368421052632,12.894736842105264
Devin Singletary,RB,2024,nflreadpy,113.0,437.0,4.0,2,2,24,-0.7429877860313272,0,21.0,24,119.0,0.0,0,0,-68,178,4,-0.9367952060808117,0,0.7228835978835978,0.048855520344168436,-0.023198659410796015,15.0,3.8672566371681416,29.133333333333333,5.666666666666667,7.933333333333334
Devin Singletary,RB,2025,nflreadpy,119.0,437.0,5.0,0,0,27,-0.1627026844619061,0,18.0,19,151.0,0.0,0,0,-12,162,4,0.22629662439562068,0,-5.186759038063387,0.04000595556122939,-0.00553447810638002,17.0,3.672268907563025,25.705882352941178,8.38888888888889,8.882352941176471
Devin Singletary,RB,2026,nflreadpy,9.0,25.0,0.0,0,0,0,-1.213739308703225,0,4.0,5,22.0,1.0,0,0,-17,38,2,0.9856763670104556,0,-0.6875,0.08459051724137931,-0.034119336884313844,2.0,2.7777777777777777,12.5,5.5,11.0
Devin Spencer,RB,2024,college_data,40.0,206.0,0.0,0,0,0,,0,3.0,0,14.0,0.0,0,0,0,0,0,,0,,,,,5.15,,4.666666666666667,
Devin Spencer,RB,2025,college_data,108.0,559.0,3.0,0,0,0,,0,25.0,0,125.0,0.0,0,0,0,0,0,,0,,,,,5.175925925925926,,5.0,
Devine Ozigbo,RB,2019,nflreadpy,9.0,27.0,0.0,1,1,1,-0.5317297071451321,1,3.0,1,23.0,0.0,1,1,1,1,1,0.09765345545019954,1,3.8333333333333335,0.3333333333333333,0.3333333333333333,3.0,3.0,9.0,7.666666666666667,7.666666666666667
Devine Ozigbo,RB,2020,nflreadpy,1.0,1.0,0.0,6,6,6,-0.39104660926386714,6,9.0,6,42.0,0.0,6,6,6,6,6,-1.2687377482216107,6,1.3214285714285714,1.0,1.0,6.0,1.0,0.16666666666666666,4.666666666666667,7.0
Devine Ozigbo,RB,2021,nflreadpy,1.0,-3.0,0.0,1,1,1,-1.0445836684666574,1,1.0,1,7.0,0.0,1,1,1,1,1,0.7874355218373239,1,1.75,1.0,1.0,1.0,-3.0,-3.0,7.0,7.0
Devine Ozigbo,RB,2022,nflreadpy,3.0,4.0,0.0,0,0,0,-0.7510752417729236,0,1.0,1,3.0,0.0,0,0,-4,7,0,-0.18005229509435594,0,-0.75,0.010416666666666666,-0.0035938903863432167,3.0,1.3333333333333333,1.3333333333333333,3.0,1.0
Devine Ozigbo,RB,2023,nflreadpy,3.0,5.0,0.0,0,0,1,-1.6083749007666484,0,1.0,1,8.0,0.0,0,0,3,5,0,0.5564853618852794,0,2.6666666666666665,0.024390243902439025,0.011111111111111112,1.0,1.6666666666666667,5.0,8.0,8.0
Devon Rice,RB,2025,college_data,26.0,94.0,3.0,0,0,0,,0,3.0,0,33.0,0.0,0,0,0,0,0,,0,,,,,3.6153846153846154,,11.0,
Devonta Freeman,RB,2018,nflreadpy,14.0,68.0,0.0,0,0,2,-2.0855231308960356,0,5.0,7,23.0,0.0,0,0,1,20,0,-2.1346503628010396,0,-0.6499999999999999,0.08632478632478632,0.0017775985925817337,2.0,4.857142857142857,34.0,4.6,11.5
Devonta Freeman,RB,2019,nflreadpy,184.0,656.0,2.0,2,1,31,-2.9500054586242186,0,59.0,70,410.0,4.0,1,1,79,344,17,-0.3689792476446378,0,0.8799443236019593,0.12088572194855204,0.016101622760132266,14.0,3.5652173913043477,46.857142857142854,6.9491525423728815,29.285714285714285
Devonta Freeman,RB,2020,nflreadpy,54.0,172.0,1.0,5,5,5,-1.8168507571332158,5,7.0,5,58.0,0.0,5,5,5,5,5,0.3209461888181977,5,-6.625,1.0,1.0,5.0,3.185185185185185,34.4,8.285714285714286,11.6
Devonta Freeman,RB,2021,nflreadpy,133.0,576.0,5.0,13,13,19,-0.18508827383523246,13,34.0,18,190.0,1.0,13,13,1,35,13,0.08937220785390729,13,-1.6922910422910424,0.8219398007921714,0.8098125877792935,16.0,4.330827067669173,36.0,5.588235294117647,11.875
Devontae Booker,RB,2018,nflreadpy,34.0,183.0,1.0,0,0,11,0.2372505050356267,0,38.0,51,275.0,0.0,1,1,77,242,9,-0.27093056639753554,0,1.745893550893551,0.08797003482407803,0.02419054790587819,16.0,5.382352941176471,11.4375,7.2368421052631575,17.1875
Devontae Booker,RB,2019,nflreadpy,2.0,9.0,0.0,1,1,1,-0.5469130566693474,1,6.0,8,57.0,0.0,1,1,32,33,2,-0.5226134622346484,1,2.999047619047619,0.1382231905107722,0.12694259371630348,9.0,4.5,1.0,9.5,6.333333333333333
Devontae Booker,RB,2020,nflreadpy,93.0,423.0,3.0,15,15,15,0.19516360848986855,15,17.0,15,84.0,0.0,15,15,15,15,15,-1.2368128909906024,15,1.6272727272727274,1.0,1.0,15.0,4.548387096774194,28.2,4.9411764705882355,5.6
Devontae Booker,RB,2021,nflreadpy,145.0,593.0,2.0,13,13,20,-0.8167752023615292,13,40.0,22,268.0,1.0,13,13,10,57,15,0.36224898307227704,13,-4.708482142857143,0.839809682187731,0.8106362840234592,16.0,4.089655172413793,37.0625,6.7,16.75
Devontae Houston,RB,2024,college_data,119.0,648.0,3.0,0,0,0,,0,5.0,0,23.0,0.0,0,0,0,0,0,,0,,,,,5.445378151260504,,4.6,
Devontae Houston,RB,2025,college_data,176.0,1008.0,12.0,0,0,0,,0,15.0,0,82.0,1.0,0,0,0,0,0,,0,,,,,5.7272727272727275,,5.466666666666667,
Devonte Lyons,RB,2024,college_data,43.0,288.0,2.0,0,0,0,,0,4.0,0,26.0,0.0,0,0,0,0,0,,0,,,,,6.6976744186046515,,6.5,
Devonte Lyons,RB,2025,college_data,37.0,142.0,1.0,0,0,0,,0,12.0,0,65.0,0.0,0,0,0,0,0,,0,,,,,3.8378378378378377,,5.416666666666667,
Devyn Ford,RB,2024,college_data,13.0,55.0,0.0,0,0,0,,0,2.0,0,6.0,0.0,0,0,0,0,0,,0,,,,,4.230769230769231,,3.0,
Dierre Hill Jr.,RB,2025,college_data,75.0,656.0,5.0,0,0,0,,0,16.0,0,137.0,1.0,0,0,0,0,0,,0,,,,,8.746666666666666,,8.5625,
Dijon Stanley,RB,2024,college_data,20.0,66.0,0.0,0,0,0,,0,7.0,0,166.0,2.0,0,0,0,0,0,,0,,,,,3.3,,23.714285714285715,
Dijon Stanley,RB,2025,college_data,73.0,297.0,2.0,0,0,0,,0,24.0,0,124.0,0.0,0,0,0,0,0,,0,,,,,4.068493150684931,,5.166666666666667,
Dilin Jones,RB,2025,college_data,76.0,300.0,2.0,0,0,0,,0,9.0,0,21.0,0.0,0,0,0,0,0,,0,,,,,3.9473684210526314,,2.3333333333333335,
Dion Lewis,RB,2018,nflreadpy,155.0,517.0,1.0,1,1,22,-2.4975564977643447,0,59.0,67,400.0,1.0,0,0,-71,477,13,-0.022923512257209178,0,-3.1482333638583637,0.1544704181513614,-0.03007488602018571,16.0,3.335483870967742,32.3125,6.779661016949152,25.0
Dion Lewis,RB,2019,nflreadpy,56.0,217.0,0.0,3,3,8,-1.0416339963641283,2,27.0,34,178.0,1.0,2,2,-21,195,9,-0.2025568302952401,2,-0.3470982142857143,0.19134969162747376,0.1109010122044506,17.0,3.875,12.764705882352942,6.592592592592593,10.470588235294118
Dion Lewis,RB,2020,nflreadpy,29.0,115.0,2.0,16,16,16,-0.3123481557692643,16,19.0,16,127.0,1.0,16,16,16,16,16,-0.06950025873344258,16,1.0934980936819172,1.0,1.0,16.0,3.9655172413793105,7.1875,6.684210526315789,7.9375
Diore Hubbard,RB,2025,college_data,96.0,335.0,4.0,0,0,0,,0,16.0,0,156.0,0.0,0,0,0,0,0,,0,,,,,3.4895833333333335,,9.75,
Djay Braswell,RB,2025,college_data,29.0,104.0,0.0,0,0,0,,0,7.0,0,17.0,0.0,0,0,0,0,0,,0,,,,,3.586206896551724,,2.4285714285714284,
Djouvensky Schlenbaker,RB,2024,college_data,43.0,149.0,3.0,0,0,0,,0,3.0,0,15.0,0.0,0,0,0,0,0,,0,,,,,3.4651162790697674,,5.0,
Dominic Knicely,RB,2025,college_data,67.0,384.0,3.0,0,0,0,,0,12.0,0,99.0,1.0,0,0,0,0,0,,0,,,,,5.731343283582089,,8.25,
Dominic Rezac,RB,2025,college_data,1.0,4.0,0.0,0,0,0,,0,1.0,0,35.0,0.0,0,0,0,0,0,,0,,,,,4.0,,35.0,
Dominic Richardson,RB,2024,college_data,31.0,109.0,0.0,0,0,0,,0,1.0,0,19.0,0.0,0,0,0,0,0,,0,,,,,3.5161290322580645,,19.0,
Dominic Richardson,RB,2025,college_data,212.0,1065.0,5.0,0,0,0,,0,20.0,0,130.0,0.0,0,0,0,0,0,,0,,,,,5.023584905660377,,6.5,
Dominique Johnson,RB,2024,college_data,18.0,63.0,1.0,0,0,0,,0,1.0,0,2.0,0.0,0,0,0,0,0,,0,,,,,3.5,,2.0,
Donald Chaney Jr.,RB,2024,college_data,50.0,178.0,3.0,0,0,0,,0,7.0,0,62.0,0.0,0,0,0,0,0,,0,,,,,3.56,,8.857142857142858,
Donerio Davenport,RB,2024,college_data,31.0,107.0,1.0,0,0,0,,0,7.0,0,30.0,0.0,0,0,0,0,0,,0,,,,,3.4516129032258065,,4.285714285714286,
Donerio Davenport,RB,2025,college_data,100.0,656.0,7.0,0,0,0,,0,10.0,0,59.0,0.0,0,0,0,0,0,,0,,,,,6.56,,5.9,
Donny Marcus,RB,2024,college_data,72.0,253.0,1.0,0,0,0,,0,6.0,0,75.0,2.0,0,0,0,0,0,,0,,,,,3.513888888888889,,12.5,
Donny Marcus,RB,2025,college_data,84.0,306.0,4.0,0,0,0,,0,13.0,0,148.0,3.0,0,0,0,0,0,,0,,,,,3.642857142857143,,11.384615384615385,
Donovan Eaglin,RB,2024,college_data,181.0,967.0,9.0,0,0,0,,0,14.0,0,120.0,1.0,0,0,0,0,0,,0,,,,,5.342541436464089,,8.571428571428571,
Donovan Edwards,RB,2024,college_data,128.0,589.0,4.0,0,0,0,,0,18.0,0,83.0,1.0,0,0,0,0,0,,0,,,,,4.6015625,,4.611111111111111,
Donovan Shepard,RB,2024,college_data,56.0,231.0,1.0,0,0,0,,0,3.0,0,20.0,0.0,0,0,0,0,0,,0,,,,,4.125,,6.666666666666667,
Donovan Shepard,RB,2025,college_data,75.0,322.0,0.0,0,0,0,,0,19.0,0,143.0,1.0,0,0,0,0,0,,0,,,,,4.293333333333333,,7.526315789473684,
Donovan Snyder,RB,2024,college_data,68.0,256.0,1.0,0,0,0,,0,7.0,0,33.0,0.0,0,0,0,0,0,,0,,,,,3.764705882352941,,4.714285714285714,
Donta Whack,RB,2025,college_data,69.0,262.0,2.0,0,0,0,,0,3.0,0,8.0,0.0,0,0,0,0,0,,0,,,,,3.7971014492753623,,2.6666666666666665,
Dontae McMillan,RB,2024,college_data,23.0,87.0,0.0,0,0,0,,0,2.0,0,1.0,0.0,0,0,0,0,0,,0,,,,,3.782608695652174,,0.5,
Dontae McMillan,RB,2025,college_data,177.0,1014.0,4.0,0,0,0,,0,33.0,0,375.0,3.0,0,0,0,0,0,,0,,,,,5.728813559322034,,11.363636363636363,
Donte Hawthorne,RB,2024,college_data,1.0,12.0,0.0,0,0,0,,0,1.0,0,2.0,0.0,0,0,0,0,0,,0,,,,,12.0,,2.0,
Donte West,RB,2025,college_data,83.0,417.0,5.0,0,0,0,,0,8.0,0,67.0,0.0,0,0,0,0,0,,0,,,,,5.024096385542169,,8.375,
Dontrell Hilliard,RB,2019,nflreadpy,13.0,49.0,2.0,0,0,3,-0.17753939148154074,0,12.0,15,92.0,0.0,0,0,5,103,4,-0.34574949195422233,0,1.085016835016835,0.03195160279731587,-0.0009394858094206236,14.0,3.769230769230769,3.5,7.666666666666667,6.571428571428571
Dontrell Hilliard,RB,2020,nflreadpy,9.0,48.0,0.0,5,5,5,-0.5027272125153104,5,1.0,5,2.0,0.0,5,5,5,5,5,2.055344753433019,5,0.0,1.0,1.0,5.0,5.333333333333333,9.6,2.0,0.4
Dontrell Hilliard,RB,2021,nflreadpy,56.0,350.0,2.0,4,4,12,1.2943620168329548,4,22.0,19,100.0,0.0,4,4,-9,69,7,-0.8895691503460043,4,2.0584859584859583,0.5085648148148149,0.4353548041179395,9.0,6.25,38.888888888888886,4.545454545454546,11.11111111111111
Dontrell Hilliard,RB,2022,nflreadpy,22.0,145.0,0.0,0,0,4,0.060727829635236354,0,21.0,26,177.0,4.0,0,0,39,151,8,0.5209551638262044,0,2.6393677030040665,0.09484268791528232,0.011705297295404983,12.0,6.590909090909091,12.083333333333334,8.428571428571429,14.75
Dorian Boyland,RB,2024,college_data,19.0,80.0,1.0,0,0,0,,0,3.0,0,55.0,0.0,0,0,0,0,0,,0,,,,,4.2105263157894735,,18.333333333333332,
Dorian Harris,RB,2025,college_data,53.0,233.0,0.0,0,0,0,,0,8.0,0,56.0,1.0,0,0,0,0,0,,0,,,,,4.39622641509434,,7.0,
Dorian Lewis,RB,2025,college_data,27.0,195.0,0.0,0,0,0,,0,11.0,0,62.0,0.0,0,0,0,0,0,,0,,,,,7.222222222222222,,5.636363636363637,
Doug Martin,RB,2018,nflreadpy,172.0,723.0,4.0,3,3,37,-1.00270939936939,0,18.0,24,116.0,0.0,0,0,21,94,6,-0.026100569377796583,0,0.3616883116883116,0.04891003108652196,0.009783648914792692,16.0,4.203488372093023,45.1875,6.444444444444445,7.25
Dramekco Green,RB,2025,college_data,25.0,90.0,1.0,0,0,0,,0,2.0,0,9.0,0.0,0,0,0,0,0,,0,,,,,3.6,,4.5,
Dre'Lyn Washington,RB,2024,college_data,73.0,478.0,5.0,0,0,0,,0,6.0,0,107.0,1.0,0,0,0,0,0,,0,,,,,6.5479452054794525,,17.833333333333332,
Dre'Lyn Washington,RB,2025,college_data,14.0,59.0,0.0,0,0,0,,0,1.0,0,15.0,0.0,0,0,0,0,0,,0,,,,,4.214285714285714,,15.0,
Duke Clark,RB,2025,college_data,15.0,58.0,0.0,0,0,0,,0,2.0,0,14.0,0.0,0,0,0,0,0,,0,,,,,3.8666666666666667,,7.0,
Duke Johnson,RB,2018,nflreadpy,40.0,201.0,0.0,0,0,9,-0.05369312693138533,2,47.0,62,429.0,3.0,1,0,153,374,25,1.0712247382005242,0,1.791678198344865,0.10948625505340834,0.02591398794351139,16.0,5.025,12.5625,9.127659574468085,26.8125
Duke Johnson,RB,2019,nflreadpy,87.0,459.0,2.0,4,4,19,-0.451666463200222,3,52.0,59,463.0,3.0,3,3,140,320,18,0.5135737468427837,3,2.058938156583084,0.2624695248858634,0.19457602349502898,18.0,5.275862068965517,25.5,8.903846153846153,25.72222222222222
Duke Johnson,RB,2020,nflreadpy,77.0,235.0,1.0,11,11,11,-2.323443388508167,11,28.0,11,249.0,1.0,11,11,11,11,11,0.4032019860877064,11,11.386574074074074,1.0,1.0,11.0,3.051948051948052,21.363636363636363,8.892857142857142,22.636363636363637
Duke Johnson,RB,2021,nflreadpy,71.0,330.0,3.0,2,2,11,-0.2943543433181438,2,4.0,6,41.0,0.0,2,2,2,25,4,0.65372038250401,2,-0.09999999999999994,0.42531328320802003,0.39457400629840833,5.0,4.647887323943662,66.0,10.25,8.2
Duke Watson,RB,2024,college_data,67.0,597.0,7.0,0,0,0,,0,5.0,0,60.0,1.0,0,0,0,0,0,,0,,,,,8.91044776119403,,12.0,
Duke Watson,RB,2025,college_data,49.0,158.0,1.0,0,0,0,,0,6.0,0,49.0,1.0,0,0,0,0,0,,0,,,,,3.2244897959183674,,8.166666666666666,
Duncan Brune,RB,2025,college_data,120.0,585.0,8.0,0,0,0,,0,5.0,0,57.0,0.0,0,0,0,0,0,,0,,,,,4.875,,11.4,
Durell Robinson,RB,2024,college_data,107.0,731.0,8.0,0,0,0,,0,14.0,0,75.0,0.0,0,0,0,0,0,,0,,,,,6.831775700934579,,5.357142857142857,
Dwayne Washington,RB,2019,nflreadpy,8.0,60.0,0.0,1,1,3,-0.07399012070770065,1,1.0,2,6.0,0.0,1,1,-4,12,1,0.5098329968750477,1,-1.2,0.17129629629629628,0.16375291375291376,6.0,7.5,10.0,6.0,1.0
Dwayne Washington,RB,2021,nflreadpy,4.0,16.0,0.0,8,8,8,-0.07395633418733875,8,2.0,8,12.0,0.0,8,8,8,8,8,-0.007151787562179379,8,1.5,1.0,1.0,8.0,4.0,2.0,6.0,1.5
Dwayne Washington,RB,2022,nflreadpy,11.0,38.0,0.0,0,0,2,-1.1136662756713729,0,1.0,1,7.0,0.0,0,0,1,6,0,0.5391689892858267,0,7.0,0.00510204081632653,0.0006770480704129994,7.0,3.4545454545454546,5.428571428571429,7.0,1.0
Dwight Phillips Jr.,RB,2024,college_data,6.0,33.0,1.0,0,0,0,,0,2.0,0,24.0,0.0,0,0,0,0,0,,0,,,,,5.5,,12.0,
Dwight Phillips Jr.,RB,2025,college_data,35.0,210.0,1.0,0,0,0,,0,1.0,0,-6.0,0.0,0,0,0,0,0,,0,,,,,6.0,,-6.0,
Dylan Downing,RB,2024,college_data,44.0,152.0,1.0,0,0,0,,0,6.0,0,24.0,0.0,0,0,0,0,0,,0,,,,,3.4545454545454546,,4.0,
Dylan Edwards,RB,2024,college_data,74.0,546.0,5.0,0,0,0,,0,19.0,0,133.0,2.0,0,0,0,0,0,,0,,,,,7.378378378378378,,7.0,
Dylan Edwards,RB,2025,college_data,34.0,205.0,2.0,0,0,0,,0,3.0,0,17.0,0.0,0,0,0,0,0,,0,,,,,6.029411764705882,,5.666666666666667,
Dylan Elder,RB,2025,college_data,9.0,48.0,0.0,0,0,0,,0,1.0,0,9.0,0.0,0,0,0,0,0,,0,,,,,5.333333333333333,,9.0,
Dylan Harris,RB,2025,college_data,23.0,64.0,2.0,0,0,0,,0,4.0,0,25.0,0.0,0,0,0,0,0,,0,,,,,2.782608695652174,,6.25,
Dylan Kedzior,RB,2024,college_data,86.0,351.0,1.0,0,0,0,,0,23.0,0,190.0,0.0,0,0,0,0,0,,0,,,,,4.0813953488372094,,8.26086956521739,
Dylan Kedzior,RB,2025,college_data,36.0,211.0,3.0,0,0,0,,0,3.0,0,1.0,0.0,0,0,0,0,0,,0,,,,,5.861111111111111,,0.3333333333333333,
Dylan Laube,RB,2025,nflreadpy,7.0,9.0,0.0,0,0,0,-1.7892638376021448,0,3.0,4,18.0,0.0,0,0,-6,24,1,-0.26328926102723926,0,-3.0,0.008374834962104616,-0.0040666357507223635,17.0,1.2857142857142858,0.5294117647058824,6.0,1.0588235294117647
Dylan Lee,RB,2024,college_data,11.0,35.0,1.0,0,0,0,,0,1.0,0,7.0,0.0,0,0,0,0,0,,0,,,,,3.1818181818181817,,7.0,
Dylan Lee,RB,2025,college_data,25.0,117.0,1.0,0,0,0,,0,1.0,0,0.0,0.0,0,0,0,0,0,,0,,,,,4.68,,0.0,
Dylan Riley,RB,2024,college_data,22.0,135.0,2.0,0,0,0,,0,3.0,0,22.0,0.0,0,0,0,0,0,,0,,,,,6.136363636363637,,7.333333333333333,
Dylan Riley,RB,2025,college_data,195.0,1125.0,10.0,0,0,0,,0,15.0,0,149.0,2.0,0,0,0,0,0,,0,,,,,5.769230769230769,,9.933333333333334,
Dylan Sampson,RB,2024,college_data,258.0,1491.0,22.0,0,0,0,,0,20.0,0,143.0,0.0,0,0,0,0,0,,0,,,,,5.77906976744186,,7.15,
Dylan Sampson,RB,2025,nflreadpy,65.0,175.0,0.0,0,0,12,-1.1215098129373686,0,33.0,40,271.0,2.0,1,1,-62,318,8,0.5307164353725966,0,0.12859584859584872,0.08675009596748316,-0.021052251197132606,15.0,2.6923076923076925,11.666666666666666,8.212121212121213,18.066666666666666
E.J. Smith,RB,2024,college_data,54.0,207.0,0.0,0,0,0,,0,8.0,0,66.0,0.0,0,0,0,0,0,,0,,,,,3.8333333333333335,,8.25,
E.J. Smith,RB,2025,college_data,44.0,205.0,4.0,0,0,0,,0,4.0,0,18.0,0.0,0,0,0,0,0,,0,,,,,4.659090909090909,,4.5,
EJ Oakmon,RB,2024,college_data,18.0,49.0,1.0,0,0,0,,0,1.0,0,6.0,0.0,0,0,0,0,0,,0,,,,,2.7222222222222223,,6.0,
EJ Oakmon,RB,2025,college_data,81.0,357.0,9.0,0,0,0,,0,13.0,0,93.0,0.0,0,0,0,0,0,,0,,,,,4.407407407407407,,7.153846153846154,
EJ Wilson Jr.,RB,2024,college_data,16.0,59.0,0.0,0,0,0,,0,4.0,0,19.0,0.0,0,0,0,0,0,,0,,,,,3.6875,,4.75,
EJ Wilson Jr.,RB,2025,college_data,81.0,482.0,2.0,0,0,0,,0,11.0,0,56.0,0.0,0,0,0,0,0,,0,,,,,5.950617283950617,,5.090909090909091,
Ean Pope,RB,2024,college_data,114.0,524.0,2.0,0,0,0,,0,19.0,0,131.0,0.0,0,0,0,0,0,,0,,,,,4.5964912280701755,,6.894736842105263,
Ean Pope,RB,2025,college_data,16.0,56.0,0.0,0,0,0,,0,3.0,0,9.0,0.0,0,0,0,0,0,,0,,,,,3.5,,3.0,
Ed Osley,RB,2025,college_data,12.0,37.0,0.0,0,0,0,,0,2.0,0,15.0,0.0,0,0,0,0,0,,0,,,,,3.0833333333333335,,7.5,
Eddy Tillman,RB,2024,college_data,24.0,89.0,1.0,0,0,0,,0,1.0,0,3.0,0.0,0,0,0,0,0,,0,,,,,3.7083333333333335,,3.0,
Eden James,RB,2024,college_data,97.0,422.0,3.0,0,0,0,,0,23.0,0,148.0,0.0,0,0,0,0,0,,0,,,,,4.350515463917525,,6.434782608695652,
Eden James,RB,2025,college_data,11.0,33.0,0.0,0,0,0,,0,4.0,0,17.0,0.0,0,0,0,0,0,,0,,,,,3.0,,4.25,
Edward Robinson,RB,2025,college_data,91.0,655.0,1.0,0,0,0,,0,19.0,0,112.0,1.0,0,0,0,0,0,,0,,,,,7.197802197802198,,5.894736842105263,
Edward Saydee,RB,2024,college_data,162.0,702.0,5.0,0,0,0,,0,28.0,0,234.0,1.0,0,0,0,0,0,,0,,,,,4.333333333333333,,8.357142857142858,
Eli Gillman,RB,2024,college_data,161.0,1077.0,13.0,0,0,0,,0,18.0,0,176.0,2.0,0,0,0,0,0,,0,,,,,6.6894409937888195,,9.777777777777779,
Eli Gillman,RB,2025,college_data,250.0,1540.0,21.0,0,0,0,,0,33.0,0,240.0,2.0,0,0,0,0,0,,0,,,,,6.16,,7.2727272727272725,
Eli Jones,RB,2025,college_data,14.0,54.0,1.0,0,0,0,,0,5.0,0,30.0,0.0,0,0,0,0,0,,0,,,,,3.857142857142857,,6.0,
Eli Sanders,RB,2024,college_data,147.0,1064.0,9.0,0,0,0,,0,15.0,0,134.0,0.0,0,0,0,0,0,,0,,,,,7.238095238095238,,8.933333333333334,
Eli Sanders,RB,2025,college_data,44.0,258.0,2.0,0,0,0,,0,8.0,0,126.0,1.0,0,0,0,0,0,,0,,,,,5.863636363636363,,15.75,
Elijah Burris,RB,2024,college_data,122.0,489.0,4.0,0,0,0,,0,11.0,0,118.0,1.0,0,0,0,0,0,,0,,,,,4.008196721311475,,10.727272727272727,
Elijah Dotson,RB,2023,nflreadpy,4.0,6.0,0.0,0,0,0,-3.1967907728394493,0,2.0,2,13.0,0.0,0,0,-1,14,0,0.37644284265115857,0,-13.0,0.05128205128205128,-0.0022675736961451248,1.0,1.5,6.0,6.5,13.0
Elijah Elliott,RB,2025,college_data,205.0,805.0,12.0,0,0,0,,0,44.0,0,380.0,2.0,0,0,0,0,0,,0,,,,,3.926829268292683,,8.636363636363637,
Elijah Faulkner,RB,2025,college_data,40.0,114.0,0.0,0,0,0,,0,1.0,0,5.0,0.0,0,0,0,0,0,,0,,,,,2.85,,5.0,
Elijah Gilliam,RB,2024,college_data,121.0,466.0,8.0,0,0,0,,0,32.0,0,204.0,0.0,0,0,0,0,0,,0,,,,,3.8512396694214877,,6.375,
Elijah Gilliam,RB,2025,college_data,43.0,234.0,5.0,0,0,0,,0,7.0,0,53.0,0.0,0,0,0,0,0,,0,,,,,5.441860465116279,,7.571428571428571,
Elijah Green,RB,2025,college_data,58.0,391.0,2.0,0,0,0,,0,15.0,0,133.0,1.0,0,0,0,0,0,,0,,,,,6.741379310344827,,8.866666666666667,
Elijah Howard,RB,2024,college_data,225.0,929.0,8.0,0,0,0,,0,20.0,0,201.0,1.0,0,0,0,0,0,,0,,,,,4.128888888888889,,10.05,
Elijah Howard,RB,2025,college_data,202.0,1105.0,11.0,0,0,0,,0,43.0,0,335.0,5.0,0,0,0,0,0,,0,,,,,5.47029702970297,,7.790697674418604,
Elijah Jackson,RB,2024,college_data,6.0,97.0,1.0,0,0,0,,0,2.0,0,7.0,0.0,0,0,0,0,0,,0,,,,,16.166666666666668,,3.5,
Elijah Jackson,RB,2025,college_data,19.0,54.0,0.0,0,0,0,,0,1.0,0,37.0,0.0,0,0,0,0,0,,0,,,,,2.8421052631578947,,37.0,
Elijah Jackson-Anderson,RB,2024,college_data,54.0,218.0,2.0,0,0,0,,0,4.0,0,64.0,1.0,0,0,0,0,0,,0,,,,,4.037037037037037,,16.0,
Elijah Jackson-Anderson,RB,2025,college_data,118.0,610.0,2.0,0,0,0,,0,15.0,0,166.0,1.0,0,0,0,0,0,,0,,,,,5.169491525423729,,11.066666666666666,
Elijah Jennings,RB,2025,college_data,70.0,320.0,6.0,0,0,0,,0,7.0,0,59.0,0.0,0,0,0,0,0,,0,,,,,4.571428571428571,,8.428571428571429,
Elijah McCoy,RB,2025,college_data,15.0,47.0,0.0,0,0,0,,0,1.0,0,3.0,0.0,0,0,0,0,0,,0,,,,,3.1333333333333333,,3.0,
Elijah McGuire,RB,2018,nflreadpy,92.0,276.0,3.0,2,2,15,-4.139201296423779,0,19.0,31,193.0,1.0,0,0,138,169,10,0.34905102800494936,0,1.8609077605401134,0.11908428793386884,0.05683816085426753,8.0,3.0,34.5,10.157894736842104,24.125
Elijah Mitchell,RB,2021,nflreadpy,262.0,1132.0,6.0,9,9,25,-2.1443633320016215,9,26.0,20,194.0,1.0,9,9,16,73,14,0.4933330659534679,9,9.225088183421516,0.6780447871302444,0.6463139573198025,14.0,4.320610687022901,80.85714285714286,7.461538461538462,13.857142857142858
Elijah Mitchell,RB,2022,nflreadpy,68.0,332.0,2.0,0,0,18,0.376523480788877,0,5.0,7,32.0,1.0,0,0,-7,38,2,0.6652383587012688,0,-0.5555555555555556,0.03379910522767666,-0.00510204081632653,7.0,4.882352941176471,47.42857142857143,6.4,4.571428571428571
Elijah Mitchell,RB,2023,nflreadpy,81.0,296.0,3.0,0,0,15,-0.8460038716058569,0,6.0,8,14.0,0.0,0,0,-22,26,2,-1.632602662499994,0,0.5666666666666667,0.020816634346046112,-0.00800732131659269,13.0,3.654320987654321,22.76923076923077,2.3333333333333335,1.0769230769230769
Elijah Porter,RB,2025,college_data,12.0,80.0,0.0,0,0,0,,0,1.0,0,67.0,1.0,0,0,0,0,0,,0,,,,,6.666666666666667,,67.0,
Elijah Tau-Tolliver,RB,2024,college_data,183.0,954.0,7.0,0,0,0,,0,37.0,0,287.0,2.0,0,0,0,0,0,,0,,,,,5.213114754098361,,7.756756756756757,
Elijah Tau-Tolliver,RB,2025,college_data,72.0,428.0,2.0,0,0,0,,0,18.0,0,139.0,0.0,0,0,0,0,0,,0,,,,,5.944444444444445,,7.722222222222222,
Elijah Young,RB,2024,college_data,201.0,883.0,3.0,0,0,0,,0,47.0,0,384.0,2.0,0,0,0,0,0,,0,,,,,4.393034825870647,,8.170212765957446,
Elisha Cummings,RB,2024,college_data,99.0,528.0,1.0,0,0,0,,0,9.0,0,72.0,0.0,0,0,0,0,0,,0,,,,,5.333333333333333,,8.0,
Elisha Cummings,RB,2025,college_data,71.0,365.0,2.0,0,0,0,,0,25.0,0,305.0,3.0,0,0,0,0,0,,0,,,,,5.140845070422535,,12.2,
Emanuel Wilson,RB,2023,nflreadpy,26.0,121.0,0.0,0,0,4,-0.322204614956198,0,5.0,6,34.0,0.0,0,0,-9,46,2,0.6214531404912123,0,1.7892857142857144,0.024098631886269588,-0.006904563866585349,7.0,4.653846153846154,17.285714285714285,6.8,4.857142857142857
Emanuel Wilson,RB,2024,nflreadpy,106.0,508.0,4.0,0,0,27,0.3964337185025263,0,12.0,17,71.0,1.0,0,0,-56,129,4,-0.29627401450039986,0,-0.19396825396825396,0.032838613027374584,-0.014122919664689763,18.0,4.7924528301886795,28.22222222222222,5.916666666666667,3.9444444444444446
Emanuel Wilson,RB,2025,nflreadpy,126.0,499.0,3.0,0,0,32,-0.4626622863116837,0,15.0,17,99.0,0.0,1,0,-32,133,5,0.10183610100896305,1,2.1348651348651346,0.03524882524882525,-0.017595037327017254,18.0,3.9603174603174605,27.72222222222222,6.6,5.5
Emari Demercado,RB,2023,nflreadpy,58.0,284.0,2.0,0,0,12,-0.5296734945005117,0,21.0,30,119.0,0.0,0,0,27,109,4,-1.6607229233538159,0,5.547222222222222,0.07855208998212772,0.010210054513839646,11.0,4.896551724137931,25.818181818181817,5.666666666666667,10.818181818181818
Emari Demercado,RB,2024,nflreadpy,24.0,223.0,1.0,0,0,8,1.373577918083718,0,16.0,20,104.0,0.0,0,0,26,95,3,-0.4185993038795052,0,3.0964285714285715,0.04995346013997059,0.006956386092925713,13.0,9.291666666666666,17.153846153846153,6.5,8.0
Emari Demercado,RB,2025,nflreadpy,44.0,312.0,0.0,1,1,9,-0.6274023573276207,0,13.0,20,101.0,1.0,0,0,12,84,3,-0.15875549600526676,0,1.468201754385965,0.04323956390986924,0.00456852358194173,12.0,7.090909090909091,26.0,7.769230769230769,8.416666666666666
Emerson Russell,RB,2025,college_data,11.0,64.0,0.0,0,0,0,,0,3.0,0,25.0,0.0,0,0,0,0,0,,0,,,,,5.818181818181818,,8.333333333333334,
Emmett Johnson,RB,2024,college_data,117.0,598.0,1.0,0,0,0,,0,38.0,0,273.0,2.0,0,0,0,0,0,,0,,,,,5.111111111111111,,7.184210526315789,
Emmett Johnson,RB,2025,college_data,251.0,1451.0,12.0,0,0,0,,0,46.0,0,370.0,3.0,0,0,0,0,0,,0,,,,,5.780876494023905,,8.043478260869565,
Emmett Johnson,RB,2026,nflreadpy,16.0,56.0,0.0,0,0,3,-0.06945940266076933,0,4.0,4,64.0,0.0,0,0,-12,76,2,2.5490091103711165,0,-5.25,0.04217054263565891,-0.025139183837456235,3.0,3.5,18.666666666666668,16.0,21.333333333333332
Eno Benjamin,RB,2021,nflreadpy,38.0,126.0,1.0,6,6,9,-0.8952828916517319,6,8.0,12,68.0,0.0,6,6,-4,67,10,1.012394329556264,6,-2.6095238095238096,0.6845986257750964,0.6625561813733857,9.0,3.3157894736842106,14.0,8.5,7.555555555555555
Eno Benjamin,RB,2022,nflreadpy,77.0,313.0,2.0,0,0,14,-0.07272002348447375,1,25.0,34,193.0,0.0,0,0,-42,234,10,0.34273173853957767,0,-2.7114219114219114,0.06913731573167453,-0.011910671292981893,13.0,4.064935064935065,24.076923076923077,7.72,14.846153846153847
Enoch Nawahine,RB,2024,college_data,30.0,98.0,1.0,0,0,0,,0,1.0,0,1.0,0.0,0,0,0,0,0,,0,,,,,3.2666666666666666,,1.0,
Enoch Nawahine,RB,2025,college_data,25.0,82.0,1.0,0,0,0,,0,3.0,0,14.0,0.0,0,0,0,0,0,,0,,,,,3.28,,4.666666666666667,
Eric Gray,RB,2023,nflreadpy,17.0,48.0,0.0,1,0,2,-1.9735069596936228,0,6.0,7,22.0,0.0,0,0,-8,40,0,-0.9373615287477151,0,0.0892857142857143,0.020787141779788836,-0.0042784702742470326,10.0,2.823529411764706,4.8,3.6666666666666665,2.2
Eric Gray,RB,2024,nflreadpy,14.0,31.0,0.0,1,1,1,-2.0074844970731647,0,10.0,11,82.0,0.0,0,0,-22,103,3,0.5431123508393122,0,-1.335064935064935,0.024915720786445987,-0.008221604861544838,14.0,2.2142857142857144,2.2142857142857144,8.2,5.857142857142857
Ershod Jasey II,RB,2024,college_data,36.0,173.0,1.0,0,0,0,,0,3.0,0,31.0,1.0,0,0,0,0,0,,0,,,,,4.805555555555555,,10.333333333333334,
Ershod Jasey II,RB,2025,college_data,15.0,70.0,0.0,0,0,0,,0,4.0,0,66.0,2.0,0,0,0,0,0,,0,,,,,4.666666666666667,,16.5,
Ethan Clark,RB,2024,college_data,71.0,346.0,3.0,0,0,0,,0,8.0,0,80.0,0.0,0,0,0,0,0,,0,,,,,4.873239436619718,,10.0,
Ethan Clark,RB,2025,college_data,136.0,596.0,6.0,0,0,0,,0,17.0,0,192.0,2.0,0,0,0,0,0,,0,,,,,4.382352941176471,,11.294117647058824,
Ethan Ervin,RB,2025,college_data,9.0,25.0,0.0,0,0,0,,0,5.0,0,23.0,0.0,0,0,0,0,0,,0,,,,,2.7777777777777777,,4.6,
Ethan Lawrence,RB,2025,college_data,87.0,356.0,3.0,0,0,0,,0,9.0,0,50.0,0.0,0,0,0,0,0,,0,,,,,4.091954022988506,,5.555555555555555,
Ethan Payne,RB,2024,college_data,65.0,323.0,7.0,0,0,0,,0,8.0,0,25.0,0.0,0,0,0,0,0,,0,,,,,4.969230769230769,,3.125,
Ethan Shine,RB,2024,college_data,5.0,31.0,1.0,0,0,0,,0,5.0,0,75.0,1.0,0,0,0,0,0,,0,,,,,6.2,,15.0,
Ethan Shine,RB,2025,college_data,193.0,767.0,5.0,0,0,0,,0,22.0,0,245.0,1.0,0,0,0,0,0,,0,,,,,3.9740932642487046,,11.136363636363637,
Ethan Weber,RB,2025,college_data,108.0,570.0,8.0,0,0,0,,0,9.0,0,47.0,0.0,0,0,0,0,0,,0,,,,,5.277777777777778,,5.222222222222222,
Ethan Wright,RB,2024,college_data,136.0,677.0,4.0,0,0,0,,0,18.0,0,114.0,0.0,0,0,0,0,0,,0,,,,,4.977941176470588,,6.333333333333333,
Ethan Wright,RB,2025,college_data,41.0,222.0,1.0,0,0,0,,0,24.0,0,249.0,2.0,0,0,0,0,0,,0,,,,,5.414634146341464,,10.375,
Evan Dickens,RB,2025,college_data,228.0,1325.0,16.0,0,0,0,,0,6.0,0,78.0,1.0,0,0,0,0,0,,0,,,,,5.81140350877193,,13.0,
Evan Hull,RB,2023,nflreadpy,1.0,1.0,0.0,0,0,0,-1.4869537617778406,0,1.0,1,6.0,0.0,0,0,3,3,0,-0.10811814304906875,0,2.0,0.02564102564102564,0.013761467889908258,1.0,1.0,1.0,6.0,6.0
Evan Hull,RB,2025,nflreadpy,19.0,48.0,0.0,0,0,2,-1.2863240601242676,0,1.0,1,6.0,0.0,0,0,-4,10,0,0.15124037815257907,0,-1.5,0.008333333333333333,-0.004219409282700422,6.0,2.526315789473684,8.0,6.0,1.0
Evan Pryor,RB,2024,college_data,56.0,418.0,6.0,0,0,0,,0,15.0,0,181.0,1.0,0,0,0,0,0,,0,,,,,7.464285714285714,,12.066666666666666,
Evan Pryor,RB,2025,college_data,76.0,522.0,3.0,0,0,0,,0,10.0,0,107.0,1.0,0,0,0,0,0,,0,,,,,6.868421052631579,,10.7,
Ezekiel Elliott,RB,2018,nflreadpy,350.0,1618.0,8.0,6,1,84,-0.764309362578592,0,83.0,105,618.0,3.0,0,0,47,619,24,-0.20733697697422498,0,-3.1077497665732956,0.192673475702775,0.0074751060263255065,17.0,4.622857142857143,95.17647058823529,7.445783132530121,36.35294117647059
Ezekiel Elliott,RB,2019,nflreadpy,301.0,1357.0,12.0,4,3,74,-0.3479023210824569,1,54.0,67,420.0,2.0,1,1,41,398,21,0.33631800252276806,1,1.601014911014911,0.1800818491162047,0.06625596220683767,16.0,4.5083056478405314,84.8125,7.777777777777778,26.25
Ezekiel Elliott,RB,2020,nflreadpy,244.0,979.0,6.0,15,15,15,-1.9204343944634807,15,52.0,15,338.0,2.0,15,15,15,15,15,-1.1564617066188094,15,-3.4865464165464166,1.0,1.0,15.0,4.012295081967213,65.26666666666667,6.5,22.533333333333335
Ezekiel Elliott,RB,2021,nflreadpy,249.0,1033.0,10.0,13,13,29,-1.0251337933446734,13,48.0,27,287.0,2.0,13,13,8,70,16,-0.2587545565976448,13,3.6362709435626104,0.7437506046299371,0.7216070421560674,18.0,4.14859437751004,57.388888888888886,5.979166666666667,15.944444444444445
Ezekiel Elliott,RB,2022,nflreadpy,254.0,929.0,12.0,0,0,57,-0.9925367651012702,0,20.0,29,108.0,0.0,0,0,4,107,4,-0.39224814857552964,0,2.045238095238095,0.05118550416564071,0.0006143578569409343,17.0,3.65748031496063,54.64705882352941,5.4,6.352941176470588
Ezekiel Elliott,RB,2023,nflreadpy,184.0,642.0,3.0,1,0,33,-1.6048673318224904,0,51.0,65,313.0,2.0,1,1,-42,374,12,-0.6738333493617366,0,-0.7197287157287157,0.12377699904435797,-0.01268973699103389,17.0,3.489130434782609,37.76470588235294,6.137254901960785,18.41176470588235
Ezekiel Elliott,RB,2024,nflreadpy,74.0,226.0,3.0,1,1,14,-1.0761688423672846,0,12.0,15,69.0,0.0,0,0,-27,97,3,-0.09080589836624059,0,-1.2880952380952382,0.026072905061103328,-0.004633849440005001,15.0,3.054054054054054,15.066666666666666,5.75,4.6
Ezell Jolly,RB,2024,college_data,64.0,248.0,1.0,0,0,0,,0,5.0,0,31.0,0.0,0,0,0,0,0,,0,,,,,3.875,,6.2,
Fabian Garcia,RB,2025,college_data,26.0,210.0,3.0,0,0,0,,0,4.0,0,7.0,0.0,0,0,0,0,0,,0,,,,,8.076923076923077,,1.75,
Fabrice Mukendi,RB,2024,college_data,66.0,400.0,0.0,0,0,0,,0,27.0,0,195.0,1.0,0,0,0,0,0,,0,,,,,6.0606060606060606,,7.222222222222222,
Fame Ijeboi,RB,2025,college_data,97.0,441.0,2.0,0,0,0,,0,12.0,0,54.0,1.0,0,0,0,0,0,,0,,,,,4.546391752577319,,4.5,
Faysal Aden,RB,2024,college_data,58.0,236.0,0.0,0,0,0,,0,9.0,0,61.0,1.0,0,0,0,0,0,,0,,,,,4.068965517241379,,6.777777777777778,
Floyd Chalk IV,RB,2024,college_data,154.0,721.0,10.0,0,0,0,,0,6.0,0,58.0,0.0,0,0,0,0,0,,0,,,,,4.681818181818182,,9.666666666666666,
Floyd Chalk IV,RB,2025,college_data,35.0,141.0,2.0,0,0,0,,0,2.0,0,0.0,0.0,0,0,0,0,0,,0,,,,,4.0285714285714285,,0.0,
Fluff Bothwell,RB,2024,college_data,112.0,834.0,13.0,0,0,0,,0,12.0,0,90.0,0.0,0,0,0,0,0,,0,,,,,7.446428571428571,,7.5,
Fluff Bothwell,RB,2025,college_data,142.0,677.0,6.0,0,0,0,,0,14.0,0,105.0,0.0,0,0,0,0,0,,0,,,,,4.767605633802817,,7.5,
Fonnae Webb,RB,2024,college_data,44.0,157.0,0.0,0,0,0,,0,1.0,0,5.0,1.0,0,0,0,0,0,,0,,,,,3.5681818181818183,,5.0,
Frank Gore,RB,2018,nflreadpy,156.0,722.0,0.0,1,0,25,-0.27898283873614094,0,12.0,16,124.0,1.0,0,0,21,115,8,0.6865175573417218,0,0.4266666666666666,0.0420597937531576,0.007701080484412987,14.0,4.628205128205129,51.57142857142857,10.333333333333334,8.857142857142858
Frank Gore,RB,2019,nflreadpy,174.0,621.0,2.0,1,1,31,-2.2025538332181895,1,13.0,17,100.0,0.0,1,1,15,89,6,0.025145225459709764,1,0.9074074074074076,0.09363197815098978,0.06700193855933953,16.0,3.5689655172413794,38.8125,7.6923076923076925,6.25
Frank Gore,RB,2020,nflreadpy,187.0,653.0,2.0,15,15,15,-2.753734578359235,15,16.0,15,89.0,0.0,15,15,15,15,15,0.043420877807166615,15,1.6928571428571426,1.0,1.0,15.0,3.4919786096256686,43.53333333333333,5.5625,5.933333333333334
Frank Peasant,RB,2024,college_data,10.0,49.0,2.0,0,0,0,,0,2.0,0,3.0,0.0,0,0,0,0,0,,0,,,,,4.9,,1.5,
Frank Peasant,RB,2025,college_data,63.0,279.0,7.0,0,0,0,,0,9.0,0,11.0,0.0,0,0,0,0,0,,0,,,,,4.428571428571429,,1.2222222222222223,
Fred Robertson,RB,2024,college_data,33.0,126.0,0.0,0,0,0,,0,6.0,0,43.0,0.0,0,0,0,0,0,,0,,,,,3.8181818181818183,,7.166666666666667,
Fred Robertson,RB,2025,college_data,2.0,0.0,0.0,0,0,0,,0,2.0,0,8.0,0.0,0,0,0,0,0,,0,,,,,0.0,,4.0,
Fredderick Graves,RB,2024,college_data,62.0,225.0,1.0,0,0,0,,0,3.0,0,29.0,0.0,0,0,0,0,0,,0,,,,,3.629032258064516,,9.666666666666666,
Fredderick Graves,RB,2025,college_data,148.0,569.0,5.0,0,0,0,,0,10.0,0,87.0,0.0,0,0,0,0,0,,0,,,,,3.8445945945945947,,8.7,
Freddie Brock,RB,2024,college_data,151.0,819.0,8.0,0,0,0,,0,21.0,0,166.0,1.0,0,0,0,0,0,,0,,,,,5.423841059602649,,7.904761904761905,
Freddie Brock,RB,2025,college_data,13.0,35.0,0.0,0,0,0,,0,3.0,0,4.0,0.0,0,0,0,0,0,,0,,,,,2.6923076923076925,,1.3333333333333333,
Gabe Sloat,RB,2024,college_data,19.0,66.0,0.0,0,0,0,,0,11.0,0,111.0,0.0,0,0,0,0,0,,0,,,,,3.473684210526316,,10.090909090909092,
Gabe Winowich,RB,2025,college_data,39.0,169.0,2.0,0,0,0,,0,4.0,0,60.0,0.0,0,0,0,0,0,,0,,,,,4.333333333333333,,15.0,
Gabriel Abel,RB,2024,college_data,50.0,130.0,1.0,0,0,0,,0,10.0,0,59.0,0.0,0,0,0,0,0,,0,,,,,2.6,,5.9,
Gabriel Abel,RB,2025,college_data,43.0,153.0,2.0,0,0,0,,0,1.0,0,5.0,0.0,0,0,0,0,0,,0,,,,,3.558139534883721,,5.0,
Galamama Mulbah,RB,2025,college_data,47.0,240.0,2.0,0,0,0,,0,1.0,0,20.0,0.0,0,0,0,0,0,,0,,,,,5.1063829787234045,,20.0,
Garrison Johnson,RB,2024,college_data,67.0,282.0,7.0,0,0,0,,0,2.0,0,37.0,0.0,0,0,0,0,0,,0,,,,,4.208955223880597,,18.5,
Garrison Johnson,RB,2025,college_data,94.0,467.0,6.0,0,0,0,,0,5.0,0,41.0,0.0,0,0,0,0,0,,0,,,,,4.968085106382978,,8.2,
Gary Brightwell,RB,2021,nflreadpy,1.0,4.0,0.0,7,7,7,0.1501470827497542,7,1.0,7,6.0,0.0,7,7,7,7,7,-0.13546320830937475,7,6.0,1.0,1.0,7.0,4.0,0.5714285714285714,6.0,0.8571428571428571
Gary Brightwell,RB,2022,nflreadpy,32.0,151.0,1.0,0,0,10,-0.5347813691458243,0,5.0,8,39.0,0.0,0,0,7,35,4,0.4799483985698316,0,2.25,0.014215463862495996,0.0020630447448840056,17.0,4.71875,8.882352941176471,7.8,2.2941176470588234
Gary Brightwell,RB,2023,nflreadpy,9.0,19.0,0.0,0,0,0,-1.2999403418507427,0,5.0,7,47.0,0.0,0,0,-6,53,2,0.6876841698928425,0,0.27777777777777773,0.05630387931034483,-0.01418207209566204,4.0,2.111111111111111,4.75,9.4,11.75
Gaven Ziebarth,RB,2024,college_data,133.0,534.0,8.0,0,0,0,,0,2.0,0,-1.0,1.0,0,0,0,0,0,,0,,,,,4.015037593984962,,-0.5,
Gavin Garcia,RB,2025,college_data,146.0,647.0,3.0,0,0,0,,0,4.0,0,43.0,0.0,0,0,0,0,0,,0,,,,,4.431506849315069,,10.75,
Gavin Hall,RB,2024,college_data,64.0,321.0,1.0,0,0,0,,0,8.0,0,53.0,0.0,0,0,0,0,0,,0,,,,,5.015625,,6.625,
Gavin Hall,RB,2025,college_data,118.0,446.0,3.0,0,0,0,,0,16.0,0,73.0,0.0,0,0,0,0,0,,0,,,,,3.7796610169491527,,4.5625,
Gavin Sawchuk,RB,2024,college_data,39.0,128.0,1.0,0,0,0,,0,8.0,0,28.0,0.0,0,0,0,0,0,,0,,,,,3.282051282051282,,3.5,
Gavin Sawchuk,RB,2025,college_data,109.0,486.0,8.0,0,0,0,,0,13.0,0,121.0,1.0,0,0,0,0,0,,0,,,,,4.458715596330276,,9.307692307692308,
Gavin Williams,RB,2024,college_data,139.0,749.0,4.0,0,0,0,,0,25.0,0,140.0,1.0,0,0,0,0,0,,0,,,,,5.388489208633094,,5.6,
Gemari Sands,RB,2024,college_data,31.0,117.0,2.0,0,0,0,,0,3.0,0,60.0,0.0,0,0,0,0,0,,0,,,,,3.774193548387097,,20.0,
Gemari Sands,RB,2025,college_data,105.0,465.0,0.0,0,0,0,,0,40.0,0,217.0,0.0,0,0,0,0,0,,0,,,,,4.428571428571429,,5.425,
George Hart III,RB,2024,college_data,44.0,204.0,2.0,0,0,0,,0,7.0,0,34.0,0.0,0,0,0,0,0,,0,,,,,4.636363636363637,,4.857142857142857,
George Hart III,RB,2025,college_data,70.0,300.0,5.0,0,0,0,,0,9.0,0,19.0,1.0,0,0,0,0,0,,0,,,,,4.285714285714286,,2.111111111111111,
George Holani,RB,2024,nflreadpy,3.0,10.0,0.0,0,0,1,-0.7718284350121394,0,1.0,1,-1.0,0.0,0,0,-1,0,0,-0.40869680093601346,0,1.0,0.011494252873563218,-0.0021231422505307855,3.0,3.3333333333333335,3.3333333333333335,-1.0,-0.3333333333333333
George Holani,RB,2025,nflreadpy,27.0,83.0,1.0,1,1,6,-1.8113693371658899,0,6.0,7,49.0,0.0,0,0,11,40,2,0.27716985743609257,0,-2.9333333333333336,0.0204520697167756,0.002785524393421696,12.0,3.074074074074074,6.916666666666667,8.166666666666666,4.083333333333333
George Holani,RB,2026,nflreadpy,15.0,52.0,0.0,0,0,0,-0.0752251889789477,0,6.0,7,50.0,0.0,0,0,-8,64,2,0.6175473834155127,0,-1.7666666666666666,0.06374643874643875,-0.004380955011366678,3.0,3.466666666666667,17.333333333333332,8.333333333333334,16.666666666666668
George Pettaway,RB,2024,college_data,163.0,976.0,5.0,0,0,0,,0,24.0,0,197.0,2.0,0,0,0,0,0,,0,,,,,5.987730061349693,,8.208333333333334,
George Pettaway,RB,2025,college_data,34.0,195.0,0.0,0,0,0,,0,9.0,0,67.0,1.0,0,0,0,0,0,,0,,,,,5.735294117647059,,7.444444444444445,
Gerald Green,RB,2024,college_data,111.0,545.0,3.0,0,0,0,,0,9.0,0,134.0,1.0,0,0,0,0,0,,0,,,,,4.90990990990991,,14.88888888888889,
Gerald Modest,RB,2025,college_data,115.0,575.0,5.0,0,0,0,,0,7.0,0,44.0,0.0,0,0,0,0,0,,0,,,,,5.0,,6.285714285714286,
Gideon Davidson,RB,2025,college_data,60.0,260.0,0.0,0,0,0,,0,11.0,0,93.0,0.0,0,0,0,0,0,,0,,,,,4.333333333333333,,8.454545454545455,
Gideon Ituka,RB,2025,college_data,60.0,255.0,0.0,0,0,0,,0,1.0,0,0.0,0.0,0,0,0,0,0,,0,,,,,4.25,,0.0,
Giovani Bernard,RB,2018,nflreadpy,56.0,211.0,3.0,0,0,14,-0.39438495027504605,0,35.0,48,218.0,0.0,0,0,-7,227,8,-0.427829921846669,0,0.8539021164021164,0.12159889028407754,-0.0018316121219024,12.0,3.767857142857143,17.583333333333332,6.228571428571429,18.166666666666668
Giovani Bernard,RB,2019,nflreadpy,53.0,170.0,0.0,0,0,10,-0.9664751297471347,0,30.0,43,234.0,0.0,2,1,6,220,7,-0.8513384536090257,0,-2.7319752469752467,0.0745770234805116,0.0003234514233586464,16.0,3.207547169811321,10.625,7.8,14.625
Giovani Bernard,RB,2020,nflreadpy,124.0,416.0,3.0,16,16,16,-1.4497408808384715,16,47.0,16,355.0,3.0,16,16,16,16,16,0.4160352918997211,16,5.283103163892637,1.0,1.0,16.0,3.3548387096774195,26.0,7.553191489361702,22.1875
Giovani Bernard,RB,2021,nflreadpy,21.0,102.0,1.0,10,10,12,-0.3321824410231784,10,28.0,18,162.0,3.0,10,10,19,43,13,-0.2908092314987973,10,1.7625438888596783,0.8511093640810622,0.838129103099163,12.0,4.857142857142857,8.5,5.785714285714286,13.5
Giovani Bernard,RB,2022,nflreadpy,8.0,28.0,0.0,1,0,0,-3.000797885213611,0,2.0,2,-1.0,0.0,0,0,-8,7,0,-2.1372818544041365,0,0.125,0.012121212121212121,-0.008465608465608464,5.0,3.5,5.6,-0.5,-0.2
Girard Pringle Jr.,RB,2025,college_data,62.0,375.0,4.0,0,0,0,,0,4.0,0,53.0,1.0,0,0,0,0,0,,0,,,,,6.048387096774194,,13.25,
Godwin Igwebuike,RB,2021,nflreadpy,18.0,118.0,1.0,12,12,11,-0.7621910946036223,11,7.0,14,60.0,0.0,11,11,14,32,12,-0.34709413288510405,11,1.122222222222222,0.7407603890362512,0.7324419920769666,15.0,6.555555555555555,7.866666666666666,8.571428571428571,4.0
Godwin Igwebuike,RB,2022,nflreadpy,3.0,4.0,0.0,0,0,0,-1.4217599489493296,0,1.0,1,3.0,0.0,0,0,3,0,0,-2.794346359092742,0,1.0,0.005952380952380952,0.0018587360594795538,6.0,1.3333333333333333,0.6666666666666666,3.0,0.5
Gracen Goldsmith,RB,2025,college_data,79.0,323.0,6.0,0,0,0,,0,11.0,0,69.0,1.0,0,0,0,0,0,,0,,,,,4.0886075949367084,,6.2727272727272725,
Grant Robinson,RB,2024,college_data,76.0,208.0,2.0,0,0,0,,0,12.0,0,35.0,0.0,0,0,0,0,0,,0,,,,,2.736842105263158,,2.9166666666666665,
Grant Robinson,RB,2025,college_data,55.0,182.0,2.0,0,0,0,,0,9.0,0,51.0,0.0,0,0,0,0,0,,0,,,,,3.309090909090909,,5.666666666666667,
Grayson Rigdon,RB,2025,college_data,2.0,-1.0,0.0,0,0,0,,0,1.0,0,8.0,0.0,0,0,0,0,0,,0,,,,,-0.5,,8.0,
Greg Burrell,RB,2024,college_data,66.0,370.0,3.0,0,0,0,,0,2.0,0,12.0,0.0,0,0,0,0,0,,0,,,,,5.606060606060606,,6.0,
Greg Burrell,RB,2025,college_data,100.0,671.0,3.0,0,0,0,,0,13.0,0,125.0,0.0,0,0,0,0,0,,0,,,,,6.71,,9.615384615384615,
Gregory DeRosiers,RB,2024,college_data,31.0,228.0,3.0,0,0,0,,0,21.0,0,175.0,4.0,0,0,0,0,0,,0,,,,,7.354838709677419,,8.333333333333334,
Gregory DeRosiers,RB,2025,college_data,99.0,563.0,7.0,0,0,0,,0,32.0,0,228.0,1.0,0,0,0,0,0,,0,,,,,5.686868686868687,,7.125,
Griffin Caldwell,RB,2024,college_data,43.0,331.0,5.0,0,0,0,,0,4.0,0,19.0,0.0,0,0,0,0,0,,0,,,,,7.6976744186046515,,4.75,
Griffin Caldwell,RB,2025,college_data,83.0,362.0,2.0,0,0,0,,0,19.0,0,154.0,1.0,0,0,0,0,0,,0,,,,,4.36144578313253,,8.105263157894736,
Griffin Johnson,RB,2024,college_data,32.0,159.0,1.0,0,0,0,,0,3.0,0,36.0,0.0,0,0,0,0,0,,0,,,,,4.96875,,12.0,
Griffin Johnson,RB,2025,college_data,84.0,418.0,2.0,0,0,0,,0,9.0,0,75.0,0.0,0,0,0,0,0,,0,,,,,4.976190476190476,,8.333333333333334,
Griffin Woodell,RB,2024,college_data,64.0,178.0,2.0,0,0,0,,0,9.0,0,44.0,0.0,0,0,0,0,0,,0,,,,,2.78125,,4.888888888888889,
Griffin Woodell,RB,2025,college_data,90.0,389.0,1.0,0,0,0,,0,22.0,0,210.0,1.0,0,0,0,0,0,,0,,,,,4.322222222222222,,9.545454545454545,
Gus Edwards,RB,2018,nflreadpy,145.0,741.0,2.0,0,0,37,0.7464538946733423,1,2.0,2,20.0,0.0,0,0,3,17,1,0.6285317879810464,0,1.1666666666666667,0.005681818181818181,0.0005966587112171838,12.0,5.110344827586207,61.75,10.0,1.6666666666666667
Gus Edwards,RB,2019,nflreadpy,136.0,731.0,2.0,3,2,41,0.48046420433647336,2,7.0,8,45.0,0.0,2,2,4,43,4,0.3247809792621717,2,2.1374999999999997,0.1287847375368936,0.1193087385280761,17.0,5.375,43.0,6.428571428571429,2.6470588235294117
Gus Edwards,RB,2020,nflreadpy,162.0,803.0,6.0,18,18,18,1.0372328623282663,18,9.0,18,129.0,0.0,18,18,18,18,18,0.7360208538520965,18,4.445797413793104,1.0,1.0,18.0,4.95679012345679,44.611111111111114,14.333333333333334,7.166666666666667
Gus Edwards,RB,2022,nflreadpy,99.0,472.0,3.0,1,1,34,0.12243348061456345,0,1.0,3,13.0,0.0,0,0,1,18,1,0.12080985556046168,0,-0.8666666666666667,0.013154761904761905,0.000798969916584212,10.0,4.767676767676767,47.2,13.0,1.3
Gus Edwards,RB,2023,nflreadpy,211.0,870.0,13.0,2,2,53,-0.5450591769900935,1,14.0,16,195.0,0.0,1,0,39,160,6,0.8162970256526023,0,5.182575757575758,0.03553130470453542,0.009610842152933716,19.0,4.123222748815166,45.78947368421053,13.928571428571429,10.263157894736842
Gus Edwards,RB,2024,nflreadpy,108.0,387.0,4.0,0,0,18,-1.333296044227097,0,3.0,5,6.0,0.0,0,0,-15,11,0,-0.7752659841207787,0,-0.08333333333333333,0.014675925925925926,-0.0052272469436285265,12.0,3.5833333333333335,32.25,2.0,0.5
Hahsaun Wilson,RB,2024,college_data,91.0,559.0,7.0,0,0,0,,0,4.0,0,42.0,0.0,0,0,0,0,0,,0,,,,,6.142857142857143,,10.5,
Hahsaun Wilson,RB,2025,college_data,46.0,225.0,1.0,0,0,0,,0,7.0,0,41.0,0.0,0,0,0,0,0,,0,,,,,4.891304347826087,,5.857142857142857,
Hakeem Watters,RB,2025,college_data,85.0,450.0,3.0,0,0,0,,0,5.0,0,82.0,0.0,0,0,0,0,0,,0,,,,,5.294117647058823,,16.4,
Harlan Dixon,RB,2024,college_data,83.0,426.0,2.0,0,0,0,,0,15.0,0,61.0,0.0,0,0,0,0,0,,0,,,,,5.132530120481928,,4.066666666666666,
Harlan Dixon,RB,2025,college_data,53.0,217.0,3.0,0,0,0,,0,7.0,0,63.0,0.0,0,0,0,0,0,,0,,,,,4.09433962264151,,9.0,
Harlem Berry,RB,2025,college_data,104.0,491.0,2.0,0,0,0,,0,8.0,0,32.0,0.0,0,0,0,0,0,,0,,,,,4.721153846153846,,4.0,
Harrison Bey-Buie,RB,2025,college_data,127.0,487.0,5.0,0,0,0,,0,8.0,0,55.0,0.0,0,0,0,0,0,,0,,,,,3.8346456692913384,,6.875,
Harrison Waylee,RB,2024,college_data,63.0,323.0,1.0,0,0,0,,0,2.0,0,5.0,0.0,0,0,0,0,0,,0,,,,,5.126984126984127,,2.5,
Harrison Waylee,RB,2025,college_data,118.0,556.0,6.0,0,0,0,,0,9.0,0,39.0,0.0,0,0,0,0,0,,0,,,,,4.711864406779661,,4.333333333333333,
Harry Stewart III,RB,2025,college_data,21.0,98.0,1.0,0,0,0,,0,5.0,0,29.0,0.0,0,0,0,0,0,,0,,,,,4.666666666666667,,5.8,
Hashim Jones,RB,2025,college_data,29.0,131.0,2.0,0,0,0,,0,1.0,0,7.0,0.0,0,0,0,0,0,,0,,,,,4.517241379310345,,7.0,
Hassan Haskins,RB,2022,nflreadpy,25.0,93.0,0.0,0,0,5,-0.4905337978852913,0,11.0,12,57.0,0.0,0,0,-6,58,2,-0.5201888494526169,0,-0.7057823129251701,0.0357389898007747,0.00032005776394611454,14.0,3.72,6.642857142857143,5.181818181818182,4.071428571428571
Hassan Haskins,RB,2024,nflreadpy,35.0,94.0,2.0,1,1,14,-0.24937659773488782,0,3.0,4,49.0,1.0,0,0,10,42,2,1.408539306469417,0,5.166666666666667,0.009455128205128206,0.002482702482702483,13.0,2.6857142857142855,7.230769230769231,16.333333333333332,3.769230769230769
Hassan Haskins,RB,2025,nflreadpy,17.0,47.0,0.0,0,0,4,-0.577456637180876,0,4.0,4,13.0,0.0,0,0,-3,16,0,-0.5044797705486417,0,1.7380952380952381,0.007883568875893436,0.0007764896904516646,12.0,2.764705882352941,3.9166666666666665,3.25,1.0833333333333333
Hayden Reed,RB,2024,college_data,40.0,207.0,1.0,0,0,0,,0,6.0,0,63.0,1.0,0,0,0,0,0,,0,,,,,5.175,,10.5,
Hayden Reed,RB,2025,college_data,74.0,335.0,3.0,0,0,0,,0,2.0,0,2.0,0.0,0,0,0,0,0,,0,,,,,4.527027027027027,,1.0,
Henry Parrish Jr.,RB,2024,college_data,131.0,693.0,10.0,0,0,0,,0,15.0,0,82.0,0.0,0,0,0,0,0,,0,,,,,5.290076335877862,,5.466666666666667,
Henry Rutledge,RB,2024,college_data,11.0,72.0,0.0,0,0,0,,0,10.0,0,82.0,1.0,0,0,0,0,0,,0,,,,,6.545454545454546,,8.2,
Herschel Turner,RB,2024,college_data,79.0,405.0,4.0,0,0,0,,0,12.0,0,71.0,0.0,0,0,0,0,0,,0,,,,,5.1265822784810124,,5.916666666666667,
Herschel Turner,RB,2025,college_data,69.0,353.0,0.0,0,0,0,,0,3.0,0,6.0,0.0,0,0,0,0,0,,0,,,,,5.115942028985507,,2.0,
Hinckley Ropati,RB,2024,college_data,68.0,360.0,1.0,0,0,0,,0,5.0,0,76.0,1.0,0,0,0,0,0,,0,,,,,5.294117647058823,,15.2,
Hope Adebayo,RB,2024,college_data,152.0,966.0,8.0,0,0,0,,0,8.0,0,29.0,0.0,0,0,0,0,0,,0,,,,,6.355263157894737,,3.625,
Hunter Luepke,RB,2023,nflreadpy,6.0,19.0,1.0,0,0,5,1.1741107810521498,0,3.0,4,18.0,0.0,0,0,-2,16,1,-0.30962348708999343,0,3.25,0.011041606446018211,0.00038630762198783733,10.0,3.1666666666666665,1.9,6.0,1.8
Hunter Luepke,RB,2024,nflreadpy,12.0,38.0,0.0,0,0,6,0.1559868289351638,0,12.0,16,111.0,0.0,0,0,39,84,5,0.45982018072064684,0,0.1225108225108225,0.032898268492000685,0.011168433304073877,14.0,3.1666666666666665,2.7142857142857144,9.25,7.928571428571429
Hunter Luepke,RB,2025,nflreadpy,16.0,71.0,0.0,0,0,6,-0.2282915913279485,0,13.0,15,109.0,1.0,0,0,-3,119,6,0.46036526688716783,0,0.40047619047619054,0.03338623302104976,-0.002630625476808594,14.0,4.4375,5.071428571428571,8.384615384615385,7.785714285714286
Hunter Luepke,RB,2026,nflreadpy,2.0,8.0,0.0,0,0,2,0.11074936922523193,0,1.0,1,2.0,0.0,0,0,2,0,0,-1.1498720441013575,0,1.0,0.007751937984496124,0.002564102564102564,3.0,4.0,2.6666666666666665,2.0,0.6666666666666666
Hunter Rice,RB,2024,college_data,195.0,800.0,7.0,0,0,0,,0,17.0,0,100.0,0.0,0,0,0,0,0,,0,,,,,4.102564102564102,,5.882352941176471,
Hunter Smith,RB,2025,college_data,62.0,403.0,2.0,0,0,0,,0,6.0,0,54.0,0.0,0,0,0,0,0,,0,,,,,6.5,,9.0,
Hymond Drinkard,RB,2025,college_data,28.0,155.0,0.0,0,0,0,,0,2.0,0,5.0,0.0,0,0,0,0,0,,0,,,,,5.535714285714286,,2.5,
Iaan Cousin,RB,2024,college_data,4.0,3.0,0.0,0,0,0,,0,19.0,0,323.0,2.0,0,0,0,0,0,,0,,,,,0.75,,17.0,
Ikaika Ragsdale,RB,2024,college_data,22.0,58.0,1.0,0,0,0,,0,4.0,0,13.0,0.0,0,0,0,0,0,,0,,,,,2.6363636363636362,,3.25,
Ikaika Ragsdale,RB,2025,college_data,62.0,221.0,0.0,0,0,0,,0,12.0,0,70.0,0.0,0,0,0,0,0,,0,,,,,3.564516129032258,,5.833333333333333,
Ike Daniels,RB,2024,college_data,18.0,75.0,2.0,0,0,0,,0,1.0,0,13.0,0.0,0,0,0,0,0,,0,,,,,4.166666666666667,,13.0,
Irvin Mulligan,RB,2024,college_data,204.0,1237.0,13.0,0,0,0,,0,3.0,0,39.0,0.0,0,0,0,0,0,,0,,,,,6.063725490196078,,13.0,
Isaac Brown,RB,2024,college_data,165.0,1173.0,11.0,0,0,0,,0,30.0,0,152.0,1.0,0,0,0,0,0,,0,,,,,7.109090909090909,,5.066666666666666,
Isaac Brown,RB,2025,college_data,101.0,884.0,7.0,0,0,0,,0,13.0,0,48.0,0.0,0,0,0,0,0,,0,,,,,8.752475247524753,,3.6923076923076925,
Isaac Guerendo,RB,2024,nflreadpy,84.0,420.0,4.0,0,0,18,0.37323593504082125,0,15.0,16,152.0,0.0,1,0,50,107,7,1.0890874342779473,0,1.1594017094017095,0.03550925250166237,0.008566231951304062,16.0,5.0,26.25,10.133333333333333,9.5
Isaac Seide,RB,2024,college_data,108.0,422.0,2.0,0,0,0,,0,19.0,0,90.0,0.0,0,0,0,0,0,,0,,,,,3.9074074074074074,,4.7368421052631575,
Isaac Stopke,RB,2024,college_data,94.0,290.0,3.0,0,0,0,,0,2.0,0,12.0,0.0,0,0,0,0,0,,0,,,,,3.0851063829787235,,6.0,
Isaac Stopke,RB,2025,college_data,148.0,788.0,7.0,0,0,0,,0,8.0,0,59.0,0.0,0,0,0,0,0,,0,,,,,5.324324324324325,,7.375,
Isaiah Augustave,RB,2024,college_data,85.0,384.0,4.0,0,0,0,,0,11.0,0,62.0,0.0,0,0,0,0,0,,0,,,,,4.517647058823529,,5.636363636363637,
Isaiah Augustave,RB,2025,college_data,2.0,1.0,0.0,0,0,0,,0,1.0,0,16.0,0.0,0,0,0,0,0,,0,,,,,0.5,,16.0,
Isaiah Crowell,RB,2018,nflreadpy,143.0,685.0,6.0,0,0,26,-0.7320133235765401,0,21.0,28,152.0,0.0,0,0,-9,173,7,0.23656818829396561,0,0.27378917378917383,0.06526571881779708,-0.001754245518977006,13.0,4.79020979020979,52.69230769230769,7.238095238095238,11.692307692307692
Isaiah Davis,RB,2024,nflreadpy,30.0,174.0,1.0,0,0,10,0.5517552124147187,0,9.0,12,75.0,1.0,0,0,16,75,4,1.0562905930085384,0,0.4921212121212122,0.025466838676973195,0.0038536332653412034,13.0,5.8,13.384615384615385,8.333333333333334,5.769230769230769
Isaiah Davis,RB,2025,college_data,3.0,37.0,0.0,0,0,0,,0,1.0,0,0.0,0.0,0,0,0,0,0,,0,,,,,12.333333333333334,,0.0,
Isaiah Davis,RB,2025,nflreadpy,43.0,236.0,1.0,0,0,7,-0.24881221082127467,0,21.0,28,186.0,0.0,0,0,32,189,8,0.384579854171706,1,-3.562133838383838,0.06298843658011115,-0.0028910595304545953,16.0,5.488372093023256,14.75,8.857142857142858,11.625
Isaiah Gordon,RB,2024,college_data,14.0,32.0,0.0,0,0,0,,0,2.0,0,0.0,0.0,0,0,0,0,0,,0,,,,,2.2857142857142856,,0.0,
Isaiah Gordon,RB,2025,college_data,30.0,119.0,1.0,0,0,0,,0,2.0,0,11.0,0.0,0,0,0,0,0,,0,,,,,3.966666666666667,,5.5,
Isaiah Groves,RB,2025,college_data,30.0,195.0,1.0,0,0,0,,0,1.0,0,3.0,0.0,0,0,0,0,0,,0,,,,,6.5,,3.0,
Isaiah Jacobs,RB,2024,college_data,41.0,162.0,0.0,0,0,0,,0,7.0,0,33.0,0.0,0,0,0,0,0,,0,,,,,3.951219512195122,,4.714285714285714,
Isaiah Jacobs,RB,2025,college_data,79.0,342.0,4.0,0,0,0,,0,15.0,0,82.0,1.0,0,0,0,0,0,,0,,,,,4.329113924050633,,5.466666666666667,
Isaiah Johnson,RB,2024,college_data,116.0,578.0,11.0,0,0,0,,0,17.0,0,135.0,0.0,0,0,0,0,0,,0,,,,,4.982758620689655,,7.9411764705882355,
Isaiah Mozee,RB,2025,college_data,26.0,115.0,0.0,0,0,0,,0,14.0,0,155.0,0.0,0,0,0,0,0,,0,,,,,4.423076923076923,,11.071428571428571,
Isaiah Nwokenkwo,RB,2025,college_data,62.0,341.0,1.0,0,0,0,,0,7.0,0,107.0,0.0,0,0,0,0,0,,0,,,,,5.5,,15.285714285714286,
Isaiah Ragland,RB,2024,college_data,105.0,511.0,4.0,0,0,0,,0,9.0,0,69.0,0.0,0,0,0,0,0,,0,,,,,4.866666666666666,,7.666666666666667,
Isaiah Ragland,RB,2025,college_data,168.0,755.0,2.0,0,0,0,,0,11.0,0,83.0,1.0,0,0,0,0,0,,0,,,,,4.494047619047619,,7.545454545454546,
Isaiah Robinson,RB,2024,college_data,27.0,99.0,0.0,0,0,0,,0,4.0,0,22.0,0.0,0,0,0,0,0,,0,,,,,3.6666666666666665,,5.5,
Isaiah Robinson,RB,2025,college_data,11.0,44.0,0.0,0,0,0,,0,2.0,0,7.0,0.0,0,0,0,0,0,,0,,,,,4.0,,3.5,
Isaiah Rudison,RB,2024,college_data,1.0,10.0,0.0,0,0,0,,0,2.0,0,26.0,0.0,0,0,0,0,0,,0,,,,,10.0,,13.0,
Isaiah Rudison,RB,2025,college_data,42.0,158.0,2.0,0,0,0,,0,9.0,0,44.0,0.0,0,0,0,0,0,,0,,,,,3.761904761904762,,4.888888888888889,
Isaiah Smith,RB,2024,college_data,211.0,1294.0,9.0,0,0,0,,0,14.0,0,190.0,2.0,0,0,0,0,0,,0,,,,,6.132701421800948,,13.571428571428571,
Isaiah Spiller,RB,2022,nflreadpy,18.0,41.0,0.0,0,0,2,-1.4220296383136883,0,3.0,3,13.0,0.0,0,0,-10,23,0,-0.0755167075258214,0,-1.3,0.01804842259721203,-0.009797044519266742,5.0,2.2777777777777777,8.2,4.333333333333333,2.6
Isaiah Spiller,RB,2023,nflreadpy,37.0,96.0,0.0,0,0,1,-1.5956616887512307,0,6.0,6,34.0,0.0,0,0,-5,39,1,0.13136253971580003,0,-3.25,0.021661464095674623,-0.0019294201444043477,9.0,2.5945945945945947,10.666666666666666,5.666666666666667,3.7777777777777777
Isaiah West,RB,2025,college_data,59.0,310.0,2.0,0,0,0,,0,2.0,0,12.0,0.0,0,0,0,0,0,,0,,,,,5.254237288135593,,6.0,
Isaiah Wright,RB,2025,college_data,18.0,46.0,1.0,0,0,0,,0,1.0,0,0.0,0.0,0,0,0,0,0,,0,,,,,2.5555555555555554,,0.0,
Isiah Pacheco,RB,2022,nflreadpy,207.0,1027.0,6.0,3,2,45,-0.0911230614797792,0,19.0,21,195.0,0.0,0,0,-30,246,10,0.973105537891388,0,-0.1960714285714286,0.029042085368155217,-0.005159620954311106,20.0,4.961352657004831,51.35,10.263157894736842,9.75
Isiah Pacheco,RB,2023,nflreadpy,286.0,1248.0,10.0,3,2,68,-1.4150771868921195,0,56.0,61,304.0,2.0,0,0,-128,434,14,0.11533938622539301,0,-0.21556068729981773,0.0977628577354517,-0.03237811308103332,18.0,4.363636363636363,69.33333333333333,5.428571428571429,16.88888888888889
Isiah Pacheco,RB,2024,nflreadpy,96.0,347.0,1.0,0,0,14,-1.6710862384497887,0,15.0,21,96.0,0.0,0,0,-23,138,6,-0.2877601648354149,0,1.4759259259259259,0.07210986927374993,-0.020089811545695873,10.0,3.6145833333333335,34.7,6.4,9.6
Isiah Pacheco,RB,2025,nflreadpy,118.0,462.0,1.0,0,0,27,-1.0494917597254523,0,19.0,26,101.0,1.0,0,0,-27,121,4,-0.5197703643830975,0,3.6476190476190475,0.06798821574496818,-0.006067380663582119,13.0,3.9152542372881354,35.53846153846154,5.315789473684211,7.769230769230769
Ismail Mahdi,RB,2024,college_data,183.0,991.0,4.0,0,0,0,,0,24.0,0,195.0,2.0,0,0,0,0,0,,0,,,,,5.415300546448087,,8.125,
Ismail Mahdi,RB,2025,college_data,133.0,853.0,4.0,0,0,0,,0,17.0,0,119.0,1.0,0,0,0,0,0,,0,,,,,6.413533834586466,,7.0,
Israel Abanikanda,RB,2023,nflreadpy,22.0,70.0,0.0,0,0,3,-0.49092223580988187,0,7.0,11,43.0,0.0,0,0,6,46,2,-0.4051625851037291,0,-1.5854700854700854,0.04852092352092352,0.007722608906127318,6.0,3.1818181818181817,11.666666666666666,6.142857142857143,7.166666666666667
Ito Smith,RB,2018,nflreadpy,90.0,315.0,4.0,1,0,18,-1.2335848424946352,0,27.0,32,152.0,0.0,0,0,-8,160,9,0.4771587687665629,0,-0.08034188034188036,0.06368811036857262,-0.002329848410004782,13.0,3.5,24.23076923076923,5.62962962962963,11.692307692307692
Ito Smith,RB,2019,nflreadpy,22.0,106.0,1.0,0,0,10,0.515580678990643,0,11.0,14,87.0,0.0,0,0,24,72,2,-0.2607373458886286,0,4.743055555555555,0.044050471492331954,0.008479430576681901,7.0,4.818181818181818,15.142857142857142,7.909090909090909,12.428571428571429
Ito Smith,RB,2020,nflreadpy,63.0,268.0,1.0,14,14,14,-0.16540666883035252,14,17.0,14,75.0,0.0,14,14,14,14,14,-1.0919191021052705,14,2.4247474747474747,1.0,1.0,14.0,4.253968253968254,19.142857142857142,4.411764705882353,5.357142857142857
Iverson Celestine,RB,2024,college_data,6.0,21.0,1.0,0,0,0,,0,2.0,0,18.0,0.0,0,0,0,0,0,,0,,,,,3.5,,9.0,
Iverson Howard,RB,2025,college_data,39.0,125.0,0.0,0,0,0,,0,2.0,0,3.0,0.0,0,0,0,0,0,,0,,,,,3.2051282051282053,,1.5,
Iverson Young,RB,2025,college_data,4.0,21.0,0.0,0,0,0,,0,1.0,0,8.0,0.0,0,0,0,0,0,,0,,,,,5.25,,8.0,
J'Koby Williams,RB,2024,college_data,41.0,236.0,2.0,0,0,0,,0,10.0,0,100.0,1.0,0,0,0,0,0,,0,,,,,5.7560975609756095,,10.0,
J'Koby Williams,RB,2025,college_data,154.0,866.0,6.0,0,0,0,,0,35.0,0,388.0,2.0,0,0,0,0,0,,0,,,,,5.623376623376624,,11.085714285714285,
J'Marion Burnette,RB,2024,college_data,43.0,182.0,0.0,0,0,0,,0,1.0,0,7.0,0.0,0,0,0,0,0,,0,,,,,4.232558139534884,,7.0,
J'Marion Burnette,RB,2025,college_data,28.0,82.0,0.0,0,0,0,,0,1.0,0,39.0,1.0,0,0,0,0,0,,0,,,,,2.9285714285714284,,39.0,
J'Wan Evans,RB,2024,college_data,52.0,310.0,2.0,0,0,0,,0,5.0,0,33.0,0.0,0,0,0,0,0,,0,,,,,5.961538461538462,,6.6,
J'mari Taylor,RB,2024,college_data,196.0,1146.0,15.0,0,0,0,,0,29.0,0,257.0,2.0,0,0,0,0,0,,0,,,,,5.846938775510204,,8.862068965517242,
J'mari Taylor,RB,2025,college_data,222.0,1062.0,14.0,0,0,0,,0,43.0,0,253.0,1.0,0,0,0,0,0,,0,,,,,4.783783783783784,,5.883720930232558,
J.D. McKissic,RB,2018,nflreadpy,3.0,8.0,0.0,0,0,0,-0.12759151315549389,0,2.0,4,13.0,1.0,0,0,13,7,1,0.5725413595500868,0,1.0833333333333333,0.042483660130718956,0.018601190476190476,4.0,2.6666666666666665,2.0,6.5,3.25
J.D. McKissic,RB,2019,nflreadpy,38.0,205.0,0.0,1,1,9,-0.2281046889195325,1,34.0,41,233.0,1.0,1,1,10,229,8,-0.5681782983504884,1,-0.27550505050505075,0.14136801918173167,0.06652113119876253,15.0,5.394736842105263,13.666666666666666,6.852941176470588,15.533333333333333
J.D. McKissic,RB,2020,nflreadpy,87.0,370.0,2.0,17,17,17,-0.25715585894494214,17,82.0,17,597.0,2.0,17,17,17,17,17,-0.646905285908888,17,4.038894105622047,1.0,1.0,17.0,4.252873563218391,21.764705882352942,7.280487804878049,35.11764705882353
J.D. McKissic,RB,2021,nflreadpy,48.0,212.0,2.0,11,11,11,0.27276612889546564,11,43.0,11,397.0,2.0,11,11,11,11,11,1.1756854540762318,11,-2.680128205128206,1.0,1.0,11.0,4.416666666666667,19.272727272727273,9.232558139534884,36.09090909090909
J.D. McKissic,RB,2022,nflreadpy,22.0,95.0,0.0,0,0,5,-0.569016956341719,0,27.0,40,173.0,0.0,0,0,50,152,7,-2.2245298864639196,1,3.6269893483709272,0.13765835591292908,0.02237651304130875,8.0,4.318181818181818,11.875,6.407407407407407,21.625
J.J. Taylor,RB,2020,nflreadpy,23.0,110.0,0.0,6,6,6,0.4008016153355129,6,1.0,6,4.0,0.0,6,6,6,6,6,-0.4186746795894578,6,-0.5,1.0,1.0,6.0,4.782608695652174,18.333333333333332,4.0,0.6666666666666666
J.J. Taylor,RB,2021,nflreadpy,19.0,37.0,2.0,5,5,5,-1.0229686051083262,5,4.0,5,8.0,0.0,5,5,5,5,5,-2.2929350427584723,5,-0.3333333333333333,1.0,1.0,5.0,1.9473684210526316,7.4,2.0,1.6
J.J. Taylor,RB,2022,nflreadpy,10.0,9.0,0.0,0,0,0,-5.491076122416416,0,1.0,1,8.0,0.0,0,0,3,5,0,0.8876697216182947,0,2.6666666666666665,0.034482758620689655,0.018292682926829267,1.0,0.9,9.0,8.0,8.0
J.J. Taylor,RB,2024,nflreadpy,10.0,44.0,0.0,0,0,1,-0.008335247752256691,0,2.0,3,0.0,0.0,0,0,-6,1,0,-1.2466811269987375,0,0.0,0.024050884516000792,-0.006433845072073128,3.0,4.4,14.666666666666666,0.0,0.0
J.K. Dobbins,RB,2020,nflreadpy,153.0,890.0,10.0,17,17,17,1.5502671451619674,17,22.0,17,165.0,0.0,17,17,17,17,17,0.19477245808126842,17,0.4837189910360643,1.0,1.0,17.0,5.816993464052287,52.35294117647059,7.5,9.705882352941176
J.K. Dobbins,RB,2022,nflreadpy,105.0,582.0,2.0,0,0,29,0.9261963412113556,0,11.0,13,85.0,2.0,0,0,10,78,6,0.9066612127577208,0,-2.1166666666666663,0.054857436801881244,0.004823632758254769,9.0,5.542857142857143,64.66666666666667,7.7272727272727275,9.444444444444445
J.K. Dobbins,RB,2023,nflreadpy,8.0,22.0,1.0,0,0,1,-1.8405948876752518,0,2.0,3,15.0,0.0,0,0,3,15,0,0.519200186652597,0,5.0,0.14285714285714285,0.029411764705882353,1.0,2.75,22.0,7.5,15.0
J.K. Dobbins,RB,2024,nflreadpy,204.0,931.0,9.0,0,0,49,0.1129855702136041,0,32.0,39,153.0,0.0,0,0,-44,204,6,-1.098456955361748,0,-0.05452240067624691,0.10088221113430305,-0.01828929739868301,14.0,4.563725490196078,66.5,4.78125,10.928571428571429
J.K. Dobbins,RB,2025,nflreadpy,153.0,772.0,4.0,0,0,37,0.4184236817905912,0,11.0,14,37.0,0.0,0,0,-30,56,0,-0.4985711282643024,0,-0.11333333333333333,0.04586571215909908,-0.011381572813170034,10.0,5.045751633986928,77.2,3.3636363636363638,3.7
J.K. Dobbins,RB,2026,nflreadpy,35.0,121.0,0.0,1,0,4,-2.1038305113631224,0,1.0,2,4.0,0.0,0,0,-3,4,0,-0.6200941279530525,0,-1.3333333333333333,0.02150537634408602,-0.005405405405405406,3.0,3.4571428571428573,40.333333333333336,4.0,1.3333333333333333
J.T. Smith Jr.,RB,2024,college_data,68.0,252.0,2.0,0,0,0,,0,24.0,0,192.0,2.0,0,0,0,0,0,,0,,,,,3.7058823529411766,,8.0,
J.T. Smith Jr.,RB,2025,college_data,48.0,148.0,1.0,0,0,0,,0,2.0,0,4.0,0.0,0,0,0,0,0,,0,,,,,3.0833333333333335,,2.0,
JD Martin,RB,2024,college_data,26.0,116.0,1.0,0,0,0,,0,4.0,0,48.0,0.0,0,0,0,0,0,,0,,,,,4.461538461538462,,12.0,
JJ Cowan,RB,2024,college_data,70.0,365.0,1.0,0,0,0,,0,11.0,0,77.0,1.0,0,0,0,0,0,,0,,,,,5.214285714285714,,7.0,
JJ Cowan,RB,2025,college_data,101.0,544.0,8.0,0,0,0,,0,9.0,0,53.0,1.0,0,0,0,0,0,,0,,,,,5.3861386138613865,,5.888888888888889,
JJ Davis,RB,2024,college_data,68.0,252.0,4.0,0,0,0,,0,15.0,0,140.0,0.0,0,0,0,0,0,,0,,,,,3.7058823529411766,,9.333333333333334,
JQ Gray,RB,2024,college_data,32.0,106.0,0.0,0,0,0,,0,3.0,0,13.0,0.0,0,0,0,0,0,,0,,,,,3.3125,,4.333333333333333,
Ja'Kobi Jackson,RB,2024,college_data,93.0,500.0,7.0,0,0,0,,0,7.0,0,76.0,0.0,0,0,0,0,0,,0,,,,,5.376344086021505,,10.857142857142858,
Ja'Kobi Jackson,RB,2025,college_data,27.0,98.0,0.0,0,0,0,,0,4.0,0,27.0,0.0,0,0,0,0,0,,0,,,,,3.6296296296296298,,6.75,
Ja'Kyrian Turner,RB,2025,college_data,140.0,747.0,7.0,0,0,0,,0,25.0,0,150.0,0.0,0,0,0,0,0,,0,,,,,5.335714285714285,,6.0,
Ja'Quan Snipes,RB,2024,college_data,95.0,531.0,6.0,0,0,0,,0,5.0,0,2.0,0.0,0,0,0,0,0,,0,,,,,5.589473684210526,,0.4,
Ja'Quan Snipes,RB,2025,college_data,39.0,234.0,3.0,0,0,0,,0,5.0,0,13.0,0.0,0,0,0,0,0,,0,,,,,6.0,,2.6,
Ja'Quez Cross,RB,2024,college_data,115.0,638.0,2.0,0,0,0,,0,35.0,0,228.0,1.0,0,0,0,0,0,,0,,,,,5.547826086956522,,6.514285714285714,
Ja'Quez Cross,RB,2025,college_data,8.0,36.0,1.0,0,0,0,,0,5.0,0,33.0,1.0,0,0,0,0,0,,0,,,,,4.5,,6.6,
Ja'Quinden Jackson,RB,2024,college_data,149.0,790.0,15.0,0,0,0,,0,13.0,0,139.0,0.0,0,0,0,0,0,,0,,,,,5.302013422818792,,10.692307692307692,
Ja'Vin Simpkins,RB,2025,college_data,125.0,590.0,2.0,0,0,0,,0,17.0,0,74.0,0.0,0,0,0,0,0,,0,,,,,4.72,,4.352941176470588,
Ja'briel Mace,RB,2024,college_data,39.0,180.0,1.0,0,0,0,,0,11.0,0,130.0,0.0,0,0,0,0,0,,0,,,,,4.615384615384615,,11.818181818181818,
Ja'briel Mace,RB,2025,college_data,129.0,977.0,12.0,0,0,0,,0,19.0,0,121.0,1.0,0,0,0,0,0,,0,,,,,7.573643410852713,,6.368421052631579,
Ja'shon Benjamin,RB,2024,college_data,19.0,100.0,1.0,0,0,0,,0,3.0,0,12.0,1.0,0,0,0,0,0,,0,,,,,5.2631578947368425,,4.0,
Ja'shon Benjamin,RB,2025,college_data,68.0,328.0,2.0,0,0,0,,0,4.0,0,19.0,0.0,0,0,0,0,0,,0,,,,,4.823529411764706,,4.75,
JaMario Clements,RB,2024,college_data,150.0,986.0,6.0,0,0,0,,0,5.0,0,29.0,0.0,0,0,0,0,0,,0,,,,,6.573333333333333,,5.8,
JaMario Clements,RB,2025,college_data,22.0,63.0,0.0,0,0,0,,0,2.0,0,7.0,0.0,0,0,0,0,0,,0,,,,,2.8636363636363638,,3.5,
JaMycal Hasty,RB,2020,nflreadpy,39.0,148.0,1.0,6,6,6,0.0050342414566936595,6,7.0,6,33.0,0.0,6,6,6,6,6,-0.3397930875750414,6,-0.3761904761904762,1.0,1.0,6.0,3.7948717948717947,24.666666666666668,4.714285714285714,5.5
JaMycal Hasty,RB,2021,nflreadpy,16.0,68.0,1.0,7,7,9,0.33456559363060373,7,24.0,18,163.0,0.0,8,7,26,60,11,-0.6432987947932114,7,-1.1999363381716324,0.526289820650899,0.5037781430793512,14.0,4.25,4.857142857142857,6.791666666666667,11.642857142857142
JaMycal Hasty,RB,2022,nflreadpy,50.0,230.0,2.0,0,0,8,-0.43745762420495826,0,21.0,28,133.0,1.0,0,0,-31,147,8,0.43265205928528605,0,-1.5540802764486974,0.060187979657602995,-0.012128209838907302,15.0,4.6,15.333333333333334,6.333333333333333,8.866666666666667
JaMycal Hasty,RB,2024,nflreadpy,20.0,69.0,0.0,0,0,4,-0.11252152270153563,0,10.0,12,59.0,1.0,0,0,-2,72,2,0.09747307717528504,0,-4.708333333333333,0.02981902987381599,0.000738992912277334,12.0,3.45,5.75,5.9,4.916666666666667
JaShawn Todd,RB,2025,college_data,17.0,91.0,0.0,0,0,0,,0,47.0,0,524.0,3.0,0,0,0,0,0,,0,,,,,5.352941176470588,,11.148936170212766,
Jabari Bates,RB,2024,college_data,59.0,254.0,1.0,0,0,0,,0,2.0,0,17.0,1.0,0,0,0,0,0,,0,,,,,4.305084745762712,,8.5,
Jabari Bates,RB,2025,college_data,27.0,192.0,2.0,0,0,0,,0,1.0,0,12.0,0.0,0,0,0,0,0,,0,,,,,7.111111111111111,,12.0,
Jacardia Wright,RB,2024,college_data,173.0,792.0,13.0,0,0,0,,0,35.0,0,403.0,2.0,0,0,0,0,0,,0,,,,,4.578034682080925,,11.514285714285714,
Jacarre Fleming,RB,2025,college_data,39.0,212.0,2.0,0,0,0,,0,11.0,0,44.0,0.0,0,0,0,0,0,,0,,,,,5.435897435897436,,4.0,
Jack Griese,RB,2024,college_data,15.0,55.0,0.0,0,0,0,,0,1.0,0,57.0,1.0,0,0,0,0,0,,0,,,,,3.6666666666666665,,57.0,
Jack Weybright,RB,2025,college_data,11.0,64.0,0.0,0,0,0,,0,6.0,0,10.0,0.0,0,0,0,0,0,,0,,,,,5.818181818181818,,1.6666666666666667,
Jackson Bennett,RB,2025,college_data,42.0,163.0,1.0,0,0,0,,0,8.0,0,71.0,0.0,0,0,0,0,0,,0,,,,,3.880952380952381,,8.875,
Jackson Lanier,RB,2025,college_data,55.0,169.0,2.0,0,0,0,,0,3.0,0,29.0,0.0,0,0,0,0,0,,0,,,,,3.0727272727272728,,9.666666666666666,
Jacob Kibodi,RB,2024,nflreadpy,5.0,24.0,0.0,0,0,1,-0.7370813344605267,0,1.0,3,15.0,0.0,0,0,9,11,1,-4.447477297333535,0,1.6666666666666667,0.09090909090909091,0.03643724696356275,1.0,4.8,24.0,15.0,15.0
Jacob Rodriguez,RB,2024,college_data,30.0,126.0,0.0,0,0,0,,0,2.0,0,15.0,0.0,0,0,0,0,0,,0,,,,,4.2,,7.5,
Jacob Rodriguez,RB,2025,college_data,7.0,14.0,1.0,0,0,0,,0,3.0,0,17.0,0.0,0,0,0,0,0,,0,,,,,2.0,,5.666666666666667,
Jacob Washington,RB,2025,college_data,42.0,218.0,1.0,0,0,0,,0,4.0,0,42.0,0.0,0,0,0,0,0,,0,,,,,5.190476190476191,,10.5,
Jacorian Sewell,RB,2024,college_data,130.0,799.0,6.0,0,0,0,,0,10.0,0,47.0,0.0,0,0,0,0,0,,0,,,,,6.1461538461538465,,4.7,
Jacorian Sewell,RB,2025,college_data,133.0,764.0,6.0,0,0,0,,0,13.0,0,48.0,0.0,0,0,0,0,0,,0,,,,,5.7443609022556394,,3.6923076923076925,
Jacory Croskey-Merritt,RB,2025,nflreadpy,175.0,805.0,8.0,3,2,41,-0.3841635142187588,0,9.0,13,68.0,0.0,0,0,-19,77,3,0.10342133147642016,0,1.0416666666666665,0.029820359089453196,-0.005238922607875114,17.0,4.6,47.35294117647059,7.555555555555555,4.0
Jacory Croskey-Merritt,RB,2026,nflreadpy,56.0,157.0,1.0,1,0,11,-2.5023078249796527,0,5.0,7,40.0,0.0,0,0,4,47,1,-0.35714496835134923,0,0.6,0.052084741942754115,0.003060727154293617,4.0,2.8035714285714284,39.25,8.0,10.0
Jacqez Barksdale,RB,2024,college_data,82.0,306.0,2.0,0,0,0,,0,5.0,0,26.0,0.0,0,0,0,0,0,,0,,,,,3.731707317073171,,5.2,
Jacquez Robertson,RB,2024,college_data,20.0,80.0,0.0,0,0,0,,0,1.0,0,-2.0,0.0,0,0,0,0,0,,0,,,,,4.0,,-2.0,
Jacquez Stuart,RB,2024,college_data,68.0,269.0,2.0,0,0,0,,0,16.0,0,180.0,0.0,0,0,0,0,0,,0,,,,,3.9558823529411766,,11.25,
Jacquizz Rodgers,RB,2018,nflreadpy,33.0,106.0,1.0,0,0,7,-0.4080964509776095,0,38.0,45,304.0,0.0,1,1,80,240,13,-0.2752223813677981,0,2.8427289377289378,0.07475183853007987,0.011441568126406716,15.0,3.212121212121212,7.066666666666666,8.0,20.266666666666666
Jadan Baugh,RB,2024,college_data,133.0,673.0,7.0,0,0,0,,0,4.0,0,33.0,1.0,0,0,0,0,0,,0,,,,,5.06015037593985,,8.25,
Jadan Baugh,RB,2025,college_data,220.0,1170.0,8.0,0,0,0,,0,33.0,0,210.0,2.0,0,0,0,0,0,,0,,,,,5.318181818181818,,6.363636363636363,
Jadarian Price,RB,2024,college_data,120.0,746.0,7.0,0,0,0,,0,4.0,0,10.0,0.0,0,0,0,0,0,,0,,,,,6.216666666666667,,2.5,
Jadarian Price,RB,2025,college_data,113.0,674.0,11.0,0,0,0,,0,6.0,0,87.0,2.0,0,0,0,0,0,,0,,,,,5.964601769911504,,14.5,
Jadarian Price,RB,2026,nflreadpy,28.0,119.0,0.0,2,2,8,-4.152176732323521,0,4.0,7,21.0,0.0,0,0,41,28,1,-0.1874221493684066,0,-1.7435897435897436,0.07564102564102564,0.05121541580602799,3.0,4.25,39.666666666666664,5.25,7.0
Jaden Gilbert,RB,2024,college_data,18.0,117.0,1.0,0,0,0,,0,3.0,0,9.0,0.0,0,0,0,0,0,,0,,,,,6.5,,3.0,
Jaden Gilbert,RB,2025,college_data,96.0,670.0,3.0,0,0,0,,0,42.0,0,412.0,1.0,0,0,0,0,0,,0,,,,,6.979166666666667,,9.80952380952381,
Jaden Green,RB,2024,college_data,143.0,777.0,10.0,0,0,0,,0,12.0,0,59.0,0.0,0,0,0,0,0,,0,,,,,5.433566433566433,,4.916666666666667,
Jaden Green,RB,2025,college_data,139.0,854.0,8.0,0,0,0,,0,12.0,0,112.0,2.0,0,0,0,0,0,,0,,,,,6.143884892086331,,9.333333333333334,
Jaden Hart,RB,2024,college_data,3.0,18.0,0.0,0,0,0,,0,2.0,0,1.0,0.0,0,0,0,0,0,,0,,,,,6.0,,0.5,
Jaden Hart,RB,2025,college_data,15.0,53.0,0.0,0,0,0,,0,3.0,0,8.0,0.0,0,0,0,0,0,,0,,,,,3.533333333333333,,2.6666666666666665,
Jaden McGill,RB,2024,college_data,114.0,512.0,2.0,0,0,0,,0,12.0,0,78.0,0.0,0,0,0,0,0,,0,,,,,4.491228070175438,,6.5,
Jaden McGill,RB,2025,college_data,16.0,63.0,1.0,0,0,0,,0,1.0,0,12.0,0.0,0,0,0,0,0,,0,,,,,3.9375,,12.0,
Jaden Meizinger,RB,2025,college_data,67.0,333.0,1.0,0,0,0,,0,4.0,0,34.0,1.0,0,0,0,0,0,,0,,,,,4.970149253731344,,8.5,
Jaden Nixon,RB,2024,college_data,143.0,919.0,12.0,0,0,0,,0,10.0,0,77.0,0.0,0,0,0,0,0,,0,,,,,6.426573426573427,,7.7,
Jaden Nixon,RB,2025,college_data,71.0,554.0,7.0,0,0,0,,0,17.0,0,88.0,0.0,0,0,0,0,0,,0,,,,,7.802816901408451,,5.176470588235294,
Jaden Sutton,RB,2024,college_data,185.0,1226.0,12.0,0,0,0,,0,16.0,0,165.0,1.0,0,0,0,0,0,,0,,,,,6.627027027027027,,10.3125,
Jadon Turner,RB,2024,college_data,70.0,368.0,3.0,0,0,0,,0,4.0,0,22.0,0.0,0,0,0,0,0,,0,,,,,5.257142857142857,,5.5,
Jadon Turner,RB,2025,college_data,18.0,61.0,0.0,0,0,0,,0,3.0,0,3.0,0.0,0,0,0,0,0,,0,,,,,3.388888888888889,,1.0,
Jadyn Ott,RB,2024,college_data,116.0,385.0,4.0,0,0,0,,0,24.0,0,222.0,1.0,0,0,0,0,0,,0,,,,,3.3189655172413794,,9.25,
Jadyn Ott,RB,2025,college_data,21.0,68.0,0.0,0,0,0,,0,2.0,0,10.0,0.0,0,0,0,0,0,,0,,,,,3.238095238095238,,5.0,
Jaedon Henry,RB,2025,college_data,103.0,430.0,5.0,0,0,0,,0,14.0,0,178.0,0.0,0,0,0,0,0,,0,,,,,4.174757281553398,,12.714285714285714,
Jaelin Benefield,RB,2024,college_data,17.0,88.0,1.0,0,0,0,,0,3.0,0,7.0,0.0,0,0,0,0,0,,0,,,,,5.176470588235294,,2.3333333333333335,
Jah'Kei Chavis,RB,2025,college_data,72.0,354.0,3.0,0,0,0,,0,9.0,0,93.0,1.0,0,0,0,0,0,,0,,,,,4.916666666666667,,10.333333333333334,
Jahbari Kuykendall,RB,2024,college_data,15.0,74.0,0.0,0,0,0,,0,3.0,0,46.0,0.0,0,0,0,0,0,,0,,,,,4.933333333333334,,15.333333333333334,
Jahbari Kuykendall,RB,2025,college_data,43.0,386.0,2.0,0,0,0,,0,2.0,0,7.0,0.0,0,0,0,0,0,,0,,,,,8.976744186046512,,3.5,
Jaheim Merriweather,RB,2024,college_data,15.0,77.0,1.0,0,0,0,,0,3.0,0,21.0,0.0,0,0,0,0,0,,0,,,,,5.133333333333334,,7.0,
Jahiem White,RB,2024,college_data,149.0,845.0,7.0,0,0,0,,0,19.0,0,122.0,1.0,0,0,0,0,0,,0,,,,,5.671140939597316,,6.421052631578948,
Jahiem White,RB,2025,college_data,24.0,133.0,3.0,0,0,0,,0,3.0,0,15.0,0.0,0,0,0,0,0,,0,,,,,5.541666666666667,,5.0,
Jahmyr Gibbs,RB,2023,nflreadpy,211.0,1089.0,13.0,3,2,50,-0.3282387131870907,0,63.0,85,410.0,1.0,0,0,12,427,24,-0.6651496190531807,0,2.3357333253166583,0.13483335528556306,-0.008089180708769494,18.0,5.161137440758294,60.5,6.507936507936508,22.77777777777778
Jahmyr Gibbs,RB,2024,nflreadpy,264.0,1517.0,18.0,0,0,76,2.245048695975745,0,58.0,74,587.0,4.0,1,1,41,644,29,0.8167558437664884,0,5.1216691804927095,0.12331635406151872,0.012183165954142686,18.0,5.746212121212121,84.27777777777777,10.120689655172415,32.611111111111114
Jahmyr Gibbs,RB,2025,nflreadpy,243.0,1223.0,13.0,2,1,56,-0.15688467006328607,0,77.0,94,616.0,5.0,0,0,54,615,28,1.0441465460148018,0,3.049559349431472,0.16153475033367978,0.014739113874168548,17.0,5.032921810699588,71.94117647058823,8.0,36.23529411764706
Jahmyr Gibbs,RB,2026,nflreadpy,65.0,307.0,4.0,0,0,23,-0.37020749954985294,0,18.0,21,156.0,2.0,1,1,34,119,10,2.9858856857948317,0,3.5147058823529407,0.19893198670787804,0.034097308272861754,3.0,4.723076923076923,102.33333333333333,8.666666666666666,52.0
Jai'Den Thomas,RB,2024,college_data,161.0,915.0,7.0,0,0,0,,0,11.0,0,91.0,1.0,0,0,0,0,0,,0,,,,,5.683229813664596,,8.272727272727273,
Jai'Den Thomas,RB,2025,college_data,148.0,1034.0,12.0,0,0,0,,0,38.0,0,233.0,1.0,0,0,0,0,0,,0,,,,,6.986486486486487,,6.131578947368421,
JaiSean McMillian,RB,2024,college_data,75.0,196.0,1.0,0,0,0,,0,1.0,0,4.0,0.0,0,0,0,0,0,,0,,,,,2.6133333333333333,,4.0,
JaiSean McMillian,RB,2025,college_data,38.0,176.0,1.0,0,0,0,,0,7.0,0,9.0,0.0,0,0,0,0,0,,0,,,,,4.631578947368421,,1.2857142857142858,
Jaiden Credle,RB,2024,college_data,109.0,471.0,4.0,0,0,0,,0,27.0,0,125.0,0.0,0,0,0,0,0,,0,,,,,4.321100917431193,,4.62962962962963,
Jaiden Daniels,RB,2025,college_data,13.0,104.0,0.0,0,0,0,,0,2.0,0,49.0,0.0,0,0,0,0,0,,0,,,,,8.0,,24.5,
Jailen Hicks,RB,2024,college_data,6.0,7.0,0.0,0,0,0,,0,1.0,0,7.0,0.0,0,0,0,0,0,,0,,,,,1.1666666666666667,,7.0,
Jailen Hicks,RB,2025,college_data,9.0,39.0,0.0,0,0,0,,0,1.0,0,8.0,0.0,0,0,0,0,0,,0,,,,,4.333333333333333,,8.0,
Jaison Patterson,RB,2024,college_data,99.0,426.0,5.0,0,0,0,,0,12.0,0,105.0,1.0,0,0,0,0,0,,0,,,,,4.303030303030303,,8.75,
Jaivian Thomas,RB,2024,college_data,100.0,626.0,7.0,0,0,0,,0,11.0,0,91.0,0.0,0,0,0,0,0,,0,,,,,6.26,,8.272727272727273,
Jaivian Thomas,RB,2025,college_data,82.0,306.0,1.0,0,0,0,,0,10.0,0,64.0,0.0,0,0,0,0,0,,0,,,,,3.731707317073171,,6.4,
Jake Arthurs,RB,2024,college_data,2.0,10.0,1.0,0,0,0,,0,2.0,0,6.0,0.0,0,0,0,0,0,,0,,,,,5.0,,3.0,
Jake Funk,RB,2023,nflreadpy,2.0,10.0,0.0,0,0,0,-0.883889150689356,0,1.0,1,12.0,0.0,0,0,0,12,1,1.4138173322426155,0,0.0,0.02564102564102564,0.0,1.0,5.0,10.0,12.0,12.0
Jake Metze,RB,2024,college_data,7.0,31.0,0.0,0,0,0,,0,1.0,0,9.0,0.0,0,0,0,0,0,,0,,,,,4.428571428571429,,9.0,
Jake Reichle,RB,2024,college_data,6.0,21.0,1.0,0,0,0,,0,1.0,0,9.0,0.0,0,0,0,0,0,,0,,,,,3.5,,9.0,
Jake Reichle,RB,2025,college_data,3.0,6.0,1.0,0,0,0,,0,1.0,0,4.0,1.0,0,0,0,0,0,,0,,,,,2.0,,4.0,
Jake Tafelski,RB,2024,college_data,1.0,2.0,0.0,0,0,0,,0,1.0,0,14.0,0.0,0,0,0,0,0,,0,,,,,2.0,,14.0,
Jakobe Thomas,RB,2024,college_data,73.0,240.0,4.0,0,0,0,,0,6.0,0,58.0,1.0,0,0,0,0,0,,0,,,,,3.287671232876712,,9.666666666666666,
Jakyre Henley,RB,2025,college_data,49.0,194.0,2.0,0,0,0,,0,12.0,0,88.0,1.0,0,0,0,0,0,,0,,,,,3.9591836734693877,,7.333333333333333,
Jaleel McLaughlin,RB,2023,nflreadpy,76.0,410.0,1.0,0,0,16,0.3674478208813525,0,31.0,36,160.0,2.0,0,0,-140,290,5,0.15163436261118576,0,-1.4073994381686687,0.07599758582263653,-0.044962143781176356,17.0,5.394736842105263,24.11764705882353,5.161290322580645,9.411764705882353
Jaleel McLaughlin,RB,2024,nflreadpy,115.0,494.0,1.0,0,0,25,-0.15965004053535214,0,25.0,28,76.0,2.0,1,1,-111,169,3,-1.121307810036126,0,-2.392729492729493,0.05193514587052451,-0.03141007501478536,17.0,4.2956521739130435,29.058823529411764,3.04,4.470588235294118
Jaleel McLaughlin,RB,2025,nflreadpy,45.0,219.0,1.0,0,0,9,-0.048128198547055946,0,5.0,9,29.0,0.0,0,0,-29,46,2,-0.5682634011110557,0,0.6601731601731603,0.030211302759331073,-0.050683740207814965,10.0,4.866666666666666,21.9,5.8,2.9
Jalen Alexander,RB,2025,college_data,3.0,12.0,0.0,0,0,0,,0,1.0,0,2.0,0.0,0,0,0,0,0,,0,,,,,4.0,,2.0,
Jalen Berger,RB,2024,college_data,48.0,178.0,0.0,0,0,0,,0,10.0,0,59.0,2.0,0,0,0,0,0,,0,,,,,3.7083333333333335,,5.9,
Jalen Berger,RB,2025,college_data,81.0,364.0,2.0,0,0,0,,0,10.0,0,70.0,2.0,0,0,0,0,0,,0,,,,,4.493827160493828,,7.0,
Jalen Bonds,RB,2025,college_data,27.0,77.0,1.0,0,0,0,,0,2.0,0,52.0,0.0,0,0,0,0,0,,0,,,,,2.8518518518518516,,26.0,
Jalen Buckley,RB,2024,college_data,128.0,683.0,9.0,0,0,0,,0,15.0,0,112.0,0.0,0,0,0,0,0,,0,,,,,5.3359375,,7.466666666666667,
Jalen Buckley,RB,2025,college_data,179.0,1003.0,9.0,0,0,0,,0,12.0,0,75.0,1.0,0,0,0,0,0,,0,,,,,5.603351955307263,,6.25,
Jalen Dupree,RB,2024,college_data,25.0,153.0,1.0,0,0,0,,0,1.0,0,2.0,0.0,0,0,0,0,0,,0,,,,,6.12,,2.0,
Jalen Dupree,RB,2025,college_data,102.0,508.0,2.0,0,0,0,,0,12.0,0,83.0,0.0,0,0,0,0,0,,0,,,,,4.980392156862745,,6.916666666666667,
Jalen Fletcher,RB,2024,college_data,50.0,322.0,2.0,0,0,0,,0,9.0,0,112.0,1.0,0,0,0,0,0,,0,,,,,6.44,,12.444444444444445,
Jalen Fletcher,RB,2025,college_data,20.0,75.0,1.0,0,0,0,,0,1.0,0,3.0,0.0,0,0,0,0,0,,0,,,,,3.75,,3.0,
Jalen John,RB,2024,college_data,111.0,583.0,5.0,0,0,0,,0,17.0,0,119.0,0.0,0,0,0,0,0,,0,,,,,5.252252252252252,,7.0,
Jalen John,RB,2025,college_data,53.0,169.0,0.0,0,0,0,,0,2.0,0,26.0,0.0,0,0,0,0,0,,0,,,,,3.188679245283019,,13.0,
Jalen Likely,RB,2025,college_data,7.0,52.0,0.0,0,0,0,,0,3.0,0,6.0,0.0,0,0,0,0,0,,0,,,,,7.428571428571429,,2.0,
Jalen Madison,RB,2024,college_data,166.0,953.0,7.0,0,0,0,,0,13.0,0,95.0,0.0,0,0,0,0,0,,0,,,,,5.740963855421687,,7.3076923076923075,
Jalen Mitchell,RB,2024,college_data,136.0,785.0,5.0,0,0,0,,0,11.0,0,110.0,0.0,0,0,0,0,0,,0,,,,,5.772058823529412,,10.0,
Jalen Montgomery,RB,2024,college_data,9.0,40.0,0.0,0,0,0,,0,3.0,0,72.0,0.0,0,0,0,0,0,,0,,,,,4.444444444444445,,24.0,
Jalen Montgomery,RB,2025,college_data,13.0,39.0,0.0,0,0,0,,0,2.0,0,6.0,0.0,0,0,0,0,0,,0,,,,,3.0,,3.0,
Jalen Richard,RB,2018,nflreadpy,55.0,259.0,1.0,2,2,11,-1.1326386878586994,0,68.0,81,607.0,0.0,0,0,135,499,23,1.056224410673096,0,2.9386003202450572,0.1569285795311103,0.03589481985031052,16.0,4.709090909090909,16.1875,8.926470588235293,37.9375
Jalen Richard,RB,2019,nflreadpy,39.0,145.0,0.0,1,1,11,-0.49437805976413074,1,36.0,42,323.0,0.0,2,1,89,201,15,0.6389400622871335,1,1.655561029009305,0.14654534189434076,0.09181714906368271,16.0,3.717948717948718,9.0625,8.972222222222221,20.1875
Jalen Richard,RB,2020,nflreadpy,22.0,123.0,1.0,13,13,13,0.5551221328903921,13,19.0,13,138.0,0.0,13,13,13,13,13,-0.892586285610584,13,3.3733333333333335,1.0,1.0,13.0,5.590909090909091,9.461538461538462,7.2631578947368425,10.615384615384615
Jalen Richard,RB,2021,nflreadpy,9.0,40.0,0.0,5,5,8,-0.2640812166762384,5,13.0,11,76.0,0.0,5,5,-3,44,7,-0.41450102492753005,5,1.7713203463203464,0.5172672387136672,0.4981939021728805,10.0,4.444444444444445,4.0,5.846153846153846,7.6
Jalen Rouse,RB,2024,college_data,15.0,68.0,2.0,0,0,0,,0,6.0,0,42.0,0.0,0,0,0,0,0,,0,,,,,4.533333333333333,,7.0,
Jalen Smith,RB,2025,college_data,59.0,462.0,1.0,0,0,0,,0,24.0,0,203.0,1.0,0,0,0,0,0,,0,,,,,7.830508474576271,,8.458333333333334,
Jalen Washington,RB,2024,college_data,26.0,118.0,1.0,0,0,0,,0,1.0,0,21.0,0.0,0,0,0,0,0,,0,,,,,4.538461538461538,,21.0,
Jalen Washington,RB,2025,college_data,17.0,82.0,1.0,0,0,0,,0,2.0,0,8.0,0.0,0,0,0,0,0,,0,,,,,4.823529411764706,,4.0,
Jalen White,RB,2024,college_data,164.0,745.0,14.0,0,0,0,,0,20.0,0,69.0,0.0,0,0,0,0,0,,0,,,,,4.5426829268292686,,3.45,
Jalyn Daniels,RB,2024,college_data,3.0,6.0,0.0,0,0,0,,0,2.0,0,4.0,0.0,0,0,0,0,0,,0,,,,,2.0,,2.0,
Jalyn Daniels,RB,2025,college_data,44.0,309.0,2.0,0,0,0,,0,5.0,0,109.0,0.0,0,0,0,0,0,,0,,,,,7.0227272727272725,,21.8,
Jalynn Williams,RB,2024,college_data,34.0,106.0,10.0,0,0,0,,0,3.0,0,15.0,0.0,0,0,0,0,0,,0,,,,,3.1176470588235294,,5.0,
Jalynn Williams,RB,2025,college_data,5.0,23.0,0.0,0,0,0,,0,1.0,0,9.0,0.0,0,0,0,0,0,,0,,,,,4.6,,9.0,
Jalynnee McGee,RB,2024,college_data,19.0,74.0,0.0,0,0,0,,0,1.0,0,3.0,0.0,0,0,0,0,0,,0,,,,,3.8947368421052633,,3.0,
Jamaal Brown,RB,2024,college_data,23.0,58.0,0.0,0,0,0,,0,2.0,0,10.0,0.0,0,0,0,0,0,,0,,,,,2.5217391304347827,,5.0,
Jamaal Brown,RB,2025,college_data,65.0,279.0,0.0,0,0,0,,0,4.0,0,16.0,0.0,0,0,0,0,0,,0,,,,,4.292307692307692,,4.0,
Jamaal Charles,RB,2018,nflreadpy,6.0,7.0,0.0,0,0,0,-1.5839172317355406,0,2.0,3,7.0,0.0,0,0,4,5,0,-0.5102314287796617,0,1.75,0.05096153846153846,0.00860651953088928,2.0,1.1666666666666667,3.5,3.5,3.5
Jamaal Williams,RB,2018,nflreadpy,121.0,464.0,3.0,0,0,25,-1.0318010787058458,0,27.0,41,210.0,0.0,0,0,31,229,11,-0.11009437380185938,1,-0.7666666666666666,0.05914477828541836,0.005184087671492374,16.0,3.834710743801653,29.0,7.777777777777778,13.125
Jamaal Williams,RB,2019,nflreadpy,111.0,469.0,1.0,2,2,25,-0.4566897401146595,2,42.0,47,263.0,5.0,2,2,-32,281,18,0.8640371458150184,2,-1.3801942501942501,0.211143713845165,0.11681354062100292,16.0,4.225225225225225,29.3125,6.261904761904762,16.4375
Jamaal Williams,RB,2020,nflreadpy,138.0,593.0,2.0,16,16,16,0.4757105118406034,16,35.0,16,258.0,1.0,16,16,16,16,16,0.3841776916110992,16,-1.6796536796536794,1.0,1.0,16.0,4.297101449275362,37.0625,7.371428571428571,16.125
Jamaal Williams,RB,2021,nflreadpy,153.0,601.0,3.0,10,10,19,-0.23821766853021037,10,26.0,14,157.0,0.0,10,10,12,39,10,0.17609671309279898,10,3.6018518518518516,0.7781202953616747,0.7698511166253101,13.0,3.9281045751633985,46.23076923076923,6.038461538461538,12.076923076923077
Jamaal Williams,RB,2022,nflreadpy,262.0,1066.0,17.0,3,2,65,-1.4690306361992784,1,12.0,16,73.0,0.0,0,0,29,65,4,-0.21934362060468024,0,0.6502923976608187,0.026268532648323174,0.004713921623012206,17.0,4.068702290076335,62.705882352941174,6.083333333333333,4.294117647058823
Jamaal Williams,RB,2023,nflreadpy,106.0,306.0,1.0,1,0,19,-2.0191352894354804,0,18.0,20,62.0,0.0,0,0,-27,87,1,-0.6723412302738578,0,0.6934343434343434,0.04970704014568112,-0.010089143870118576,13.0,2.8867924528301887,23.53846153846154,3.4444444444444446,4.769230769230769
Jamaal Williams,RB,2024,nflreadpy,48.0,164.0,1.0,0,0,11,-0.8059922651701927,0,9.0,11,57.0,0.0,0,0,-14,53,3,-0.03888005745570603,0,2.3452380952380953,0.026902692065426163,-0.008014646848833054,14.0,3.4166666666666665,11.714285714285714,6.333333333333333,4.071428571428571
Jamal Bing Jr.,RB,2024,college_data,31.0,130.0,1.0,0,0,0,,0,1.0,0,4.0,0.0,0,0,0,0,0,,0,,,,,4.193548387096774,,4.0,
Jamal Hailey,RB,2025,college_data,78.0,438.0,5.0,0,0,0,,0,28.0,0,200.0,2.0,0,0,0,0,0,,0,,,,,5.615384615384615,,7.142857142857143,
Jamal Haynes,RB,2024,college_data,168.0,944.0,9.0,0,0,0,,0,27.0,0,154.0,3.0,0,0,0,0,0,,0,,,,,5.619047619047619,,5.703703703703703,
Jamal Haynes,RB,2025,college_data,124.0,531.0,5.0,0,0,0,,0,33.0,0,257.0,0.0,0,0,0,0,0,,0,,,,,4.282258064516129,,7.787878787878788,
Jamal Johnson,RB,2024,college_data,26.0,188.0,1.0,0,0,0,,0,31.0,0,229.0,1.0,0,0,0,0,0,,0,,,,,7.230769230769231,,7.387096774193548,
Jamal Roberts,RB,2024,college_data,53.0,216.0,3.0,0,0,0,,0,5.0,0,21.0,0.0,0,0,0,0,0,,0,,,,,4.0754716981132075,,4.2,
Jamal Roberts,RB,2025,college_data,124.0,753.0,6.0,0,0,0,,0,18.0,0,141.0,1.0,0,0,0,0,0,,0,,,,,6.07258064516129,,7.833333333333333,
Jamar Curtis,RB,2024,college_data,229.0,1139.0,16.0,0,0,0,,0,30.0,0,232.0,1.0,0,0,0,0,0,,0,,,,,4.973799126637554,,7.733333333333333,
Jamar Curtis,RB,2025,college_data,37.0,153.0,1.0,0,0,0,,0,3.0,0,22.0,0.0,0,0,0,0,0,,0,,,,,4.135135135135135,,7.333333333333333,
Jamari Ferrell,RB,2024,college_data,80.0,318.0,1.0,0,0,0,,0,8.0,0,44.0,0.0,0,0,0,0,0,,0,,,,,3.975,,5.5,
Jamarie Hostzclaw,RB,2024,college_data,74.0,472.0,1.0,0,0,0,,0,7.0,0,72.0,0.0,0,0,0,0,0,,0,,,,,6.378378378378378,,10.285714285714286,
Jamarie Hostzclaw,RB,2025,college_data,117.0,615.0,5.0,0,0,0,,0,10.0,0,97.0,1.0,0,0,0,0,0,,0,,,,,5.256410256410256,,9.7,
Jamarion Miller,RB,2024,college_data,145.0,668.0,7.0,0,0,0,,0,16.0,0,155.0,1.0,0,0,0,0,0,,0,,,,,4.606896551724138,,9.6875,
Jamarion Miller,RB,2025,college_data,130.0,504.0,3.0,0,0,0,,0,19.0,0,109.0,0.0,0,0,0,0,0,,0,,,,,3.876923076923077,,5.7368421052631575,
Jamarion Morrow,RB,2025,college_data,43.0,182.0,1.0,0,0,0,,0,6.0,0,80.0,2.0,0,0,0,0,0,,0,,,,,4.232558139534884,,13.333333333333334,
Jamarion Wilcox,RB,2024,college_data,92.0,590.0,2.0,0,0,0,,0,7.0,0,24.0,0.0,0,0,0,0,0,,0,,,,,6.413043478260869,,3.4285714285714284,
Jamarious Brooks,RB,2024,college_data,21.0,94.0,0.0,0,0,0,,0,2.0,0,22.0,0.0,0,0,0,0,0,,0,,,,,4.476190476190476,,11.0,
Jamauri McClure,RB,2024,college_data,20.0,121.0,1.0,0,0,0,,0,1.0,0,24.0,0.0,0,0,0,0,0,,0,,,,,6.05,,24.0,
Jamauri McClure,RB,2025,college_data,83.0,540.0,2.0,0,0,0,,0,3.0,0,8.0,0.0,0,0,0,0,0,,0,,,,,6.506024096385542,,2.6666666666666665,
Jambres Dubar,RB,2024,college_data,25.0,99.0,2.0,0,0,0,,0,2.0,0,18.0,0.0,0,0,0,0,0,,0,,,,,3.96,,9.0,
Jameir Gamble,RB,2025,college_data,31.0,152.0,1.0,0,0,0,,0,6.0,0,36.0,0.0,0,0,0,0,0,,0,,,,,4.903225806451613,,6.0,
Jamell James,RB,2025,college_data,65.0,190.0,1.0,0,0,0,,0,20.0,0,103.0,0.0,0,0,0,0,0,,0,,,,,2.923076923076923,,5.15,
James Basinger,RB,2025,college_data,80.0,308.0,5.0,0,0,0,,0,8.0,0,72.0,0.0,0,0,0,0,0,,0,,,,,3.85,,9.0,
James Conner,RB,2018,nflreadpy,215.0,973.0,12.0,3,1,56,-0.32792235888759197,0,55.0,71,497.0,1.0,1,1,-18,548,20,1.143673447128668,2,-9.616251056635672,0.1289635328890092,-0.0026630772003286,13.0,4.525581395348837,74.84615384615384,9.036363636363637,38.23076923076923
James Conner,RB,2019,nflreadpy,116.0,464.0,4.0,1,1,26,-2.3977762704697545,0,34.0,38,251.0,3.0,0,0,-54,298,14,2.3000072215211564,0,-1.3333333333333333,0.1288198942853629,-0.034020206611936,10.0,4.0,46.4,7.382352941176471,25.1
James Conner,RB,2020,nflreadpy,180.0,758.0,7.0,14,14,14,0.23321367533635268,14,40.0,14,245.0,0.0,14,14,14,14,14,-0.02962906814317723,14,-0.05984701572936876,1.0,1.0,14.0,4.211111111111111,54.142857142857146,6.125,17.5
James Conner,RB,2021,nflreadpy,206.0,771.0,16.0,13,13,24,-0.06891036956808116,13,38.0,23,380.0,3.0,13,13,1,105,17,1.7560780435257282,13,-3.6181216931216933,0.8283960218702866,0.8097830499957968,16.0,3.7427184466019416,48.1875,10.0,23.75
James Conner,RB,2022,nflreadpy,183.0,782.0,7.0,3,1,48,-0.1903775499208649,0,46.0,58,300.0,1.0,0,0,-47,376,13,-0.4656375664010221,0,-2.1915622389306604,0.11662866923355222,-0.014207111534797107,13.0,4.273224043715847,60.15384615384615,6.521739130434782,23.076923076923077
James Conner,RB,2023,nflreadpy,208.0,1040.0,7.0,0,0,57,0.9268506506233612,0,27.0,33,165.0,2.0,0,0,-23,221,11,0.19376946639145412,0,-2.2624458874458875,0.079498520932536,-0.009594046305139724,13.0,5.0,80.0,6.111111111111111,12.692307692307692
James Conner,RB,2024,nflreadpy,236.0,1094.0,8.0,2,0,67,0.07691072412876343,2,47.0,55,414.0,1.0,2,1,-103,483,17,0.34713315118210414,0,-3.528053543678544,0.11475862736854335,-0.035644424001746396,16.0,4.635593220338983,68.375,8.808510638297872,25.875
James Conner,RB,2025,nflreadpy,32.0,95.0,1.0,1,0,7,-0.9265140282805078,0,8.0,9,38.0,1.0,0,0,-9,68,4,0.7448182678005347,0,0.7222222222222222,0.09852603110209601,-0.018821046899462256,3.0,2.96875,31.666666666666668,4.75,12.666666666666666
James Cook,RB,2022,nflreadpy,106.0,559.0,3.0,1,1,26,0.13939706988714853,0,21.0,32,180.0,1.0,0,0,82,132,5,0.3227280346475629,0,2.704551820728291,0.05089859561027598,0.01272681442064321,18.0,5.273584905660377,31.055555555555557,8.571428571428571,10.0
James Cook,RB,2023,nflreadpy,273.0,1262.0,2.0,3,1,62,-0.4625239959755207,0,52.0,63,471.0,4.0,1,1,119,444,17,0.7926171372361469,0,2.342584234937176,0.1027130636499965,0.021572936303153028,19.0,4.622710622710622,66.42105263157895,9.057692307692308,24.789473684210527
James Cook,RB,2024,nflreadpy,260.0,1281.0,19.0,1,0,63,1.0279965604284753,0,38.0,44,322.0,2.0,0,0,25,336,16,1.0520675417016416,0,1.3044771241830064,0.07835631916207011,0.006539311444525285,19.0,4.926923076923077,67.42105263157895,8.473684210526315,16.94736842105263
James Cook,RB,2025,nflreadpy,348.0,1784.0,12.0,7,4,76,-0.04371616553640802,0,37.0,46,320.0,2.0,0,0,57,299,12,0.4798241941516608,0,-1.031456912475135,0.08179910171614978,0.00548046670753534,19.0,5.126436781609195,93.89473684210526,8.64864864864865,16.842105263157894
James Cook,RB,2026,nflreadpy,70.0,421.0,3.0,2,1,22,2.293819906277349,0,6.0,10,24.0,0.0,0,0,-8,27,2,-0.5952360793744447,0,-0.41666666666666663,0.08878205128205127,-0.00610540694689894,4.0,6.014285714285714,105.25,4.0,6.0
James Jointer,RB,2025,college_data,5.0,8.0,0.0,0,0,0,,0,1.0,0,-4.0,0.0,0,0,0,0,0,,0,,,,,1.6,,-4.0,
James Jones,RB,2024,college_data,79.0,336.0,1.0,0,0,0,,0,4.0,0,80.0,2.0,0,0,0,0,0,,0,,,,,4.253164556962025,,20.0,
James Jones,RB,2025,college_data,98.0,958.0,9.0,0,0,0,,0,5.0,0,50.0,0.0,0,0,0,0,0,,0,,,,,9.775510204081632,,10.0,
James Louis,RB,2024,college_data,92.0,390.0,3.0,0,0,0,,0,4.0,0,19.0,0.0,0,0,0,0,0,,0,,,,,4.239130434782608,,4.75,
James Major Bowden,RB,2024,college_data,22.0,180.0,0.0,0,0,0,,0,5.0,0,54.0,0.0,0,0,0,0,0,,0,,,,,8.181818181818182,,10.8,
James Major Bowden,RB,2025,college_data,49.0,203.0,1.0,0,0,0,,0,10.0,0,29.0,0.0,0,0,0,0,0,,0,,,,,4.142857142857143,,2.9,
James Peoples,RB,2024,college_data,49.0,197.0,2.0,0,0,0,,0,1.0,0,-2.0,0.0,0,0,0,0,0,,0,,,,,4.020408163265306,,-2.0,
James Peoples,RB,2025,college_data,61.0,344.0,3.0,0,0,0,,0,10.0,0,50.0,0.0,0,0,0,0,0,,0,,,,,5.639344262295082,,5.0,
James Robinson,RB,2020,nflreadpy,240.0,1070.0,7.0,14,14,14,-0.8790792983127093,14,49.0,14,344.0,3.0,14,14,14,14,14,0.4637966111165338,14,-1.781117329875094,1.0,1.0,14.0,4.458333333333333,76.42857142857143,7.020408163265306,24.571428571428573
James Robinson,RB,2021,nflreadpy,164.0,767.0,8.0,12,12,15,-0.8037440222360557,12,31.0,18,222.0,0.0,12,12,28,22,12,-0.29071470794588095,12,0.991941915655151,0.869047619047619,0.8615049073064339,14.0,4.676829268292683,54.785714285714285,7.161290322580645,15.857142857142858
James Robinson,RB,2022,nflreadpy,110.0,425.0,3.0,1,0,22,-1.4688569113553966,0,11.0,14,51.0,2.0,0,0,1,63,5,0.1994066670158645,0,1.7305555555555556,0.038650510630625697,-0.0055163843090078315,11.0,3.8636363636363638,38.63636363636363,4.636363636363637,4.636363636363637
James Robinson,RB,2023,nflreadpy,1.0,2.0,0.0,0,0,0,-0.48172136361245066,0,1.0,1,-2.0,0.0,0,0,-3,1,0,-1.1249163909815252,0,0.6666666666666666,0.02857142857142857,-0.011029411764705883,1.0,2.0,2.0,-2.0,-2.0
James Scott,RB,2025,college_data,19.0,60.0,0.0,0,0,0,,0,1.0,0,5.0,0.0,0,0,0,0,0,,0,,,,,3.1578947368421053,,5.0,
James Simon,RB,2025,college_data,29.0,122.0,0.0,0,0,0,,0,3.0,0,1.0,0.0,0,0,0,0,0,,0,,,,,4.206896551724138,,0.3333333333333333,
James White,RB,2018,nflreadpy,102.0,452.0,5.0,0,0,25,-0.21117032103159764,0,107.0,150,902.0,7.0,0,0,281,832,46,1.1700629271681902,0,-0.512402096863947,0.2152605385938254,0.05003992588087453,19.0,4.431372549019608,23.789473684210527,8.429906542056075,47.473684210526315
James White,RB,2019,nflreadpy,68.0,277.0,1.0,1,1,16,-0.8914973461827784,2,77.0,96,707.0,5.0,1,1,225,531,32,1.728884767245284,1,1.5294156993742236,0.22367767505275699,0.10872258504566287,16.0,4.073529411764706,17.3125,9.181818181818182,44.1875
James White,RB,2020,nflreadpy,35.0,121.0,2.0,14,14,14,-0.6708244395325892,14,49.0,14,375.0,1.0,14,14,14,14,14,-0.0013519067948080427,14,0.656052677481249,1.0,1.0,14.0,3.4571428571428573,8.642857142857142,7.653061224489796,26.785714285714285
James White,RB,2021,nflreadpy,10.0,38.0,1.0,3,3,3,0.580990046961233,3,12.0,3,94.0,0.0,3,3,3,3,3,1.1265082920398626,3,-6.936781609195402,1.0,1.0,3.0,3.8,12.666666666666666,7.833333333333333,31.333333333333332
Jamezell Lassiter,RB,2025,college_data,9.0,143.0,2.0,0,0,0,,0,4.0,0,57.0,0.0,0,0,0,0,0,,0,,,,,15.88888888888889,,14.25,
Jamious Griffin,RB,2024,college_data,73.0,450.0,4.0,0,0,0,,0,5.0,0,26.0,0.0,0,0,0,0,0,,0,,,,,6.164383561643835,,5.2,
Jaquail Smith,RB,2025,college_data,76.0,511.0,5.0,0,0,0,,0,3.0,0,8.0,0.0,0,0,0,0,0,,0,,,,,6.723684210526316,,2.6666666666666665,
Jaquari Lewis,RB,2025,college_data,140.0,618.0,6.0,0,0,0,,0,32.0,0,192.0,0.0,0,0,0,0,0,,0,,,,,4.414285714285715,,6.0,
Jaquez Moore,RB,2024,college_data,32.0,86.0,1.0,0,0,0,,0,3.0,0,4.0,0.0,0,0,0,0,0,,0,,,,,2.6875,,1.3333333333333333,
Jaquez Moore,RB,2025,college_data,41.0,201.0,1.0,0,0,0,,0,5.0,0,41.0,0.0,0,0,0,0,0,,0,,,,,4.902439024390244,,8.2,
Jared Porter,RB,2025,college_data,7.0,25.0,0.0,0,0,0,,0,2.0,0,15.0,0.0,0,0,0,0,0,,0,,,,,3.5714285714285716,,7.5,
Jared Rhodes,RB,2024,college_data,13.0,27.0,0.0,0,0,0,,0,1.0,0,19.0,0.0,0,0,0,0,0,,0,,,,,2.076923076923077,,19.0,
Jared Rhodes,RB,2025,college_data,129.0,620.0,7.0,0,0,0,,0,15.0,0,114.0,1.0,0,0,0,0,0,,0,,,,,4.8062015503875966,,7.6,
Jared White,RB,2024,college_data,46.0,254.0,0.0,0,0,0,,0,1.0,0,24.0,1.0,0,0,0,0,0,,0,,,,,5.521739130434782,,24.0,
Jared White,RB,2025,college_data,28.0,139.0,1.0,0,0,0,,0,2.0,0,22.0,1.0,0,0,0,0,0,,0,,,,,4.964285714285714,,11.0,
Jarel Washington,RB,2024,college_data,139.0,607.0,4.0,0,0,0,,0,12.0,0,122.0,0.0,0,0,0,0,0,,0,,,,,4.366906474820144,,10.166666666666666,
Jarel Washington,RB,2025,college_data,82.0,219.0,0.0,0,0,0,,0,14.0,0,72.0,0.0,0,0,0,0,0,,0,,,,,2.6707317073170733,,5.142857142857143,
Jaren Mangham,RB,2024,college_data,19.0,123.0,0.0,0,0,0,,0,1.0,0,7.0,0.0,0,0,0,0,0,,0,,,,,6.473684210526316,,7.0,
Jaret Patterson,RB,2021,nflreadpy,68.0,266.0,2.0,12,11,18,-0.34017122905892655,11,10.0,18,73.0,0.0,11,11,13,64,14,0.49468709932308785,11,-1.5611111111111111,0.7509803921568629,0.7345431757724575,15.0,3.911764705882353,17.733333333333334,7.3,4.866666666666666
Jaret Patterson,RB,2025,nflreadpy,41.0,159.0,1.0,0,0,7,-0.2430896434871371,0,3.0,4,8.0,0.0,0,0,-1,8,1,-1.6164309106534347,0,-8.0,0.015037593984962405,-0.0003616636528028933,7.0,3.8780487804878048,22.714285714285715,2.6666666666666665,1.1428571428571428
Jarett Hunter,RB,2024,college_data,163.0,737.0,5.0,0,0,0,,0,24.0,0,158.0,1.0,0,0,0,0,0,,0,,,,,4.521472392638037,,6.583333333333333,
Jariel Cobb,RB,2025,college_data,51.0,190.0,0.0,0,0,0,,0,8.0,0,49.0,0.0,0,0,0,0,0,,0,,,,,3.7254901960784315,,6.125,
Jaron Thomas,RB,2025,college_data,2.0,15.0,0.0,0,0,0,,0,1.0,0,-3.0,0.0,0,0,0,0,0,,0,,,,,7.5,,-3.0,
Jarquez Hunter,RB,2024,college_data,187.0,1201.0,8.0,0,0,0,,0,21.0,0,155.0,1.0,0,0,0,0,0,,0,,,,,6.422459893048129,,7.380952380952381,
Jarrell Wiley,RB,2024,college_data,18.0,77.0,0.0,0,0,0,,0,1.0,0,5.0,0.0,0,0,0,0,0,,0,,,,,4.277777777777778,,5.0,
Jarvis Green,RB,2024,college_data,9.0,53.0,0.0,0,0,0,,0,2.0,0,35.0,1.0,0,0,0,0,0,,0,,,,,5.888888888888889,,17.5,
Jashaun Corbin,RB,2023,nflreadpy,1.0,1.0,0.0,0,0,1,1.8487897993181832,0,3.0,3,12.0,0.0,0,0,-1,13,1,2.7991792996181175,0,-12.0,0.038461538461538464,-0.002044989775051125,3.0,1.0,0.3333333333333333,4.0,4.0
Jason Albritton,RB,2025,college_data,104.0,518.0,8.0,0,0,0,,0,2.0,0,14.0,0.0,0,0,0,0,0,,0,,,,,4.980769230769231,,7.0,
Jason Brown Jr.,RB,2025,college_data,15.0,137.0,1.0,0,0,0,,0,2.0,0,14.0,0.0,0,0,0,0,0,,0,,,,,9.133333333333333,,7.0,
Jason Collins Jr.,RB,2024,college_data,114.0,620.0,8.0,0,0,0,,0,17.0,0,143.0,0.0,0,0,0,0,0,,0,,,,,5.43859649122807,,8.411764705882353,
Jason Collins Jr.,RB,2025,college_data,94.0,363.0,5.0,0,0,0,,0,12.0,0,44.0,0.0,0,0,0,0,0,,0,,,,,3.8617021276595747,,3.6666666666666665,
Jason Gabriel,RB,2024,college_data,3.0,4.0,0.0,0,0,0,,0,1.0,0,23.0,1.0,0,0,0,0,0,,0,,,,,1.3333333333333333,,23.0,
Jason Huntley,RB,2020,nflreadpy,5.0,19.0,0.0,4,4,4,0.3336510626832023,4,1.0,4,0.0,0.0,4,4,4,4,4,-0.6729873588774353,4,0.0,1.0,1.0,4.0,3.8,4.75,0.0,0.0
Jason Patterson,RB,2024,college_data,20.0,111.0,0.0,0,0,0,,0,1.0,0,15.0,0.0,0,0,0,0,0,,0,,,,,5.55,,15.0,
Jason Patterson,RB,2025,college_data,57.0,225.0,1.0,0,0,0,,0,17.0,0,85.0,1.0,0,0,0,0,0,,0,,,,,3.9473684210526314,,5.0,
Javen Jacobs,RB,2024,college_data,40.0,277.0,3.0,0,0,0,,0,17.0,0,130.0,1.0,0,0,0,0,0,,0,,,,,6.925,,7.647058823529412,
Javen Jacobs,RB,2025,college_data,65.0,429.0,5.0,0,0,0,,0,43.0,0,379.0,3.0,0,0,0,0,0,,0,,,,,6.6,,8.813953488372093,
Javin Gordon,RB,2025,college_data,128.0,516.0,5.0,0,0,0,,0,13.0,0,93.0,1.0,0,0,0,0,0,,0,,,,,4.03125,,7.153846153846154,
Javion Kinnard,RB,2025,college_data,12.0,56.0,0.0,0,0,0,,0,18.0,0,228.0,1.0,0,0,0,0,0,,0,,,,,4.666666666666667,,12.666666666666666,
Javonte Williams,RB,2021,nflreadpy,203.0,903.0,4.0,13,13,23,-1.0154291272191542,13,43.0,22,316.0,3.0,13,13,-1,64,13,0.47014241375529836,13,1.4946428571428572,0.784487027134086,0.761488434588413,17.0,4.448275862068965,53.11764705882353,7.348837209302325,18.58823529411765
Javonte Williams,RB,2022,nflreadpy,47.0,204.0,0.0,1,1,9,-1.5778416989051038,0,16.0,22,76.0,0.0,0,0,-24,118,4,-1.6024377859557344,0,-3.9134615384615388,0.1579475174216028,-0.02311836684168768,4.0,4.340425531914893,51.0,4.75,19.0
Javonte Williams,RB,2023,nflreadpy,217.0,774.0,3.0,0,0,41,-2.362381491811143,1,47.0,58,228.0,2.0,1,1,-99,301,10,-0.31351955097148504,1,-0.5887784002489885,0.13153783327544102,-0.037477670802307336,16.0,3.5668202764976957,48.375,4.851063829787234,14.25
Javonte Williams,RB,2024,nflreadpy,146.0,542.0,4.0,2,2,30,-1.4610174151693618,0,54.0,72,360.0,0.0,0,0,-28,408,14,-0.2989160071388403,0,-0.30148312329359317,0.12541679429637959,-0.0187149585302119,18.0,3.712328767123288,30.11111111111111,6.666666666666667,20.0
Javonte Williams,RB,2025,nflreadpy,252.0,1201.0,11.0,1,1,67,0.7628127336302788,0,35.0,51,137.0,2.0,1,1,-67,206,7,-1.5158179436759072,0,-0.5299319727891156,0.08597138564007101,-0.014612996204090855,16.0,4.765873015873016,75.0625,3.914285714285714,8.5625
Javonte Williams,RB,2026,nflreadpy,62.0,231.0,5.0,1,0,14,-0.10987799557187827,0,15.0,17,77.0,1.0,0,0,-31,99,4,0.21169561847625562,0,3.9898989898989896,0.12174449862465617,-0.028505278704608596,4.0,3.725806451612903,57.75,5.133333333333334,19.25
Javorius Allen,RB,2018,nflreadpy,41.0,110.0,3.0,0,0,10,-0.5846186253224623,0,35.0,43,196.0,2.0,1,1,59,177,11,-0.4754529567528787,0,-0.6740740740740743,0.07698348691397351,0.010938327839334499,13.0,2.682926829268293,8.461538461538462,5.6,15.076923076923077
Javorius Allen,RB,2019,nflreadpy,10.0,36.0,1.0,0,0,3,0.2835941710703385,0,1.0,2,9.0,0.0,0,0,11,4,0,-0.749529159424128,0,0.8181818181818182,0.010638297872340425,0.00527831094049904,4.0,3.6,9.0,9.0,2.25
Jawarn Howell,RB,2024,college_data,19.0,123.0,2.0,0,0,0,,0,1.0,0,5.0,0.0,0,0,0,0,0,,0,,,,,6.473684210526316,,5.0,
Jawarn Howell,RB,2025,college_data,14.0,80.0,0.0,0,0,0,,0,4.0,0,61.0,0.0,0,0,0,0,0,,0,,,,,5.714285714285714,,15.25,
Jawaun Northington,RB,2024,college_data,111.0,518.0,6.0,0,0,0,,0,9.0,0,53.0,0.0,0,0,0,0,0,,0,,,,,4.666666666666667,,5.888888888888889,
Jawaun Northington,RB,2025,college_data,157.0,765.0,6.0,0,0,0,,0,4.0,0,29.0,1.0,0,0,0,0,0,,0,,,,,4.872611464968153,,7.25,
Jawhar Jordan,RB,2025,nflreadpy,43.0,193.0,0.0,0,0,8,-2.2487086853050258,0,7.0,7,34.0,0.0,0,0,-6,40,2,0.1667022928595543,0,1.888888888888889,0.055995475113122174,-0.016771752837326608,4.0,4.488372093023256,48.25,4.857142857142857,8.5
Jay Ajayi,RB,2018,nflreadpy,45.0,184.0,3.0,1,1,11,-1.2159451741955016,1,5.0,6,20.0,0.0,0,0,0,30,1,-0.14544549262306342,0,0.46666666666666673,0.03313164893617021,-0.0005366357069143445,4.0,4.088888888888889,46.0,4.0,5.0
Jay Harris,RB,2024,college_data,10.0,35.0,1.0,0,0,0,,0,1.0,0,2.0,0.0,0,0,0,0,0,,0,,,,,3.5,,2.0,
Jay Harris,RB,2025,college_data,42.0,151.0,2.0,0,0,0,,0,6.0,0,89.0,0.0,0,0,0,0,0,,0,,,,,3.5952380952380953,,14.833333333333334,
Jay Haynes,RB,2024,college_data,43.0,295.0,3.0,0,0,0,,0,7.0,0,32.0,0.0,0,0,0,0,0,,0,,,,,6.8604651162790695,,4.571428571428571,
Jay Pearson,RB,2024,college_data,45.0,215.0,1.0,0,0,0,,0,6.0,0,96.0,0.0,0,0,0,0,0,,0,,,,,4.777777777777778,,16.0,
Jay Pearson,RB,2025,college_data,48.0,195.0,0.0,0,0,0,,0,6.0,0,47.0,0.0,0,0,0,0,0,,0,,,,,4.0625,,7.833333333333333,
Jayden Becks,RB,2024,college_data,64.0,442.0,7.0,0,0,0,,0,19.0,0,222.0,2.0,0,0,0,0,0,,0,,,,,6.90625,,11.68421052631579,
Jayden Becks,RB,2025,college_data,21.0,87.0,2.0,0,0,0,,0,3.0,0,17.0,0.0,0,0,0,0,0,,0,,,,,4.142857142857143,,5.666666666666667,
Jayden Brown,RB,2024,college_data,98.0,578.0,2.0,0,0,0,,0,8.0,0,85.0,1.0,0,0,0,0,0,,0,,,,,5.8979591836734695,,10.625,
Jayden Brown,RB,2025,college_data,32.0,262.0,2.0,0,0,0,,0,5.0,0,27.0,0.0,0,0,0,0,0,,0,,,,,8.1875,,5.4,
Jayden Clerveaux,RB,2025,college_data,161.0,762.0,5.0,0,0,0,,0,6.0,0,37.0,0.0,0,0,0,0,0,,0,,,,,4.732919254658385,,6.166666666666667,
Jayden Cook,RB,2024,college_data,4.0,4.0,0.0,0,0,0,,0,7.0,0,68.0,1.0,0,0,0,0,0,,0,,,,,1.0,,9.714285714285714,
Jayden Jenkins,RB,2024,college_data,48.0,194.0,2.0,0,0,0,,0,16.0,0,70.0,1.0,0,0,0,0,0,,0,,,,,4.041666666666667,,4.375,
Jayden Jenkins,RB,2025,college_data,25.0,194.0,0.0,0,0,0,,0,9.0,0,101.0,0.0,0,0,0,0,0,,0,,,,,7.76,,11.222222222222221,
Jayden Limar,RB,2024,college_data,25.0,71.0,0.0,0,0,0,,0,2.0,0,71.0,1.0,0,0,0,0,0,,0,,,,,2.84,,35.5,
Jayden Limar,RB,2025,college_data,46.0,262.0,3.0,0,0,0,,0,11.0,0,75.0,0.0,0,0,0,0,0,,0,,,,,5.695652173913044,,6.818181818181818,
Jayden Milton,RB,2025,college_data,2.0,-1.0,0.0,0,0,0,,0,1.0,0,-1.0,0.0,0,0,0,0,0,,0,,,,,-0.5,,-1.0,
Jayden Scott,RB,2025,college_data,106.0,595.0,4.0,0,0,0,,0,15.0,0,132.0,0.0,0,0,0,0,0,,0,,,,,5.613207547169812,,8.8,
Jayden Shwed,RB,2025,college_data,25.0,52.0,1.0,0,0,0,,0,7.0,0,24.0,0.0,0,0,0,0,0,,0,,,,,2.08,,3.4285714285714284,
Jayden Sumpter,RB,2024,college_data,12.0,43.0,0.0,0,0,0,,0,4.0,0,23.0,0.0,0,0,0,0,0,,0,,,,,3.5833333333333335,,5.75,
Jayden Sumpter,RB,2025,college_data,90.0,352.0,2.0,0,0,0,,0,11.0,0,46.0,0.0,0,0,0,0,0,,0,,,,,3.911111111111111,,4.181818181818182,
Jaydon Blue,RB,2024,college_data,134.0,730.0,8.0,0,0,0,,0,42.0,0,368.0,6.0,0,0,0,0,0,,0,,,,,5.447761194029851,,8.761904761904763,
Jaydon Blue,RB,2025,nflreadpy,38.0,129.0,1.0,1,0,7,-1.4975270912749692,0,1.0,1,5.0,0.0,0,0,-5,10,0,-0.11936172936111689,0,-1.0,0.006666666666666666,-0.004716981132075472,5.0,3.3947368421052633,25.8,5.0,1.0
Jaylan Knighton,RB,2024,college_data,12.0,43.0,0.0,0,0,0,,0,4.0,0,42.0,0.0,0,0,0,0,0,,0,,,,,3.5833333333333335,,10.5,
Jaylen Anderson,RB,2024,college_data,9.0,34.0,0.0,0,0,0,,0,1.0,0,9.0,0.0,0,0,0,0,0,,0,,,,,3.7777777777777777,,9.0,
Jaylen Jenkins,RB,2024,college_data,99.0,571.0,3.0,0,0,0,,0,3.0,0,48.0,0.0,0,0,0,0,0,,0,,,,,5.767676767676767,,16.0,
Jaylen Jenkins,RB,2025,college_data,126.0,592.0,8.0,0,0,0,,0,9.0,0,29.0,0.0,0,0,0,0,0,,0,,,,,4.698412698412699,,3.2222222222222223,
Jaylen Jennings,RB,2025,college_data,177.0,839.0,10.0,0,0,0,,0,12.0,0,157.0,1.0,0,0,0,0,0,,0,,,,,4.740112994350283,,13.083333333333334,
Jaylen Laudermilk,RB,2025,college_data,29.0,169.0,2.0,0,0,0,,0,14.0,0,117.0,1.0,0,0,0,0,0,,0,,,,,5.827586206896552,,8.357142857142858,
Jaylen McGill,RB,2025,college_data,7.0,19.0,0.0,0,0,0,,0,7.0,0,49.0,0.0,0,0,0,0,0,,0,,,,,2.7142857142857144,,7.0,
Jaylen Middleton,RB,2025,college_data,14.0,65.0,0.0,0,0,0,,0,1.0,0,8.0,0.0,0,0,0,0,0,,0,,,,,4.642857142857143,,8.0,
Jaylen Poe,RB,2024,college_data,36.0,190.0,3.0,0,0,0,,0,4.0,0,22.0,0.0,0,0,0,0,0,,0,,,,,5.277777777777778,,5.5,
Jaylen Poe,RB,2025,college_data,6.0,40.0,0.0,0,0,0,,0,7.0,0,34.0,0.0,0,0,0,0,0,,0,,,,,6.666666666666667,,4.857142857142857,
Jaylen Samuels,RB,2018,nflreadpy,56.0,256.0,0.0,0,0,13,-0.3167755292452057,0,26.0,29,199.0,3.0,0,0,2,215,10,2.168153154625599,0,-8.094616977225673,0.08201056564493893,-0.012754210585962208,9.0,4.571428571428571,28.444444444444443,7.653846153846154,22.11111111111111
Jaylen Samuels,RB,2019,nflreadpy,66.0,175.0,1.0,1,1,10,-1.252043103787458,1,47.0,56,305.0,1.0,2,2,-38,351,19,-0.32714036323950724,1,-0.13085284280936452,0.21087134835133786,0.06078255906165442,13.0,2.6515151515151514,13.461538461538462,6.48936170212766,23.46153846153846
Jaylen Samuels,RB,2020,nflreadpy,9.0,28.0,0.0,9,9,9,-0.44451168379669714,9,9.0,9,46.0,0.0,9,9,9,9,9,-0.5106327703300243,9,-0.2833333333333334,1.0,1.0,9.0,3.111111111111111,3.111111111111111,5.111111111111111,5.111111111111111
Jaylen Samuels,RB,2021,nflreadpy,5.0,9.0,0.0,1,1,1,-1.2520650473306887,1,3.0,4,14.0,0.0,1,1,-2,18,2,-0.12083043745951727,1,-2.3333333333333335,0.3666666666666667,0.3281786941580756,3.0,1.8,3.0,4.666666666666667,4.666666666666667
Jaylen Thompson,RB,2025,college_data,35.0,178.0,1.0,0,0,0,,0,4.0,0,59.0,0.0,0,0,0,0,0,,0,,,,,5.085714285714285,,14.75,
Jaylen Warren,RB,2022,nflreadpy,77.0,379.0,1.0,1,0,20,0.5593460791493375,0,28.0,33,214.0,0.0,0,0,-16,225,14,0.7074114762609301,0,0.5844444444444445,0.06374230124724795,-0.004905510340199282,16.0,4.922077922077922,23.6875,7.642857142857143,13.375
Jaylen Warren,RB,2023,nflreadpy,157.0,822.0,4.0,3,1,38,-0.2423616186785033,0,63.0,76,386.0,0.0,1,1,-120,503,20,-0.7101542410643382,0,-2.149523007856341,0.15201070458648075,-0.03395185120975673,18.0,5.235668789808917,45.666666666666664,6.126984126984127,21.444444444444443
Jaylen Warren,RB,2024,nflreadpy,122.0,517.0,1.0,1,1,29,-0.8830784273000922,0,42.0,52,329.0,0.0,1,0,-15,343,17,0.06388759185470494,0,1.5932359307359307,0.12212922516484445,-0.006231782866171056,16.0,4.237704918032787,32.3125,7.833333333333333,20.5625
Jaylen Warren,RB,2025,nflreadpy,223.0,1001.0,6.0,1,0,55,-0.24547954395016217,0,41.0,46,337.0,2.0,0,0,-109,439,13,0.6841626039724997,0,-0.33149059475146436,0.09205041491416187,-0.04157395758925754,17.0,4.488789237668161,58.88235294117647,8.21951219512195,19.823529411764707
Jaylen Warren,RB,2026,nflreadpy,55.0,309.0,0.0,0,0,16,0.37885524058219744,0,13.0,20,143.0,0.0,1,1,-15,172,5,-0.7331844247898077,0,-5.9602272727272725,0.13828717054523507,-0.01538997542492781,4.0,5.618181818181818,77.25,11.0,35.75
Jaylen White,RB,2024,college_data,19.0,39.0,0.0,0,0,0,,0,1.0,0,6.0,0.0,0,0,0,0,0,,0,,,,,2.0526315789473686,,6.0,
Jaylen Wright,RB,2024,nflreadpy,68.0,249.0,0.0,1,1,11,-1.5624965583063806,0,3.0,6,8.0,0.0,0,0,-6,8,1,-0.7168977327826224,0,0.04761904761904764,0.012912087912087913,-0.001482196781623031,13.0,3.661764705882353,19.153846153846153,2.6666666666666665,0.6153846153846154
Jaylen Wright,RB,2025,nflreadpy,70.0,288.0,2.0,2,1,17,-0.6332244200918056,0,5.0,9,44.0,0.0,0,0,-34,60,2,-0.3344904514403605,0,-0.9392857142857143,0.041183840992270106,-0.030549327366695127,9.0,4.114285714285714,32.0,8.8,4.888888888888889
Jaylin Carter,RB,2025,college_data,38.0,166.0,2.0,0,0,0,,0,21.0,0,137.0,0.0,0,0,0,0,0,,0,,,,,4.368421052631579,,6.523809523809524,
Jaylin Lucas,RB,2024,college_data,2.0,13.0,0.0,0,0,0,,0,3.0,0,39.0,0.0,0,0,0,0,0,,0,,,,,6.5,,13.0,
Jaylin Lucas,RB,2025,college_data,27.0,160.0,0.0,0,0,0,,0,11.0,0,88.0,0.0,0,0,0,0,0,,0,,,,,5.925925925925926,,8.0,
Jaylon Armstead,RB,2024,college_data,13.0,42.0,0.0,0,0,0,,0,1.0,0,6.0,0.0,0,0,0,0,0,,0,,,,,3.230769230769231,,6.0,
Jaylon Coleman,RB,2025,college_data,11.0,79.0,0.0,0,0,0,,0,10.0,0,100.0,0.0,0,0,0,0,0,,0,,,,,7.181818181818182,,10.0,
Jaylon Glover,RB,2025,college_data,64.0,384.0,1.0,0,0,0,,0,6.0,0,51.0,0.0,0,0,0,0,0,,0,,,,,6.0,,8.5,
Jaylon Jackson,RB,2024,college_data,93.0,388.0,2.0,0,0,0,,0,7.0,0,41.0,1.0,0,0,0,0,0,,0,,,,,4.172043010752688,,5.857142857142857,
Jaylon Spears,RB,2024,college_data,18.0,47.0,0.0,0,0,0,,0,3.0,0,39.0,0.0,0,0,0,0,0,,0,,,,,2.611111111111111,,13.0,
Jaylon Spears,RB,2025,college_data,138.0,569.0,6.0,0,0,0,,0,15.0,0,51.0,0.0,0,0,0,0,0,,0,,,,,4.1231884057971016,,3.4,
Jayshon Ridgle,RB,2024,college_data,1.0,3.0,0.0,0,0,0,,0,2.0,0,10.0,0.0,0,0,0,0,0,,0,,,,,3.0,,5.0,
Jayvian Allen,RB,2024,college_data,125.0,510.0,5.0,0,0,0,,0,13.0,0,137.0,1.0,0,0,0,0,0,,0,,,,,4.08,,10.538461538461538,
Jayvian Allen,RB,2025,college_data,151.0,750.0,9.0,0,0,0,,0,17.0,0,186.0,0.0,0,0,0,0,0,,0,,,,,4.966887417218543,,10.941176470588236,
Jaziun Patterson,RB,2024,college_data,63.0,309.0,2.0,0,0,0,,0,1.0,0,3.0,0.0,0,0,0,0,0,,0,,,,,4.904761904761905,,3.0,
Jaziun Patterson,RB,2025,college_data,60.0,296.0,0.0,0,0,0,,0,3.0,0,9.0,0.0,0,0,0,0,0,,0,,,,,4.933333333333334,,3.0,
Jeff Wilson,RB,2018,nflreadpy,66.0,266.0,0.0,3,2,13,-2.6940590275496272,0,12.0,15,98.0,0.0,0,0,0,97,5,-1.2505584225873463,0,14.635,0.0662634319127645,-0.0021783191958387495,6.0,4.03030303030303,44.333333333333336,8.166666666666666,16.333333333333332
Jeff Wilson,RB,2019,nflreadpy,27.0,105.0,4.0,1,1,10,0.19727903672610408,1,4.0,6,54.0,1.0,1,1,13,22,2,0.1259975302133387,1,2.027777777777778,0.13136255453742718,0.11948427868523957,9.0,3.888888888888889,11.666666666666666,13.5,6.0
Jeff Wilson,RB,2020,nflreadpy,126.0,600.0,7.0,11,11,11,-0.7764396748366967,11,13.0,11,133.0,3.0,11,11,11,11,11,0.4444448108271102,11,-0.3437349687349687,1.0,1.0,11.0,4.761904761904762,54.54545454545455,10.23076923076923,12.090909090909092
Jeff Wilson,RB,2021,nflreadpy,79.0,294.0,2.0,4,4,13,-1.6900254457799733,4,7.0,9,31.0,0.0,4,4,-12,41,5,-0.2971068004553672,4,-0.6477272727272727,0.5211309523809524,0.48966422852326774,8.0,3.721518987341772,36.75,4.428571428571429,3.875
Jeff Wilson,RB,2022,nflreadpy,186.0,883.0,6.0,2,1,45,0.27472606347648765,0,23.0,41,198.0,1.0,1,1,101,157,8,-0.49930895274940984,0,2.801743626743627,0.07492962540594028,0.01852718126369384,17.0,4.747311827956989,51.94117647058823,8.608695652173912,11.647058823529411
Jeff Wilson,RB,2023,nflreadpy,41.0,188.0,0.0,0,0,8,-0.11540906968730269,0,15.0,19,91.0,0.0,0,0,45,78,3,0.23678857192329367,0,-0.599905303030303,0.0573503068568858,0.02036906291418584,10.0,4.585365853658536,18.8,6.066666666666666,9.1
Jeff Wilson,RB,2024,nflreadpy,16.0,57.0,0.0,0,0,3,-0.7710724908959321,0,3.0,3,19.0,0.0,0,0,0,19,0,0.27080972644034773,0,-2.5,0.010896610896610898,4.426476229822642e-05,7.0,3.5625,8.142857142857142,6.333333333333333,2.7142857142857144
Jeffery Pittman,RB,2025,college_data,156.0,695.0,8.0,0,0,0,,0,25.0,0,107.0,0.0,0,0,0,0,0,,0,,,,,4.455128205128205,,4.28,
Jeffrey Overton Jr.,RB,2025,college_data,25.0,146.0,1.0,0,0,0,,0,1.0,0,36.0,0.0,0,0,0,0,0,,0,,,,,5.84,,36.0,
Jekail Middlebrook,RB,2024,college_data,60.0,273.0,2.0,0,0,0,,0,22.0,0,163.0,1.0,0,0,0,0,0,,0,,,,,4.55,,7.409090909090909,
Jekail Middlebrook,RB,2025,college_data,140.0,752.0,4.0,0,0,0,,0,40.0,0,412.0,3.0,0,0,0,0,0,,0,,,,,5.371428571428571,,10.3,
Jeremiah Cobb,RB,2024,college_data,29.0,142.0,0.0,0,0,0,,0,6.0,0,45.0,0.0,0,0,0,0,0,,0,,,,,4.896551724137931,,7.5,
Jeremiah Cobb,RB,2025,college_data,175.0,969.0,5.0,0,0,0,,0,11.0,0,83.0,0.0,0,0,0,0,0,,0,,,,,5.537142857142857,,7.545454545454546,
Jeremiah Coney,RB,2025,college_data,8.0,47.0,0.0,0,0,0,,0,3.0,0,15.0,0.0,0,0,0,0,0,,0,,,,,5.875,,5.0,
Jeremiah James,RB,2024,college_data,25.0,87.0,1.0,0,0,0,,0,2.0,0,21.0,0.0,0,0,0,0,0,,0,,,,,3.48,,10.5,
Jeremiah James,RB,2025,college_data,48.0,187.0,0.0,0,0,0,,0,8.0,0,114.0,0.0,0,0,0,0,0,,0,,,,,3.8958333333333335,,14.25,
Jeremiyah Love,RB,2024,college_data,163.0,1125.0,17.0,0,0,0,,0,28.0,0,237.0,2.0,0,0,0,0,0,,0,,,,,6.901840490797546,,8.464285714285714,
Jeremiyah Love,RB,2025,college_data,199.0,1372.0,18.0,0,0,0,,0,27.0,0,280.0,3.0,0,0,0,0,0,,0,,,,,6.894472361809045,,10.37037037037037,
Jeremiyah Love,RB,2026,nflreadpy,55.0,223.0,1.0,0,0,9,-0.1722812801162945,0,11.0,13,36.0,1.0,0,0,7,30,2,-0.4148463182217501,0,1.2634920634920634,0.08801603801603802,0.004013800350222778,4.0,4.054545454545455,55.75,3.272727272727273,9.0
Jeremy Hill,RB,2018,nflreadpy,4.0,25.0,0.0,0,0,1,0.014598853013012558,0,1.0,1,6.0,0.0,0,0,1,5,0,0.27898092311806977,0,6.0,0.02564102564102564,0.003125,1.0,6.25,25.0,6.0,6.0
Jeremy McNichols,RB,2020,nflreadpy,48.0,208.0,1.0,16,16,16,-0.7006220936370784,16,12.0,16,55.0,0.0,16,16,16,16,16,-0.5628534658960859,16,0.5533333333333335,1.0,1.0,16.0,4.333333333333333,13.0,4.583333333333333,3.4375
Jeremy McNichols,RB,2021,nflreadpy,41.0,156.0,0.0,10,10,12,-0.7952322332367607,10,28.0,14,240.0,1.0,10,10,8,34,12,0.5050935966707787,10,2.7942625661375664,0.7790064102564103,0.7686809027020658,13.0,3.8048780487804876,12.0,8.571428571428571,18.46153846153846
Jeremy McNichols,RB,2024,nflreadpy,60.0,270.0,5.0,0,0,16,0.5125065451038233,1,9.0,12,27.0,0.0,0,0,20,33,1,-0.2138541005939866,0,1.0833333333333333,0.0210309132299087,0.003724354223446782,18.0,4.5,15.0,3.0,1.5
Jeremy McNichols,RB,2025,nflreadpy,44.0,221.0,1.0,1,1,13,0.09616139568292224,1,25.0,31,196.0,0.0,0,0,-23,222,10,-0.08811933915119059,0,-1.6576340326340324,0.07816149651452488,-0.00609605300867961,16.0,5.0227272727272725,13.8125,7.84,12.25
Jeremy Payne,RB,2024,college_data,54.0,239.0,3.0,0,0,0,,0,12.0,0,99.0,0.0,0,0,0,0,0,,0,,,,,4.425925925925926,,8.25,
Jeremy Payne,RB,2025,college_data,110.0,623.0,5.0,0,0,0,,0,22.0,0,207.0,2.0,0,0,0,0,0,,0,,,,,5.663636363636364,,9.409090909090908,
Jerick McKinnon,RB,2020,nflreadpy,81.0,319.0,5.0,14,14,14,-0.8699746372561398,14,33.0,14,253.0,1.0,14,14,14,14,14,-0.8067739545060064,14,1.777897772725359,1.0,1.0,14.0,3.9382716049382718,22.785714285714285,7.666666666666667,18.071428571428573
Jerick McKinnon,RB,2021,nflreadpy,46.0,212.0,0.0,9,8,14,-0.6916892041271725,8,27.0,28,272.0,2.0,8,8,-31,244,21,1.9440257533802652,8,-1.2124415584415584,0.7086748402537877,0.651840772280135,12.0,4.608695652173913,17.666666666666668,10.074074074074074,22.666666666666668
Jerick McKinnon,RB,2022,nflreadpy,91.0,351.0,1.0,0,0,15,-0.663791538799782,0,61.0,78,544.0,9.0,1,1,46,570,29,1.19876391079954,1,1.7224098053776418,0.10574411144696891,0.006948586508647372,20.0,3.857142857142857,17.55,8.918032786885245,27.2
Jerick McKinnon,RB,2023,nflreadpy,21.0,60.0,1.0,0,0,7,-0.0017922752728737113,0,27.0,34,207.0,4.0,0,0,9,233,11,0.5766726365033444,0,2.323076923076923,0.07018524704201097,0.005212438551076875,13.0,2.857142857142857,4.615384615384615,7.666666666666667,15.923076923076923
Jermaine Corbett,RB,2024,college_data,189.0,1058.0,9.0,0,0,0,,0,20.0,0,204.0,1.0,0,0,0,0,0,,0,,,,,5.597883597883598,,10.2,
Jermar Jefferson,RB,2021,nflreadpy,15.0,74.0,2.0,3,3,3,0.7990496165570947,3,4.0,3,23.0,0.0,3,3,3,3,3,-0.16132138262037188,3,5.75,0.75,0.75,4.0,4.933333333333334,18.5,5.75,5.75
Jermar Jefferson,RB,2024,nflreadpy,6.0,22.0,0.0,0,0,1,-0.39251795422751456,0,1.0,1,10.0,0.0,0,0,0,10,1,0.488208144903183,0,0.0,0.015625,0.0,2.0,3.6666666666666665,11.0,10.0,5.0
Jerome Ford,RB,2023,nflreadpy,213.0,830.0,4.0,1,1,33,-2.28075631682197,1,48.0,67,334.0,5.0,0,0,20,329,17,-0.41815669137538347,0,3.5948224505113053,0.10482315338828375,0.0038201681400693776,18.0,3.896713615023474,46.111111111111114,6.958333333333333,18.555555555555557
Jerome Ford,RB,2024,nflreadpy,104.0,565.0,3.0,0,0,25,0.35944334016932,0,37.0,43,225.0,0.0,0,0,-15,294,10,-0.4072888959886634,0,-0.5492219109866169,0.08601149551980003,-0.012065680555437932,14.0,5.4326923076923075,40.357142857142854,6.081081081081081,16.071428571428573
Jerome Ford,RB,2025,nflreadpy,24.0,73.0,0.0,0,0,5,-0.3352178703838338,0,26.0,32,103.0,0.0,0,0,-49,154,4,-0.5079586819164543,0,-2.4286796536796533,0.07251407841680718,-0.014394290467602098,13.0,3.0416666666666665,5.615384615384615,3.9615384615384617,7.923076923076923
Jerrell Wimbley,RB,2024,college_data,60.0,330.0,3.0,0,0,0,,0,12.0,0,130.0,0.0,0,0,0,0,0,,0,,,,,5.5,,10.833333333333334,
Jerrell Wimbley,RB,2025,college_data,195.0,1017.0,9.0,0,0,0,,0,22.0,0,150.0,0.0,0,0,0,0,0,,0,,,,,5.2153846153846155,,6.818181818181818,
Jerrian Parker,RB,2024,college_data,77.0,281.0,1.0,0,0,0,,0,9.0,0,73.0,0.0,0,0,0,0,0,,0,,,,,3.6493506493506493,,8.11111111111111,
Jerrian Parker,RB,2025,college_data,5.0,0.0,0.0,0,0,0,,0,2.0,0,6.0,0.0,0,0,0,0,0,,0,,,,,0.0,,3.0,
Jerrick Gibson,RB,2024,college_data,78.0,377.0,4.0,0,0,0,,0,3.0,0,25.0,0.0,0,0,0,0,0,,0,,,,,4.833333333333333,,8.333333333333334,
Jevon Edwards,RB,2025,college_data,66.0,371.0,1.0,0,0,0,,0,7.0,0,31.0,0.0,0,0,0,0,0,,0,,,,,5.621212121212121,,4.428571428571429,
Jevon Jackson,RB,2024,college_data,191.0,754.0,4.0,0,0,0,,0,16.0,0,99.0,2.0,0,0,0,0,0,,0,,,,,3.9476439790575917,,6.1875,
Jevon Jackson,RB,2025,college_data,167.0,900.0,5.0,0,0,0,,0,19.0,0,115.0,1.0,0,0,0,0,0,,0,,,,,5.389221556886228,,6.052631578947368,
Jevyon Ducker,RB,2024,college_data,158.0,745.0,7.0,0,0,0,,0,15.0,0,110.0,0.0,0,0,0,0,0,,0,,,,,4.715189873417722,,7.333333333333333,
Jevyon Ducker,RB,2025,college_data,157.0,809.0,7.0,0,0,0,,0,23.0,0,105.0,2.0,0,0,0,0,0,,0,,,,,5.1528662420382165,,4.565217391304348,
Jimmy Athans,RB,2024,college_data,29.0,159.0,1.0,0,0,0,,0,7.0,0,-1.0,0.0,0,0,0,0,0,,0,,,,,5.482758620689655,,-0.14285714285714285,
Jimmyll Williams,RB,2024,college_data,21.0,60.0,1.0,0,0,0,,0,3.0,0,15.0,0.0,0,0,0,0,0,,0,,,,,2.857142857142857,,5.0,
Jimmyll Williams,RB,2025,college_data,104.0,673.0,3.0,0,0,0,,0,13.0,0,143.0,0.0,0,0,0,0,0,,0,,,,,6.471153846153846,,11.0,
Jo'Nathan Silver,RB,2024,college_data,70.0,462.0,4.0,0,0,0,,0,12.0,0,118.0,1.0,0,0,0,0,0,,0,,,,,6.6,,9.833333333333334,
Jo'Nathan Silver,RB,2025,college_data,119.0,652.0,5.0,0,0,0,,0,29.0,0,203.0,1.0,0,0,0,0,0,,0,,,,,5.4789915966386555,,7.0,
Jo'quavious Marks,RB,2024,college_data,198.0,1133.0,9.0,0,0,0,,0,47.0,0,321.0,0.0,0,0,0,0,0,,0,,,,,5.722222222222222,,6.829787234042553,
Jobi Malary,RB,2024,college_data,45.0,269.0,2.0,0,0,0,,0,1.0,0,6.0,0.0,0,0,0,0,0,,0,,,,,5.977777777777778,,6.0,
Jocquez Smith,RB,2024,college_data,36.0,132.0,1.0,0,0,0,,0,9.0,0,39.0,0.0,0,0,0,0,0,,0,,,,,3.6666666666666665,,4.333333333333333,
Jocquez Smith,RB,2025,college_data,8.0,23.0,0.0,0,0,0,,0,1.0,0,12.0,1.0,0,0,0,0,0,,0,,,,,2.875,,12.0,
Joe Jackson,RB,2024,college_data,39.0,227.0,1.0,0,0,0,,0,6.0,0,63.0,1.0,0,0,0,0,0,,0,,,,,5.82051282051282,,10.5,
Joe Jackson,RB,2025,college_data,169.0,911.0,8.0,0,0,0,,0,22.0,0,119.0,1.0,0,0,0,0,0,,0,,,,,5.390532544378698,,5.409090909090909,
Joe Mixon,RB,2018,nflreadpy,237.0,1168.0,8.0,0,0,60,-0.777039056972197,0,43.0,55,296.0,1.0,0,0,1,333,14,-0.161470597416545,0,-3.159252819027255,0.1253580257059146,-0.012386312106717867,14.0,4.928270042194093,83.42857142857143,6.883720930232558,21.142857142857142
Joe Mixon,RB,2019,nflreadpy,278.0,1137.0,5.0,1,1,51,-1.3722630048252449,1,35.0,45,287.0,3.0,1,1,2,315,14,0.5449425869524324,1,0.9473989898989896,0.13685854843128098,0.059924125888583195,16.0,4.089928057553957,71.0625,8.2,17.9375
Joe Mixon,RB,2020,nflreadpy,119.0,428.0,3.0,6,6,6,-3.5453999896422808,6,21.0,6,138.0,1.0,6,6,6,6,6,0.7398484647128498,6,-5.125,1.0,1.0,6.0,3.596638655462185,71.33333333333333,6.571428571428571,23.0
Joe Mixon,RB,2021,nflreadpy,359.0,1467.0,14.0,13,13,33,-1.7163756998480253,13,60.0,49,421.0,3.0,13,13,28,218,19,0.4086903045843226,13,1.9700466971300306,0.7004990830584366,0.6509715467215254,20.0,4.086350974930362,73.35,7.016666666666667,21.05
Joe Mixon,RB,2022,nflreadpy,249.0,977.0,8.0,0,0,58,-0.6308821111780896,0,68.0,85,491.0,2.0,0,0,-31,530,18,0.704740187069181,0,1.0051370433757025,0.1339282638038204,-0.01052590804169492,17.0,3.923694779116466,57.470588235294116,7.220588235294118,28.88235294117647
Joe Mixon,RB,2023,nflreadpy,257.0,1034.0,9.0,0,0,59,-1.0616065832615993,0,52.0,64,376.0,3.0,0,0,-114,463,14,0.19714448621371344,1,-2.8462412587412587,0.10909859499590133,-0.03222580463025515,17.0,4.023346303501945,60.8235294117647,7.230769230769231,22.11764705882353
Joe Mixon,RB,2024,nflreadpy,288.0,1210.0,13.0,1,1,60,-1.107777654848758,0,39.0,57,334.0,1.0,0,0,-25,384,13,0.17600893766854803,0,3.3505228758169934,0.1176832934201012,-0.005822673892146079,16.0,4.201388888888889,75.625,8.564102564102564,20.875
Joe Williams,RB,2025,college_data,21.0,49.0,0.0,0,0,0,,0,2.0,0,63.0,0.0,0,0,0,0,0,,0,,,,,2.3333333333333335,,31.5,
Joey Giorgi,RB,2024,college_data,146.0,838.0,2.0,0,0,0,,0,8.0,0,49.0,0.0,0,0,0,0,0,,0,,,,,5.739726027397261,,6.125,
Joey Koch,RB,2025,college_data,3.0,9.0,0.0,0,0,0,,0,3.0,0,7.0,0.0,0,0,0,0,0,,0,,,,,3.0,,2.3333333333333335,
Joey Mattord,RB,2024,college_data,29.0,118.0,1.0,0,0,0,,0,10.0,0,115.0,0.0,0,0,0,0,0,,0,,,,,4.068965517241379,,11.5,
Joey Mattord,RB,2025,college_data,6.0,48.0,1.0,0,0,0,,0,4.0,0,33.0,0.0,0,0,0,0,0,,0,,,,,8.0,,8.25,
Joey Suchy,RB,2024,college_data,57.0,328.0,5.0,0,0,0,,0,14.0,0,83.0,0.0,0,0,0,0,0,,0,,,,,5.754385964912281,,5.928571428571429,
John Emery Jr.,RB,2024,college_data,10.0,61.0,0.0,0,0,0,,0,1.0,0,10.0,0.0,0,0,0,0,0,,0,,,,,6.1,,10.0,
John Gentry,RB,2024,college_data,26.0,75.0,1.0,0,0,0,,0,6.0,0,16.0,1.0,0,0,0,0,0,,0,,,,,2.8846153846153846,,2.6666666666666665,
John Gentry,RB,2025,college_data,98.0,401.0,1.0,0,0,0,,0,17.0,0,131.0,1.0,0,0,0,0,0,,0,,,,,4.091836734693878,,7.705882352941177,
John Kelly,RB,2018,nflreadpy,27.0,74.0,0.0,0,0,6,-2.943148702926313,0,2.0,3,27.0,0.0,0,0,-6,27,1,1.1254962406632214,0,0.22499999999999998,0.023510466988727857,-0.0038057569764886833,5.0,2.740740740740741,14.8,13.5,5.4
John McAuliffe,RB,2025,college_data,31.0,181.0,1.0,0,0,0,,0,5.0,0,37.0,0.0,0,0,0,0,0,,0,,,,,5.838709677419355,,7.4,
John Volker,RB,2024,college_data,89.0,514.0,6.0,0,0,0,,0,10.0,0,75.0,0.0,0,0,0,0,0,,0,,,,,5.775280898876405,,7.5,
Johnathan Arceneaux,RB,2024,college_data,22.0,104.0,0.0,0,0,0,,0,4.0,0,42.0,0.0,0,0,0,0,0,,0,,,,,4.7272727272727275,,10.5,
Johnathan Arceneaux,RB,2025,college_data,40.0,267.0,2.0,0,0,0,,0,1.0,0,12.0,0.0,0,0,0,0,0,,0,,,,,6.675,,12.0,
Johness Davis,RB,2024,college_data,22.0,95.0,2.0,0,0,0,,0,4.0,0,35.0,0.0,0,0,0,0,0,,0,,,,,4.318181818181818,,8.75,
Johness Davis,RB,2025,college_data,139.0,898.0,2.0,0,0,0,,0,11.0,0,109.0,0.0,0,0,0,0,0,,0,,,,,6.460431654676259,,9.909090909090908,
Johnnie Daniels,RB,2024,college_data,108.0,540.0,4.0,0,0,0,,0,8.0,0,76.0,0.0,0,0,0,0,0,,0,,,,,5.0,,9.5,
Johnnie Daniels,RB,2025,college_data,9.0,44.0,0.0,0,0,0,,0,3.0,0,19.0,0.0,0,0,0,0,0,,0,,,,,4.888888888888889,,6.333333333333333,
Johnny Crawford III,RB,2024,college_data,39.0,212.0,2.0,0,0,0,,0,6.0,0,61.0,1.0,0,0,0,0,0,,0,,,,,5.435897435897436,,10.166666666666666,
Johnny Martin III,RB,2024,college_data,62.0,249.0,3.0,0,0,0,,0,1.0,0,3.0,0.0,0,0,0,0,0,,0,,,,,4.016129032258065,,3.0,
Johnny Richardson,RB,2024,college_data,25.0,119.0,0.0,0,0,0,,0,13.0,0,91.0,1.0,0,0,0,0,0,,0,,,,,4.76,,7.0,
Johnny Stanton,RB,2021,nflreadpy,3.0,5.0,0.0,3,3,3,0.3047970794723369,3,2.0,3,7.0,1.0,3,3,3,3,3,-0.006766716644051485,3,2.0,1.0,1.0,3.0,1.6666666666666667,1.6666666666666667,3.5,2.3333333333333335
Johntu Reed,RB,2024,college_data,13.0,31.0,0.0,0,0,0,,0,8.0,0,31.0,1.0,0,0,0,0,0,,0,,,,,2.3846153846153846,,3.875,
Johntu Reed,RB,2025,college_data,6.0,44.0,0.0,0,0,0,,0,6.0,0,53.0,0.0,0,0,0,0,0,,0,,,,,7.333333333333333,,8.833333333333334,
Jojo Uga,RB,2024,college_data,94.0,391.0,5.0,0,0,0,,0,5.0,0,20.0,0.0,0,0,0,0,0,,0,,,,,4.159574468085107,,4.0,
Jojo Uga,RB,2025,college_data,91.0,297.0,2.0,0,0,0,,0,2.0,0,26.0,0.0,0,0,0,0,0,,0,,,,,3.2637362637362637,,13.0,
Jon Denman,RB,2025,college_data,50.0,178.0,3.0,0,0,0,,0,3.0,0,6.0,0.0,0,0,0,0,0,,0,,,,,3.56,,2.0,
Jon Hilliman,RB,2019,nflreadpy,30.0,91.0,0.0,1,1,6,-3.412467600991173,0,3.0,4,1.0,0.0,1,1,-1,10,0,-4.5438743887643795,0,1.5,0.041507024265644954,-0.001738874152667256,3.0,3.033333333333333,30.333333333333332,0.3333333333333333,0.3333333333333333
Jonah Coleman,RB,2024,college_data,193.0,1053.0,10.0,0,0,0,,0,23.0,0,177.0,0.0,0,0,0,0,0,,0,,,,,5.455958549222798,,7.695652173913044,
Jonah Coleman,RB,2025,college_data,156.0,758.0,15.0,0,0,0,,0,31.0,0,354.0,2.0,0,0,0,0,0,,0,,,,,4.858974358974359,,11.419354838709678,
Jonah Coleman,RB,2026,nflreadpy,10.0,39.0,1.0,0,0,3,-0.20742969581624493,0,3.0,3,19.0,0.0,0,0,0,19,0,0.2980042831040919,0,0.0,0.05172413793103448,0.0,2.0,3.9,19.5,6.333333333333333,9.5
Jonathan Askew,RB,2024,college_data,15.0,98.0,0.0,0,0,0,,0,3.0,0,33.0,0.0,0,0,0,0,0,,0,,,,,6.533333333333333,,11.0,
Jonathan Askew,RB,2025,college_data,18.0,87.0,0.0,0,0,0,,0,2.0,0,9.0,0.0,0,0,0,0,0,,0,,,,,4.833333333333333,,4.5,
Jonathan Dartez,RB,2025,college_data,5.0,6.0,0.0,0,0,0,,0,1.0,0,9.0,0.0,0,0,0,0,0,,0,,,,,1.2,,9.0,
Jonathan Taylor,RB,2020,nflreadpy,253.0,1247.0,12.0,16,16,16,0.7014651284365165,16,38.0,16,305.0,1.0,16,16,16,16,16,0.788120612907305,16,-1.6464983164983167,1.0,1.0,16.0,4.928853754940712,77.9375,8.026315789473685,19.0625
Jonathan Taylor,RB,2021,nflreadpy,332.0,1811.0,18.0,13,13,34,2.027599654326691,13,40.0,21,360.0,2.0,13,13,16,33,15,0.28221521895784046,13,-0.8073015873015874,0.7819231140732155,0.7654089483003199,17.0,5.454819277108434,106.52941176470588,9.0,21.176470588235293
Jonathan Taylor,RB,2022,nflreadpy,192.0,861.0,4.0,3,3,39,-2.865480715998774,0,28.0,40,143.0,0.0,0,0,-73,208,4,-1.5951283003859265,0,-1.129995004995005,0.10116476788450597,-0.030698093289215415,11.0,4.484375,78.27272727272727,5.107142857142857,13.0
Jonathan Taylor,RB,2023,nflreadpy,169.0,741.0,7.0,1,0,42,-1.0159002013304983,0,19.0,23,153.0,1.0,0,0,-21,174,5,0.35162102798949885,0,0.5477513227513228,0.08038238649222632,-0.019055509740922176,10.0,4.384615384615385,74.1,8.052631578947368,15.3
Jonathan Taylor,RB,2024,nflreadpy,303.0,1431.0,11.0,2,1,71,-1.6363797916833593,0,18.0,31,136.0,1.0,1,0,-10,150,7,-1.066952298887455,0,-1.5904761904761904,0.07448360207576797,-0.004273771987212294,14.0,4.7227722772277225,102.21428571428571,7.555555555555555,9.714285714285714
Jonathan Taylor,RB,2025,nflreadpy,323.0,1585.0,18.0,1,1,84,1.1042138123439265,1,46.0,55,378.0,2.0,1,0,-45,434,15,0.5771278794645769,0,-0.1385987276612275,0.10978565143552385,-0.011161090000390445,17.0,4.9071207430340555,93.23529411764706,8.217391304347826,22.235294117647058
Jonathan Taylor,RB,2026,nflreadpy,86.0,353.0,6.0,0,0,22,1.3961164431019788,0,10.0,15,69.0,0.0,1,1,-26,79,3,-1.394195639845981,0,-10.118589743589743,0.12372742200328407,-0.03654654617547559,4.0,4.104651162790698,88.25,6.9,17.25
Jonathan Ward,RB,2021,nflreadpy,9.0,33.0,0.0,5,5,6,0.5651388932135888,5,3.0,9,34.0,0.0,5,5,18,31,6,1.1128689880521658,5,-2.729824561403509,0.5660371910371911,0.5589162534700209,9.0,3.6666666666666665,3.6666666666666665,11.333333333333334,3.7777777777777777
Jonathan Ward,RB,2022,nflreadpy,5.0,25.0,0.0,0,0,2,-0.4366277065128088,0,2.0,3,7.0,0.0,0,0,4,4,1,-0.3296019683475606,0,2.1666666666666665,0.02509746588693957,0.0034736505324740622,4.0,5.0,6.25,3.5,1.75
Jonathan Williams,RB,2018,nflreadpy,3.0,0.0,0.0,0,0,0,-0.6240544423150519,0,1.0,1,1.0,0.0,0,0,1,0,0,-0.5937086483463645,0,1.0,0.006802721088435374,0.001221001221001221,3.0,0.0,0.0,1.0,0.3333333333333333
Jonathan Williams,RB,2019,nflreadpy,49.0,235.0,1.0,0,0,13,0.6211871313571464,0,5.0,5,59.0,0.0,0,0,-5,64,3,1.8832955724404503,0,-3.5206349206349206,0.03992921492921493,-0.007499304504611301,5.0,4.795918367346939,47.0,11.8,11.8
Jonathan Williams,RB,2020,nflreadpy,1.0,5.0,0.0,2,2,2,-5.370571494451724,2,4.0,2,21.0,0.0,2,2,2,2,2,0.2398704190272838,2,-10.5,1.0,1.0,2.0,5.0,2.5,5.25,10.5
Jonathan Williams,RB,2021,nflreadpy,17.0,79.0,1.0,2,2,8,1.462380885821767,2,4.0,7,28.0,0.0,2,2,-14,21,3,-2.8425368518413356,2,2.7916666666666665,0.43098039215686273,0.3845758588545575,5.0,4.647058823529412,15.8,7.0,5.6
Jonathan Williams,RB,2022,nflreadpy,37.0,152.0,0.0,0,0,6,-1.1058842472100099,0,7.0,10,40.0,0.0,0,0,-1,38,2,-0.9552803000706173,0,-4.166666666666667,0.04199087042224297,0.00042224404675299487,9.0,4.108108108108108,16.88888888888889,5.714285714285714,4.444444444444445
Jonathon Brooks,RB,2024,nflreadpy,9.0,22.0,0.0,0,0,0,-0.9259751904561805,0,3.0,3,23.0,0.0,0,0,-8,31,2,1.456625814549625,0,-2.875,0.024390243902439022,-0.006046863189720333,3.0,2.4444444444444446,7.333333333333333,7.666666666666667,7.666666666666667
Jonathon Brooks,RB,2026,nflreadpy,9.0,30.0,0.0,0,0,0,-1.2339863288216293,0,2.0,3,43.0,0.0,0,0,24,27,1,0.0346828096662648,0,1.2166666666666668,0.04503676470588235,0.03133730430657319,2.0,3.3333333333333335,15.0,21.5,21.5
Jordan Anderson,RB,2025,college_data,9.0,41.0,1.0,0,0,0,,0,3.0,0,12.0,0.0,0,0,0,0,0,,0,,,,,4.555555555555555,,4.0,
Jordan Brunson,RB,2024,college_data,53.0,299.0,4.0,0,0,0,,0,1.0,0,3.0,0.0,0,0,0,0,0,,0,,,,,5.6415094339622645,,3.0,
Jordan Brunson,RB,2025,college_data,164.0,767.0,4.0,0,0,0,,0,1.0,0,5.0,0.0,0,0,0,0,0,,0,,,,,4.676829268292683,,5.0,
Jordan DeLucia,RB,2024,college_data,48.0,172.0,2.0,0,0,0,,0,11.0,0,39.0,0.0,0,0,0,0,0,,0,,,,,3.5833333333333335,,3.5454545454545454,
Jordan Fisher,RB,2024,college_data,37.0,186.0,1.0,0,0,0,,0,4.0,0,18.0,0.0,0,0,0,0,0,,0,,,,,5.027027027027027,,4.5,
Jordan Fisher,RB,2025,college_data,185.0,1121.0,8.0,0,0,0,,0,26.0,0,287.0,3.0,0,0,0,0,0,,0,,,,,6.059459459459459,,11.038461538461538,
Jordan Ford,RB,2024,college_data,15.0,45.0,0.0,0,0,0,,0,6.0,0,62.0,1.0,0,0,0,0,0,,0,,,,,3.0,,10.333333333333334,
Jordan Fuller,RB,2024,college_data,62.0,253.0,4.0,0,0,0,,0,3.0,0,33.0,0.0,0,0,0,0,0,,0,,,,,4.080645161290323,,11.0,
Jordan Fuller,RB,2025,college_data,82.0,415.0,5.0,0,0,0,,0,1.0,0,4.0,0.0,0,0,0,0,0,,0,,,,,5.060975609756097,,4.0,
Jordan Gant,RB,2024,college_data,62.0,223.0,1.0,0,0,0,,0,11.0,0,94.0,2.0,0,0,0,0,0,,0,,,,,3.596774193548387,,8.545454545454545,
Jordan Gant,RB,2025,college_data,213.0,1032.0,6.0,0,0,0,,0,9.0,0,48.0,1.0,0,0,0,0,0,,0,,,,,4.845070422535211,,5.333333333333333,
Jordan Harris,RB,2025,college_data,48.0,341.0,1.0,0,0,0,,0,8.0,0,48.0,1.0,0,0,0,0,0,,0,,,,,7.104166666666667,,6.0,
Jordan Hornbeak,RB,2024,college_data,22.0,85.0,0.0,0,0,0,,0,5.0,0,13.0,0.0,0,0,0,0,0,,0,,,,,3.8636363636363638,,2.6,
Jordan Houston,RB,2024,college_data,111.0,592.0,2.0,0,0,0,,0,13.0,0,173.0,1.0,0,0,0,0,0,,0,,,,,5.333333333333333,,13.307692307692308,
Jordan Howard,RB,2018,nflreadpy,260.0,970.0,9.0,2,1,55,-1.5949706100584797,0,20.0,28,145.0,0.0,0,0,21,127,7,-0.25192446331003326,0,1.783095238095238,0.05140614382121319,0.0037711176601598027,17.0,3.730769230769231,57.05882352941177,7.25,8.529411764705882
Jordan Howard,RB,2019,nflreadpy,119.0,525.0,6.0,0,0,28,-0.0502733567975358,0,10.0,14,69.0,1.0,0,0,1,69,3,0.12404886041934203,0,-6.25,0.05145555084089363,-0.0026714192213524463,9.0,4.411764705882353,58.333333333333336,6.9,7.666666666666667
Jordan Howard,RB,2020,nflreadpy,35.0,60.0,4.0,7,7,7,-0.9888688514474779,7,1.0,7,-3.0,0.0,7,7,7,7,7,-1.0240601899567991,7,0.75,1.0,1.0,7.0,1.7142857142857142,8.571428571428571,-3.0,-0.42857142857142855
Jordan Howard,RB,2021,nflreadpy,86.0,406.0,3.0,5,5,7,-0.08169907220896988,5,3.0,11,26.0,0.0,5,5,10,30,7,-0.3769890467713897,5,-6.916666666666667,0.6507641196013288,0.6281064823225114,8.0,4.72093023255814,50.75,8.666666666666666,3.25
Jordan James,RB,2024,college_data,233.0,1267.0,15.0,0,0,0,,0,26.0,0,209.0,0.0,0,0,0,0,0,,0,,,,,5.437768240343348,,8.038461538461538,
Jordan James,RB,2025,nflreadpy,6.0,28.0,0.0,0,0,1,-0.8593368015717715,0,1.0,1,7.0,0.0,0,0,3,4,1,0.7573326344136149,0,2.3333333333333335,0.037037037037037035,0.012096774193548387,1.0,4.666666666666667,28.0,7.0,7.0
Jordan Jefferson,RB,2024,college_data,5.0,-12.0,0.0,0,0,0,,0,1.0,0,3.0,0.0,0,0,0,0,0,,0,,,,,-2.4,,3.0,
Jordan Lovett,RB,2024,college_data,17.0,53.0,1.0,0,0,0,,0,8.0,0,56.0,0.0,0,0,0,0,0,,0,,,,,3.1176470588235294,,7.0,
Jordan Lovett,RB,2025,college_data,89.0,339.0,2.0,0,0,0,,0,13.0,0,86.0,0.0,0,0,0,0,0,,0,,,,,3.808988764044944,,6.615384615384615,
Jordan Lyle,RB,2024,college_data,54.0,400.0,4.0,0,0,0,,0,4.0,0,19.0,0.0,0,0,0,0,0,,0,,,,,7.407407407407407,,4.75,
Jordan Lyle,RB,2025,college_data,35.0,108.0,1.0,0,0,0,,0,3.0,0,22.0,0.0,0,0,0,0,0,,0,,,,,3.085714285714286,,7.333333333333333,
Jordan Marshall,RB,2025,college_data,150.0,932.0,10.0,0,0,0,,0,9.0,0,92.0,0.0,0,0,0,0,0,,0,,,,,6.213333333333333,,10.222222222222221,
Jordan Mason,RB,2023,nflreadpy,40.0,206.0,3.0,0,0,13,0.6276396534683752,0,3.0,4,31.0,0.0,0,0,12,23,1,0.19148416440293659,0,0.5416666666666666,0.010291005291005292,0.0037891619961767185,16.0,5.15,12.875,10.333333333333334,1.9375
Jordan Mason,RB,2024,nflreadpy,153.0,789.0,3.0,3,1,37,-0.4535333184289804,0,11.0,14,91.0,0.0,0,0,52,59,5,0.5785613591469883,0,0.7214285714285714,0.04092292487326321,0.01377118772652715,12.0,5.1568627450980395,65.75,8.272727272727273,7.583333333333333
Jordan Mason,RB,2025,nflreadpy,159.0,758.0,6.0,2,1,45,-0.36084090427357296,0,14.0,16,51.0,0.0,1,0,-52,102,1,-0.511970344041059,0,-1.2567251461988305,0.03506847691905226,-0.015236789609214218,16.0,4.767295597484277,47.375,3.642857142857143,3.1875
Jordan Mcdonald,RB,2024,college_data,53.0,361.0,3.0,0,0,0,,0,5.0,0,29.0,0.0,0,0,0,0,0,,0,,,,,6.811320754716981,,5.8,
Jordan Mcdonald,RB,2025,college_data,94.0,397.0,4.0,0,0,0,,0,13.0,0,84.0,2.0,0,0,0,0,0,,0,,,,,4.223404255319149,,6.461538461538462,
Jordan Mims,RB,2024,nflreadpy,20.0,70.0,0.0,0,0,2,-0.453825065741382,0,12.0,18,71.0,0.0,0,0,3,80,4,-1.531665704028486,0,1.4826797385620913,0.07485661268556004,0.0023645340456652734,8.0,3.5,8.75,5.916666666666667,8.875
Jordan Nubin,RB,2024,college_data,11.0,19.0,0.0,0,0,0,,0,3.0,0,32.0,0.0,0,0,0,0,0,,0,,,,,1.7272727272727273,,10.666666666666666,
Jordan Nubin,RB,2025,college_data,79.0,253.0,1.0,0,0,0,,0,3.0,0,12.0,0.0,0,0,0,0,0,,0,,,,,3.2025316455696204,,4.0,
Jordan Simmons,RB,2024,college_data,110.0,664.0,2.0,0,0,0,,0,21.0,0,183.0,0.0,0,0,0,0,0,,0,,,,,6.036363636363636,,8.714285714285714,
Jordan Simmons,RB,2025,college_data,97.0,543.0,2.0,0,0,0,,0,28.0,0,192.0,1.0,0,0,0,0,0,,0,,,,,5.597938144329897,,6.857142857142857,
Jordan Theodore,RB,2025,college_data,49.0,165.0,1.0,0,0,0,,0,10.0,0,121.0,2.0,0,0,0,0,0,,0,,,,,3.36734693877551,,12.1,
Jordan Triplett,RB,2025,college_data,98.0,454.0,5.0,0,0,0,,0,14.0,0,145.0,0.0,0,0,0,0,0,,0,,,,,4.63265306122449,,10.357142857142858,
Jordan Washington,RB,2024,college_data,25.0,75.0,0.0,0,0,0,,0,1.0,0,5.0,0.0,0,0,0,0,0,,0,,,,,3.0,,5.0,
Jordan Washington,RB,2025,college_data,113.0,573.0,4.0,0,0,0,,0,22.0,0,202.0,1.0,0,0,0,0,0,,0,,,,,5.070796460176991,,9.181818181818182,
Jordan Waters,RB,2024,college_data,95.0,470.0,4.0,0,0,0,,0,15.0,0,167.0,1.0,0,0,0,0,0,,0,,,,,4.947368421052632,,11.133333333333333,
Jordan Wilkins,RB,2018,nflreadpy,62.0,345.0,1.0,0,0,15,0.4087341818356911,0,16.0,18,85.0,0.0,2,2,-24,105,2,-1.1578398970902448,0,0.5026190476190476,0.030567803089233535,-0.007531436867111215,15.0,5.564516129032258,23.0,5.3125,5.666666666666667
Jordan Wilkins,RB,2019,nflreadpy,51.0,307.0,2.0,0,0,12,0.6110157865211173,0,7.0,11,43.0,0.0,0,0,15,32,1,-0.431512821300809,0,1.1990740740740742,0.025125791179302883,0.002524271328284147,13.0,6.019607843137255,23.615384615384617,6.142857142857143,3.3076923076923075
Jordan Wilkins,RB,2020,nflreadpy,84.0,308.0,1.0,13,13,13,-1.7957007194549242,13,12.0,13,105.0,0.0,13,13,13,13,13,-0.08807275724827948,13,-0.12388888888888894,1.0,1.0,13.0,3.6666666666666665,23.692307692307693,8.75,8.076923076923077
Jordan Wilkins,RB,2022,nflreadpy,13.0,58.0,0.0,0,0,2,-0.32828863224131055,0,6.0,8,29.0,0.0,0,0,-18,44,1,-0.9165594493534096,0,-1.6666666666666667,0.07208994708994709,-0.02260963697845606,4.0,4.461538461538462,14.5,4.833333333333333,7.25
Jordon Davison,RB,2025,college_data,112.0,667.0,15.0,0,0,0,,0,12.0,0,62.0,0.0,0,0,0,0,0,,0,,,,,5.955357142857143,,5.166666666666667,
Jordon Hamilton,RB,2024,college_data,5.0,21.0,0.0,0,0,0,,0,3.0,0,46.0,1.0,0,0,0,0,0,,0,,,,,4.2,,15.333333333333334,
Jordon Hamilton,RB,2025,college_data,5.0,13.0,0.0,0,0,0,,0,1.0,0,6.0,0.0,0,0,0,0,0,,0,,,,,2.6,,6.0,
Jordon Vaughn,RB,2024,college_data,16.0,92.0,0.0,0,0,0,,0,1.0,0,8.0,0.0,0,0,0,0,0,,0,,,,,5.75,,8.0,
Jordon Vaughn,RB,2025,college_data,109.0,664.0,8.0,0,0,0,,0,11.0,0,72.0,0.0,0,0,0,0,0,,0,,,,,6.091743119266055,,6.545454545454546,
Joseph Dodds,RB,2025,college_data,26.0,104.0,1.0,0,0,0,,0,2.0,0,11.0,0.0,0,0,0,0,0,,0,,,,,4.0,,5.5,
Joseph Himon II,RB,2024,college_data,52.0,257.0,2.0,0,0,0,,0,15.0,0,96.0,1.0,0,0,0,0,0,,0,,,,,4.9423076923076925,,6.4,
Joseph Himon II,RB,2025,college_data,99.0,486.0,1.0,0,0,0,,0,21.0,0,118.0,0.0,0,0,0,0,0,,0,,,,,4.909090909090909,,5.619047619047619,
Joseph Koch,RB,2024,college_data,41.0,221.0,1.0,0,0,0,,0,2.0,0,18.0,0.0,0,0,0,0,0,,0,,,,,5.390243902439025,,9.0,
Joseph Koch,RB,2025,college_data,86.0,457.0,6.0,0,0,0,,0,5.0,0,56.0,0.0,0,0,0,0,0,,0,,,,,5.313953488372093,,11.2,
Joseph Williams,RB,2025,college_data,40.0,121.0,1.0,0,0,0,,0,17.0,0,217.0,1.0,0,0,0,0,0,,0,,,,,3.025,,12.764705882352942,
Josh Adams,RB,2018,nflreadpy,121.0,513.0,3.0,1,1,23,-1.7636885215503757,1,7.0,13,58.0,0.0,0,0,-9,65,3,-0.21793453713568547,0,2.3666666666666667,0.027983380197491647,-0.0013154835221575957,14.0,4.239669421487603,36.642857142857146,8.285714285714286,4.142857142857143
Josh Adams,RB,2020,nflreadpy,29.0,157.0,2.0,8,8,8,0.04890465580683667,8,6.0,8,29.0,0.0,8,8,8,8,8,0.5799596971094919,8,0.6833333333333332,1.0,1.0,8.0,5.413793103448276,19.625,4.833333333333333,3.625
Josh Jacobs,RB,2019,nflreadpy,242.0,1150.0,7.0,1,1,53,-0.7301862332060906,0,20.0,27,166.0,0.0,0,0,-34,183,8,0.35523251828271896,0,0.024170274170274085,0.06991521941894151,-0.012400451977886749,13.0,4.75206611570248,88.46153846153847,8.3,12.76923076923077
Josh Jacobs,RB,2020,nflreadpy,273.0,1065.0,12.0,15,15,15,-2.202737917492336,15,33.0,15,238.0,0.0,15,15,15,15,15,0.017418681567035424,15,5.8155753968253965,1.0,1.0,15.0,3.901098901098901,71.0,7.212121212121212,15.866666666666667
Josh Jacobs,RB,2021,nflreadpy,230.0,955.0,9.0,12,12,31,-1.9676095718631936,11,58.0,29,392.0,0.0,11,11,13,118,18,-0.19633183748619287,11,-2.2274334733893557,0.7199223742527314,0.6840528738685077,16.0,4.1521739130434785,59.6875,6.758620689655173,24.5
Josh Jacobs,RB,2022,nflreadpy,340.0,1653.0,12.0,2,0,93,-0.09888736546471186,0,53.0,64,400.0,0.0,1,1,35,374,16,0.1357571028337246,0,0.319674688057041,0.11559277508324951,0.003604944678501711,17.0,4.8617647058823525,97.23529411764706,7.547169811320755,23.529411764705884
Josh Jacobs,RB,2023,nflreadpy,233.0,805.0,6.0,2,1,34,-3.4091762765177567,0,37.0,54,296.0,0.0,1,0,38,293,15,-0.033045714995974786,0,-1.2857127825877825,0.13501651770870254,0.005785954056293744,13.0,3.4549356223175964,61.92307692307692,8.0,22.76923076923077
Josh Jacobs,RB,2024,nflreadpy,319.0,1410.0,16.0,5,3,75,-1.1242601528680798,0,39.0,46,382.0,1.0,0,0,-35,437,18,0.4416908871060938,0,-1.8376974216259931,0.08979277325283767,-0.010141782878491094,18.0,4.420062695924765,78.33333333333333,9.794871794871796,21.22222222222222
Josh Jacobs,RB,2025,nflreadpy,253.0,984.0,13.0,3,2,58,-1.227067822160343,0,37.0,47,285.0,1.0,0,0,-27,312,8,0.6999755684575689,0,-1.3477777777777777,0.10012691002654903,-0.035951924732705476,16.0,3.889328063241107,61.5,7.702702702702703,17.8125
Josh Miller,RB,2025,college_data,18.0,48.0,1.0,0,0,0,,0,2.0,0,8.0,0.0,0,0,0,0,0,,0,,,,,2.6666666666666665,,4.0,
Josh Perry,RB,2025,college_data,10.0,39.0,0.0,0,0,0,,0,2.0,0,7.0,1.0,0,0,0,0,0,,0,,,,,3.9,,3.5,
Josh Robinson,RB,2024,college_data,24.0,68.0,0.0,0,0,0,,0,5.0,0,8.0,0.0,0,0,0,0,0,,0,,,,,2.8333333333333335,,1.6,
Josh Robinson,RB,2025,college_data,56.0,175.0,3.0,0,0,0,,0,2.0,0,18.0,0.0,0,0,0,0,0,,0,,,,,3.125,,9.0,
Josh Williams,RB,2024,college_data,117.0,482.0,6.0,0,0,0,,0,31.0,0,263.0,0.0,0,0,0,0,0,,0,,,,,4.119658119658119,,8.483870967741936,
Joshon Barbie,RB,2024,college_data,143.0,801.0,8.0,0,0,0,,0,13.0,0,83.0,1.0,0,0,0,0,0,,0,,,,,5.601398601398602,,6.384615384615385,
Joshon Barbie,RB,2025,college_data,56.0,249.0,5.0,0,0,0,,0,5.0,0,30.0,0.0,0,0,0,0,0,,0,,,,,4.446428571428571,,6.0,
Joshua Carter,RB,2024,college_data,233.0,1232.0,14.0,0,0,0,,0,23.0,0,198.0,0.0,0,0,0,0,0,,0,,,,,5.28755364806867,,8.608695652173912,
Joshua Dye,RB,2024,college_data,6.0,20.0,0.0,0,0,0,,0,1.0,0,11.0,0.0,0,0,0,0,0,,0,,,,,3.3333333333333335,,11.0,
Joshua Dye,RB,2025,college_data,270.0,1660.0,24.0,0,0,0,,0,7.0,0,40.0,0.0,0,0,0,0,0,,0,,,,,6.148148148148148,,5.714285714285714,
Joshua Kelley,RB,2020,nflreadpy,111.0,354.0,2.0,13,13,13,-2.5112529368323195,13,23.0,13,148.0,0.0,13,13,13,13,13,0.6989637378590285,13,-1.3870370370370368,1.0,1.0,13.0,3.189189189189189,27.23076923076923,6.434782608695652,11.384615384615385
Joshua Kelley,RB,2021,nflreadpy,33.0,102.0,0.0,7,7,7,-1.8843207934914972,6,5.0,7,38.0,0.0,6,6,11,15,7,0.25634576871746684,6,-2.55,0.7536764705882353,0.7524509803921569,8.0,3.090909090909091,12.75,7.6,4.75
Joshua Kelley,RB,2022,nflreadpy,76.0,307.0,2.0,0,0,16,0.0655500245316384,0,15.0,26,109.0,0.0,0,0,52,92,4,-0.4266277866733547,0,-2.2092948717948717,0.050666209607756044,0.01683415638728998,13.0,4.0394736842105265,23.615384615384617,7.266666666666667,8.384615384615385
Joshua Kelley,RB,2023,nflreadpy,107.0,405.0,2.0,1,1,21,-1.538472541295232,0,8.0,12,32.0,0.0,0,0,15,39,0,-0.70814194365812,0,0.007476076555023914,0.019580744053715776,0.004365755284518819,17.0,3.7850467289719627,23.823529411764707,4.0,1.8823529411764706
Joshua McCray,RB,2024,college_data,117.0,609.0,10.0,0,0,0,,0,13.0,0,116.0,1.0,0,0,0,0,0,,0,,,,,5.205128205128205,,8.923076923076923,
Joshua McCray,RB,2025,college_data,53.0,135.0,3.0,0,0,0,,0,3.0,0,5.0,0.0,0,0,0,0,0,,0,,,,,2.547169811320755,,1.6666666666666667,
Joshua Pitsenberger,RB,2024,college_data,145.0,786.0,7.0,0,0,0,,0,13.0,0,95.0,2.0,0,0,0,0,0,,0,,,,,5.4206896551724135,,7.3076923076923075,
Joshua Pitsenberger,RB,2025,college_data,313.0,1571.0,19.0,0,0,0,,0,16.0,0,128.0,0.0,0,0,0,0,0,,0,,,,,5.019169329073482,,8.0,
Joshua Roberson,RB,2025,college_data,42.0,237.0,1.0,0,0,0,,0,7.0,0,55.0,0.0,0,0,0,0,0,,0,,,,,5.642857142857143,,7.857142857142857,
Josiah Johnson,RB,2025,college_data,78.0,320.0,6.0,0,0,0,,0,1.0,0,-1.0,0.0,0,0,0,0,0,,0,,,,,4.102564102564102,,-1.0,
Journey Wyche,RB,2024,college_data,63.0,180.0,1.0,0,0,0,,0,7.0,0,83.0,0.0,0,0,0,0,0,,0,,,,,2.857142857142857,,11.857142857142858,
Journey Wyche,RB,2025,college_data,62.0,333.0,4.0,0,0,0,,0,5.0,0,41.0,1.0,0,0,0,0,0,,0,,,,,5.370967741935484,,8.2,
Jouvensly Bazil,RB,2024,college_data,25.0,66.0,0.0,0,0,0,,0,4.0,0,-5.0,0.0,0,0,0,0,0,,0,,,,,2.64,,-1.25,
Jovantae Barnes,RB,2024,college_data,122.0,577.0,5.0,0,0,0,,0,17.0,0,123.0,1.0,0,0,0,0,0,,0,,,,,4.729508196721311,,7.235294117647059,
Jovantae Barnes,RB,2025,college_data,19.0,45.0,1.0,0,0,0,,0,1.0,0,16.0,0.0,0,0,0,0,0,,0,,,,,2.3684210526315788,,16.0,
Jovesa Damuni,RB,2025,college_data,19.0,111.0,1.0,0,0,0,,0,6.0,0,44.0,0.0,0,0,0,0,0,,0,,,,,5.842105263157895,,7.333333333333333,
Ju'Juan Johnson,RB,2024,college_data,7.0,14.0,0.0,0,0,0,,0,5.0,0,22.0,1.0,0,0,0,0,0,,0,,,,,2.0,,4.4,
Ju'Juan Johnson,RB,2025,college_data,41.0,155.0,2.0,0,0,0,,0,17.0,0,72.0,0.0,0,0,0,0,0,,0,,,,,3.7804878048780486,,4.235294117647059,
Juan Rodriguez,RB,2025,college_data,19.0,65.0,1.0,0,0,0,,0,7.0,0,43.0,0.0,0,0,0,0,0,,0,,,,,3.4210526315789473,,6.142857142857143,
Juelz Goff,RB,2024,college_data,16.0,41.0,0.0,0,0,0,,0,6.0,0,53.0,0.0,0,0,0,0,0,,0,,,,,2.5625,,8.833333333333334,
Juelz Goff,RB,2025,college_data,69.0,270.0,5.0,0,0,0,,0,12.0,0,93.0,0.0,0,0,0,0,0,,0,,,,,3.9130434782608696,,7.75,
Juju McDowell,RB,2024,college_data,22.0,91.0,0.0,0,0,0,,0,2.0,0,14.0,1.0,0,0,0,0,0,,0,,,,,4.136363636363637,,7.0,
Julian Gray,RB,2024,college_data,10.0,62.0,1.0,0,0,0,,0,7.0,0,97.0,2.0,0,0,0,0,0,,0,,,,,6.2,,13.857142857142858,
Julian Gray,RB,2025,college_data,17.0,102.0,1.0,0,0,0,,0,18.0,0,218.0,1.0,0,0,0,0,0,,0,,,,,6.0,,12.11111111111111,
Julian Milligan,RB,2025,college_data,8.0,31.0,1.0,0,0,0,,0,2.0,0,15.0,0.0,0,0,0,0,0,,0,,,,,3.875,,7.5,
Julien Stokes,RB,2025,college_data,44.0,225.0,1.0,0,0,0,,0,4.0,0,66.0,0.0,0,0,0,0,0,,0,,,,,5.113636363636363,,16.5,
Julius Chestnut,RB,2022,nflreadpy,9.0,12.0,0.0,0,0,1,-2.4934248578210827,0,3.0,3,41.0,0.0,0,0,2,39,1,0.39057646750006825,0,-7.25,0.013157894736842105,0.0009771146572687998,6.0,1.3333333333333333,2.0,13.666666666666666,6.833333333333333
Julius Chestnut,RB,2024,nflreadpy,22.0,102.0,0.0,0,0,2,-0.4823701886956648,0,2.0,3,11.0,0.0,0,0,1,14,0,-1.5300771256249088,0,-1.0,0.008304093567251461,6.259780907668228e-05,12.0,4.636363636363637,8.5,5.5,0.9166666666666666
Julius Davis,RB,2025,college_data,170.0,1123.0,8.0,0,0,0,,0,5.0,0,39.0,1.0,0,0,0,0,0,,0,,,,,6.605882352941176,,7.8,
Julius Loughridge,RB,2024,college_data,194.0,1044.0,9.0,0,0,0,,0,20.0,0,151.0,0.0,0,0,0,0,0,,0,,,,,5.381443298969073,,7.55,
Julius Loughridge,RB,2025,college_data,217.0,1004.0,7.0,0,0,0,,0,1.0,0,2.0,0.0,0,0,0,0,0,,0,,,,,4.626728110599078,,2.0,
Jun Ahn,RB,2024,college_data,14.0,38.0,1.0,0,0,0,,0,1.0,0,17.0,0.0,0,0,0,0,0,,0,,,,,2.7142857142857144,,17.0,
Justice Ellison,RB,2024,college_data,159.0,848.0,10.0,0,0,0,,0,13.0,0,90.0,0.0,0,0,0,0,0,,0,,,,,5.333333333333333,,6.923076923076923,
Justice Haynes,RB,2024,college_data,79.0,448.0,7.0,0,0,0,,0,17.0,0,99.0,0.0,0,0,0,0,0,,0,,,,,5.670886075949367,,5.823529411764706,
Justice Haynes,RB,2025,college_data,121.0,857.0,10.0,0,0,0,,0,13.0,0,50.0,0.0,0,0,0,0,0,,0,,,,,7.082644628099174,,3.8461538461538463,
Justice Hill,RB,2019,nflreadpy,58.0,225.0,2.0,2,2,10,-0.38111881545046344,2,12.0,15,96.0,0.0,2,2,39,67,6,0.4165054114406581,2,1.5517436974789915,0.14125676416760696,0.12861978586167575,17.0,3.8793103448275863,13.235294117647058,8.0,5.647058823529412
Justice Hill,RB,2020,nflreadpy,12.0,60.0,0.0,12,12,12,-0.38206681806089665,12,5.0,12,20.0,0.0,12,12,12,12,12,-0.7013274752302096,12,0.3571428571428571,1.0,1.0,12.0,5.0,5.0,4.0,1.6666666666666667
Justice Hill,RB,2022,nflreadpy,49.0,262.0,0.0,1,1,15,-0.2654984542775007,0,14.0,14,68.0,0.0,1,0,-24,92,2,0.24486636772780912,0,0.9875,0.0315498154264318,-0.01017234263362085,16.0,5.346938775510204,16.375,4.857142857142857,4.25
Justice Hill,RB,2023,nflreadpy,100.0,456.0,3.0,0,0,21,-0.04037100931097204,0,34.0,48,251.0,1.0,1,1,18,278,12,-0.1453733502693164,0,0.4870300751879699,0.09399803741576837,0.006048768768643322,18.0,4.56,25.333333333333332,7.382352941176471,13.944444444444445
Justice Hill,RB,2024,nflreadpy,59.0,290.0,1.0,0,0,18,0.04783370732740663,0,48.0,57,403.0,4.0,0,0,-44,468,20,0.986016236213176,0,-0.014485754537657613,0.13215280117920128,-0.007359205288883075,17.0,4.915254237288136,17.058823529411764,8.395833333333334,23.705882352941178
Justice Hill,RB,2025,nflreadpy,18.0,93.0,2.0,1,0,4,-0.156789473927347,0,21.0,27,169.0,1.0,0,0,-6,184,6,0.05268714502744842,0,-0.41941526610644253,0.10011482510624388,-0.006439026364388124,10.0,5.166666666666667,9.3,8.047619047619047,16.9
Justice Hill,RB,2026,nflreadpy,14.0,60.0,0.0,0,0,3,-0.036078918141795646,0,5.0,6,44.0,0.0,0,0,-15,65,2,0.5362035244379278,0,-5.2444444444444445,0.05352011494252873,-0.014036274799742055,4.0,4.285714285714286,15.0,8.8,11.0
Justice Jackson,RB,2024,college_data,31.0,160.0,1.0,0,0,0,,0,5.0,0,13.0,0.0,0,0,0,0,0,,0,,,,,5.161290322580645,,2.6,
Justin Cook,RB,2025,college_data,9.0,31.0,0.0,0,0,0,,0,8.0,0,44.0,0.0,0,0,0,0,0,,0,,,,,3.4444444444444446,,5.5,
Justin Guin,RB,2025,college_data,53.0,284.0,1.0,0,0,0,,0,14.0,0,72.0,0.0,0,0,0,0,0,,0,,,,,5.3584905660377355,,5.142857142857143,
Justin Jackson,RB,2018,nflreadpy,53.0,215.0,2.0,0,0,14,-0.38354713870503476,0,18.0,23,157.0,0.0,0,0,-30,181,6,0.8156586576460791,0,-0.23554421768707476,0.05931906011722207,-0.010227318892872438,11.0,4.056603773584905,19.545454545454547,8.722222222222221,14.272727272727273
Justin Jackson,RB,2019,nflreadpy,29.0,200.0,0.0,1,1,9,0.733852162291961,1,9.0,12,22.0,0.0,1,1,-11,39,1,-0.8117881139391102,1,-1.6060606060606062,0.1849794802624447,0.13950250240765558,7.0,6.896551724137931,28.571428571428573,2.4444444444444446,3.142857142857143
Justin Jackson,RB,2020,nflreadpy,59.0,270.0,0.0,8,8,8,-0.3261496949053253,8,19.0,8,173.0,0.0,8,8,8,8,8,0.8471893081029411,8,-0.8420077972709552,1.0,1.0,8.0,4.576271186440678,33.75,9.105263157894736,21.625
Justin Jackson,RB,2021,nflreadpy,68.0,364.0,2.0,11,11,22,0.001018130860798383,10,22.0,24,178.0,0.0,10,10,40,115,17,0.5393063543068076,10,0.8260843731431968,0.7433827078128549,0.7220770784338146,14.0,5.352941176470588,26.0,8.090909090909092,12.714285714285714
Justin Jackson,RB,2022,nflreadpy,42.0,170.0,1.0,0,0,8,-0.9038553569298431,0,12.0,19,101.0,1.0,0,0,19,110,7,0.3818939228289038,0,0.07916666666666661,0.03779431391233122,0.004062948464473484,15.0,4.0476190476190474,11.333333333333334,8.416666666666666,6.733333333333333
Justin Jones,RB,2025,college_data,11.0,53.0,0.0,0,0,0,,0,2.0,0,6.0,0.0,0,0,0,0,0,,0,,,,,4.818181818181818,,3.0,
Justin Marshall,RB,2024,college_data,156.0,767.0,4.0,0,0,0,,0,8.0,0,62.0,0.0,0,0,0,0,0,,0,,,,,4.916666666666667,,7.75,
Justin Marshall,RB,2025,college_data,49.0,260.0,1.0,0,0,0,,0,8.0,0,74.0,0.0,0,0,0,0,0,,0,,,,,5.3061224489795915,,9.25,
Justin Montgomery,RB,2024,college_data,33.0,108.0,3.0,0,0,0,,0,1.0,0,2.0,0.0,0,0,0,0,0,,0,,,,,3.272727272727273,,2.0,
Justin Montgomery,RB,2025,college_data,127.0,799.0,7.0,0,0,0,,0,5.0,0,32.0,0.0,0,0,0,0,0,,0,,,,,6.291338582677166,,6.4,
Justin Williams-Thomas,RB,2025,college_data,35.0,197.0,2.0,0,0,0,,0,3.0,0,41.0,1.0,0,0,0,0,0,,0,,,,,5.628571428571429,,13.666666666666666,
Justus Durant,RB,2024,college_data,60.0,272.0,5.0,0,0,0,,0,1.0,0,10.0,0.0,0,0,0,0,0,,0,,,,,4.533333333333333,,10.0,
Justus Durant,RB,2025,college_data,144.0,678.0,4.0,0,0,0,,0,9.0,0,71.0,0.0,0,0,0,0,0,,0,,,,,4.708333333333333,,7.888888888888889,
Juwuan Price,RB,2024,college_data,14.0,64.0,0.0,0,0,0,,0,2.0,0,14.0,0.0,0,0,0,0,0,,0,,,,,4.571428571428571,,7.0,
Juwuan Price,RB,2025,college_data,26.0,101.0,0.0,0,0,0,,0,5.0,0,23.0,0.0,0,0,0,0,0,,0,,,,,3.8846153846153846,,4.6,
KD Daniels,RB,2025,college_data,28.0,120.0,1.0,0,0,0,,0,3.0,0,17.0,0.0,0,0,0,0,0,,0,,,,,4.285714285714286,,5.666666666666667,
KJ Sneed,RB,2025,college_data,3.0,21.0,0.0,0,0,0,,0,1.0,0,8.0,0.0,0,0,0,0,0,,0,,,,,7.0,,8.0,
KZ Adams,RB,2024,college_data,91.0,433.0,5.0,0,0,0,,0,10.0,0,69.0,1.0,0,0,0,0,0,,0,,,,,4.758241758241758,,6.9,
KZ Adams,RB,2025,college_data,74.0,243.0,1.0,0,0,0,,0,4.0,0,53.0,0.0,0,0,0,0,0,,0,,,,,3.2837837837837838,,13.25,
Kacy Fields,RB,2025,college_data,22.0,67.0,1.0,0,0,0,,0,4.0,0,26.0,0.0,0,0,0,0,0,,0,,,,,3.0454545454545454,,6.5,
Kadarius Calloway,RB,2024,college_data,26.0,124.0,1.0,0,0,0,,0,1.0,0,0.0,0.0,0,0,0,0,0,,0,,,,,4.769230769230769,,0.0,
Kadarius Calloway,RB,2025,college_data,117.0,450.0,3.0,0,0,0,,0,26.0,0,175.0,0.0,0,0,0,0,0,,0,,,,,3.8461538461538463,,6.730769230769231,
Kaden Amigon-Suiter,RB,2025,college_data,7.0,36.0,0.0,0,0,0,,0,1.0,0,3.0,0.0,0,0,0,0,0,,0,,,,,5.142857142857143,,3.0,
Kaden Cloud,RB,2024,college_data,5.0,19.0,0.0,0,0,0,,0,1.0,0,4.0,0.0,0,0,0,0,0,,0,,,,,3.8,,4.0,
Kaden Dixon,RB,2025,college_data,10.0,65.0,0.0,0,0,0,,0,2.0,0,5.0,0.0,0,0,0,0,0,,0,,,,,6.5,,2.5,
Kaden Shields-Dutton,RB,2025,college_data,83.0,460.0,6.0,0,0,0,,0,17.0,0,108.0,1.0,0,0,0,0,0,,0,,,,,5.542168674698795,,6.352941176470588,
Kaden Williams,RB,2024,college_data,43.0,117.0,1.0,0,0,0,,0,9.0,0,53.0,0.0,0,0,0,0,0,,0,,,,,2.7209302325581395,,5.888888888888889,
Kaden Williams,RB,2025,college_data,51.0,212.0,2.0,0,0,0,,0,14.0,0,130.0,0.0,0,0,0,0,0,,0,,,,,4.1568627450980395,,9.285714285714286,
Kadenn Rose,RB,2025,college_data,8.0,19.0,0.0,0,0,0,,0,1.0,0,10.0,0.0,0,0,0,0,0,,0,,,,,2.375,,10.0,
Kaderris Roberts,RB,2025,college_data,48.0,215.0,0.0,0,0,0,,0,22.0,0,141.0,1.0,0,0,0,0,0,,0,,,,,4.479166666666667,,6.409090909090909,
Kaedric Cobbs,RB,2024,college_data,9.0,46.0,0.0,0,0,0,,0,4.0,0,12.0,0.0,0,0,0,0,0,,0,,,,,5.111111111111111,,3.0,
Kaelen Shankle,RB,2024,college_data,51.0,171.0,1.0,0,0,0,,0,10.0,0,85.0,0.0,0,0,0,0,0,,0,,,,,3.3529411764705883,,8.5,
Kaelen Shankle,RB,2025,college_data,113.0,497.0,3.0,0,0,0,,0,10.0,0,99.0,0.0,0,0,0,0,0,,0,,,,,4.398230088495575,,9.9,
Kaelon Black,RB,2024,college_data,46.0,251.0,2.0,0,0,0,,0,4.0,0,6.0,0.0,0,0,0,0,0,,0,,,,,5.456521739130435,,1.5,
Kaelon Black,RB,2025,college_data,187.0,1039.0,10.0,0,0,0,,0,4.0,0,36.0,0.0,0,0,0,0,0,,0,,,,,5.55614973262032,,9.0,
Kaelon Black,RB,2026,nflreadpy,25.0,107.0,0.0,0,0,4,-0.7623607855057344,0,1.0,2,5.0,0.0,0,0,-10,10,0,-0.1693480983376503,0,-0.5,0.022624434389140274,-0.016854616566984736,3.0,4.28,35.666666666666664,5.0,1.6666666666666667
Kahseim Phillips,RB,2025,college_data,31.0,72.0,2.0,0,0,0,,0,4.0,0,40.0,0.0,0,0,0,0,0,,0,,,,,2.3225806451612905,,10.0,
Kai Acia,RB,2025,college_data,35.0,189.0,0.0,0,0,0,,0,5.0,0,39.0,0.0,0,0,0,0,0,,0,,,,,5.4,,7.8,
Kai Honda,RB,2025,college_data,46.0,214.0,1.0,0,0,0,,0,7.0,0,69.0,0.0,0,0,0,0,0,,0,,,,,4.6521739130434785,,9.857142857142858,
Kaleb Jackson,RB,2024,college_data,47.0,149.0,0.0,0,0,0,,0,5.0,0,42.0,0.0,0,0,0,0,0,,0,,,,,3.1702127659574466,,8.4,
Kaleb Jackson,RB,2025,college_data,7.0,16.0,0.0,0,0,0,,0,5.0,0,33.0,0.0,0,0,0,0,0,,0,,,,,2.2857142857142856,,6.6,
Kaleb Johnson,RB,2024,college_data,240.0,1537.0,21.0,0,0,0,,0,22.0,0,188.0,2.0,0,0,0,0,0,,0,,,,,6.404166666666667,,8.545454545454545,
Kaleb Johnson,RB,2025,nflreadpy,28.0,69.0,0.0,0,0,2,-0.771743768820417,0,1.0,2,9.0,0.0,0,0,-8,14,0,0.12244296446442604,0,-0.9,0.007402597402597402,-0.008963957973134725,10.0,2.4642857142857144,6.9,9.0,0.9
Kaleb Johnson,RB,2026,nflreadpy,20.0,80.0,0.0,2,1,4,-3.0936710269500813,0,1.0,3,10.0,0.0,0,0,-1,10,1,-0.4662969254422933,0,-10.0,0.014705882352941176,-0.0006377551020408163,4.0,4.0,20.0,10.0,2.5
Kalel Mullings,RB,2024,college_data,185.0,948.0,12.0,0,0,0,,0,6.0,0,35.0,0.0,0,0,0,0,0,,0,,,,,5.124324324324324,,5.833333333333333,
Kalen Ballage,RB,2018,nflreadpy,36.0,191.0,1.0,1,1,10,-0.876417631530785,0,9.0,11,56.0,0.0,0,0,-14,76,2,-1.5240747552500882,0,-1.3534752284752285,0.039108998891607585,-0.008308834660799931,12.0,5.305555555555555,15.916666666666666,6.222222222222222,4.666666666666667
Kalen Ballage,RB,2019,nflreadpy,74.0,135.0,3.0,0,0,10,-1.7544021363413205,0,14.0,24,63.0,0.0,0,0,-8,87,4,-1.7729447783727665,0,-0.7756877921637647,0.05349215894586562,-0.0070814871748395005,12.0,1.8243243243243243,11.25,4.5,5.25
Kalen Ballage,RB,2020,nflreadpy,91.0,303.0,3.0,11,11,11,-0.4691542466658486,11,29.0,11,166.0,0.0,11,11,11,11,11,-0.3983067871045528,11,-1.0546825396825397,1.0,1.0,11.0,3.32967032967033,27.545454545454547,5.724137931034483,15.090909090909092
Kalen Ballage,RB,2021,nflreadpy,16.0,49.0,0.0,7,7,9,-0.17749442527669348,7,2.0,7,8.0,0.0,7,7,7,7,7,-1.409352595184464,7,-0.1,0.7777777777777778,0.7777777777777778,9.0,3.0625,5.444444444444445,4.0,0.8888888888888888
Kam Davis,RB,2024,college_data,52.0,173.0,0.0,0,0,0,,0,2.0,0,21.0,0.0,0,0,0,0,0,,0,,,,,3.326923076923077,,10.5,
Kam Davis,RB,2025,college_data,8.0,51.0,1.0,0,0,0,,0,3.0,0,46.0,0.0,0,0,0,0,0,,0,,,,,6.375,,15.333333333333334,
Kam Ingram,RB,2025,college_data,38.0,182.0,0.0,0,0,0,,0,2.0,0,6.0,0.0,0,0,0,0,0,,0,,,,,4.7894736842105265,,3.0,
Kam Johnson,RB,2025,college_data,4.0,8.0,0.0,0,0,0,,0,1.0,0,-1.0,0.0,0,0,0,0,0,,0,,,,,2.0,,-1.0,
Kam Thomas,RB,2024,college_data,13.0,27.0,0.0,0,0,0,,0,46.0,0,512.0,2.0,0,0,0,0,0,,0,,,,,2.076923076923077,,11.130434782608695,
Kam Thomas,RB,2025,college_data,16.0,36.0,0.0,0,0,0,,0,4.0,0,26.0,0.0,0,0,0,0,0,,0,,,,,2.25,,6.5,
Kamari Moulton,RB,2024,college_data,84.0,473.0,3.0,0,0,0,,0,1.0,0,12.0,0.0,0,0,0,0,0,,0,,,,,5.630952380952381,,12.0,
Kamari Moulton,RB,2025,college_data,170.0,878.0,5.0,0,0,0,,0,16.0,0,97.0,0.0,0,0,0,0,0,,0,,,,,5.1647058823529415,,6.0625,
Kanye Roberts,RB,2024,college_data,82.0,332.0,1.0,0,0,0,,0,9.0,0,80.0,1.0,0,0,0,0,0,,0,,,,,4.048780487804878,,8.88888888888889,
Kanye Udoh,RB,2024,college_data,179.0,1117.0,10.0,0,0,0,,0,1.0,0,3.0,0.0,0,0,0,0,0,,0,,,,,6.240223463687151,,3.0,
Kanye Udoh,RB,2025,college_data,56.0,240.0,2.0,0,0,0,,0,1.0,0,6.0,0.0,0,0,0,0,0,,0,,,,,4.285714285714286,,6.0,
Kapri Bibbs,RB,2018,nflreadpy,21.0,103.0,3.0,0,0,8,0.4756586266128967,0,16.0,23,115.0,1.0,1,0,38,108,4,-1.2789302062630614,0,0.7063492063492064,0.0746177360651045,0.012417186563281016,10.0,4.904761904761905,10.3,7.1875,11.5
Kareem Hunt,RB,2018,nflreadpy,181.0,824.0,7.0,0,0,46,0.1414753332785195,0,26.0,35,378.0,7.0,0,0,68,338,17,2.957332202437101,0,1.802171717171717,0.09075251493478943,0.020308126446798327,11.0,4.552486187845304,74.9090909090909,14.538461538461538,34.36363636363637
Kareem Hunt,RB,2019,nflreadpy,43.0,179.0,2.0,2,1,9,-0.7725546734654927,1,37.0,41,285.0,1.0,1,1,31,250,15,1.7148058605453116,1,4.236057692307693,0.272015977443609,0.13969245005419378,8.0,4.162790697674419,22.375,7.702702702702703,35.625
Kareem Hunt,RB,2020,nflreadpy,212.0,921.0,9.0,18,18,18,-0.5759320001856909,18,40.0,18,319.0,5.0,18,18,18,18,18,0.6372392880949441,18,4.663997918916784,1.0,1.0,18.0,4.34433962264151,51.166666666666664,7.975,17.72222222222222
Kareem Hunt,RB,2021,nflreadpy,78.0,386.0,5.0,8,8,8,0.8236586451266776,8,22.0,8,174.0,0.0,8,8,8,8,8,0.35345461290449576,8,-3.066666666666667,1.0,1.0,8.0,4.948717948717949,48.25,7.909090909090909,21.75
Kareem Hunt,RB,2022,nflreadpy,123.0,468.0,3.0,1,0,30,-0.6798600443562364,0,35.0,44,210.0,1.0,0,0,-12,235,11,-0.14558597196285944,0,0.2542483660130718,0.0918591111577215,-0.0028238949093750522,17.0,3.8048780487804876,27.529411764705884,6.0,12.352941176470589
Kareem Hunt,RB,2023,nflreadpy,143.0,437.0,10.0,0,0,40,-0.38423953150137513,0,20.0,27,93.0,1.0,0,0,-15,117,6,-0.5122996326132964,0,0.3076923076923076,0.04599295578266351,-0.0026061363394700807,16.0,3.055944055944056,27.3125,4.65,5.8125
Kareem Hunt,RB,2024,nflreadpy,228.0,845.0,9.0,0,0,50,0.17206287459597547,0,26.0,35,189.0,0.0,0,0,-60,231,10,0.28174749147476796,0,0.9482142857142858,0.061589520583051366,-0.015512953113528615,16.0,3.706140350877193,52.8125,7.269230769230769,11.8125
Kareem Hunt,RB,2025,nflreadpy,163.0,611.0,8.0,2,1,55,0.5687896115693023,0,18.0,25,143.0,1.0,0,0,0,153,8,0.0989121219147034,0,-0.362004662004662,0.043809683266376236,-5.792418876270833e-05,17.0,3.7484662576687118,35.94117647058823,7.944444444444445,8.411764705882353
Karl Ligon,RB,2025,college_data,49.0,262.0,2.0,0,0,0,,0,8.0,0,96.0,1.0,0,0,0,0,0,,0,,,,,5.346938775510204,,12.0,
Kay'Ron Adams,RB,2024,college_data,133.0,649.0,2.0,0,0,0,,0,15.0,0,85.0,0.0,0,0,0,0,0,,0,,,,,4.879699248120301,,5.666666666666667,
Kayden Andoh,RB,2025,college_data,19.0,85.0,0.0,0,0,0,,0,1.0,0,12.0,0.0,0,0,0,0,0,,0,,,,,4.473684210526316,,12.0,
Kaytron Allen,RB,2024,college_data,220.0,1108.0,8.0,0,0,0,,0,18.0,0,153.0,2.0,0,0,0,0,0,,0,,,,,5.036363636363636,,8.5,
Kaytron Allen,RB,2025,college_data,210.0,1303.0,15.0,0,0,0,,0,18.0,0,68.0,0.0,0,0,0,0,0,,0,,,,,6.204761904761905,,3.7777777777777777,
Kayvon Britten,RB,2024,college_data,335.0,1963.0,17.0,0,0,0,,0,14.0,0,147.0,1.0,0,0,0,0,0,,0,,,,,5.859701492537313,,10.5,
Ke'Marion Baldwin,RB,2025,college_data,159.0,778.0,6.0,0,0,0,,0,8.0,0,38.0,0.0,0,0,0,0,0,,0,,,,,4.8930817610062896,,4.75,
Ke'Shawn Vaughn,RB,2020,nflreadpy,31.0,130.0,0.0,7,7,7,-1.241530548786007,7,5.0,7,34.0,1.0,7,7,7,7,7,-0.6562925648999925,7,1.331746031746032,1.0,1.0,7.0,4.193548387096774,18.571428571428573,6.8,4.857142857142857
Ke'Shawn Vaughn,RB,2021,nflreadpy,53.0,233.0,3.0,2,2,15,-0.7295579533591601,2,6.0,12,35.0,0.0,2,2,14,26,3,-0.186348340032297,2,1.1388888888888888,0.32079443565517124,0.28892972268313416,7.0,4.39622641509434,33.285714285714285,5.833333333333333,5.0
Ke'Shawn Vaughn,RB,2022,nflreadpy,17.0,53.0,0.0,0,0,3,-0.5980543846264481,0,3.0,4,19.0,0.0,0,0,-11,29,1,-0.12197081683431832,0,-3.9629629629629632,0.018878439568094738,-0.009182827217882569,6.0,3.1176470588235294,8.833333333333334,6.333333333333333,3.1666666666666665
Ke'Shawn Vaughn,RB,2023,nflreadpy,24.0,42.0,0.0,0,0,0,-2.227366560592782,0,2.0,5,2.0,0.0,0,0,-2,1,0,-1.1458213653968414,0,0.625,0.02902219292463195,0.0003593516509313603,5.0,1.75,8.4,1.0,0.4
Ke'Travion Hargrove,RB,2024,college_data,93.0,444.0,5.0,0,0,0,,0,13.0,0,99.0,0.0,0,0,0,0,0,,0,,,,,4.774193548387097,,7.615384615384615,
Ke'Travion Hargrove,RB,2025,college_data,64.0,268.0,4.0,0,0,0,,0,6.0,0,192.0,2.0,0,0,0,0,0,,0,,,,,4.1875,,32.0,
Keaontay Ingram,RB,2022,nflreadpy,27.0,60.0,1.0,0,0,4,-0.923134566671797,0,4.0,5,21.0,0.0,0,0,-11,32,1,-1.6097753506619483,0,-2.732142857142857,0.01637060257749913,-0.005218855218855219,11.0,2.2222222222222223,5.454545454545454,5.25,1.9090909090909092
Keaontay Ingram,RB,2023,nflreadpy,35.0,74.0,0.0,0,0,4,-1.6166730053463234,0,4.0,4,26.0,0.0,0,0,-5,31,1,0.1125862185920899,0,-0.9777777777777777,0.018289772049170545,-0.0048290497637086555,7.0,2.1142857142857143,10.571428571428571,6.5,3.7142857142857144
Keaton Mitchell,RB,2023,nflreadpy,47.0,396.0,2.0,0,0,19,2.9005024280631915,0,9.0,11,93.0,0.0,0,0,-2,122,5,0.37024807373413005,0,2.741774891774892,0.05728889381839692,-0.0033227665585334304,7.0,8.425531914893616,56.57142857142857,10.333333333333334,13.285714285714286
Keaton Mitchell,RB,2024,nflreadpy,15.0,30.0,0.0,0,0,2,-2.6066447547636926,0,1.0,1,28.0,0.0,0,0,-5,33,1,1.1499771522940136,0,-5.6,0.0125,-0.005235602094240838,5.0,2.0,6.0,28.0,5.6
Keaton Mitchell,RB,2025,nflreadpy,59.0,341.0,1.0,1,0,16,0.21806416871307496,0,9.0,12,63.0,0.0,0,0,-28,85,2,-0.7899094000541871,0,0.20748299319727884,0.04206243032329989,-0.014864751540798719,13.0,5.779661016949152,26.23076923076923,7.0,4.846153846153846
Keaton Mitchell,RB,2026,nflreadpy,17.0,85.0,0.0,0,0,2,-0.6579126251060857,0,4.0,4,10.0,1.0,0,0,-8,18,1,0.24478617892600596,0,2.727272727272727,0.04312354312354313,-0.008839605506611668,3.0,5.0,28.333333333333332,2.5,3.3333333333333335
Kedrick Reescano,RB,2024,college_data,78.0,359.0,1.0,0,0,0,,0,8.0,0,47.0,0.0,0,0,0,0,0,,0,,,,,4.602564102564102,,5.875,
Kedrick Reescano,RB,2025,college_data,84.0,396.0,9.0,0,0,0,,0,3.0,0,12.0,0.0,0,0,0,0,0,,0,,,,,4.714285714285714,,4.0,
Keegan Holles,RB,2024,college_data,15.0,97.0,1.0,0,0,0,,0,1.0,0,4.0,0.0,0,0,0,0,0,,0,,,,,6.466666666666667,,4.0,
Keegan Jones,RB,2024,college_data,47.0,179.0,1.0,0,0,0,,0,19.0,0,201.0,1.0,0,0,0,0,0,,0,,,,,3.8085106382978724,,10.578947368421053,
Keenan Phillips,RB,2025,college_data,126.0,622.0,3.0,0,0,0,,0,10.0,0,58.0,0.0,0,0,0,0,0,,0,,,,,4.936507936507937,,5.8,
Keilon Elder,RB,2024,college_data,40.0,214.0,3.0,0,0,0,,0,3.0,0,9.0,0.0,0,0,0,0,0,,0,,,,,5.35,,3.0,
Keith Adams Jr.,RB,2024,college_data,30.0,122.0,1.0,0,0,0,,0,1.0,0,4.0,0.0,0,0,0,0,0,,0,,,,,4.066666666666666,,4.0,
Keith Ford,RB,2018,nflreadpy,21.0,79.0,0.0,0,0,4,-1.1643469513219316,0,3.0,5,21.0,0.0,0,0,-9,22,1,0.0012391609488986433,0,1.1136363636363638,0.07173913043478261,-0.009535214233077165,2.0,3.761904761904762,39.5,7.0,10.5
Keith Jackson,RB,2024,college_data,82.0,421.0,4.0,0,0,0,,0,13.0,0,87.0,0.0,0,0,0,0,0,,0,,,,,5.134146341463414,,6.6923076923076925,
Keith Jenkins Jr.,RB,2025,college_data,24.0,99.0,1.0,0,0,0,,0,5.0,0,58.0,0.0,0,0,0,0,0,,0,,,,,4.125,,11.6,
Kejon Owens,RB,2024,college_data,92.0,392.0,5.0,0,0,0,,0,9.0,0,82.0,0.0,0,0,0,0,0,,0,,,,,4.260869565217392,,9.11111111111111,
Kejon Owens,RB,2025,college_data,213.0,1334.0,11.0,0,0,0,,0,18.0,0,67.0,0.0,0,0,0,0,0,,0,,,,,6.262910798122066,,3.7222222222222223,
Kelley Joiner Jr.,RB,2024,college_data,121.0,799.0,12.0,0,0,0,,0,9.0,0,80.0,2.0,0,0,0,0,0,,0,,,,,6.603305785123967,,8.88888888888889,
Kelvin Dean Jr.,RB,2024,college_data,94.0,482.0,1.0,0,0,0,,0,16.0,0,125.0,2.0,0,0,0,0,0,,0,,,,,5.127659574468085,,7.8125,
Kemarrion Battles,RB,2025,college_data,81.0,373.0,3.0,0,0,0,,0,16.0,0,138.0,1.0,0,0,0,0,0,,0,,,,,4.604938271604938,,8.625,
Ken Cherry,RB,2024,college_data,10.0,17.0,0.0,0,0,0,,0,1.0,0,9.0,0.0,0,0,0,0,0,,0,,,,,1.7,,9.0,
Ken Cherry,RB,2025,college_data,66.0,197.0,1.0,0,0,0,,0,20.0,0,117.0,0.0,0,0,0,0,0,,0,,,,,2.984848484848485,,5.85,
Kendi Young,RB,2024,college_data,8.0,16.0,0.0,0,0,0,,0,1.0,0,5.0,0.0,0,0,0,0,0,,0,,,,,2.0,,5.0,
Kendre Miller,RB,2023,nflreadpy,41.0,156.0,1.0,0,0,10,-0.4425463234407029,0,10.0,11,117.0,0.0,0,0,-8,128,5,0.800627962128991,0,0.12380952380952374,0.05213408195283164,-0.007012146525297347,7.0,3.8048780487804876,22.285714285714285,11.7,16.714285714285715
Kendre Miller,RB,2024,nflreadpy,39.0,148.0,1.0,0,0,11,-0.8951109464881787,0,5.0,8,33.0,0.0,0,0,3,33,2,-0.11675356108462438,0,-0.3371428571428571,0.040750706032391566,0.0019613597209299036,6.0,3.7948717948717947,24.666666666666668,6.6,5.5
Kendre Miller,RB,2025,nflreadpy,47.0,193.0,1.0,0,0,9,-0.4181365660042502,0,5.0,5,30.0,0.0,0,0,-5,35,1,-0.0917214727960527,0,-1.0833333333333335,0.021273122212632556,-0.0012183722081162325,7.0,4.1063829787234045,27.571428571428573,6.0,4.285714285714286
Kendre Miller,RB,2026,nflreadpy,13.0,44.0,1.0,1,0,3,0.2682612991775386,0,2.0,3,5.0,0.0,0,0,-5,4,0,-1.108540863264352,0,-1.0,0.0375,-0.008038585209003215,2.0,3.3846153846153846,22.0,2.5,2.5
Kendric Rhymes,RB,2024,college_data,129.0,645.0,7.0,0,0,0,,0,10.0,0,95.0,1.0,0,0,0,0,0,,0,,,,,5.0,,9.5,
Kendric Rhymes,RB,2025,college_data,127.0,497.0,3.0,0,0,0,,0,25.0,0,241.0,1.0,0,0,0,0,0,,0,,,,,3.9133858267716537,,9.64,
Kendric Sanders,RB,2024,college_data,3.0,-5.0,0.0,0,0,0,,0,2.0,0,5.0,0.0,0,0,0,0,0,,0,,,,,-1.6666666666666667,,2.5,
Kendric Sanders,RB,2025,college_data,45.0,279.0,2.0,0,0,0,,0,6.0,0,61.0,0.0,0,0,0,0,0,,0,,,,,6.2,,10.166666666666666,
Kendrick Raphael,RB,2024,college_data,78.0,425.0,3.0,0,0,0,,0,10.0,0,41.0,0.0,0,0,0,0,0,,0,,,,,5.448717948717949,,4.1,
Kendrick Raphael,RB,2025,college_data,233.0,952.0,13.0,0,0,0,,0,34.0,0,245.0,1.0,0,0,0,0,0,,0,,,,,4.085836909871245,,7.205882352941177,
Kene Nwangwu,RB,2021,nflreadpy,13.0,61.0,0.0,5,5,7,-0.10741314602635492,5,4.0,7,9.0,0.0,5,5,-2,17,5,-1.48061324498849,5,1.6428571428571428,0.5619047619047619,0.5533584431889517,9.0,4.6923076923076925,6.777777777777778,2.25,1.0
Kene Nwangwu,RB,2022,nflreadpy,9.0,14.0,0.0,0,0,1,-2.120276317894918,0,2.0,2,21.0,0.0,0,0,0,21,1,0.5463026739889756,0,-1.833333333333333,0.004464285714285714,0.0001980067322288958,15.0,1.5555555555555556,0.9333333333333333,10.5,1.4
Kenji Christian,RB,2025,college_data,105.0,528.0,4.0,0,0,0,,0,17.0,0,193.0,1.0,0,0,0,0,0,,0,,,,,5.0285714285714285,,11.352941176470589,
Kenjon Barner,RB,2018,nflreadpy,19.0,71.0,0.0,0,0,3,-0.828242980298819,0,1.0,1,3.0,0.0,0,0,3,0,0,-0.04238997888751328,0,1.0,0.00202020202020202,0.0007558578987150416,9.0,3.736842105263158,7.888888888888889,3.0,0.3333333333333333
Kenjon Barner,RB,2019,nflreadpy,4.0,28.0,0.0,0,0,1,0.3334098256309517,0,6.0,8,22.0,0.0,0,0,-3,27,1,-0.48780256997561083,0,1.0357142857142856,0.013726939459576953,-0.0006197314094540478,14.0,7.0,2.0,3.6666666666666665,1.5714285714285714
Kenneth Dixon,RB,2018,nflreadpy,66.0,346.0,2.0,3,2,20,-0.7338324690344493,0,9.0,10,104.0,0.0,0,0,3,98,4,1.241441843478242,0,1.3564814814814816,0.06018672838548615,-0.002110613362954392,7.0,5.242424242424242,49.42857142857143,11.555555555555555,14.857142857142858
Kenneth Walker III,RB,2022,nflreadpy,243.0,1113.0,10.0,0,0,55,-0.8160937258356773,0,28.0,36,168.0,0.0,0,0,-75,224,6,-0.8763244231730434,0,-2.171359771978967,0.06626075428005514,-0.025057096814187968,16.0,4.580246913580247,69.5625,6.0,10.5
Kenneth Walker III,RB,2023,nflreadpy,219.0,905.0,8.0,1,0,46,-0.6218334495225766,0,29.0,37,259.0,1.0,0,0,-79,317,9,0.2507806290564726,0,-1.194503080952661,0.08024264362252477,-0.03032546221153645,15.0,4.132420091324201,60.333333333333336,8.931034482758621,17.266666666666666
Kenneth Walker III,RB,2024,nflreadpy,153.0,573.0,7.0,1,0,28,-1.103887600347631,0,46.0,53,299.0,1.0,0,0,-63,363,19,0.4433240980466237,0,-1.424406401679129,0.13670089589309242,-0.02899325307321998,11.0,3.7450980392156863,52.09090909090909,6.5,27.181818181818183
Kenneth Walker III,RB,2025,nflreadpy,286.0,1340.0,9.0,0,0,63,-0.5010330260990992,0,40.0,47,386.0,0.0,1,0,-36,441,19,0.8151080954199302,0,-0.1532387365720701,0.09101108202658198,-0.01657929922528973,20.0,4.685314685314685,67.0,9.65,19.3
Kenneth Walker III,RB,2026,nflreadpy,65.0,360.0,2.0,0,0,19,1.9960014369371448,0,11.0,18,82.0,2.0,0,0,4,82,5,0.46637378244846966,0,-1.5787545787545787,0.18650488709133806,-0.0029658447479468664,3.0,5.538461538461538,120.0,7.454545454545454,27.333333333333332
Kenneth Williams,RB,2025,college_data,5.0,22.0,0.0,0,0,0,,0,1.0,0,20.0,0.0,0,0,0,0,0,,0,,,,,4.4,,20.0,
Kennieth Lacy,RB,2024,college_data,62.0,250.0,4.0,0,0,0,,0,7.0,0,20.0,0.0,0,0,0,0,0,,0,,,,,4.032258064516129,,2.857142857142857,
Kenny Gainwell,RB,2021,nflreadpy,69.0,297.0,5.0,12,12,19,0.23166189021614356,12,38.0,26,302.0,2.0,12,12,11,83,16,0.7035925374270189,12,2.9348459907164366,0.7291963086402613,0.706565622641759,17.0,4.304347826086956,17.470588235294116,7.947368421052632,17.764705882352942
Kenny Gainwell,RB,2022,nflreadpy,86.0,421.0,5.0,0,0,30,1.188065254322681,0,30.0,38,224.0,0.0,0,0,28,199,8,-0.055884487836389274,0,3.978253968253968,0.06445373110715621,0.0023959817584980328,20.0,4.895348837209302,21.05,7.466666666666667,11.2
Kenny Gainwell,RB,2023,nflreadpy,88.0,367.0,2.0,3,1,20,-0.8303694136929467,1,32.0,39,193.0,0.0,0,0,70,186,11,0.1085023047201819,0,-3.2968482905982905,0.07212428563234663,0.012589725294622092,17.0,4.170454545454546,21.58823529411765,6.03125,11.352941176470589
Kenny Gainwell,RB,2024,nflreadpy,88.0,332.0,1.0,0,0,15,-0.7174024779374889,0,19.0,25,142.0,0.0,0,0,15,142,6,0.23925128634618886,0,-0.09978693181818188,0.046666244972793015,0.002505082874717398,21.0,3.772727272727273,15.80952380952381,7.473684210526316,6.761904761904762
Kenny Gainwell,RB,2025,nflreadpy,120.0,557.0,5.0,1,0,36,-0.12350271816146285,0,77.0,91,512.0,3.0,1,1,-10,552,23,0.004489577212651887,0,-7.654940319342493,0.164720712635997,-0.012266215648582105,18.0,4.641666666666667,30.944444444444443,6.64935064935065,28.444444444444443
Kenny Gainwell,RB,2026,nflreadpy,13.0,26.0,0.0,0,0,3,-0.9709286808865727,0,8.0,12,44.0,1.0,0,0,-6,74,2,-0.5176524315532505,0,-5.5,0.0945073445073445,-0.01034324504475534,4.0,2.0,6.5,5.5,11.0
Kenny McIntosh,RB,2024,nflreadpy,31.0,172.0,0.0,0,0,8,0.21258282574126497,0,3.0,4,22.0,0.0,0,0,5,17,1,-0.13468571311871833,0,4.916666666666667,0.01180109800799456,0.0022847615127562946,11.0,5.548387096774194,15.636363636363637,7.333333333333333,2.0
Kenny Tracy,RB,2025,college_data,49.0,272.0,1.0,0,0,0,,0,11.0,0,121.0,2.0,0,0,0,0,0,,0,,,,,5.551020408163265,,11.0,
Kente Edwards,RB,2025,college_data,199.0,1454.0,20.0,0,0,0,,0,10.0,0,67.0,0.0,0,0,0,0,0,,0,,,,,7.306532663316583,,6.7,
Kentrel Bullock,RB,2024,college_data,152.0,832.0,7.0,0,0,0,,0,15.0,0,153.0,1.0,0,0,0,0,0,,0,,,,,5.473684210526316,,10.2,
Kentrel Bullock,RB,2025,college_data,218.0,1085.0,14.0,0,0,0,,0,14.0,0,53.0,1.0,0,0,0,0,0,,0,,,,,4.977064220183486,,3.7857142857142856,
Kenveon Stone,RB,2025,college_data,7.0,47.0,1.0,0,0,0,,0,3.0,0,22.0,0.0,0,0,0,0,0,,0,,,,,6.714285714285714,,7.333333333333333,
Kenyan Drake,RB,2018,nflreadpy,120.0,535.0,4.0,2,1,23,-0.9562664479585126,0,53.0,73,477.0,5.0,0,0,161,423,23,0.6238958212250074,0,1.1807983682983685,0.16917629217972466,0.04015734214291266,16.0,4.458333333333333,33.4375,9.0,29.8125
Kenyan Drake,RB,2019,nflreadpy,170.0,817.0,8.0,3,2,44,0.13927352536445778,1,50.0,65,345.0,0.0,1,1,-39,397,15,-0.5143495933498622,2,-2.1894751082251083,0.2095223639037842,0.04140848310795263,14.0,4.805882352941176,58.357142857142854,6.9,24.642857142857142
Kenyan Drake,RB,2020,nflreadpy,239.0,955.0,10.0,15,15,15,-0.4866529938940598,15,25.0,15,137.0,0.0,15,15,15,15,15,-0.13951548803788322,15,-0.5630952380952381,1.0,1.0,15.0,3.99581589958159,63.666666666666664,5.48,9.133333333333333
Kenyan Drake,RB,2021,nflreadpy,63.0,254.0,2.0,12,12,12,-0.7590621435544259,12,30.0,12,291.0,1.0,12,12,12,12,12,0.48869178701809163,12,-0.0281801531801532,1.0,1.0,12.0,4.031746031746032,21.166666666666668,9.7,24.25
Kenyan Drake,RB,2022,nflreadpy,109.0,482.0,4.0,1,0,21,-1.0416299486630047,0,17.0,26,89.0,1.0,0,0,-16,125,7,-0.5385201882072986,0,-1.8967084639498433,0.07361977416068018,-0.012053321300085526,12.0,4.422018348623853,40.166666666666664,5.235294117647059,7.416666666666667
Kenyan Drake,RB,2023,nflreadpy,2.0,0.0,0.0,0,0,0,-0.45167836727341637,0,2.0,3,31.0,0.0,1,1,-4,36,0,-3.834364107984584,0,-7.75,0.05,-0.010050251256281407,2.0,0.0,0.0,15.5,15.5
Kenyon Clay,RB,2024,college_data,84.0,387.0,7.0,0,0,0,,0,21.0,0,225.0,1.0,0,0,0,0,0,,0,,,,,4.607142857142857,,10.714285714285714,
Kenyon Clay,RB,2025,college_data,139.0,523.0,3.0,0,0,0,,0,37.0,0,205.0,3.0,0,0,0,0,0,,0,,,,,3.762589928057554,,5.54054054054054,
Keoua Kauhi,RB,2024,college_data,56.0,359.0,1.0,0,0,0,,0,3.0,0,19.0,0.0,0,0,0,0,0,,0,,,,,6.410714285714286,,6.333333333333333,
Kerrith Whyte,RB,2019,nflreadpy,24.0,122.0,0.0,1,1,6,0.1527654784908495,1,1.0,2,9.0,0.0,1,1,-1,12,2,1.0566950966604054,1,-4.5,0.17592592592592593,0.16308243727598568,6.0,5.083333333333333,20.333333333333332,9.0,1.5
Kerryon Johnson,RB,2018,nflreadpy,118.0,641.0,3.0,1,1,32,-0.22427949529217325,0,32.0,39,213.0,1.0,0,0,-24,267,11,0.6507386822061638,0,-13.198888888888888,0.10587477093562285,-0.007446052227729494,10.0,5.432203389830509,64.1,6.65625,21.3
Kerryon Johnson,RB,2019,nflreadpy,113.0,403.0,3.0,2,2,19,-2.565456013275252,1,10.0,16,127.0,1.0,1,1,70,117,8,0.5646850682514492,1,1.7100600600600602,0.1830601213620832,0.14750536271644257,8.0,3.566371681415929,50.375,12.7,15.875
Kerryon Johnson,RB,2020,nflreadpy,52.0,181.0,2.0,14,14,14,-0.8829183752585034,14,19.0,14,187.0,1.0,14,14,14,14,14,0.06702281475637857,14,-2.977272727272727,1.0,1.0,14.0,3.480769230769231,12.928571428571429,9.842105263157896,13.357142857142858
Keveun Mason,RB,2025,college_data,28.0,167.0,1.0,0,0,0,,0,6.0,0,30.0,0.0,0,0,0,0,0,,0,,,,,5.964285714285714,,5.0,
Kevin Allen III,RB,2025,college_data,58.0,259.0,4.0,0,0,0,,0,15.0,0,74.0,1.0,0,0,0,0,0,,0,,,,,4.4655172413793105,,4.933333333333334,
Kevin Davis,RB,2024,college_data,50.0,331.0,4.0,0,0,0,,0,29.0,0,234.0,2.0,0,0,0,0,0,,0,,,,,6.62,,8.068965517241379,
Kevin Emmanuel,RB,2024,college_data,23.0,107.0,1.0,0,0,0,,0,2.0,0,2.0,0.0,0,0,0,0,0,,0,,,,,4.6521739130434785,,1.0,
Kevin Harris,RB,2023,nflreadpy,16.0,65.0,1.0,0,0,2,-0.5700922635296592,0,3.0,3,58.0,0.0,0,0,-1,59,2,2.4388018541794736,0,-27.0,0.029454022988505746,-0.0011961722488038277,4.0,4.0625,16.25,19.333333333333332,14.5
Kevin Riley,RB,2024,college_data,10.0,30.0,0.0,0,0,0,,0,2.0,0,9.0,0.0,0,0,0,0,0,,0,,,,,3.0,,4.5,
Kevin Riley,RB,2025,college_data,59.0,224.0,2.0,0,0,0,,0,19.0,0,176.0,1.0,0,0,0,0,0,,0,,,,,3.7966101694915255,,9.263157894736842,
Kevon King,RB,2024,college_data,161.0,944.0,10.0,0,0,0,,0,6.0,0,20.0,0.0,0,0,0,0,0,,0,,,,,5.863354037267081,,3.3333333333333335,
Kevon King,RB,2025,college_data,91.0,733.0,4.0,0,0,0,,0,9.0,0,52.0,0.0,0,0,0,0,0,,0,,,,,8.054945054945055,,5.777777777777778,
Kevorian Barnes,RB,2024,college_data,78.0,221.0,2.0,0,0,0,,0,7.0,0,61.0,0.0,0,0,0,0,0,,0,,,,,2.8333333333333335,,8.714285714285714,
Kevorian Barnes,RB,2025,college_data,97.0,443.0,3.0,0,0,0,,0,10.0,0,48.0,0.0,0,0,0,0,0,,0,,,,,4.56701030927835,,4.8,
Kewan Lacy,RB,2024,college_data,23.0,104.0,0.0,0,0,0,,0,2.0,0,9.0,0.0,0,0,0,0,0,,0,,,,,4.521739130434782,,4.5,
Kewan Lacy,RB,2025,college_data,306.0,1567.0,24.0,0,0,0,,0,29.0,0,177.0,0.0,0,0,0,0,0,,0,,,,,5.120915032679738,,6.103448275862069,
Keyjuan Brown,RB,2024,college_data,47.0,243.0,3.0,0,0,0,,0,5.0,0,53.0,0.0,0,0,0,0,0,,0,,,,,5.170212765957447,,10.6,
Keyjuan Brown,RB,2025,college_data,96.0,704.0,6.0,0,0,0,,0,12.0,0,118.0,0.0,0,0,0,0,0,,0,,,,,7.333333333333333,,9.833333333333334,
Keyon Mozee,RB,2024,college_data,178.0,1098.0,4.0,0,0,0,,0,1.0,0,2.0,0.0,0,0,0,0,0,,0,,,,,6.168539325842697,,2.0,
Keyondray Jones-Logan,RB,2024,college_data,31.0,218.0,2.0,0,0,0,,0,22.0,0,92.0,1.0,0,0,0,0,0,,0,,,,,7.032258064516129,,4.181818181818182,
Keyvone Lee,RB,2024,college_data,29.0,140.0,1.0,0,0,0,,0,3.0,0,13.0,0.0,0,0,0,0,0,,0,,,,,4.827586206896552,,4.333333333333333,
Keyvone Lee,RB,2025,college_data,100.0,440.0,6.0,0,0,0,,0,19.0,0,164.0,0.0,0,0,0,0,0,,0,,,,,4.4,,8.631578947368421,
Khalan Griffin,RB,2024,college_data,218.0,1158.0,7.0,0,0,0,,0,11.0,0,74.0,1.0,0,0,0,0,0,,0,,,,,5.3119266055045875,,6.7272727272727275,
Khalifa Keith,RB,2024,college_data,21.0,100.0,1.0,0,0,0,,0,1.0,0,8.0,0.0,0,0,0,0,0,,0,,,,,4.761904761904762,,8.0,
Khalil Eichelberger,RB,2025,college_data,70.0,296.0,3.0,0,0,0,,0,10.0,0,56.0,0.0,0,0,0,0,0,,0,,,,,4.228571428571429,,5.6,
Khalil Herbert,RB,2021,nflreadpy,103.0,433.0,2.0,12,12,15,-0.22963071937780255,12,14.0,17,96.0,0.0,12,12,30,40,14,-0.12758670287137983,12,-0.5078282828282829,0.7587301587301587,0.753620387548959,16.0,4.203883495145631,27.0625,6.857142857142857,6.0
Khalil Herbert,RB,2022,nflreadpy,129.0,731.0,4.0,0,0,26,0.0901513855671891,0,9.0,12,57.0,1.0,0,0,-29,81,2,-0.12340711174980427,0,-2.779081632653061,0.04723421458715576,-0.011122936787966728,13.0,5.666666666666667,56.23076923076923,6.333333333333333,4.384615384615385
Khalil Herbert,RB,2023,nflreadpy,132.0,611.0,2.0,0,0,25,-0.13078721168792717,1,20.0,31,134.0,1.0,1,1,17,138,9,-1.5287974253028707,0,-6.13758854781582,0.09680611105882846,0.007608189129375325,12.0,4.628787878787879,50.916666666666664,6.7,11.166666666666666
Khalil Herbert,RB,2024,nflreadpy,36.0,130.0,1.0,0,0,10,0.2567187458475764,0,10.0,11,25.0,0.0,1,0,-23,44,0,-1.2345970710630063,0,-2.0789473684210527,0.023272035167592176,-0.010426318321055162,11.0,3.611111111111111,11.818181818181818,2.5,2.272727272727273
Khalil Herbert,RB,2025,nflreadpy,16.0,52.0,0.0,0,0,2,-0.7550941644100627,0,1.0,4,4.0,0.0,0,0,-13,9,0,-1.3522793812444434,0,-0.2222222222222222,0.03068181818181818,-0.0241942247089845,5.0,3.25,10.4,4.0,0.8
Khamani Alexander,RB,2025,college_data,12.0,50.0,0.0,0,0,0,,0,2.0,0,17.0,0.0,0,0,0,0,0,,0,,,,,4.166666666666667,,8.5,
Khamani Robinson,RB,2025,college_data,81.0,444.0,4.0,0,0,0,,0,5.0,0,44.0,0.0,0,0,0,0,0,,0,,,,,5.481481481481482,,8.8,
Khobie Martin,RB,2025,college_data,77.0,506.0,6.0,0,0,0,,0,1.0,0,14.0,0.0,0,0,0,0,0,,0,,,,,6.571428571428571,,14.0,
Khristian Lando,RB,2025,college_data,51.0,201.0,1.0,0,0,0,,0,3.0,0,29.0,0.0,0,0,0,0,0,,0,,,,,3.9411764705882355,,9.666666666666666,
Khyair Spain,RB,2025,college_data,11.0,72.0,0.0,0,0,0,,0,1.0,0,15.0,0.0,0,0,0,0,0,,0,,,,,6.545454545454546,,15.0,
Kiefer Sibley,RB,2024,college_data,44.0,206.0,0.0,0,0,0,,0,15.0,0,82.0,1.0,0,0,0,0,0,,0,,,,,4.681818181818182,,5.466666666666667,
Kiefer Sibley,RB,2025,college_data,45.0,274.0,5.0,0,0,0,,0,3.0,0,34.0,0.0,0,0,0,0,0,,0,,,,,6.088888888888889,,11.333333333333334,
Kieryus Boone,RB,2025,college_data,29.0,128.0,2.0,0,0,0,,0,4.0,0,20.0,0.0,0,0,0,0,0,,0,,,,,4.413793103448276,,5.0,
Kimani Vidal,RB,2024,nflreadpy,43.0,155.0,0.0,1,0,7,-0.9342244780210114,0,5.0,9,62.0,1.0,0,0,48,37,2,0.35232930367346854,0,1.65,0.029975101631108305,0.016931489320316215,9.0,3.604651162790698,17.22222222222222,12.4,6.888888888888889
Kimani Vidal,RB,2025,nflreadpy,166.0,674.0,3.0,1,0,34,-1.2894471296087235,0,18.0,25,156.0,1.0,0,0,15,187,6,0.017271305239351054,0,-1.729433972208473,0.05747292080959129,0.0023946890822806647,14.0,4.0602409638554215,48.142857142857146,8.666666666666666,11.142857142857142
Kimani Vidal,RB,2026,nflreadpy,1.0,6.0,0.0,0,0,1,0.5911597326630726,0,1.0,3,14.0,0.0,0,0,19,17,1,-1.9750692586530931,0,0.7368421052631579,0.045454545454545456,0.032534246575342464,2.0,6.0,3.0,14.0,7.0
King Miller,RB,2025,college_data,156.0,972.0,8.0,0,0,0,,0,16.0,0,111.0,0.0,0,0,0,0,0,,0,,,,,6.230769230769231,,6.9375,
Kirby Vorhees,RB,2024,college_data,75.0,581.0,8.0,0,0,0,,0,1.0,0,5.0,0.0,0,0,0,0,0,,0,,,,,7.746666666666667,,5.0,
Kirby Vorhees,RB,2025,college_data,138.0,576.0,5.0,0,0,0,,0,19.0,0,125.0,0.0,0,0,0,0,0,,0,,,,,4.173913043478261,,6.578947368421052,
Kiron Benjamin,RB,2025,college_data,7.0,31.0,0.0,0,0,0,,0,1.0,0,3.0,0.0,0,0,0,0,0,,0,,,,,4.428571428571429,,3.0,
Kobe Boykin,RB,2025,college_data,17.0,155.0,1.0,0,0,0,,0,3.0,0,19.0,0.0,0,0,0,0,0,,0,,,,,9.117647058823529,,6.333333333333333,
Kobe Dillon,RB,2024,college_data,158.0,793.0,1.0,0,0,0,,0,8.0,0,57.0,0.0,0,0,0,0,0,,0,,,,,5.018987341772152,,7.125,
Kobe Dillon,RB,2025,college_data,28.0,190.0,1.0,0,0,0,,0,2.0,0,8.0,0.0,0,0,0,0,0,,0,,,,,6.785714285714286,,4.0,
Kobe Johnson,RB,2024,college_data,10.0,1.0,0.0,0,0,0,,0,3.0,0,11.0,0.0,0,0,0,0,0,,0,,,,,0.1,,3.6666666666666665,
Kobe Pace,RB,2024,college_data,114.0,499.0,3.0,0,0,0,,0,21.0,0,189.0,0.0,0,0,0,0,0,,0,,,,,4.37719298245614,,9.0,
Kolbe Burrell,RB,2024,college_data,16.0,71.0,0.0,0,0,0,,0,1.0,0,1.0,0.0,0,0,0,0,0,,0,,,,,4.4375,,1.0,
Kolbe Burrell,RB,2025,college_data,76.0,263.0,1.0,0,0,0,,0,12.0,0,45.0,0.0,0,0,0,0,0,,0,,,,,3.460526315789474,,3.75,
Kolin Wilson,RB,2025,college_data,6.0,26.0,0.0,0,0,0,,0,1.0,0,8.0,0.0,0,0,0,0,0,,0,,,,,4.333333333333333,,8.0,
Kolton Nero,RB,2025,college_data,44.0,247.0,4.0,0,0,0,,0,3.0,0,9.0,0.0,0,0,0,0,0,,0,,,,,5.613636363636363,,3.0,
Kona Crowell,RB,2024,college_data,28.0,69.0,1.0,0,0,0,,0,12.0,0,114.0,0.0,0,0,0,0,0,,0,,,,,2.4642857142857144,,9.5,
Korbin Allen,RB,2024,college_data,8.0,48.0,0.0,0,0,0,,0,1.0,0,8.0,0.0,0,0,0,0,0,,0,,,,,6.0,,8.0,
Kourdey Glass,RB,2025,college_data,2.0,7.0,0.0,0,0,0,,0,2.0,0,10.0,0.0,0,0,0,0,0,,0,,,,,3.5,,5.0,
Kwinten Ives,RB,2025,college_data,20.0,133.0,2.0,0,0,0,,0,3.0,0,43.0,0.0,0,0,0,0,0,,0,,,,,6.65,,14.333333333333334,
Ky Thomas,RB,2024,college_data,135.0,550.0,1.0,0,0,0,,0,10.0,0,53.0,0.0,0,0,0,0,0,,0,,,,,4.074074074074074,,5.3,
Ky Woods,RB,2024,college_data,7.0,25.0,0.0,0,0,0,,0,3.0,0,8.0,0.0,0,0,0,0,0,,0,,,,,3.5714285714285716,,2.6666666666666665,
Ky Woods,RB,2025,college_data,19.0,103.0,0.0,0,0,0,,0,8.0,0,89.0,1.0,0,0,0,0,0,,0,,,,,5.421052631578948,,11.125,
Kye Robichaux,RB,2024,college_data,175.0,744.0,10.0,0,0,0,,0,9.0,0,44.0,1.0,0,0,0,0,0,,0,,,,,4.251428571428572,,4.888888888888889,
Kylan Galbreath,RB,2025,college_data,1.0,2.0,0.0,0,0,0,,0,4.0,0,42.0,0.0,0,0,0,0,0,,0,,,,,2.0,,10.5,
Kyle Monangai,RB,2024,college_data,256.0,1279.0,13.0,0,0,0,,0,14.0,0,75.0,1.0,0,0,0,0,0,,0,,,,,4.99609375,,5.357142857142857,
Kyle Monangai,RB,2025,nflreadpy,190.0,846.0,5.0,0,0,46,-0.22749661285584122,2,23.0,37,222.0,0.0,0,0,6,224,10,-0.1966836609435036,0,-0.1181818181818182,0.059644990246529646,-0.00010133019700004912,19.0,4.4526315789473685,44.526315789473685,9.652173913043478,11.68421052631579
Kyle Monangai,RB,2026,nflreadpy,60.0,324.0,3.0,0,0,16,1.460831530399076,0,5.0,5,39.0,0.0,0,0,4,35,1,0.16123646476383632,0,4.333333333333333,0.04396195202646816,0.001333789337674719,4.0,5.4,81.0,7.8,9.75
Kyle Parsons,RB,2024,college_data,23.0,126.0,0.0,0,0,0,,0,7.0,0,82.0,0.0,0,0,0,0,0,,0,,,,,5.478260869565218,,11.714285714285714,
Kyle Williams,RB,2024,college_data,10.0,40.0,0.0,0,0,0,,0,1.0,0,5.0,1.0,0,0,0,0,0,,0,,,,,4.0,,5.0,
Kylin Hill,RB,2021,nflreadpy,10.0,24.0,0.0,8,8,8,-1.2216520758423333,8,1.0,8,5.0,0.0,8,8,8,8,8,-0.2071750798204448,8,-1.25,1.0,1.0,8.0,2.4,3.0,5.0,0.625
Kylin James,RB,2024,college_data,89.0,653.0,5.0,0,0,0,,0,1.0,0,1.0,0.0,0,0,0,0,0,,0,,,,,7.337078651685394,,1.0,
Kyree Paul,RB,2025,college_data,6.0,44.0,1.0,0,0,0,,0,8.0,0,60.0,0.0,0,0,0,0,0,,0,,,,,7.333333333333333,,7.5,
Kyren Williams,RB,2022,nflreadpy,35.0,139.0,0.0,0,0,6,-0.5315294272996803,0,9.0,12,76.0,0.0,0,0,17,80,5,-0.278800801167607,0,2.8888888888888893,0.051836621285150694,0.004153108016439672,8.0,3.9714285714285715,17.375,8.444444444444445,9.5
Kyren Williams,RB,2023,nflreadpy,241.0,1205.0,12.0,2,1,65,1.737347406169345,1,33.0,49,215.0,3.0,1,1,11,285,9,-1.3432186800106818,0,3.1593532729896365,0.10392422769265566,0.0029048067564389083,13.0,5.0,92.6923076923077,6.515151515151516,16.53846153846154
Kyren Williams,RB,2024,nflreadpy,351.0,1481.0,14.0,6,4,92,-1.7599746921839154,0,38.0,45,197.0,3.0,0,0,-40,216,7,-0.24690087094599558,0,1.0179987401659227,0.07867506254174311,-0.012657091236635519,18.0,4.219373219373219,82.27777777777777,5.184210526315789,10.944444444444445
Kyren Williams,RB,2025,nflreadpy,303.0,1435.0,12.0,2,2,81,0.4004952604054017,0,44.0,59,351.0,5.0,0,0,163,189,17,0.8881572367640871,0,1.4087793011941618,0.08022811342287599,0.022166463546578113,20.0,4.735973597359736,71.75,7.9772727272727275,17.55
Kyren Williams,RB,2026,nflreadpy,54.0,294.0,3.0,1,1,16,0.6055182716445415,0,21.0,25,173.0,1.0,0,0,102,95,9,0.23435581367609437,0,2.2190005646527386,0.14515873015873015,0.05763649557377665,4.0,5.444444444444445,73.5,8.238095238095237,43.25
Kyson Brown,RB,2024,college_data,73.0,351.0,2.0,0,0,0,,0,13.0,0,189.0,1.0,0,0,0,0,0,,0,,,,,4.808219178082192,,14.538461538461538,
Kyson Brown,RB,2025,college_data,18.0,106.0,0.0,0,0,0,,0,8.0,0,72.0,0.0,0,0,0,0,0,,0,,,,,5.888888888888889,,9.0,
L.J. Phillips Jr.,RB,2024,college_data,29.0,176.0,2.0,0,0,0,,0,1.0,0,7.0,0.0,0,0,0,0,0,,0,,,,,6.068965517241379,,7.0,
L.J. Phillips Jr.,RB,2025,college_data,281.0,1860.0,19.0,0,0,0,,0,26.0,0,176.0,1.0,0,0,0,0,0,,0,,,,,6.619217081850533,,6.769230769230769,
LJ Johnson Jr.,RB,2024,college_data,74.0,303.0,5.0,0,0,0,,0,11.0,0,80.0,0.0,0,0,0,0,0,,0,,,,,4.094594594594595,,7.2727272727272725,
LJ Johnson Jr.,RB,2025,college_data,33.0,108.0,2.0,0,0,0,,0,4.0,0,18.0,0.0,0,0,0,0,0,,0,,,,,3.272727272727273,,4.5,
LJ Martin,RB,2024,college_data,138.0,723.0,7.0,0,0,0,,0,10.0,0,98.0,2.0,0,0,0,0,0,,0,,,,,5.239130434782608,,9.8,
LJ Martin,RB,2025,college_data,236.0,1305.0,12.0,0,0,0,,0,36.0,0,255.0,0.0,0,0,0,0,0,,0,,,,,5.529661016949152,,7.083333333333333,
LT Sanders,RB,2024,college_data,21.0,103.0,1.0,0,0,0,,0,3.0,0,7.0,0.0,0,0,0,0,0,,0,,,,,4.904761904761905,,2.3333333333333335,
LT Sanders,RB,2025,college_data,38.0,171.0,1.0,0,0,0,,0,6.0,0,38.0,0.0,0,0,0,0,0,,0,,,,,4.5,,6.333333333333333,
La'Mical Perine,RB,2020,nflreadpy,64.0,232.0,2.0,10,10,10,-1.1145360139974703,10,11.0,10,63.0,0.0,10,10,10,10,10,0.11205676662017883,10,0.3839181286549707,1.0,1.0,10.0,3.625,23.2,5.7272727272727275,6.3
La'Mical Perine,RB,2023,nflreadpy,22.0,77.0,0.0,0,0,3,-1.1897496260690523,0,3.0,5,33.0,0.0,0,0,2,32,1,-0.07803352110204287,0,16.5,0.08682266009852216,0.005988023952095809,2.0,3.5,38.5,11.0,16.5
La'Revious Woods,RB,2025,college_data,9.0,36.0,0.0,0,0,0,,0,1.0,0,6.0,0.0,0,0,0,0,0,,0,,,,,4.0,,6.0,
La'Vell Wright,RB,2024,college_data,115.0,643.0,5.0,0,0,0,,0,4.0,0,19.0,0.0,0,0,0,0,0,,0,,,,,5.591304347826087,,4.75,
La'Vell Wright,RB,2025,college_data,85.0,471.0,10.0,0,0,0,,0,10.0,0,88.0,1.0,0,0,0,0,0,,0,,,,,5.541176470588235,,8.8,
LaDamian McDowell,RB,2025,college_data,55.0,328.0,2.0,0,0,0,,0,7.0,0,61.0,0.0,0,0,0,0,0,,0,,,,,5.963636363636364,,8.714285714285714,
Lamagea McDowell,RB,2024,college_data,106.0,439.0,6.0,0,0,0,,0,5.0,0,21.0,0.0,0,0,0,0,0,,0,,,,,4.1415094339622645,,4.2,
Lamagea McDowell,RB,2025,college_data,78.0,447.0,8.0,0,0,0,,0,4.0,0,17.0,0.0,0,0,0,0,0,,0,,,,,5.730769230769231,,4.25,
Lamar Miller,RB,2018,nflreadpy,215.0,991.0,5.0,0,0,38,-0.8030395788475531,0,33.0,45,226.0,1.0,1,1,31,228,10,-1.0013384896749093,0,0.3813789152024446,0.0948448957776822,0.002519138191938622,15.0,4.609302325581395,66.06666666666666,6.848484848484849,15.066666666666666
Lamar Radcliffe,RB,2025,college_data,66.0,340.0,1.0,0,0,0,,0,4.0,0,24.0,1.0,0,0,0,0,0,,0,,,,,5.151515151515151,,6.0,
Lamar Sperling,RB,2024,college_data,39.0,150.0,1.0,0,0,0,,0,5.0,0,59.0,1.0,0,0,0,0,0,,0,,,,,3.8461538461538463,,11.8,
Lamar Sperling,RB,2025,college_data,39.0,234.0,1.0,0,0,0,,0,3.0,0,12.0,0.0,0,0,0,0,0,,0,,,,,6.0,,4.0,
Lan Larison,RB,2024,college_data,270.0,1408.0,17.0,0,0,0,,0,59.0,0,824.0,6.0,0,0,0,0,0,,0,,,,,5.214814814814815,,13.966101694915254,
Lance Jackson,RB,2024,college_data,31.0,79.0,0.0,0,0,0,,0,1.0,0,20.0,0.0,0,0,0,0,0,,0,,,,,2.5483870967741935,,20.0,
Landan Brown,RB,2025,college_data,84.0,487.0,5.0,0,0,0,,0,37.0,0,237.0,0.0,0,0,0,0,0,,0,,,,,5.7976190476190474,,6.405405405405405,
Landen Chambers,RB,2024,college_data,26.0,153.0,1.0,0,0,0,,0,3.0,0,36.0,0.0,0,0,0,0,0,,0,,,,,5.884615384615385,,12.0,
Landen Chambers,RB,2025,college_data,242.0,1273.0,10.0,0,0,0,,0,27.0,0,238.0,0.0,0,0,0,0,0,,0,,,,,5.260330578512397,,8.814814814814815,
Landon Reed,RB,2024,college_data,5.0,17.0,0.0,0,0,0,,0,5.0,0,29.0,0.0,0,0,0,0,0,,0,,,,,3.4,,5.8,
Landon Sims,RB,2024,college_data,71.0,351.0,1.0,0,0,0,,0,13.0,0,153.0,0.0,0,0,0,0,0,,0,,,,,4.943661971830986,,11.76923076923077,
Landon Sims,RB,2025,college_data,122.0,559.0,3.0,0,0,0,,0,37.0,0,272.0,2.0,0,0,0,0,0,,0,,,,,4.581967213114754,,7.351351351351352,
Larenzo McMillan,RB,2024,college_data,7.0,111.0,1.0,0,0,0,,0,1.0,0,-1.0,0.0,0,0,0,0,0,,0,,,,,15.857142857142858,,-1.0,
Larenzo McMillan,RB,2025,college_data,4.0,13.0,0.0,0,0,0,,0,1.0,0,12.0,0.0,0,0,0,0,0,,0,,,,,3.25,,12.0,
Larry Rountree III,RB,2021,nflreadpy,36.0,87.0,1.0,9,9,9,-1.2755616543909127,9,1.0,9,-1.0,0.0,9,9,9,9,9,-0.6345140562043525,9,1.0,1.0,1.0,9.0,2.4166666666666665,9.666666666666666,-1.0,-0.1111111111111111
Larry Rountree III,RB,2022,nflreadpy,13.0,19.0,0.0,0,0,0,-3.6292671716364566,0,2.0,2,14.0,0.0,0,0,-17,31,1,0.7747939183318522,0,-0.7214285714285714,0.02749266862170088,-0.0387228133385877,2.0,1.4615384615384615,9.5,7.0,7.0
Lashaun Lester,RB,2025,college_data,35.0,225.0,2.0,0,0,0,,0,4.0,0,34.0,0.0,0,0,0,0,0,,0,,,,,6.428571428571429,,8.5,
Latavius Murray,RB,2018,nflreadpy,140.0,578.0,6.0,0,0,23,-1.2777078170106315,0,22.0,26,141.0,0.0,0,0,29,115,7,-0.6554096950093046,1,4.127777777777777,0.04064243440683533,0.006882347992690554,16.0,4.128571428571429,36.125,6.409090909090909,8.8125
Latavius Murray,RB,2019,nflreadpy,151.0,658.0,5.0,1,1,39,-0.2201897838180337,1,35.0,44,239.0,1.0,1,1,-49,285,10,-0.009554636995328452,1,-0.27073739752311177,0.12662165145397797,0.04496990703973407,17.0,4.357615894039735,38.705882352941174,6.828571428571428,14.058823529411764
Latavius Murray,RB,2020,nflreadpy,150.0,665.0,4.0,16,16,16,0.11099154895418906,16,25.0,16,187.0,2.0,16,16,16,16,16,0.36475138553550684,16,-0.8901360544217687,1.0,1.0,16.0,4.433333333333334,41.5625,7.48,11.6875
Latavius Murray,RB,2021,nflreadpy,119.0,501.0,6.0,11,11,21,-0.48877518302343986,11,10.0,12,75.0,0.0,11,11,14,20,12,-0.08884361239809853,11,1.8928571428571426,0.7876447876447876,0.7864768683274022,14.0,4.2100840336134455,35.785714285714285,7.5,5.357142857142857
Latavius Murray,RB,2022,nflreadpy,171.0,760.0,6.0,1,0,44,-0.37503566373516883,1,27.0,35,132.0,0.0,0,0,-63,188,4,-0.6894792177086482,0,-0.3241314241314241,0.08583904261755992,-0.01869692753145892,13.0,4.444444444444445,58.46153846153846,4.888888888888889,10.153846153846153
Latavius Murray,RB,2023,nflreadpy,79.0,300.0,4.0,0,0,27,-0.17081989591792313,0,22.0,28,159.0,0.0,1,0,38,127,8,0.4327615520511752,0,2.948511904761905,0.04790271271363708,0.005779770460587724,17.0,3.7974683544303796,17.647058823529413,7.2272727272727275,9.352941176470589
Latrelle Murrell,RB,2024,college_data,33.0,224.0,3.0,0,0,0,,0,6.0,0,36.0,0.0,0,0,0,0,0,,0,,,,,6.787878787878788,,6.0,
Latrelle Murrell,RB,2025,college_data,176.0,894.0,3.0,0,0,0,,0,22.0,0,246.0,4.0,0,0,0,0,0,,0,,,,,5.079545454545454,,11.181818181818182,
Lawrance Toafili,RB,2024,college_data,109.0,456.0,3.0,0,0,0,,0,25.0,0,215.0,0.0,0,0,0,0,0,,0,,,,,4.18348623853211,,8.6,
Lazaro Rogers,RB,2025,college_data,33.0,189.0,1.0,0,0,0,,0,1.0,0,2.0,0.0,0,0,0,0,0,,0,,,,,5.7272727272727275,,2.0,
Le'Veon Bell,RB,2019,nflreadpy,245.0,789.0,3.0,0,0,36,-3.1169151578727763,0,66.0,78,461.0,1.0,1,1,43,440,20,-0.22862495269162722,1,-1.1756166056166057,0.17219461910178785,0.002281251841063645,15.0,3.220408163265306,52.6,6.984848484848484,30.733333333333334
Le'Veon Bell,RB,2020,nflreadpy,84.0,334.0,2.0,12,12,12,-1.3689904463947944,12,16.0,12,138.0,0.0,12,12,12,12,12,0.0943958320364406,12,1.2992424242424243,1.0,1.0,12.0,3.9761904761904763,27.833333333333332,8.625,11.5
Le'Veon Bell,RB,2021,nflreadpy,39.0,101.0,2.0,5,5,6,-0.8479906354227897,6,5.0,9,30.0,1.0,5,5,10,31,8,0.8394229521800298,5,1.375,0.6359425349087003,0.626232741617357,8.0,2.58974358974359,12.625,6.0,3.75
Le'Veon Moss,RB,2024,college_data,121.0,765.0,10.0,0,0,0,,0,10.0,0,141.0,0.0,0,0,0,0,0,,0,,,,,6.322314049586777,,14.1,
Le'Veon Moss,RB,2025,college_data,77.0,404.0,6.0,0,0,0,,0,2.0,0,3.0,0.0,0,0,0,0,0,,0,,,,,5.246753246753247,,1.5,
LeGarrette Blount,RB,2018,nflreadpy,154.0,418.0,5.0,1,0,25,-2.360263553505747,0,10.0,15,67.0,0.0,1,1,-19,87,4,-0.9626576750694463,0,0.21759259259259267,0.028504530710413062,-0.0039124996822663075,16.0,2.7142857142857144,26.125,6.7,4.1875
LeQuint Allen Jr.,RB,2025,nflreadpy,24.0,97.0,0.0,0,0,5,-0.35298294834210536,0,11.0,12,63.0,0.0,0,0,-16,71,0,-0.3800236086225608,0,-0.26428571428571423,0.021786621414347545,-0.004003455212713989,17.0,4.041666666666667,5.705882352941177,5.7272727272727275,3.7058823529411766
LeSean McCoy,RB,2018,nflreadpy,161.0,514.0,3.0,0,0,22,-2.5685737553591723,0,34.0,46,238.0,0.0,0,0,-49,288,10,0.049397581212066215,0,-1.6284770784770783,0.10548585694301629,-0.015432472944579329,14.0,3.1925465838509317,36.714285714285715,7.0,17.0
LeSean McCoy,RB,2019,nflreadpy,101.0,465.0,4.0,2,1,24,-0.48593219158162054,0,28.0,34,181.0,1.0,1,1,-24,236,5,-0.5211709892590844,0,-2.5976210826210826,0.07578969743308954,-0.007210052031145536,13.0,4.603960396039604,35.76923076923077,6.464285714285714,13.923076923076923
LeSean McCoy,RB,2020,nflreadpy,10.0,31.0,0.0,8,8,8,-0.482180043036351,8,15.0,8,101.0,0.0,8,8,8,8,8,-0.07441303045144565,8,-0.44999999999999996,1.0,1.0,8.0,3.1,3.875,6.733333333333333,12.625
Lee Beebe,RB,2024,college_data,166.0,885.0,7.0,0,0,0,,0,30.0,0,219.0,1.0,0,0,0,0,0,,0,,,,,5.331325301204819,,7.3,
Lee Beebe,RB,2025,college_data,27.0,209.0,1.0,0,0,0,,0,1.0,0,7.0,0.0,0,0,0,0,0,,0,,,,,7.7407407407407405,,7.0,
Lee Witherspoon,RB,2024,college_data,35.0,166.0,0.0,0,0,0,,0,4.0,0,12.0,0.0,0,0,0,0,0,,0,,,,,4.742857142857143,,3.0,
Lelan Wilhoite,RB,2025,college_data,4.0,20.0,0.0,0,0,0,,0,2.0,0,15.0,0.0,0,0,0,0,0,,0,,,,,5.0,,7.5,
Lem Wash,RB,2025,college_data,30.0,112.0,3.0,0,0,0,,0,9.0,0,147.0,1.0,0,0,0,0,0,,0,,,,,3.7333333333333334,,16.333333333333332,
Leo Boehling,RB,2024,college_data,14.0,49.0,0.0,0,0,0,,0,1.0,0,1.0,0.0,0,0,0,0,0,,0,,,,,3.5,,1.0,
Leo Boehling,RB,2025,college_data,128.0,534.0,2.0,0,0,0,,0,14.0,0,88.0,0.0,0,0,0,0,0,,0,,,,,4.171875,,6.285714285714286,
Leo Pulalasi,RB,2024,college_data,65.0,302.0,2.0,0,0,0,,0,8.0,0,54.0,0.0,0,0,0,0,0,,0,,,,,4.6461538461538465,,6.75,
Leo Pulalasi,RB,2025,college_data,38.0,205.0,0.0,0,0,0,,0,12.0,0,77.0,0.0,0,0,0,0,0,,0,,,,,5.394736842105263,,6.416666666666667,
Leonard Fournette,RB,2018,nflreadpy,133.0,439.0,5.0,0,0,23,-2.2254521677605226,0,22.0,26,185.0,1.0,0,0,-14,213,10,0.896035249173929,0,-0.4731060606060606,0.13168840974346918,-0.011683334675579003,8.0,3.300751879699248,54.875,8.409090909090908,23.125
Leonard Fournette,RB,2019,nflreadpy,265.0,1152.0,3.0,0,0,55,-1.223990388334719,0,76.0,100,522.0,0.0,1,1,13,558,23,-1.2718176805746164,0,2.1005250305250307,0.19075160611192574,0.006042744147786961,15.0,4.347169811320755,76.8,6.868421052631579,34.8
Leonard Fournette,RB,2020,nflreadpy,161.0,667.0,9.0,16,16,16,0.11443662005386501,16,54.0,16,381.0,1.0,16,16,16,16,16,0.5517690144538637,16,-0.011689439033189086,1.0,1.0,16.0,4.142857142857143,41.6875,7.055555555555555,23.8125
Leonard Fournette,RB,2021,nflreadpy,193.0,863.0,10.0,13,13,18,0.7876642086608093,13,78.0,29,510.0,2.0,13,13,3,112,18,0.04104078716946867,13,0.7489010989010988,0.88770964360587,0.8650892966682441,15.0,4.471502590673575,57.53333333333333,6.538461538461538,34.0
Leonard Fournette,RB,2022,nflreadpy,194.0,679.0,3.0,0,0,40,-2.4455848811407037,0,74.0,84,529.0,3.0,0,0,-55,575,27,0.8387531872149429,0,-3.3892220524573466,0.11015200998706665,-0.011269753167042821,17.0,3.5,39.94117647058823,7.148648648648648,31.11764705882353
Lequint Allen,RB,2024,college_data,228.0,1021.0,16.0,0,0,0,,0,64.0,0,529.0,4.0,0,0,0,0,0,,0,,,,,4.478070175438597,,8.265625,
Leshon Williams,RB,2024,college_data,11.0,21.0,0.0,0,0,0,,0,4.0,0,26.0,0.0,0,0,0,0,0,,0,,,,,1.9090909090909092,,6.5,
Leshon Williams,RB,2025,college_data,97.0,565.0,7.0,0,0,0,,0,5.0,0,73.0,2.0,0,0,0,0,0,,0,,,,,5.824742268041237,,14.6,
Levante Bellamy,RB,2020,nflreadpy,4.0,11.0,0.0,4,4,4,-0.4794351166347042,4,1.0,4,5.0,0.0,4,4,4,4,4,-0.8565227582585067,4,0.0,1.0,1.0,4.0,2.75,2.75,5.0,1.25
Levontai Summersett,RB,2024,college_data,66.0,497.0,2.0,0,0,0,,0,13.0,0,69.0,0.0,0,0,0,0,0,,0,,,,,7.53030303030303,,5.3076923076923075,
Levontai Summersett,RB,2025,college_data,26.0,78.0,0.0,0,0,0,,0,9.0,0,75.0,0.0,0,0,0,0,0,,0,,,,,3.0,,8.333333333333334,
Lexington Joseph,RB,2024,college_data,82.0,308.0,3.0,0,0,0,,0,10.0,0,41.0,0.0,0,0,0,0,0,,0,,,,,3.7560975609756095,,4.1,
Lincoln Cardillo,RB,2024,college_data,40.0,149.0,1.0,0,0,0,,0,22.0,0,135.0,0.0,0,0,0,0,0,,0,,,,,3.725,,6.136363636363637,
Lincoln Cardillo,RB,2025,college_data,7.0,14.0,0.0,0,0,0,,0,1.0,0,16.0,0.0,0,0,0,0,0,,0,,,,,2.0,,16.0,
Lincoln Pare,RB,2024,college_data,94.0,547.0,8.0,0,0,0,,0,12.0,0,134.0,0.0,0,0,0,0,0,,0,,,,,5.819148936170213,,11.166666666666666,
Lincoln Pare,RB,2025,college_data,211.0,1129.0,12.0,0,0,0,,0,37.0,0,311.0,2.0,0,0,0,0,0,,0,,,,,5.350710900473934,,8.405405405405405,
Link Rhodes,RB,2025,college_data,2.0,-4.0,0.0,0,0,0,,0,3.0,0,30.0,0.0,0,0,0,0,0,,0,,,,,-2.0,,10.0,
Lloyd Avant,RB,2024,college_data,76.0,259.0,1.0,0,0,0,,0,12.0,0,62.0,0.0,0,0,0,0,0,,0,,,,,3.4078947368421053,,5.166666666666667,
Lloyd Avant,RB,2025,college_data,90.0,417.0,5.0,0,0,0,,0,24.0,0,261.0,1.0,0,0,0,0,0,,0,,,,,4.633333333333334,,10.875,
Logan Bush,RB,2025,college_data,57.0,232.0,2.0,0,0,0,,0,1.0,0,12.0,0.0,0,0,0,0,0,,0,,,,,4.0701754385964914,,12.0,
Logan Diggs,RB,2024,college_data,1.0,15.0,0.0,0,0,0,,0,1.0,0,6.0,0.0,0,0,0,0,0,,0,,,,,15.0,,6.0,
Logan Diggs,RB,2025,college_data,33.0,189.0,4.0,0,0,0,,0,7.0,0,56.0,0.0,0,0,0,0,0,,0,,,,,5.7272727272727275,,8.0,
Logan Gingg,RB,2024,college_data,89.0,491.0,4.0,0,0,0,,0,4.0,0,21.0,0.0,0,0,0,0,0,,0,,,,,5.51685393258427,,5.25,
London Montgomery,RB,2024,college_data,71.0,359.0,2.0,0,0,0,,0,5.0,0,29.0,0.0,0,0,0,0,0,,0,,,,,5.056338028169014,,5.8,
London Montgomery,RB,2025,college_data,156.0,742.0,7.0,0,0,0,,0,15.0,0,76.0,0.0,0,0,0,0,0,,0,,,,,4.756410256410256,,5.066666666666666,
Lontrell Turner,RB,2024,college_data,100.0,508.0,1.0,0,0,0,,0,12.0,0,74.0,1.0,0,0,0,0,0,,0,,,,,5.08,,6.166666666666667,
Lontrell Turner,RB,2025,college_data,35.0,161.0,1.0,0,0,0,,0,10.0,0,49.0,0.0,0,0,0,0,0,,0,,,,,4.6,,4.9,
Lucas Bullock,RB,2025,college_data,31.0,85.0,1.0,0,0,0,,0,17.0,0,191.0,0.0,0,0,0,0,0,,0,,,,,2.7419354838709675,,11.235294117647058,
Lucas Farrington,RB,2025,college_data,5.0,14.0,0.0,0,0,0,,0,1.0,0,11.0,0.0,0,0,0,0,0,,0,,,,,2.8,,11.0,
Lucky Sutton,RB,2025,college_data,253.0,1292.0,10.0,0,0,0,,0,5.0,0,3.0,0.0,0,0,0,0,0,,0,,,,,5.106719367588933,,0.6,
Ludovick Choquette,RB,2024,college_data,94.0,511.0,2.0,0,0,0,,0,13.0,0,61.0,2.0,0,0,0,0,0,,0,,,,,5.4361702127659575,,4.6923076923076925,
Luke Hansen,RB,2024,college_data,88.0,358.0,1.0,0,0,0,,0,9.0,0,29.0,0.0,0,0,0,0,0,,0,,,,,4.068181818181818,,3.2222222222222223,
Luke Hansen,RB,2025,college_data,120.0,650.0,9.0,0,0,0,,0,10.0,0,65.0,1.0,0,0,0,0,0,,0,,,,,5.416666666666667,,6.5,
Luke Reed,RB,2025,college_data,1.0,4.0,0.0,0,0,0,,0,1.0,0,7.0,0.0,0,0,0,0,0,,0,,,,,4.0,,7.0,
Luke Schalow,RB,2024,college_data,27.0,65.0,0.0,0,0,0,,0,4.0,0,26.0,0.0,0,0,0,0,0,,0,,,,,2.4074074074074074,,6.5,
Luke Schalow,RB,2025,college_data,42.0,120.0,0.0,0,0,0,,0,6.0,0,41.0,0.0,0,0,0,0,0,,0,,,,,2.857142857142857,,6.833333333333333,
Luke Woodson,RB,2024,college_data,71.0,284.0,2.0,0,0,0,,0,13.0,0,89.0,0.0,0,0,0,0,0,,0,,,,,4.0,,6.846153846153846,
Luke Woodson,RB,2025,college_data,61.0,264.0,3.0,0,0,0,,0,8.0,0,48.0,0.0,0,0,0,0,0,,0,,,,,4.327868852459017,,6.0,
Luke Yoder,RB,2024,college_data,194.0,1025.0,10.0,0,0,0,,0,7.0,0,43.0,0.0,0,0,0,0,0,,0,,,,,5.283505154639175,,6.142857142857143,
Luke Yoder,RB,2025,college_data,198.0,1409.0,15.0,0,0,0,,0,11.0,0,96.0,1.0,0,0,0,0,0,,0,,,,,7.116161616161616,,8.727272727272727,
MJ Flowers,RB,2024,college_data,213.0,865.0,7.0,0,0,0,,0,40.0,0,329.0,2.0,0,0,0,0,0,,0,,,,,4.061032863849765,,8.225,
MJ Flowers,RB,2025,college_data,16.0,75.0,1.0,0,0,0,,0,1.0,0,2.0,0.0,0,0,0,0,0,,0,,,,,4.6875,,2.0,
Makari Bodiford,RB,2024,college_data,15.0,106.0,1.0,0,0,0,,0,1.0,0,3.0,0.0,0,0,0,0,0,,0,,,,,7.066666666666666,,3.0,
Makenzie McGill,RB,2024,college_data,78.0,470.0,10.0,0,0,0,,0,11.0,0,103.0,0.0,0,0,0,0,0,,0,,,,,6.0256410256410255,,9.363636363636363,
Makenzie McGill,RB,2025,college_data,75.0,389.0,5.0,0,0,0,,0,4.0,0,14.0,0.0,0,0,0,0,0,,0,,,,,5.1866666666666665,,3.5,
Makhi Frazier,RB,2024,college_data,7.0,21.0,0.0,0,0,0,,0,1.0,0,12.0,0.0,0,0,0,0,0,,0,,,,,3.0,,12.0,
Makhi Frazier,RB,2025,college_data,116.0,520.0,2.0,0,0,0,,0,12.0,0,25.0,0.0,0,0,0,0,0,,0,,,,,4.482758620689655,,2.0833333333333335,
Makhi Green,RB,2024,college_data,55.0,278.0,0.0,0,0,0,,0,9.0,0,95.0,0.0,0,0,0,0,0,,0,,,,,5.054545454545455,,10.555555555555555,
Makhi Green,RB,2025,college_data,6.0,15.0,0.0,0,0,0,,0,3.0,0,84.0,1.0,0,0,0,0,0,,0,,,,,2.5,,28.0,
Makhi Hughes,RB,2024,college_data,265.0,1401.0,15.0,0,0,0,,0,19.0,0,176.0,2.0,0,0,0,0,0,,0,,,,,5.286792452830189,,9.263157894736842,
Makhi Hughes,RB,2025,college_data,17.0,70.0,0.0,0,0,0,,0,2.0,0,24.0,0.0,0,0,0,0,0,,0,,,,,4.117647058823529,,12.0,
Makhilyn Young,RB,2025,college_data,45.0,411.0,6.0,0,0,0,,0,14.0,0,133.0,0.0,0,0,0,0,0,,0,,,,,9.133333333333333,,9.5,
Malachi Brown,RB,2025,college_data,14.0,34.0,0.0,0,0,0,,0,4.0,0,51.0,0.0,0,0,0,0,0,,0,,,,,2.4285714285714284,,12.75,
Malachi Hosley,RB,2024,college_data,191.0,1192.0,9.0,0,0,0,,0,12.0,0,89.0,0.0,0,0,0,0,0,,0,,,,,6.2408376963350785,,7.416666666666667,
Malachi Hosley,RB,2025,college_data,98.0,697.0,7.0,0,0,0,,0,14.0,0,119.0,0.0,0,0,0,0,0,,0,,,,,7.112244897959184,,8.5,
Malachi Imoh,RB,2024,college_data,111.0,686.0,9.0,0,0,0,,0,22.0,0,248.0,1.0,0,0,0,0,0,,0,,,,,6.18018018018018,,11.272727272727273,
Malachi Thomas,RB,2024,college_data,43.0,165.0,1.0,0,0,0,,0,4.0,0,25.0,0.0,0,0,0,0,0,,0,,,,,3.8372093023255816,,6.25,
Malachi Thomas,RB,2025,college_data,53.0,243.0,0.0,0,0,0,,0,11.0,0,99.0,2.0,0,0,0,0,0,,0,,,,,4.584905660377358,,9.0,
Malae Fonoti,RB,2024,college_data,36.0,234.0,1.0,0,0,0,,0,3.0,0,19.0,0.0,0,0,0,0,0,,0,,,,,6.5,,6.333333333333333,
Malae Fonoti,RB,2025,college_data,48.0,184.0,4.0,0,0,0,,0,10.0,0,97.0,0.0,0,0,0,0,0,,0,,,,,3.8333333333333335,,9.7,
Malcolm Brown,RB,2018,nflreadpy,43.0,212.0,0.0,0,0,10,0.2715538394440955,0,5.0,7,52.0,1.0,0,0,18,39,2,0.8749552307428489,1,0.7738095238095238,0.019697604448337586,0.005575959951177891,11.0,4.930232558139535,19.272727272727273,10.4,4.7272727272727275
Malcolm Brown,RB,2019,nflreadpy,69.0,255.0,5.0,0,0,16,-0.7879937514774681,0,2.0,6,16.0,0.0,0,0,0,7,0,-2.0533997887008204,0,0.6111111111111112,0.010678178557974894,0.00041596577169420064,14.0,3.6956521739130435,18.214285714285715,8.0,1.1428571428571428
Malcolm Brown,RB,2020,nflreadpy,110.0,449.0,5.0,18,18,18,-0.9381329698471271,18,25.0,18,175.0,0.0,18,18,18,18,18,-0.15701337655366376,18,1.5574866310160427,1.0,1.0,18.0,4.081818181818182,24.944444444444443,7.0,9.722222222222221
Malcolm Brown,RB,2021,nflreadpy,33.0,125.0,1.0,6,6,6,-1.4230446253786795,6,3.0,6,10.0,0.0,6,6,6,6,6,-0.563165211249725,6,0.8333333333333334,1.0,1.0,6.0,3.787878787878788,20.833333333333332,3.3333333333333335,1.6666666666666667
Malcolm Brown,RB,2022,nflreadpy,18.0,81.0,1.0,0,0,3,-0.08225092282601872,0,5.0,6,37.0,0.0,0,0,-2,37,2,0.24348463171524254,0,-1.64,0.030751059729102557,-0.004435634981646461,7.0,4.5,11.571428571428571,7.4,5.285714285714286
Malcolm Perry,RB,2020,nflreadpy,3.0,5.0,0.0,9,9,9,-0.3111941813064429,9,9.0,9,92.0,1.0,9,9,9,9,9,0.7368695485555301,9,1.6177146430804967,1.0,1.0,9.0,1.6666666666666667,0.5555555555555556,10.222222222222221,10.222222222222221
Malcolm Terry II,RB,2024,college_data,69.0,340.0,1.0,0,0,0,,0,6.0,0,56.0,0.0,0,0,0,0,0,,0,,,,,4.927536231884058,,9.333333333333334,
Malichi Greaves,RB,2025,college_data,3.0,15.0,0.0,0,0,0,,0,2.0,0,1.0,0.0,0,0,0,0,0,,0,,,,,5.0,,0.5,
Malik Davis,RB,2022,nflreadpy,38.0,161.0,1.0,0,0,6,-0.583700399529846,0,6.0,7,63.0,0.0,0,0,-7,65,5,2.2636740658102403,0,0.9444444444444446,0.0376172607879925,-0.007493780805920756,6.0,4.2368421052631575,26.833333333333332,10.5,10.5
Malik Davis,RB,2025,nflreadpy,52.0,250.0,2.0,0,0,11,0.09037692717134228,0,2.0,5,16.0,0.0,0,0,18,6,0,-2.4059879057167564,0,0.6153846153846154,0.014126984126984127,0.006019045451096441,10.0,4.8076923076923075,25.0,8.0,1.6
Malik Dotson,RB,2024,college_data,85.0,505.0,4.0,0,0,0,,0,12.0,0,153.0,0.0,0,0,0,0,0,,0,,,,,5.9411764705882355,,12.75,
Malik Dryden,RB,2024,college_data,25.0,64.0,0.0,0,0,0,,0,3.0,0,2.0,0.0,0,0,0,0,0,,0,,,,,2.56,,0.6666666666666666,
Malik Frederick,RB,2024,college_data,41.0,167.0,1.0,0,0,0,,0,1.0,0,3.0,0.0,0,0,0,0,0,,0,,,,,4.073170731707317,,3.0,
Malik Grant,RB,2024,college_data,260.0,1387.0,11.0,0,0,0,,0,14.0,0,152.0,1.0,0,0,0,0,0,,0,,,,,5.334615384615384,,10.857142857142858,
Malik Sherrod,RB,2024,college_data,60.0,196.0,4.0,0,0,0,,0,8.0,0,38.0,0.0,0,0,0,0,0,,0,,,,,3.2666666666666666,,4.75,
Malik Sherrod,RB,2025,college_data,85.0,418.0,4.0,0,0,0,,0,28.0,0,250.0,2.0,0,0,0,0,0,,0,,,,,4.91764705882353,,8.928571428571429,
Manny Covey,RB,2024,college_data,17.0,62.0,0.0,0,0,0,,0,8.0,0,119.0,2.0,0,0,0,0,0,,0,,,,,3.6470588235294117,,14.875,
Manny Covey,RB,2025,college_data,27.0,194.0,1.0,0,0,0,,0,8.0,0,82.0,0.0,0,0,0,0,0,,0,,,,,7.185185185185185,,10.25,
Maquel Haywood,RB,2024,college_data,29.0,148.0,1.0,0,0,0,,0,5.0,0,52.0,0.0,0,0,0,0,0,,0,,,,,5.103448275862069,,10.4,
Mar'Kel Porter,RB,2025,college_data,31.0,93.0,2.0,0,0,0,,0,7.0,0,70.0,0.0,0,0,0,0,0,,0,,,,,3.0,,10.0,
MarShawn Lloyd,RB,2024,nflreadpy,6.0,15.0,0.0,0,0,0,-1.805173670873046,0,1.0,1,3.0,0.0,0,0,-5,8,0,-0.23416664847172797,0,-0.6,0.07692307692307693,-0.052083333333333336,1.0,2.5,15.0,3.0,3.0
MarShawn Lloyd,RB,2026,nflreadpy,30.0,81.0,0.0,1,1,5,-3.182691353489645,0,9.0,11,49.0,1.0,1,0,-9,74,3,0.2273244134359234,0,-1.3390151515151516,0.07986392832995266,-0.015478505799326941,4.0,2.7,20.25,5.444444444444445,12.25
Marceese Yetts,RB,2025,college_data,75.0,239.0,4.0,0,0,0,,0,35.0,0,287.0,0.0,0,0,0,0,0,,0,,,,,3.1866666666666665,,8.2,
Marcellous Hawkins,RB,2025,college_data,118.0,749.0,1.0,0,0,0,,0,12.0,0,74.0,1.0,0,0,0,0,0,,0,,,,,6.3474576271186445,,6.166666666666667,
Marco Maldonado,RB,2024,college_data,89.0,365.0,2.0,0,0,0,,0,14.0,0,92.0,0.0,0,0,0,0,0,,0,,,,,4.101123595505618,,6.571428571428571,
Marco Maldonado,RB,2025,college_data,68.0,298.0,2.0,0,0,0,,0,11.0,0,101.0,0.0,0,0,0,0,0,,0,,,,,4.382352941176471,,9.181818181818182,
Marcus Carroll,RB,2024,college_data,140.0,595.0,12.0,0,0,0,,0,9.0,0,66.0,0.0,0,0,0,0,0,,0,,,,,4.25,,7.333333333333333,
Marcus II Harris,RB,2024,college_data,69.0,248.0,2.0,0,0,0,,0,2.0,0,6.0,0.0,0,0,0,0,0,,0,,,,,3.5942028985507246,,3.0,
Marcus II Harris,RB,2025,college_data,46.0,323.0,14.0,0,0,0,,0,2.0,0,28.0,1.0,0,0,0,0,0,,0,,,,,7.021739130434782,,14.0,
Marcus Major,RB,2024,college_data,78.0,352.0,3.0,0,0,0,,0,20.0,0,144.0,1.0,0,0,0,0,0,,0,,,,,4.512820512820513,,7.2,
Marcus Murphy,RB,2018,nflreadpy,52.0,250.0,0.0,0,0,7,-0.49134532012006576,0,11.0,19,26.0,0.0,0,0,26,37,2,-1.9669185248785652,0,0.48333333333333334,0.05194824946377015,0.006575329635422614,11.0,4.8076923076923075,22.727272727272727,2.3636363636363638,2.3636363636363638
Marcus Yarns,RB,2024,college_data,133.0,844.0,6.0,0,0,0,,0,17.0,0,297.0,5.0,0,0,0,0,0,,0,,,,,6.345864661654136,,17.470588235294116,
Mari Adams,RB,2024,college_data,188.0,1232.0,15.0,0,0,0,,0,1.0,0,5.0,0.0,0,0,0,0,0,,0,,,,,6.553191489361702,,5.0,
Mari Adams,RB,2025,college_data,67.0,325.0,2.0,0,0,0,,0,8.0,0,51.0,0.0,0,0,0,0,0,,0,,,,,4.850746268656716,,6.375,
Mario Anderson,RB,2024,college_data,236.0,1362.0,18.0,0,0,0,,0,52.0,0,312.0,3.0,0,0,0,0,0,,0,,,,,5.771186440677966,,6.0,
Marion Lukes,RB,2024,college_data,161.0,788.0,5.0,0,0,0,,0,16.0,0,160.0,1.0,0,0,0,0,0,,0,,,,,4.894409937888199,,10.0,
Mark Biggins,RB,2024,college_data,81.0,393.0,3.0,0,0,0,,0,4.0,0,12.0,0.0,0,0,0,0,0,,0,,,,,4.851851851851852,,3.0,
Mark Fletcher Jr.,RB,2024,college_data,112.0,607.0,9.0,0,0,0,,0,10.0,0,106.0,0.0,0,0,0,0,0,,0,,,,,5.419642857142857,,10.6,
Mark Fletcher Jr.,RB,2025,college_data,216.0,1192.0,12.0,0,0,0,,0,17.0,0,140.0,2.0,0,0,0,0,0,,0,,,,,5.518518518518518,,8.235294117647058,
Mark Ingram,RB,2018,nflreadpy,156.0,729.0,6.0,2,1,38,-0.8735832234686252,0,25.0,31,185.0,1.0,1,0,15,164,5,-0.5158421424253342,0,1.8194444444444444,0.07696315853102531,0.0004391856370757113,14.0,4.673076923076923,52.07142857142857,7.4,13.214285714285714
Mark Ingram,RB,2019,nflreadpy,208.0,1040.0,10.0,3,3,54,0.9554594846590203,3,27.0,30,256.0,5.0,1,1,44,221,17,1.574346368497712,1,0.37951516991235856,0.12936673562904777,0.0729561892177481,16.0,5.0,65.0,9.481481481481481,16.0
Mark Ingram,RB,2020,nflreadpy,72.0,299.0,2.0,10,10,10,-0.5569566613732604,10,6.0,10,50.0,0.0,10,10,10,10,10,0.008408751346607613,10,1.6254901960784314,1.0,1.0,10.0,4.152777777777778,29.9,8.333333333333334,5.0
Mark Ingram,RB,2021,nflreadpy,160.0,554.0,2.0,13,13,13,-2.2373886219824533,13,27.0,13,162.0,0.0,13,13,13,13,13,-0.2761927289578598,13,2.1274170274170277,0.9285714285714286,0.9285714285714286,14.0,3.4625,39.57142857142857,6.0,11.571428571428571
Mark Ingram,RB,2022,nflreadpy,62.0,233.0,1.0,1,1,12,-1.2137513340081916,1,16.0,18,68.0,0.0,1,1,-17,78,2,-1.095809409263893,0,-1.0476190476190474,0.05633644727175583,-0.004911688581719583,10.0,3.7580645161290325,23.3,4.25,6.8
Mark Walton,RB,2018,nflreadpy,14.0,34.0,0.0,0,0,5,-1.1186293557286262,0,5.0,8,41.0,0.0,0,0,-11,48,1,0.5765531414654106,0,-4.944444444444445,0.02288109756097561,-0.0041192356085955565,10.0,2.4285714285714284,3.4,8.2,4.1
Mark Walton,RB,2019,nflreadpy,53.0,201.0,0.0,0,0,11,-1.1350970564481282,0,15.0,21,89.0,0.0,1,1,-24,106,3,-1.2018173254812912,0,-2.215277777777778,0.08568765501538611,-0.015222295962727518,7.0,3.792452830188679,28.714285714285715,5.933333333333334,12.714285714285714
Markel Townsend,RB,2025,college_data,70.0,322.0,6.0,0,0,0,,0,26.0,0,173.0,0.0,0,0,0,0,0,,0,,,,,4.6,,6.653846153846154,
Markell Holman,RB,2024,college_data,117.0,507.0,5.0,0,0,0,,0,18.0,0,146.0,0.0,0,0,0,0,0,,0,,,,,4.333333333333333,,8.11111111111111,
Markell Holman,RB,2025,college_data,227.0,999.0,7.0,0,0,0,,0,39.0,0,314.0,2.0,0,0,0,0,0,,0,,,,,4.400881057268722,,8.051282051282051,
Markiel Cockrell,RB,2024,college_data,41.0,230.0,2.0,0,0,0,,0,10.0,0,94.0,0.0,0,0,0,0,0,,0,,,,,5.609756097560975,,9.4,
Marlin Cochran,RB,2024,college_data,47.0,146.0,0.0,0,0,0,,0,12.0,0,117.0,0.0,0,0,0,0,0,,0,,,,,3.106382978723404,,9.75,
Marlon Gunn,RB,2024,college_data,61.0,224.0,3.0,0,0,0,,0,2.0,0,34.0,0.0,0,0,0,0,0,,0,,,,,3.6721311475409837,,17.0,
Marlon Gunn,RB,2025,college_data,112.0,582.0,6.0,0,0,0,,0,6.0,0,29.0,0.0,0,0,0,0,0,,0,,,,,5.196428571428571,,4.833333333333333,
Marlon Mack,RB,2018,nflreadpy,228.0,1102.0,10.0,1,1,60,0.7929105243475884,2,19.0,29,109.0,1.0,1,1,-22,128,3,-1.4164155880526568,0,1.7553418803418803,0.0635593678156639,-0.01047025603730754,14.0,4.833333333333333,78.71428571428571,5.7368421052631575,7.785714285714286
Marlon Mack,RB,2019,nflreadpy,247.0,1091.0,8.0,1,1,63,0.1289838597872309,2,14.0,17,82.0,0.0,1,1,-2,81,3,0.002042979765974451,1,0.31666666666666665,0.11057692307692309,0.06913167890888139,14.0,4.417004048582996,77.92857142857143,5.857142857142857,5.857142857142857
Marlon Mack,RB,2020,nflreadpy,4.0,26.0,0.0,1,1,1,0.8817492661764845,1,3.0,1,30.0,0.0,1,1,1,1,1,1.5845337327336892,1,-30.0,1.0,1.0,1.0,6.5,26.0,10.0,30.0
Marlon Mack,RB,2021,nflreadpy,28.0,101.0,0.0,5,5,5,-1.170579609053675,5,2.0,5,8.0,0.0,5,5,5,5,5,-0.7158512140934666,5,3.533333333333333,1.0,1.0,5.0,3.607142857142857,20.2,4.0,1.6
Marlon Mack,RB,2022,nflreadpy,16.0,84.0,1.0,0,0,4,-0.1783529204549268,0,8.0,10,99.0,1.0,0,0,-16,114,2,0.6891225469856557,0,-1.1766666666666667,0.04741348686164985,-0.01540475444924136,7.0,5.25,12.0,12.375,14.142857142857142
Marquese Albert,RB,2024,college_data,23.0,109.0,0.0,0,0,0,,0,5.0,0,22.0,0.0,0,0,0,0,0,,0,,,,,4.739130434782608,,4.4,
Marquese Williams,RB,2025,college_data,21.0,86.0,0.0,0,0,0,,0,3.0,0,12.0,0.0,0,0,0,0,0,,0,,,,,4.095238095238095,,4.0,
Marquez Cooper,RB,2024,college_data,292.0,1274.0,12.0,0,0,0,,0,20.0,0,137.0,2.0,0,0,0,0,0,,0,,,,,4.363013698630137,,6.85,
Marquez Taylor,RB,2025,college_data,17.0,43.0,0.0,0,0,0,,0,3.0,0,13.0,0.0,0,0,0,0,0,,0,,,,,2.5294117647058822,,4.333333333333333,
Marqui Johnson,RB,2025,college_data,42.0,206.0,0.0,0,0,0,,0,10.0,0,34.0,0.0,0,0,0,0,0,,0,,,,,4.904761904761905,,3.4,
Marquis Crosby,RB,2024,college_data,57.0,224.0,1.0,0,0,0,,0,2.0,0,5.0,0.0,0,0,0,0,0,,0,,,,,3.9298245614035086,,2.5,
Marquis Crosby,RB,2025,college_data,3.0,4.0,0.0,0,0,0,,0,2.0,0,11.0,1.0,0,0,0,0,0,,0,,,,,1.3333333333333333,,5.5,
Marquis Gillis,RB,2024,college_data,6.0,23.0,0.0,0,0,0,,0,2.0,0,-3.0,0.0,0,0,0,0,0,,0,,,,,3.8333333333333335,,-1.5,
Marquis Gillis,RB,2025,college_data,183.0,1145.0,7.0,0,0,0,,0,11.0,0,85.0,1.0,0,0,0,0,0,,0,,,,,6.256830601092896,,7.7272727272727275,
Marshawn Lynch,RB,2018,nflreadpy,90.0,376.0,3.0,0,0,20,-0.4599029882887433,0,15.0,20,84.0,0.0,0,0,-6,90,6,-0.23378237745909133,0,-0.12797619047619047,0.09014387447112404,-0.015147634402180013,6.0,4.177777777777778,62.666666666666664,5.6,14.0
Marshawn Lynch,RB,2019,nflreadpy,30.0,67.0,4.0,2,2,4,-2.6782285038013165,2,2.0,2,25.0,0.0,2,2,2,2,2,0.9804164040833712,2,-12.5,0.6666666666666666,0.6666666666666666,3.0,2.2333333333333334,22.333333333333332,12.5,8.333333333333334
Martin Lucas,RB,2024,college_data,7.0,41.0,0.0,0,0,0,,0,1.0,0,15.0,0.0,0,0,0,0,0,,0,,,,,5.857142857142857,,15.0,
Marvin Duffey Jr.,RB,2025,college_data,32.0,88.0,2.0,0,0,0,,0,2.0,0,18.0,0.0,0,0,0,0,0,,0,,,,,2.75,,9.0,
Marvis Parrish,RB,2025,college_data,106.0,576.0,1.0,0,0,0,,0,36.0,0,203.0,1.0,0,0,0,0,0,,0,,,,,5.433962264150943,,5.638888888888889,
Mason Blakemore,RB,2025,college_data,9.0,38.0,0.0,0,0,0,,0,2.0,0,-1.0,0.0,0,0,0,0,0,,0,,,,,4.222222222222222,,-0.5,
Mason Gudger,RB,2024,college_data,11.0,95.0,1.0,0,0,0,,0,2.0,0,13.0,0.0,0,0,0,0,0,,0,,,,,8.636363636363637,,6.5,
Mason Hackett,RB,2024,college_data,185.0,806.0,3.0,0,0,0,,0,2.0,0,19.0,1.0,0,0,0,0,0,,0,,,,,4.356756756756757,,9.5,
Mason Hackett,RB,2025,college_data,93.0,338.0,2.0,0,0,0,,0,8.0,0,85.0,0.0,0,0,0,0,0,,0,,,,,3.6344086021505375,,10.625,
Mason Hatfield,RB,2024,college_data,5.0,2.0,0.0,0,0,0,,0,1.0,0,2.0,0.0,0,0,0,0,0,,0,,,,,0.4,,2.0,
Mason Pickett-Hicks,RB,2025,college_data,56.0,259.0,2.0,0,0,0,,0,8.0,0,94.0,1.0,0,0,0,0,0,,0,,,,,4.625,,11.75,
Mason Sheron,RB,2024,college_data,160.0,923.0,10.0,0,0,0,,0,2.0,0,26.0,0.0,0,0,0,0,0,,0,,,,,5.76875,,13.0,
Mason Sheron,RB,2025,college_data,129.0,503.0,5.0,0,0,0,,0,6.0,0,59.0,1.0,0,0,0,0,0,,0,,,,,3.89922480620155,,9.833333333333334,
Mathias Price,RB,2025,college_data,110.0,483.0,3.0,0,0,0,,0,16.0,0,133.0,1.0,0,0,0,0,0,,0,,,,,4.390909090909091,,8.3125,
Matt Breida,RB,2018,nflreadpy,153.0,814.0,3.0,1,1,36,0.20867287206020527,0,27.0,31,261.0,2.0,0,0,69,235,12,1.3589040445089764,0,0.9478613174265349,0.07028526865826247,0.020427262920622136,14.0,5.3202614379084965,58.142857142857146,9.666666666666666,18.642857142857142
Matt Breida,RB,2019,nflreadpy,132.0,642.0,1.0,5,4,26,-1.285961398046181,3,19.0,24,120.0,1.0,3,3,-3,130,9,-0.11128912527829564,3,-1.6478174603174605,0.2637563227424979,0.21052114256481264,14.0,4.863636363636363,45.857142857142854,6.315789473684211,8.571428571428571
Matt Breida,RB,2020,nflreadpy,59.0,254.0,0.0,10,10,10,-0.5066780887602362,10,9.0,10,96.0,0.0,10,10,10,10,10,0.6776065129321068,10,-4.75,1.0,1.0,10.0,4.305084745762712,25.4,10.666666666666666,9.6
Matt Breida,RB,2021,nflreadpy,26.0,125.0,1.0,6,6,6,-1.2279761842302312,6,7.0,6,72.0,2.0,6,6,6,6,6,1.16528512298828,6,3.9583333333333335,0.8571428571428571,0.8571428571428571,7.0,4.8076923076923075,17.857142857142858,10.285714285714286,10.285714285714286
Matt Breida,RB,2022,nflreadpy,61.0,251.0,2.0,0,0,15,0.15010836957662832,0,21.0,26,137.0,0.0,0,0,66,100,6,-0.002198245279495372,0,2.600709119939889,0.04385097144025846,0.015434408254489461,19.0,4.114754098360656,13.210526315789474,6.523809523809524,7.2105263157894735
Matt Breida,RB,2023,nflreadpy,55.0,151.0,1.0,0,0,7,-0.9799983512824808,0,17.0,21,88.0,0.0,1,0,1,89,2,-0.8105435754405335,0,1.4944444444444445,0.049654038690986065,0.002515521009753516,15.0,2.7454545454545456,10.066666666666666,5.176470588235294,5.866666666666666
Matt Childs,RB,2024,college_data,87.0,318.0,1.0,0,0,0,,0,21.0,0,233.0,1.0,0,0,0,0,0,,0,,,,,3.6551724137931036,,11.095238095238095,
Matt Childs,RB,2025,college_data,137.0,517.0,8.0,0,0,0,,0,41.0,0,341.0,4.0,0,0,0,0,0,,0,,,,,3.7737226277372264,,8.317073170731707,
Matt Colombo,RB,2024,college_data,26.0,109.0,0.0,0,0,0,,0,4.0,0,30.0,0.0,0,0,0,0,0,,0,,,,,4.1923076923076925,,7.5,
Matt Colombo,RB,2025,college_data,144.0,704.0,10.0,0,0,0,,0,6.0,0,48.0,2.0,0,0,0,0,0,,0,,,,,4.888888888888889,,8.0,
Matt Jones,RB,2024,college_data,43.0,211.0,3.0,0,0,0,,0,3.0,0,13.0,0.0,0,0,0,0,0,,0,,,,,4.906976744186046,,4.333333333333333,
Matt Jones,RB,2025,college_data,82.0,325.0,4.0,0,0,0,,0,12.0,0,86.0,0.0,0,0,0,0,0,,0,,,,,3.9634146341463414,,7.166666666666667,
Matt Lawson,RB,2024,college_data,103.0,443.0,3.0,0,0,0,,0,11.0,0,61.0,0.0,0,0,0,0,0,,0,,,,,4.300970873786408,,5.545454545454546,
Matt Morad,RB,2025,college_data,65.0,284.0,0.0,0,0,0,,0,12.0,0,62.0,0.0,0,0,0,0,0,,0,,,,,4.369230769230769,,5.166666666666667,
Matteo Perez,RB,2024,college_data,70.0,292.0,0.0,0,0,0,,0,19.0,0,147.0,1.0,0,0,0,0,0,,0,,,,,4.171428571428572,,7.7368421052631575,
Matteo Perez,RB,2025,college_data,11.0,73.0,0.0,0,0,0,,0,4.0,0,7.0,1.0,0,0,0,0,0,,0,,,,,6.636363636363637,,1.75,
Matthew Fuller,RB,2025,college_data,72.0,260.0,2.0,0,0,0,,0,6.0,0,32.0,0.0,0,0,0,0,0,,0,,,,,3.611111111111111,,5.333333333333333,
Matthias Latham,RB,2024,college_data,17.0,42.0,1.0,0,0,0,,0,2.0,0,31.0,0.0,0,0,0,0,0,,0,,,,,2.4705882352941178,,15.5,
Matthias Latham,RB,2025,college_data,31.0,120.0,0.0,0,0,0,,0,3.0,0,4.0,0.0,0,0,0,0,0,,0,,,,,3.870967741935484,,1.3333333333333333,
Maurice Edwards,RB,2025,college_data,56.0,201.0,5.0,0,0,0,,0,2.0,0,11.0,0.0,0,0,0,0,0,,0,,,,,3.5892857142857144,,5.5,
Maurice Turner,RB,2024,college_data,27.0,136.0,1.0,0,0,0,,0,1.0,0,8.0,0.0,0,0,0,0,0,,0,,,,,5.037037037037037,,8.0,
Maurice Turner,RB,2025,college_data,28.0,127.0,0.0,0,0,0,,0,1.0,0,4.0,0.0,0,0,0,0,0,,0,,,,,4.535714285714286,,4.0,
Maurki James,RB,2025,college_data,56.0,224.0,2.0,0,0,0,,0,6.0,0,39.0,0.0,0,0,0,0,0,,0,,,,,4.0,,6.5,
Max Grand,RB,2024,college_data,4.0,11.0,0.0,0,0,0,,0,1.0,0,-5.0,0.0,0,0,0,0,0,,0,,,,,2.75,,-5.0,
Max White,RB,2025,college_data,23.0,63.0,0.0,0,0,0,,0,1.0,0,5.0,0.0,0,0,0,0,0,,0,,,,,2.739130434782609,,5.0,
Maxwell Woods,RB,2024,college_data,29.0,176.0,1.0,0,0,0,,0,5.0,0,19.0,0.0,0,0,0,0,0,,0,,,,,6.068965517241379,,3.8,
Maxwell Woods,RB,2025,college_data,36.0,225.0,0.0,0,0,0,,0,18.0,0,148.0,0.0,0,0,0,0,0,,0,,,,,6.25,,8.222222222222221,
Mekhi Dodd,RB,2025,college_data,7.0,12.0,0.0,0,0,0,,0,1.0,0,3.0,0.0,0,0,0,0,0,,0,,,,,1.7142857142857142,,3.0,
Mekhi Nelson,RB,2025,college_data,27.0,147.0,2.0,0,0,0,,0,8.0,0,102.0,0.0,0,0,0,0,0,,0,,,,,5.444444444444445,,12.75,
Melvin Gordon,RB,2018,nflreadpy,201.0,940.0,12.0,0,0,51,0.7381269984065855,1,52.0,69,504.0,4.0,1,0,-20,550,22,0.8389662975662545,1,4.496647869674185,0.15243632231883833,-0.006909301721926024,14.0,4.676616915422885,67.14285714285714,9.692307692307692,36.0
Melvin Gordon,RB,2019,nflreadpy,162.0,612.0,8.0,4,3,36,-1.3612221922840053,1,42.0,49,296.0,1.0,2,2,-39,239,10,-0.17718756057510174,1,-5.032740638990639,0.19810763656188937,0.06654030185718053,12.0,3.7777777777777777,51.0,7.0476190476190474,24.666666666666668
Melvin Gordon,RB,2020,nflreadpy,215.0,986.0,9.0,15,15,15,-1.1122352615991498,15,32.0,15,158.0,1.0,15,15,15,15,15,-1.5286126056645817,15,0.39664502164502174,1.0,1.0,15.0,4.586046511627907,65.73333333333333,4.9375,10.533333333333333
Melvin Gordon,RB,2021,nflreadpy,203.0,918.0,8.0,14,14,18,-1.179659684354192,13,28.0,20,213.0,2.0,13,13,5,53,15,-0.174503502097413,13,0.03367521367521364,0.8298085016835017,0.8111073655990964,16.0,4.522167487684729,57.375,7.607142857142857,13.3125
Melvin Gordon,RB,2022,nflreadpy,90.0,318.0,2.0,4,2,15,-2.9615228895578123,0,25.0,32,223.0,0.0,1,0,23,206,11,0.11115329066635196,0,-1.8882716049382715,0.09660947670928416,0.006289800598384498,10.0,3.533333333333333,31.8,8.92,22.3
Melvin Gordon,RB,2023,nflreadpy,26.0,81.0,1.0,1,1,4,-1.777560685419303,0,3.0,3,46.0,0.0,0,0,18,28,3,1.573368027980905,0,3.1846153846153844,0.030555555555555555,0.03336474036850921,4.0,3.1153846153846154,20.25,15.333333333333334,11.5
Messiah Burch,RB,2024,college_data,29.0,153.0,2.0,0,0,0,,0,9.0,0,99.0,0.0,0,0,0,0,0,,0,,,,,5.275862068965517,,11.0,
Messiah Burch,RB,2025,college_data,11.0,41.0,0.0,0,0,0,,0,4.0,0,-1.0,0.0,0,0,0,0,0,,0,,,,,3.727272727272727,,-0.25,
Micah Avery,RB,2025,college_data,10.0,42.0,0.0,0,0,0,,0,3.0,0,11.0,0.0,0,0,0,0,0,,0,,,,,4.2,,3.6666666666666665,
Micah Bell,RB,2024,college_data,42.0,239.0,0.0,0,0,0,,0,1.0,0,2.0,0.0,0,0,0,0,0,,0,,,,,5.690476190476191,,2.0,
Micah Bell,RB,2025,college_data,46.0,218.0,0.0,0,0,0,,0,5.0,0,31.0,0.0,0,0,0,0,0,,0,,,,,4.739130434782608,,6.2,
Micah Bernard,RB,2024,college_data,197.0,1009.0,4.0,0,0,0,,0,30.0,0,150.0,2.0,0,0,0,0,0,,0,,,,,5.121827411167513,,5.0,
Micah Ford,RB,2024,college_data,76.0,309.0,0.0,0,0,0,,0,15.0,0,84.0,0.0,0,0,0,0,0,,0,,,,,4.065789473684211,,5.6,
Micah Ford,RB,2025,college_data,145.0,643.0,4.0,0,0,0,,0,11.0,0,119.0,0.0,0,0,0,0,0,,0,,,,,4.43448275862069,,10.818181818181818,
Micah Ka'Apana,RB,2025,college_data,10.0,38.0,0.0,0,0,0,,0,1.0,0,8.0,0.0,0,0,0,0,0,,0,,,,,3.8,,8.0,
Micah Kelly,RB,2024,college_data,78.0,371.0,1.0,0,0,0,,0,13.0,0,69.0,0.0,0,0,0,0,0,,0,,,,,4.756410256410256,,5.3076923076923075,
Micah Welch,RB,2024,college_data,43.0,186.0,4.0,0,0,0,,0,8.0,0,54.0,0.0,0,0,0,0,0,,0,,,,,4.325581395348837,,6.75,
Micah Welch,RB,2025,college_data,96.0,384.0,4.0,0,0,0,,0,11.0,0,37.0,0.0,0,0,0,0,0,,0,,,,,4.0,,3.3636363636363638,
Michael Allen,RB,2025,college_data,77.0,385.0,4.0,0,0,0,,0,12.0,0,139.0,1.0,0,0,0,0,0,,0,,,,,5.0,,11.583333333333334,
Michael Benefield,RB,2024,college_data,138.0,542.0,5.0,0,0,0,,0,5.0,0,15.0,0.0,0,0,0,0,0,,0,,,,,3.927536231884058,,3.0,
Michael Cadden,RB,2024,college_data,35.0,166.0,1.0,0,0,0,,0,3.0,0,14.0,0.0,0,0,0,0,0,,0,,,,,4.742857142857143,,4.666666666666667,
Michael Cadden,RB,2025,college_data,71.0,286.0,5.0,0,0,0,,0,15.0,0,175.0,2.0,0,0,0,0,0,,0,,,,,4.028169014084507,,11.666666666666666,
Michael Carter,RB,2021,nflreadpy,147.0,639.0,4.0,10,10,17,-0.4561529926088738,10,36.0,19,325.0,0.0,10,10,13,24,11,-0.3782931137304086,10,4.936904761904763,0.744642450281548,0.7168541632998885,14.0,4.346938775510204,45.642857142857146,9.027777777777779,23.214285714285715
Michael Carter,RB,2022,nflreadpy,114.0,402.0,3.0,1,1,14,-1.3556823338859345,0,41.0,54,288.0,0.0,0,0,31,274,12,-0.28029293825966306,0,-1.2708141429648785,0.0974752522508476,0.005246219980783377,16.0,3.526315789473684,25.125,7.024390243902439,18.0
Michael Carter,RB,2023,nflreadpy,30.0,187.0,0.0,0,0,9,0.2778569906636444,0,24.0,31,101.0,1.0,0,0,34,87,5,-1.0539244254274822,0,-1.0054112554112555,0.061932131952247185,0.009608601898297398,15.0,6.233333333333333,12.466666666666667,4.208333333333333,6.733333333333333
Michael Carter,RB,2024,nflreadpy,35.0,131.0,1.0,0,0,9,-0.1595112319267852,0,11.0,11,57.0,0.0,0,0,-16,73,2,0.3192762115698618,0,-3.888888888888889,0.11395274584929758,-0.022861573278571728,3.0,3.742857142857143,43.666666666666664,5.181818181818182,19.0
Michael Carter,RB,2025,nflreadpy,92.0,333.0,1.0,0,0,19,-0.5267595731756256,0,33.0,45,267.0,0.0,0,0,75,257,12,0.1686308621645853,0,0.24607438016528915,0.09174163194029601,0.015365919928632683,13.0,3.619565217391304,25.615384615384617,8.090909090909092,20.53846153846154
Michael Dempsey,RB,2025,college_data,50.0,280.0,2.0,0,0,0,,0,13.0,0,187.0,3.0,0,0,0,0,0,,0,,,,,5.6,,14.384615384615385,
Michael Godette,RB,2024,college_data,7.0,30.0,0.0,0,0,0,,0,1.0,0,4.0,0.0,0,0,0,0,0,,0,,,,,4.285714285714286,,4.0,
Michael Johnson,RB,2024,college_data,12.0,94.0,0.0,0,0,0,,0,3.0,0,9.0,0.0,0,0,0,0,0,,0,,,,,7.833333333333333,,3.0,
Michael Mansaray,RB,2024,college_data,138.0,622.0,9.0,0,0,0,,0,15.0,0,114.0,0.0,0,0,0,0,0,,0,,,,,4.507246376811594,,7.6,
Michael Mansaray,RB,2025,college_data,65.0,325.0,3.0,0,0,0,,0,3.0,0,5.0,0.0,0,0,0,0,0,,0,,,,,5.0,,1.6666666666666667,
Michael Rumoro,RB,2025,college_data,34.0,137.0,0.0,0,0,0,,0,8.0,0,55.0,1.0,0,0,0,0,0,,0,,,,,4.029411764705882,,6.875,
Michael Turner,RB,2025,college_data,65.0,320.0,1.0,0,0,0,,0,6.0,0,21.0,0.0,0,0,0,0,0,,0,,,,,4.923076923076923,,3.5,
Michael Walters,RB,2025,college_data,126.0,534.0,3.0,0,0,0,,0,9.0,0,48.0,0.0,0,0,0,0,0,,0,,,,,4.238095238095238,,5.333333333333333,
Michael Washington,RB,2024,college_data,158.0,713.0,8.0,0,0,0,,0,9.0,0,74.0,1.0,0,0,0,0,0,,0,,,,,4.512658227848101,,8.222222222222221,
Michael Washington,RB,2025,college_data,168.0,1068.0,8.0,0,0,0,,0,28.0,0,226.0,1.0,0,0,0,0,0,,0,,,,,6.357142857142857,,8.071428571428571,
Michel Dukes,RB,2024,college_data,63.0,365.0,2.0,0,0,0,,0,43.0,0,354.0,3.0,0,0,0,0,0,,0,,,,,5.7936507936507935,,8.232558139534884,
Miequle Brock,RB,2024,college_data,75.0,479.0,3.0,0,0,0,,0,27.0,0,213.0,2.0,0,0,0,0,0,,0,,,,,6.386666666666667,,7.888888888888889,
Miequle Brock,RB,2025,college_data,125.0,555.0,2.0,0,0,0,,0,41.0,0,340.0,2.0,0,0,0,0,0,,0,,,,,4.44,,8.292682926829269,
Mike Boone,RB,2018,nflreadpy,11.0,47.0,0.0,0,0,2,-0.39306404379894955,0,2.0,3,1.0,0.0,0,0,-2,5,0,-0.7536697957354287,0,0.3333333333333333,0.01070516784802499,-0.0011447748013865531,6.0,4.2727272727272725,7.833333333333333,0.5,0.16666666666666666
Mike Boone,RB,2019,nflreadpy,49.0,273.0,3.0,2,2,6,0.2074812072248795,2,3.0,3,17.0,0.0,2,2,-5,14,2,-3.6916438516927883,2,2.642857142857143,0.22592592592592592,0.21912350597609562,9.0,5.571428571428571,30.333333333333332,5.666666666666667,1.8888888888888888
Mike Boone,RB,2020,nflreadpy,11.0,59.0,1.0,10,10,10,-0.27801241414854305,10,2.0,10,10.0,0.0,10,10,10,10,10,-0.08518701436696574,10,-1.4166666666666665,1.0,1.0,10.0,5.363636363636363,5.9,5.0,1.0
Mike Boone,RB,2021,nflreadpy,4.0,35.0,0.0,3,3,3,1.714410936110653,3,2.0,3,22.0,0.0,3,3,3,3,3,1.0571883533266373,3,4.375,1.0,1.0,3.0,8.75,11.666666666666666,11.0,7.333333333333333
Mike Boone,RB,2022,nflreadpy,24.0,102.0,0.0,0,0,6,-0.6150366596914819,0,9.0,15,96.0,0.0,0,0,45,81,2,-1.0212394342252684,0,-1.6142030012997755,0.0635897859811895,0.02204162575249543,8.0,4.25,12.75,10.666666666666666,12.0
Mike Boone,RB,2023,nflreadpy,5.0,23.0,0.0,1,0,2,-0.39963084168266505,0,7.0,9,40.0,0.0,0,0,9,33,2,0.011553832615382231,0,1.1946428571428571,0.02643653209748681,0.0018355717458985493,9.0,4.6,2.5555555555555554,5.714285714285714,4.444444444444445
Mike Boone,RB,2024,nflreadpy,13.0,51.0,0.0,0,0,3,-0.19494337533833458,0,1.0,3,-2.0,0.0,0,0,-14,2,0,-1.94997158672777,0,0.25,0.023896103896103894,-0.007971480740805148,5.0,3.923076923076923,10.2,-2.0,-0.4
Mike Davis,RB,2018,nflreadpy,116.0,524.0,4.0,0,0,26,0.12248158142575874,1,36.0,44,236.0,1.0,0,0,-5,267,10,-0.1449191969844291,0,-0.36666666666666664,0.10724471758955606,-0.00292231536371462,16.0,4.517241379310345,32.75,6.555555555555555,14.75
Mike Davis,RB,2019,nflreadpy,13.0,27.0,0.0,0,0,0,-1.6927725994962572,0,7.0,8,22.0,0.0,0,0,6,27,1,-0.1935888313309988,0,3.666666666666667,0.03156565656565657,0.002946127946127946,6.0,2.076923076923077,4.5,3.142857142857143,3.6666666666666665
Mike Davis,RB,2020,nflreadpy,165.0,642.0,6.0,15,15,15,-1.3909109272941078,15,59.0,15,373.0,2.0,15,15,15,15,15,-0.5044622143858237,15,-0.6637695637695639,1.0,1.0,15.0,3.890909090909091,42.8,6.322033898305085,24.866666666666667
Mike Davis,RB,2021,nflreadpy,138.0,503.0,3.0,14,14,19,-1.0475357146471438,14,44.0,20,259.0,1.0,16,16,3,43,15,-1.4510412067441294,14,0.3543291369578133,0.8377781611178196,0.8211275497121083,17.0,3.6449275362318843,29.58823529411765,5.886363636363637,15.235294117647058
Mike Davis,RB,2022,nflreadpy,8.0,18.0,0.0,1,0,1,-0.9990340192258979,0,2.0,2,4.0,0.0,0,0,-7,11,0,-0.5202088911319152,0,-0.375,0.01534090909090909,-0.0076576576576576575,5.0,2.25,3.6,2.0,0.8
Mike Franklin,RB,2025,college_data,34.0,139.0,0.0,0,0,0,,0,1.0,0,13.0,0.0,0,0,0,0,0,,0,,,,,4.088235294117647,,13.0,
Mike Gillislee,RB,2018,nflreadpy,16.0,43.0,0.0,1,1,2,-3.5445070803252747,0,1.0,1,9.0,0.0,0,0,0,9,0,0.7660472732968628,0,0.0,0.007575757575757576,0.0,4.0,2.6875,10.75,9.0,2.25
Mike Mitchell,RB,2024,college_data,47.0,158.0,1.0,0,0,0,,0,1.0,0,5.0,0.0,0,0,0,0,0,,0,,,,,3.3617021276595747,,5.0,
Mike Sharpe II,RB,2024,college_data,4.0,22.0,0.0,0,0,0,,0,1.0,0,5.0,0.0,0,0,0,0,0,,0,,,,,5.5,,5.0,
Mikey Hess,RB,2025,college_data,10.0,15.0,0.0,0,0,0,,0,1.0,0,8.0,0.0,0,0,0,0,0,,0,,,,,1.5,,8.0,
Miles Davis,RB,2024,college_data,18.0,76.0,0.0,0,0,0,,0,5.0,0,68.0,1.0,0,0,0,0,0,,0,,,,,4.222222222222222,,13.6,
Miles Davis,RB,2025,college_data,131.0,732.0,8.0,0,0,0,,0,28.0,0,201.0,3.0,0,0,0,0,0,,0,,,,,5.587786259541985,,7.178571428571429,
Miles Sanders,RB,2019,nflreadpy,193.0,887.0,3.0,4,3,30,-0.869480936901696,3,53.0,60,517.0,3.0,2,2,143,411,21,0.8207496166241157,2,-2.1805032698563296,0.2087441272170981,0.13457239626335496,17.0,4.595854922279793,52.1764705882353,9.754716981132075,30.41176470588235
Miles Sanders,RB,2020,nflreadpy,164.0,867.0,6.0,12,12,12,-0.09251854302658469,12,28.0,12,197.0,0.0,12,12,12,12,12,-1.6033289431780389,12,0.2463886405626079,1.0,1.0,12.0,5.286585365853658,72.25,7.035714285714286,16.416666666666668
Miles Sanders,RB,2021,nflreadpy,144.0,770.0,0.0,10,10,18,-0.13609263830791243,10,29.0,18,170.0,0.0,10,10,23,35,11,-0.6016322734682412,10,1.9813382880033732,0.7887564135328,0.7729948875556591,13.0,5.347222222222222,59.23076923076923,5.862068965517241,13.076923076923077
Miles Sanders,RB,2022,nflreadpy,294.0,1417.0,13.0,2,1,69,0.6050369825614383,0,21.0,28,81.0,0.0,1,1,23,103,2,-0.7661158867776976,0,-0.07384004884004888,0.04832503180273747,0.003850348004021926,20.0,4.819727891156463,70.85,3.857142857142857,4.05
Miles Sanders,RB,2023,nflreadpy,129.0,432.0,1.0,2,2,24,-1.9090797771241341,0,27.0,41,154.0,0.0,0,0,23,158,8,-0.7401876694488485,0,-1.7748313090418353,0.07519135412555691,-0.0006672025517335189,16.0,3.3488372093023258,27.0,5.703703703703703,9.625
Miles Sanders,RB,2024,nflreadpy,55.0,205.0,2.0,0,0,12,-0.7872588633437864,0,24.0,30,148.0,1.0,1,0,41,150,5,-1.7532580904193686,0,0.03513431013431014,0.08832785555079488,-0.008192842970329921,11.0,3.727272727272727,18.636363636363637,6.166666666666667,13.454545454545455
Miles Sanders,RB,2025,nflreadpy,20.0,117.0,1.0,1,1,5,-0.47184955682314467,0,8.0,8,30.0,0.0,0,0,-14,44,0,-0.37871731749589166,0,-0.24047619047619045,0.04739449147343884,-0.008394144416924331,4.0,5.85,29.25,3.75,7.5
Miles Stewart,RB,2024,college_data,4.0,27.0,0.0,0,0,0,,0,3.0,0,26.0,1.0,0,0,0,0,0,,0,,,,,6.75,,8.666666666666666,
Misa Paiau,RB,2025,college_data,18.0,68.0,1.0,0,0,0,,0,1.0,0,1.0,1.0,0,0,0,0,0,,0,,,,,3.7777777777777777,,1.0,
Mitchell Summers,RB,2025,college_data,198.0,1071.0,12.0,0,0,0,,0,9.0,0,119.0,0.0,0,0,0,0,0,,0,,,,,5.409090909090909,,13.222222222222221,
Montrell Johnson,RB,2024,college_data,100.0,593.0,6.0,0,0,0,,0,13.0,0,64.0,0.0,0,0,0,0,0,,0,,,,,5.93,,4.923076923076923,
Myion Hicks,RB,2024,college_data,124.0,442.0,4.0,0,0,0,,0,6.0,0,12.0,0.0,0,0,0,0,0,,0,,,,,3.564516129032258,,2.0,
Myion Hicks,RB,2025,college_data,78.0,311.0,0.0,0,0,0,,0,16.0,0,47.0,0.0,0,0,0,0,0,,0,,,,,3.9871794871794872,,2.9375,
Myles Bailey,RB,2024,college_data,51.0,292.0,3.0,0,0,0,,0,11.0,0,62.0,0.0,0,0,0,0,0,,0,,,,,5.7254901960784315,,5.636363636363637,
Myles Craddock,RB,2025,college_data,21.0,72.0,1.0,0,0,0,,0,2.0,0,4.0,0.0,0,0,0,0,0,,0,,,,,3.4285714285714284,,2.0,
Myles Gaskin,RB,2019,nflreadpy,36.0,133.0,1.0,0,0,7,-0.4095447690741328,0,7.0,12,51.0,0.0,0,0,2,46,2,-0.2616653519785203,0,-0.3809523809523809,0.04201774805813597,-0.0007835161661604648,7.0,3.6944444444444446,19.0,7.285714285714286,7.285714285714286
Myles Gaskin,RB,2020,nflreadpy,142.0,584.0,3.0,10,10,10,-2.4411888719425976,10,41.0,10,388.0,2.0,10,10,10,10,10,1.773215911107697,10,-5.634444444444445,1.0,1.0,10.0,4.112676056338028,58.4,9.463414634146341,38.8
Myles Gaskin,RB,2021,nflreadpy,173.0,612.0,3.0,13,13,15,-1.6843851306340114,13,49.0,20,234.0,4.0,13,13,50,31,14,-0.4525377974799026,13,1.369959114959115,0.7814445616303202,0.7722664134792536,17.0,3.53757225433526,36.0,4.775510204081633,13.764705882352942
Myles Gaskin,RB,2022,nflreadpy,10.0,26.0,0.0,0,0,2,-2.4973860174650326,0,4.0,6,28.0,0.0,0,0,17,20,0,-2.1349464744271245,0,1.5238095238095237,0.0912828947368421,0.03461594098076089,2.0,2.6,13.0,7.0,14.0
Myles Gaskin,RB,2024,nflreadpy,3.0,-1.0,0.0,0,0,0,-1.1185108370846137,0,1.0,1,11.0,0.0,0,0,-2,13,0,0.9124923310009763,0,-5.5,0.008928571428571428,-0.001182033096926714,4.0,-0.3333333333333333,-0.25,11.0,2.75
Myles Montgomery,RB,2024,college_data,51.0,293.0,3.0,0,0,0,,0,3.0,0,66.0,1.0,0,0,0,0,0,,0,,,,,5.745098039215686,,22.0,
Myles Montgomery,RB,2025,college_data,143.0,705.0,4.0,0,0,0,,0,17.0,0,182.0,0.0,0,0,0,0,0,,0,,,,,4.93006993006993,,10.705882352941176,
Myles Thomason,RB,2024,college_data,71.0,224.0,0.0,0,0,0,,0,14.0,0,53.0,0.0,0,0,0,0,0,,0,,,,,3.1549295774647885,,3.7857142857142856,
Myles Thomason,RB,2025,college_data,194.0,732.0,4.0,0,0,0,,0,30.0,0,233.0,1.0,0,0,0,0,0,,0,,,,,3.7731958762886597,,7.766666666666667,
NaQuari Rogers,RB,2024,college_data,74.0,382.0,5.0,0,0,0,,0,3.0,0,14.0,1.0,0,0,0,0,0,,0,,,,,5.162162162162162,,4.666666666666667,
NaQuari Rogers,RB,2025,college_data,98.0,387.0,11.0,0,0,0,,0,3.0,0,43.0,0.0,0,0,0,0,0,,0,,,,,3.9489795918367347,,14.333333333333334,
Naahziekial Mays,RB,2024,college_data,8.0,13.0,0.0,0,0,0,,0,2.0,0,9.0,0.0,0,0,0,0,0,,0,,,,,1.625,,4.5,
Naeem Odeniyi,RB,2025,college_data,4.0,15.0,0.0,0,0,0,,0,1.0,0,6.0,0.0,0,0,0,0,0,,0,,,,,3.75,,6.0,
Nahjee Adams,RB,2025,college_data,43.0,134.0,0.0,0,0,0,,0,9.0,0,79.0,0.0,0,0,0,0,0,,0,,,,,3.116279069767442,,8.777777777777779,
Nahree Biggins,RB,2024,college_data,19.0,136.0,0.0,0,0,0,,0,3.0,0,7.0,0.0,0,0,0,0,0,,0,,,,,7.157894736842105,,2.3333333333333335,
Nahree Biggins,RB,2025,college_data,105.0,540.0,2.0,0,0,0,,0,19.0,0,185.0,1.0,0,0,0,0,0,,0,,,,,5.142857142857143,,9.736842105263158,
Naieem Kearney,RB,2024,college_data,76.0,344.0,6.0,0,0,0,,0,7.0,0,21.0,0.0,0,0,0,0,0,,0,,,,,4.526315789473684,,3.0,
Naieem Kearney,RB,2025,college_data,71.0,219.0,3.0,0,0,0,,0,9.0,0,54.0,0.0,0,0,0,0,0,,0,,,,,3.084507042253521,,6.0,
Najee Harris,RB,2021,nflreadpy,319.0,1229.0,7.0,13,13,25,-1.245954991513391,13,76.0,34,466.0,3.0,14,14,0,101,16,-0.5924380554532008,13,7.352919380002713,0.7537915385741473,0.717651542752796,18.0,3.852664576802508,68.27777777777777,6.131578947368421,25.88888888888889
Najee Harris,RB,2022,nflreadpy,272.0,1034.0,7.0,2,1,45,-1.6853866762358156,0,41.0,53,229.0,3.0,0,0,95,207,16,0.16342273740061947,0,0.2421943573667712,0.09016422478711943,0.020083766296975118,17.0,3.801470588235294,60.8235294117647,5.585365853658536,13.470588235294118
Najee Harris,RB,2023,nflreadpy,267.0,1072.0,8.0,2,1,52,-1.589716966739258,0,31.0,41,185.0,0.0,0,0,17,185,10,-0.10791831866247646,0,-0.09758812615955471,0.08178992556054661,-0.0034893292454116656,18.0,4.01498127340824,59.55555555555556,5.967741935483871,10.277777777777779
Najee Harris,RB,2024,nflreadpy,269.0,1060.0,6.0,0,0,51,-1.0172708572418843,0,39.0,51,324.0,0.0,0,0,-78,378,14,0.4706775692284282,0,-2.7844665750915754,0.09949759355384835,-0.020284073770355928,18.0,3.940520446096654,58.888888888888886,8.307692307692308,18.0
Najee Harris,RB,2025,nflreadpy,15.0,61.0,0.0,0,0,3,-0.11294293023335437,0,3.0,3,25.0,0.0,0,0,10,15,1,0.6559149560052902,0,2.5,0.03449527959331881,0.011703895439874731,3.0,4.066666666666666,20.333333333333332,8.333333333333334,8.333333333333334
Nasir Hennigan,RB,2024,college_data,23.0,92.0,0.0,0,0,0,,0,2.0,0,8.0,0.0,0,0,0,0,0,,0,,,,,4.0,,4.0,
Nate Frazier,RB,2024,college_data,133.0,671.0,8.0,0,0,0,,0,12.0,0,85.0,0.0,0,0,0,0,0,,0,,,,,5.045112781954887,,7.083333333333333,
Nate Frazier,RB,2025,college_data,173.0,947.0,6.0,0,0,0,,0,16.0,0,116.0,1.0,0,0,0,0,0,,0,,,,,5.473988439306359,,7.25,
Nate Johnson,RB,2024,college_data,11.0,114.0,1.0,0,0,0,,0,1.0,0,1.0,0.0,0,0,0,0,0,,0,,,,,10.363636363636363,,1.0,
Nate Johnson,RB,2025,college_data,24.0,225.0,1.0,0,0,0,,0,1.0,0,16.0,0.0,0,0,0,0,0,,0,,,,,9.375,,16.0,
Nate Noel,RB,2024,college_data,163.0,818.0,3.0,0,0,0,,0,15.0,0,44.0,0.0,0,0,0,0,0,,0,,,,,5.0184049079754605,,2.933333333333333,
Nate Palmer,RB,2025,college_data,30.0,139.0,0.0,0,0,0,,0,1.0,0,1.0,0.0,0,0,0,0,0,,0,,,,,4.633333333333334,,1.0,
Nate Sheppard,RB,2025,college_data,200.0,1132.0,11.0,0,0,0,,0,37.0,0,286.0,1.0,0,0,0,0,0,,0,,,,,5.66,,7.72972972972973,
Nate Thomas,RB,2024,college_data,101.0,538.0,5.0,0,0,0,,0,4.0,0,46.0,0.0,0,0,0,0,0,,0,,,,,5.326732673267327,,11.5,
Nate Thomas,RB,2025,college_data,109.0,453.0,3.0,0,0,0,,0,10.0,0,50.0,0.0,0,0,0,0,0,,0,,,,,4.155963302752293,,5.0,
Nathan Carter,RB,2024,college_data,116.0,499.0,5.0,0,0,0,,0,18.0,0,173.0,2.0,0,0,0,0,0,,0,,,,,4.301724137931035,,9.61111111111111,
Nathan Denney,RB,2024,college_data,66.0,202.0,2.0,0,0,0,,0,10.0,0,99.0,1.0,0,0,0,0,0,,0,,,,,3.0606060606060606,,9.9,
Nathan Denney,RB,2025,college_data,141.0,661.0,4.0,0,0,0,,0,25.0,0,253.0,1.0,0,0,0,0,0,,0,,,,,4.6879432624113475,,10.12,
Nathan Mcneil,RB,2025,college_data,37.0,169.0,0.0,0,0,0,,0,5.0,0,45.0,0.0,0,0,0,0,0,,0,,,,,4.5675675675675675,,9.0,
Natwan Webster,RB,2025,college_data,34.0,106.0,2.0,0,0,0,,0,8.0,0,46.0,0.0,0,0,0,0,0,,0,,,,,3.1176470588235294,,5.75,
Nay'Quan Wright,RB,2024,college_data,109.0,510.0,8.0,0,0,0,,0,22.0,0,149.0,0.0,0,0,0,0,0,,0,,,,,4.678899082568807,,6.7727272727272725,
Nicholas Singleton,RB,2024,college_data,172.0,1099.0,12.0,0,0,0,,0,41.0,0,375.0,5.0,0,0,0,0,0,,0,,,,,6.3895348837209305,,9.146341463414634,
Nicholas Singleton,RB,2025,college_data,123.0,549.0,13.0,0,0,0,,0,24.0,0,219.0,1.0,0,0,0,0,0,,0,,,,,4.463414634146342,,9.125,
Nicholas Woodford,RB,2025,college_data,8.0,25.0,0.0,0,0,0,,0,1.0,0,4.0,0.0,0,0,0,0,0,,0,,,,,3.125,,4.0,
Nick Bawden,RB,2023,nflreadpy,2.0,4.0,1.0,0,0,1,0.18680083933577407,0,3.0,3,21.0,0.0,0,0,-1,22,1,0.1506377868160295,0,3.888888888888889,0.01188973063973064,0.0005334873032929102,6.0,2.0,0.6666666666666666,7.0,3.5
Nick Chubb,RB,2018,nflreadpy,192.0,996.0,8.0,0,0,47,0.115825222530475,0,20.0,29,149.0,2.0,0,0,42,181,5,0.1842593516233716,0,-3.0646153846153843,0.06135521012482478,0.010535538858772989,16.0,5.1875,62.25,7.45,9.3125
Nick Chubb,RB,2019,nflreadpy,298.0,1494.0,8.0,3,3,62,-1.4188435801128003,1,36.0,48,278.0,0.0,2,2,-43,313,14,-0.16625429134884862,1,0.02527777777777785,0.14836731712383208,0.051090012055638116,16.0,5.0134228187919465,93.375,7.722222222222222,17.375
Nick Chubb,RB,2020,nflreadpy,221.0,1212.0,12.0,14,14,14,1.228551706481275,14,22.0,14,223.0,1.0,14,14,14,14,14,0.6724082591535989,14,-6.374007936507937,1.0,1.0,14.0,5.484162895927602,86.57142857142857,10.136363636363637,15.928571428571429
Nick Chubb,RB,2021,nflreadpy,228.0,1259.0,8.0,10,10,26,0.7592988535407298,10,20.0,17,174.0,1.0,10,10,9,83,13,0.625008914906245,10,-1.0558608058608059,0.7296455938697318,0.712002808153895,14.0,5.521929824561403,89.92857142857143,8.7,12.428571428571429
Nick Chubb,RB,2022,nflreadpy,302.0,1525.0,12.0,1,1,69,0.8398839476670769,1,27.0,37,239.0,1.0,0,0,0,259,12,0.4685074350717888,0,0.7542398777692895,0.07393283626722068,-0.00013675674794136442,17.0,5.049668874172186,89.70588235294117,8.851851851851851,14.058823529411764
Nick Chubb,RB,2023,nflreadpy,28.0,170.0,0.0,0,0,8,2.056849311804399,0,4.0,4,21.0,0.0,0,0,1,20,1,0.7501136377686635,0,21.0,0.06896551724137931,0.001519756838905775,2.0,6.071428571428571,85.0,5.25,10.5
Nick Chubb,RB,2024,nflreadpy,102.0,332.0,3.0,1,1,17,-2.571822286184421,0,5.0,11,31.0,1.0,0,0,-5,31,3,-2.331051026687159,0,0.38095238095238093,0.032927675200246295,-0.0004662286215037991,8.0,3.2549019607843137,41.5,6.2,3.875
Nick Chubb,RB,2025,nflreadpy,136.0,568.0,3.0,0,0,23,-0.5074800977796279,0,13.0,21,67.0,0.0,0,0,24,63,1,-0.2518886039615609,0,-0.08432539682539686,0.03627740126196225,0.00484762878380197,17.0,4.176470588235294,33.411764705882355,5.153846153846154,3.9411764705882355
Nick Herman,RB,2025,college_data,125.0,921.0,5.0,0,0,0,,0,11.0,0,113.0,0.0,0,0,0,0,0,,0,,,,,7.368,,10.272727272727273,
Nick Laughlin,RB,2024,college_data,3.0,4.0,1.0,0,0,0,,0,21.0,0,179.0,1.0,0,0,0,0,0,,0,,,,,1.3333333333333333,,8.523809523809524,
Nick Laughlin,RB,2025,college_data,31.0,164.0,1.0,0,0,0,,0,11.0,0,197.0,2.0,0,0,0,0,0,,0,,,,,5.290322580645161,,17.90909090909091,
Nick Osho,RB,2025,college_data,119.0,686.0,8.0,0,0,0,,0,10.0,0,42.0,1.0,0,0,0,0,0,,0,,,,,5.764705882352941,,4.2,
Nick Ostmo,RB,2024,college_data,119.0,738.0,3.0,0,0,0,,0,19.0,0,141.0,1.0,0,0,0,0,0,,0,,,,,6.201680672268908,,7.421052631578948,
Niko Alailefaleula,RB,2024,college_data,3.0,50.0,0.0,0,0,0,,0,1.0,0,8.0,0.0,0,0,0,0,0,,0,,,,,16.666666666666668,,8.0,
Niko Alailefaleula,RB,2025,college_data,2.0,13.0,0.0,0,0,0,,0,5.0,0,35.0,1.0,0,0,0,0,0,,0,,,,,6.5,,7.0,
Noah Long,RB,2025,college_data,61.0,310.0,2.0,0,0,0,,0,6.0,0,68.0,1.0,0,0,0,0,0,,0,,,,,5.081967213114754,,11.333333333333334,
Noah Vaughn,RB,2024,college_data,36.0,120.0,0.0,0,0,0,,0,10.0,0,77.0,0.0,0,0,0,0,0,,0,,,,,3.3333333333333335,,7.7,
Noah White,RB,2025,college_data,25.0,93.0,0.0,0,0,0,,0,8.0,0,149.0,0.0,0,0,0,0,0,,0,,,,,3.72,,18.625,
Noah Whittington,RB,2024,college_data,118.0,540.0,6.0,0,0,0,,0,24.0,0,136.0,2.0,0,0,0,0,0,,0,,,,,4.576271186440678,,5.666666666666667,
Noah Whittington,RB,2025,college_data,129.0,829.0,6.0,0,0,0,,0,19.0,0,98.0,1.0,0,0,0,0,0,,0,,,,,6.426356589147287,,5.157894736842105,
Nolan McCormick,RB,2024,college_data,20.0,76.0,2.0,0,0,0,,0,1.0,0,2.0,0.0,0,0,0,0,0,,0,,,,,3.8,,2.0,
Nolan Ray,RB,2024,college_data,75.0,374.0,2.0,0,0,0,,0,11.0,0,76.0,0.0,0,0,0,0,0,,0,,,,,4.986666666666666,,6.909090909090909,
Nolan Ray,RB,2025,college_data,67.0,289.0,2.0,0,0,0,,0,11.0,0,50.0,0.0,0,0,0,0,0,,0,,,,,4.313432835820896,,4.545454545454546,
Norman Taylor,RB,2025,college_data,69.0,291.0,3.0,0,0,0,,0,15.0,0,110.0,0.0,0,0,0,0,0,,0,,,,,4.217391304347826,,7.333333333333333,
Nyeoti Punni,RB,2025,college_data,70.0,415.0,3.0,0,0,0,,0,2.0,0,31.0,0.0,0,0,0,0,0,,0,,,,,5.928571428571429,,15.5,
Nyheim Hines,RB,2018,nflreadpy,88.0,338.0,2.0,1,0,18,-0.6843538309255474,0,63.0,81,425.0,2.0,0,0,167,349,29,0.04585094111318935,0,0.208013511303693,0.11527253069011097,0.026106311217116138,17.0,3.840909090909091,19.88235294117647,6.746031746031746,25.0
Nyheim Hines,RB,2019,nflreadpy,52.0,199.0,2.0,1,1,14,0.03372636542371765,1,44.0,54,320.0,0.0,2,2,64,307,16,-0.19443291155343387,1,0.23633622624658462,0.17085172880009836,0.07351671604830273,16.0,3.826923076923077,12.4375,7.2727272727272725,20.0
Nyheim Hines,RB,2020,nflreadpy,95.0,455.0,3.0,17,17,17,-0.4369904891698175,17,64.0,17,490.0,4.0,17,17,17,17,17,0.5674016755978353,17,2.5521917172858184,1.0,1.0,17.0,4.7894736842105265,26.764705882352942,7.65625,28.823529411764707
Nyheim Hines,RB,2021,nflreadpy,56.0,276.0,2.0,13,13,13,0.2662950979052825,13,40.0,23,310.0,1.0,14,13,36,46,15,0.2711689856871412,13,0.14002976190476182,0.7924997585240993,0.7702190363577444,17.0,4.928571428571429,16.235294117647058,7.75,18.235294117647058
Nyheim Hines,RB,2022,nflreadpy,24.0,33.0,1.0,0,0,2,-1.1081745680315882,0,32.0,40,252.0,1.0,0,0,130,194,11,0.7682077950990269,0,3.520424471361971,0.06449562076485334,0.02517495290718471,18.0,1.375,1.8333333333333333,7.875,14.0
Nykahi Davenport,RB,2025,college_data,98.0,612.0,7.0,0,0,0,,0,5.0,0,50.0,0.0,0,0,0,0,0,,0,,,,,6.244897959183674,,10.0,
O'Shann Allison,RB,2024,college_data,61.0,237.0,0.0,0,0,0,,0,13.0,0,25.0,0.0,0,0,0,0,0,,0,,,,,3.8852459016393444,,1.9230769230769231,
O'Shawn Ross Jr.,RB,2025,college_data,158.0,852.0,3.0,0,0,0,,0,28.0,0,142.0,2.0,0,0,0,0,0,,0,,,,,5.3924050632911396,,5.071428571428571,
OJ Arnold,RB,2024,college_data,62.0,315.0,3.0,0,0,0,,0,24.0,0,145.0,2.0,0,0,0,0,0,,0,,,,,5.080645161290323,,6.041666666666667,
OJ Arnold,RB,2025,college_data,144.0,1037.0,5.0,0,0,0,,0,21.0,0,212.0,1.0,0,0,0,0,0,,0,,,,,7.201388888888889,,10.095238095238095,
Obasanjo Sanni,RB,2024,college_data,16.0,170.0,1.0,0,0,0,,0,1.0,0,2.0,0.0,0,0,0,0,0,,0,,,,,10.625,,2.0,
Obasanjo Sanni,RB,2025,college_data,23.0,123.0,2.0,0,0,0,,0,1.0,0,3.0,0.0,0,0,0,0,0,,0,,,,,5.3478260869565215,,3.0,
Ofa Mataele,RB,2025,college_data,57.0,252.0,3.0,0,0,0,,0,5.0,0,8.0,0.0,0,0,0,0,0,,0,,,,,4.421052631578948,,1.6,
Ollie Gordon,RB,2024,college_data,189.0,858.0,12.0,0,0,0,,0,30.0,0,201.0,2.0,0,0,0,0,0,,0,,,,,4.5396825396825395,,6.7,
Ollie Gordon II,RB,2025,nflreadpy,70.0,199.0,3.0,0,0,21,-0.5981989874782148,0,7.0,9,32.0,1.0,0,0,-25,57,1,-0.4307973433533334,0,-1.8465277777777778,0.018190517367462338,-0.007543246666393764,17.0,2.842857142857143,11.705882352941176,4.571428571428571,1.8823529411764706
Ollie Gordon II,RB,2026,nflreadpy,20.0,48.0,1.0,0,0,4,-2.7283734762168024,0,3.0,3,14.0,0.0,0,0,-4,18,1,0.29947649396490306,0,-3.5,0.04285714285714286,-0.005089058524173028,2.0,2.4,24.0,4.666666666666667,7.0
Omar Mabson Ii,RB,2025,college_data,16.0,71.0,1.0,0,0,0,,0,4.0,0,42.0,0.0,0,0,0,0,0,,0,,,,,4.4375,,10.5,
Omar Mbakwe,RB,2025,college_data,25.0,78.0,0.0,0,0,0,,0,1.0,0,10.0,0.0,0,0,0,0,0,,0,,,,,3.12,,10.0,
Omarion Hampton,RB,2024,college_data,281.0,1660.0,15.0,0,0,0,,0,38.0,0,373.0,2.0,0,0,0,0,0,,0,,,,,5.907473309608541,,9.81578947368421,
Omarion Hampton,RB,2025,nflreadpy,125.0,544.0,4.0,0,0,31,-0.14755341551574802,0,32.0,35,192.0,1.0,1,0,-54,245,7,-0.06571692038818987,0,-2.1374169040835707,0.1062443254168088,-0.02678131920899175,10.0,4.352,54.4,6.0,19.2
Omarion Hampton,RB,2026,nflreadpy,50.0,193.0,2.0,2,2,13,-5.351481117696191,0,2.0,3,21.0,0.0,0,0,-17,29,1,0.23849484010133892,0,-1.3125,0.035742035742035744,-0.020187231586630678,3.0,3.86,64.33333333333333,10.5,7.0
Omiri Wiggins,RB,2024,college_data,111.0,527.0,4.0,0,0,0,,0,20.0,0,126.0,2.0,0,0,0,0,0,,0,,,,,4.747747747747748,,6.3,
Omiri Wiggins,RB,2025,college_data,97.0,468.0,4.0,0,0,0,,0,11.0,0,61.0,1.0,0,0,0,0,0,,0,,,,,4.824742268041237,,5.545454545454546,
Oscar Adaway III,RB,2024,college_data,77.0,295.0,3.0,0,0,0,,0,15.0,0,145.0,0.0,0,0,0,0,0,,0,,,,,3.831168831168831,,9.666666666666666,
Oscar Adaway III,RB,2025,college_data,41.0,140.0,1.0,0,0,0,,0,8.0,0,72.0,0.0,0,0,0,0,0,,0,,,,,3.4146341463414633,,9.0,
Ousmane Kromah,RB,2025,college_data,72.0,408.0,0.0,0,0,0,,0,9.0,0,147.0,1.0,0,0,0,0,0,,0,,,,,5.666666666666667,,16.333333333333332,
Owen Johnson,RB,2025,college_data,21.0,47.0,0.0,0,0,0,,0,3.0,0,39.0,0.0,0,0,0,0,0,,0,,,,,2.238095238095238,,13.0,
P.J. Prioleau,RB,2025,college_data,13.0,59.0,0.0,0,0,0,,0,13.0,0,90.0,0.0,0,0,0,0,0,,0,,,,,4.538461538461538,,6.923076923076923,
PJ Martin,RB,2024,college_data,13.0,98.0,1.0,0,0,0,,0,3.0,0,33.0,0.0,0,0,0,0,0,,0,,,,,7.538461538461538,,11.0,
PJ Martin,RB,2025,college_data,60.0,326.0,2.0,0,0,0,,0,5.0,0,49.0,0.0,0,0,0,0,0,,0,,,,,5.433333333333334,,9.8,
Parker Jenkins,RB,2024,college_data,17.0,34.0,0.0,0,0,0,,0,3.0,0,7.0,0.0,0,0,0,0,0,,0,,,,,2.0,,2.3333333333333335,
Parker Jenkins,RB,2025,college_data,75.0,256.0,2.0,0,0,0,,0,9.0,0,69.0,0.0,0,0,0,0,0,,0,,,,,3.4133333333333336,,7.666666666666667,
Pat Bowen,RB,2024,college_data,66.0,374.0,3.0,0,0,0,,0,4.0,0,34.0,1.0,0,0,0,0,0,,0,,,,,5.666666666666667,,8.5,
Pat Bowen,RB,2025,college_data,89.0,373.0,4.0,0,0,0,,0,7.0,0,82.0,2.0,0,0,0,0,0,,0,,,,,4.191011235955056,,11.714285714285714,
Pat Garwo III,RB,2024,college_data,55.0,246.0,5.0,0,0,0,,0,11.0,0,48.0,0.0,0,0,0,0,0,,0,,,,,4.472727272727273,,4.363636363636363,
Patrick Boyd Jr.,RB,2024,college_data,40.0,201.0,1.0,0,0,0,,0,7.0,0,37.0,0.0,0,0,0,0,0,,0,,,,,5.025,,5.285714285714286,
Patrick Boyd Jr.,RB,2025,college_data,90.0,420.0,1.0,0,0,0,,0,34.0,0,322.0,2.0,0,0,0,0,0,,0,,,,,4.666666666666667,,9.470588235294118,
Patrick DiMarco,RB,2018,nflreadpy,1.0,9.0,0.0,0,0,1,1.1644803057424724,0,3.0,4,62.0,0.0,0,0,27,35,2,0.739947446345468,0,1.595959595959596,0.015066964285714286,0.008554920689296343,8.0,9.0,1.125,20.666666666666668,7.75
Patrick DiMarco,RB,2019,nflreadpy,3.0,7.0,0.0,1,1,1,-0.3625478184937189,1,5.0,8,41.0,0.0,1,1,33,32,2,-0.06140713987406343,1,-3.1964285714285716,0.1540528624601205,0.1385046334103091,8.0,2.3333333333333335,0.875,8.2,5.125
Patrick Laird,RB,2019,nflreadpy,62.0,168.0,1.0,1,1,8,-2.718926192640353,1,23.0,26,204.0,0.0,1,1,39,130,11,0.7517213174716092,2,0.7169384057971013,0.2044883525193878,0.1418884748759419,8.0,2.7096774193548385,21.0,8.869565217391305,25.5
Patrick Laird,RB,2020,nflreadpy,13.0,72.0,0.0,9,9,9,-0.06898452497747105,9,10.0,9,68.0,0.0,9,9,9,9,9,-0.02804058854518884,9,-2.75614861329147,1.0,1.0,9.0,5.538461538461538,8.0,6.8,7.555555555555555
Patrick Laird,RB,2021,nflreadpy,1.0,4.0,0.0,3,3,3,-0.14823046466335654,3,3.0,3,17.0,0.0,3,3,3,3,3,0.7899093388696201,3,-3.6666666666666665,1.0,1.0,3.0,4.0,1.3333333333333333,5.666666666666667,5.666666666666667
Patrick Ricard,RB,2020,nflreadpy,1.0,-1.0,0.0,11,11,11,-5.424597322533373,11,13.0,11,82.0,1.0,11,11,11,11,11,0.41183108548866587,11,0.8866666666666667,1.0,1.0,11.0,-1.0,-0.09090909090909091,6.3076923076923075,7.454545454545454
Patrick Ricard,RB,2021,nflreadpy,2.0,4.0,0.0,8,8,8,0.35639912134502083,8,8.0,8,63.0,1.0,8,8,8,8,8,-0.528343943117458,8,1.5833333333333333,1.0,1.0,8.0,2.0,0.5,7.875,7.875
Patrick Ricard,RB,2022,nflreadpy,7.0,16.0,0.0,0,0,5,-0.49560149159515277,0,11.0,15,74.0,0.0,0,0,4,72,1,-0.6370410768708643,0,1.976190476190476,0.04139811053296275,0.0005923433848686032,14.0,2.2857142857142856,1.1428571428571428,6.7272727272727275,5.285714285714286
Patrick Ricard,RB,2025,nflreadpy,1.0,3.0,0.0,0,0,1,0.5102673803921789,0,1.0,2,8.0,0.0,0,0,6,2,0,-0.24736987112555653,0,1.3333333333333333,0.017825311942959002,0.006779661016949152,5.0,3.0,0.6,8.0,1.6
Patrick Smith,RB,2024,college_data,205.0,1127.0,13.0,0,0,0,,0,19.0,0,165.0,0.0,0,0,0,0,0,,0,,,,,5.4975609756097565,,8.68421052631579,
Patrick Taylor,RB,2021,nflreadpy,23.0,89.0,1.0,2,2,6,0.07213140942621976,2,2.0,4,3.0,0.0,2,2,0,7,3,1.017791824939195,2,-1.5,0.41142857142857137,0.39814814814814814,5.0,3.869565217391304,17.8,1.5,0.6
Patrick Taylor,RB,2022,nflreadpy,10.0,31.0,0.0,0,0,2,-0.6310232952819206,0,1.0,1,17.0,0.0,0,0,0,17,1,2.6245533504989,0,0.0,0.0043859649122807015,0.0,6.0,3.1,5.166666666666667,17.0,2.8333333333333335
Patrick Taylor,RB,2023,nflreadpy,35.0,147.0,0.0,0,0,7,-0.4683489169227142,0,11.0,17,49.0,0.0,0,0,-8,59,4,-0.7221677005763922,0,3.8095238095238098,0.03953772952204816,-0.0038425077398126974,13.0,4.2,11.307692307692308,4.454545454545454,3.769230769230769
Patrick Taylor,RB,2024,nflreadpy,39.0,183.0,1.0,0,0,11,0.23857366592567414,0,3.0,11,25.0,0.0,0,0,39,19,2,-2.539235479373019,0,1.5277777777777777,0.04369597226740084,0.021561390404673992,7.0,4.6923076923076925,26.142857142857142,8.333333333333334,3.5714285714285716
Paul Holyfield Jr.,RB,2025,college_data,26.0,83.0,0.0,0,0,0,,0,5.0,0,40.0,0.0,0,0,0,0,0,,0,,,,,3.1923076923076925,,8.0,
Paul Neel,RB,2024,college_data,76.0,274.0,3.0,0,0,0,,0,11.0,0,96.0,1.0,0,0,0,0,0,,0,,,,,3.6052631578947367,,8.727272727272727,
Paul Perkins,RB,2019,nflreadpy,12.0,29.0,0.0,0,0,3,-0.9986957300764819,0,1.0,1,9.0,0.0,0,0,-1,10,0,0.6742652673274279,0,-9.0,0.007751937984496124,-0.0010857763300760044,3.0,2.4166666666666665,9.666666666666666,9.0,3.0
Payton Brown,RB,2024,college_data,63.0,310.0,5.0,0,0,0,,0,15.0,0,152.0,1.0,0,0,0,0,0,,0,,,,,4.920634920634921,,10.133333333333333,
Payton Brown,RB,2025,college_data,55.0,201.0,1.0,0,0,0,,0,9.0,0,72.0,0.0,0,0,0,0,0,,0,,,,,3.6545454545454548,,8.0,
Peny Boone,RB,2024,college_data,34.0,208.0,2.0,0,0,0,,0,1.0,0,9.0,0.0,0,0,0,0,0,,0,,,,,6.117647058823529,,9.0,
Peyton Barber,RB,2018,nflreadpy,234.0,871.0,5.0,1,1,41,-2.6746959716236995,0,20.0,29,92.0,1.0,0,0,40,64,4,-0.11955233601994612,0,0.7392857142857142,0.047411542219689684,0.006479003808524007,16.0,3.7222222222222223,54.4375,4.6,5.75
Peyton Barber,RB,2019,nflreadpy,154.0,470.0,6.0,2,2,24,-2.1753193631001233,2,16.0,21,115.0,1.0,1,1,29,92,4,-0.27016946983349044,1,0.640079365079365,0.0964459626616959,0.0671068984039277,16.0,3.051948051948052,29.375,7.1875,7.1875
Peyton Barber,RB,2020,nflreadpy,94.0,258.0,4.0,15,15,15,-0.38814744426913206,15,4.0,15,12.0,0.0,15,15,15,15,15,-0.5551650747191161,15,0.9416666666666667,1.0,1.0,15.0,2.74468085106383,17.2,3.0,0.8
Peyton Barber,RB,2021,nflreadpy,55.0,212.0,2.0,8,7,9,-1.2334528125627684,7,10.0,10,67.0,0.0,7,7,7,16,7,-0.007362958955733727,7,-0.3296296296296296,0.71025,0.6980720236865661,10.0,3.8545454545454545,21.2,6.7,6.7
Peyton Jones,RB,2024,college_data,82.0,317.0,3.0,0,0,0,,0,8.0,0,94.0,1.0,0,0,0,0,0,,0,,,,,3.8658536585365852,,11.75,
Peyton Jones,RB,2025,college_data,10.0,34.0,1.0,0,0,0,,0,3.0,0,23.0,0.0,0,0,0,0,0,,0,,,,,3.4,,7.666666666666667,
Peyton Lewis,RB,2024,college_data,64.0,339.0,3.0,0,0,0,,0,4.0,0,14.0,0.0,0,0,0,0,0,,0,,,,,5.296875,,3.5,
Peyton Lewis,RB,2025,college_data,70.0,290.0,7.0,0,0,0,,0,4.0,0,42.0,0.0,0,0,0,0,0,,0,,,,,4.142857142857143,,10.5,
Phil Mafah,RB,2024,college_data,216.0,1115.0,8.0,0,0,0,,0,21.0,0,103.0,0.0,0,0,0,0,0,,0,,,,,5.162037037037037,,4.904761904761905,
Phil Mafah,RB,2025,nflreadpy,5.0,18.0,1.0,0,0,2,1.0730276003014296,0,2.0,2,11.0,0.0,0,0,-11,22,1,-0.13909286505077034,0,-1.0,0.08695652173913043,-0.06179775280898876,1.0,3.6,18.0,5.5,11.0
Phillip Lindsay,RB,2018,nflreadpy,192.0,1037.0,9.0,0,0,49,0.34044992369788757,0,35.0,47,241.0,1.0,0,0,-43,298,12,0.004026285105287781,0,-0.8166666666666664,0.08621282257954584,-0.012654323126163982,15.0,5.401041666666667,69.13333333333334,6.885714285714286,16.066666666666666
Phillip Lindsay,RB,2019,nflreadpy,224.0,1011.0,7.0,1,1,39,-0.7320906725046633,1,35.0,48,196.0,0.0,1,1,-67,244,10,-0.1843113176660457,1,-3.4664270253555967,0.1615012594284573,0.04272821200007275,16.0,4.513392857142857,63.1875,5.6,12.25
Phillip Lindsay,RB,2020,nflreadpy,118.0,502.0,1.0,11,11,11,-1.7086958307931623,11,7.0,11,28.0,0.0,11,11,11,11,11,-0.5978020372484545,11,-0.08253968253968251,1.0,1.0,11.0,4.254237288135593,45.63636363636363,4.0,2.5454545454545454
Phillip Lindsay,RB,2021,nflreadpy,88.0,249.0,1.0,11,11,14,-1.6408746579088205,11,4.0,12,45.0,1.0,11,11,10,20,11,0.9872759460558882,11,-4.625,0.7875939849624061,0.7855258198266114,14.0,2.8295454545454546,17.785714285714285,11.25,3.2142857142857144
Phillip Lindsay,RB,2022,nflreadpy,15.0,49.0,0.0,0,0,1,-0.5886173868056698,1,6.0,8,19.0,0.0,0,0,17,11,0,-0.506164692613917,0,0.2333333333333333,0.06679894179894179,0.020405423546784804,3.0,3.2666666666666666,16.333333333333332,3.1666666666666665,6.333333333333333
Pierre Strong,RB,2022,nflreadpy,10.0,100.0,1.0,0,0,5,1.912394262442831,0,7.0,7,42.0,0.0,0,0,4,38,3,0.33340626731902984,0,-6.0,0.02251221896383187,0.0007275051747230001,10.0,10.0,10.0,6.0,4.2
Pierre Strong,RB,2023,nflreadpy,63.0,291.0,1.0,1,1,10,-0.8366950952297864,0,5.0,8,47.0,0.0,0,0,-5,73,1,-0.31898995088080745,0,-1.1147959183673468,0.014196763897380744,-0.0020662772605218455,16.0,4.619047619047619,18.1875,9.4,2.9375
Pierre Strong,RB,2024,nflreadpy,26.0,108.0,0.0,0,0,6,-0.1684593026810843,0,14.0,22,104.0,0.0,0,0,6,123,3,-0.3054710811252409,0,-1.5727207977207978,0.04755862058043847,0.0018938065290315766,13.0,4.153846153846154,8.307692307692308,7.428571428571429,8.0
Plez Lawrence,RB,2024,college_data,107.0,412.0,3.0,0,0,0,,0,23.0,0,218.0,3.0,0,0,0,0,0,,0,,,,,3.850467289719626,,9.478260869565217,
Plez Lawrence,RB,2025,college_data,59.0,252.0,3.0,0,0,0,,0,7.0,0,118.0,2.0,0,0,0,0,0,,0,,,,,4.271186440677966,,16.857142857142858,
Pokaiaua Haunga,RB,2024,college_data,17.0,76.0,0.0,0,0,0,,0,5.0,0,43.0,0.0,0,0,0,0,0,,0,,,,,4.470588235294118,,8.6,
Preston Landis,RB,2025,college_data,4.0,8.0,1.0,0,0,0,,0,1.0,0,14.0,0.0,0,0,0,0,0,,0,,,,,2.0,,14.0,
Preston Rex,RB,2025,college_data,13.0,30.0,0.0,0,0,0,,0,3.0,0,50.0,0.0,0,0,0,0,0,,0,,,,,2.3076923076923075,,16.666666666666668,
Q Jones,RB,2024,college_data,153.0,682.0,3.0,0,0,0,,0,5.0,0,45.0,1.0,0,0,0,0,0,,0,,,,,4.457516339869281,,9.0,
Q'Darryius Jennings,RB,2024,college_data,88.0,420.0,2.0,0,0,0,,0,17.0,0,122.0,0.0,0,0,0,0,0,,0,,,,,4.7727272727272725,,7.176470588235294,
Q'Darryius Jennings,RB,2025,college_data,89.0,597.0,10.0,0,0,0,,0,15.0,0,95.0,1.0,0,0,0,0,0,,0,,,,,6.707865168539326,,6.333333333333333,
Qadree Ollison,RB,2019,nflreadpy,22.0,50.0,4.0,2,1,6,0.04629597549986405,1,1.0,3,7.0,0.0,1,1,4,4,2,0.003649786056485027,1,0.875,0.17518766484073847,0.1673513831918754,6.0,2.272727272727273,8.333333333333334,7.0,1.1666666666666667
Qadree Ollison,RB,2021,nflreadpy,21.0,105.0,1.0,3,3,6,-0.7859383477383138,3,4.0,5,12.0,0.0,3,3,4,4,3,-1.0335285832115915,3,0.8333333333333333,0.510931899641577,0.5009909868304585,6.0,5.0,17.5,3.0,2.0
Qua Ashley,RB,2024,college_data,122.0,409.0,1.0,0,0,0,,0,28.0,0,255.0,1.0,0,0,0,0,0,,0,,,,,3.3524590163934427,,9.107142857142858,
Qua Ashley,RB,2025,college_data,118.0,547.0,4.0,0,0,0,,0,21.0,0,107.0,2.0,0,0,0,0,0,,0,,,,,4.635593220338983,,5.095238095238095,
QuaSean Holmes,RB,2024,college_data,97.0,395.0,4.0,0,0,0,,0,22.0,0,178.0,3.0,0,0,0,0,0,,0,,,,,4.072164948453608,,8.090909090909092,
QuaSean Holmes,RB,2025,college_data,204.0,969.0,5.0,0,0,0,,0,19.0,0,166.0,2.0,0,0,0,0,0,,0,,,,,4.75,,8.736842105263158,
Quaid Carr,RB,2025,college_data,4.0,14.0,0.0,0,0,0,,0,1.0,0,5.0,0.0,0,0,0,0,0,,0,,,,,3.5,,5.0,
Qualan Jones,RB,2024,college_data,147.0,779.0,8.0,0,0,0,,0,13.0,0,80.0,0.0,0,0,0,0,0,,0,,,,,5.299319727891157,,6.153846153846154,
Quali Conley,RB,2024,college_data,150.0,745.0,8.0,0,0,0,,0,39.0,0,245.0,1.0,0,0,0,0,0,,0,,,,,4.966666666666667,,6.282051282051282,
Quante Jennings,RB,2024,college_data,90.0,631.0,4.0,0,0,0,,0,11.0,0,66.0,0.0,0,0,0,0,0,,0,,,,,7.011111111111111,,6.0,
Quincy Craig,RB,2024,college_data,115.0,602.0,5.0,0,0,0,,0,33.0,0,305.0,5.0,0,0,0,0,0,,0,,,,,5.234782608695652,,9.242424242424242,
Quincy Craig,RB,2025,college_data,65.0,364.0,2.0,0,0,0,,0,14.0,0,114.0,1.0,0,0,0,0,0,,0,,,,,5.6,,8.142857142857142,
Quinshon Judkins,RB,2024,college_data,194.0,1060.0,14.0,0,0,0,,0,22.0,0,161.0,2.0,0,0,0,0,0,,0,,,,,5.463917525773196,,7.318181818181818,
Quinshon Judkins,RB,2025,nflreadpy,230.0,827.0,7.0,0,0,50,-1.7930622091787018,1,26.0,36,171.0,0.0,0,0,-15,194,7,-0.6076647532026982,0,-1.5790043290043292,0.08277338689283853,-0.007418599839964408,14.0,3.5956521739130434,59.07142857142857,6.576923076923077,12.214285714285714
Quinshon Judkins,RB,2026,nflreadpy,59.0,177.0,1.0,0,0,8,-4.261208702781005,0,15.0,16,96.0,0.0,0,0,-28,121,5,1.1024457188977976,0,2.314583333333333,0.1340909090909091,-0.04108319656683118,4.0,3.0,44.25,6.4,24.0
Quintell Quinn,RB,2025,college_data,101.0,698.0,9.0,0,0,0,,0,5.0,0,30.0,0.0,0,0,0,0,0,,0,,,,,6.910891089108911,,6.0,
Quinten Joyner,RB,2024,college_data,63.0,478.0,3.0,0,0,0,,0,12.0,0,89.0,1.0,0,0,0,0,0,,0,,,,,7.587301587301587,,7.416666666666667,
Quinton Cooley,RB,2024,college_data,205.0,1254.0,13.0,0,0,0,,0,1.0,0,9.0,0.0,0,0,0,0,0,,0,,,,,6.117073170731707,,9.0,
Quinton Jackson,RB,2024,college_data,48.0,275.0,1.0,0,0,0,,0,11.0,0,69.0,1.0,0,0,0,0,0,,0,,,,,5.729166666666667,,6.2727272727272725,
Quinton Jackson,RB,2025,college_data,180.0,889.0,6.0,0,0,0,,0,4.0,0,74.0,1.0,0,0,0,0,0,,0,,,,,4.938888888888889,,18.5,
Quinton Martin Jr.,RB,2024,college_data,13.0,32.0,0.0,0,0,0,,0,3.0,0,18.0,0.0,0,0,0,0,0,,0,,,,,2.4615384615384617,,6.0,
Quinton Martin Jr.,RB,2025,college_data,20.0,103.0,0.0,0,0,0,,0,1.0,0,-4.0,0.0,0,0,0,0,0,,0,,,,,5.15,,-4.0,
Quran Boyd,RB,2024,college_data,2.0,0.0,0.0,0,0,0,,0,1.0,0,1.0,0.0,0,0,0,0,0,,0,,,,,0.0,,1.0,
Quran Gossett,RB,2025,college_data,69.0,340.0,7.0,0,0,0,,0,13.0,0,101.0,0.0,0,0,0,0,0,,0,,,,,4.927536231884058,,7.769230769230769,
Qwentin Brown,RB,2024,college_data,31.0,71.0,8.0,0,0,0,,0,4.0,0,50.0,0.0,0,0,0,0,0,,0,,,,,2.2903225806451615,,12.5,
Qwentin Brown,RB,2025,college_data,61.0,233.0,5.0,0,0,0,,0,12.0,0,53.0,0.0,0,0,0,0,0,,0,,,,,3.819672131147541,,4.416666666666667,
RJ Baker,RB,2025,college_data,2.0,2.0,0.0,0,0,0,,0,1.0,0,-6.0,0.0,0,0,0,0,0,,0,,,,,1.0,,-6.0,
RJ Carver,RB,2024,college_data,28.0,155.0,1.0,0,0,0,,0,2.0,0,22.0,1.0,0,0,0,0,0,,0,,,,,5.535714285714286,,11.0,
RJ Harvey,RB,2024,college_data,232.0,1577.0,22.0,0,0,0,,0,20.0,0,267.0,3.0,0,0,0,0,0,,0,,,,,6.797413793103448,,13.35,
RJ Harvey,RB,2025,nflreadpy,165.0,597.0,7.0,1,1,30,-1.402224451033955,0,56.0,70,424.0,5.0,0,0,58,426,21,0.8770494010856662,0,1.1245813472673725,0.1105527557602801,-0.0003044476245077614,19.0,3.618181818181818,31.42105263157895,7.571428571428571,22.31578947368421
RJ Harvey,RB,2026,nflreadpy,5.0,24.0,0.0,0,0,1,0.1594118889188394,0,10.0,11,64.0,0.0,0,0,-33,99,1,0.047729763406096026,0,-2.3863636363636362,0.1869772998805257,-0.14929494712103408,2.0,4.8,12.0,6.4,32.0
Rachaad White,RB,2022,nflreadpy,136.0,522.0,1.0,1,1,30,-0.9628268543396227,0,54.0,64,326.0,2.0,1,1,-32,356,15,0.6585839084174949,0,-2.484021164021164,0.07767843130660503,-0.0058650798352336865,18.0,3.838235294117647,29.0,6.037037037037037,18.11111111111111
Rachaad White,RB,2023,nflreadpy,299.0,1117.0,6.0,2,1,55,-2.3543353348557745,0,69.0,78,588.0,4.0,1,1,-27,659,26,1.4046339665580736,0,1.1289453236821658,0.12270075232858417,-0.0066527477844041056,19.0,3.7357859531772575,58.78947368421053,8.521739130434783,30.94736842105263
Rachaad White,RB,2024,nflreadpy,145.0,614.0,3.0,2,2,35,-0.9982297176232393,0,53.0,59,407.0,6.0,1,1,-105,526,18,0.7781612585601637,0,-2.5164017769864544,0.11328984928582755,-0.04156485999307868,16.0,4.23448275862069,38.375,7.679245283018868,25.4375
Rachaad White,RB,2025,nflreadpy,132.0,572.0,4.0,0,0,37,0.6134554947238375,0,40.0,45,218.0,0.0,0,0,-102,329,10,-0.10655775058470768,0,-2.174687567334626,0.08261293883695534,-0.026503196228096243,17.0,4.333333333333333,33.64705882352941,5.45,12.823529411764707
Rachaad White,RB,2026,nflreadpy,22.0,100.0,0.0,0,0,6,-0.2547488534513649,0,9.0,9,51.0,1.0,0,0,4,47,2,0.3202039690678185,0,1.8333333333333333,0.09292314627000225,0.004977309874949911,3.0,4.545454545454546,33.333333333333336,5.666666666666667,17.0
Raheem Blackshear,RB,2022,nflreadpy,23.0,77.0,3.0,0,0,7,0.18140264945187873,0,10.0,12,93.0,0.0,0,0,-22,105,3,0.15344433411276745,0,-8.418650793650793,0.03674089983387896,-0.012690971664771457,13.0,3.347826086956522,5.923076923076923,9.3,7.153846153846154
Raheem Blackshear,RB,2023,nflreadpy,14.0,46.0,0.0,0,0,1,-0.42998726604807225,1,6.0,7,45.0,0.0,0,0,13,38,1,-0.4108842906076461,0,0.3142857142857143,0.023558483259621777,0.004181335309739979,9.0,3.2857142857142856,5.111111111111111,7.5,5.0
Raheem Mostert,RB,2018,nflreadpy,34.0,261.0,1.0,1,1,13,0.05868966388516128,0,6.0,7,25.0,0.0,0,0,-4,44,1,-0.31472599210974295,0,-0.9984848484848484,0.029629629629629627,-0.001974389436661464,8.0,7.676470588235294,32.625,4.166666666666667,3.125
Raheem Mostert,RB,2019,nflreadpy,190.0,1108.0,13.0,4,4,34,1.3182603317988253,3,17.0,25,188.0,2.0,3,3,48,158,9,0.4832039903949451,3,-0.8072261072261071,0.20067780126756088,0.16977528249125692,19.0,5.831578947368421,58.31578947368421,11.058823529411764,9.894736842105264
Raheem Mostert,RB,2020,nflreadpy,104.0,521.0,2.0,8,8,8,-1.328639276598551,8,16.0,8,156.0,1.0,8,8,8,8,8,0.7709556038025767,8,0.8779090583601862,1.0,1.0,8.0,5.009615384615385,65.125,9.75,19.5
Raheem Mostert,RB,2022,nflreadpy,181.0,891.0,3.0,1,1,44,-0.06173988902082783,0,31.0,42,202.0,2.0,0,0,48,179,11,0.09568202324013336,0,1.4712698412698413,0.080227487232365,0.009593160360133569,16.0,4.922651933701657,55.6875,6.516129032258065,12.625
Raheem Mostert,RB,2023,nflreadpy,217.0,1045.0,18.0,2,1,61,1.0508106885845336,0,26.0,34,172.0,3.0,2,0,-32,216,6,-0.25029625395638333,0,0.289681225207541,0.06821143965983396,-0.012112551616145405,16.0,4.815668202764977,65.3125,6.615384615384615,10.75
Raheem Mostert,RB,2024,nflreadpy,85.0,278.0,2.0,2,2,13,-2.745402009618211,0,19.0,23,161.0,0.0,0,0,14,146,10,1.1045758106391799,0,1.7151797385620913,0.05359137716330055,0.0051866340424180195,13.0,3.2705882352941176,21.384615384615383,8.473684210526315,12.384615384615385
Raheem Mostert,RB,2025,nflreadpy,22.0,104.0,0.0,0,0,5,-1.1319056832157564,0,12.0,12,70.0,0.0,0,0,-16,86,6,0.16229713887959304,0,-2.299382716049383,0.0349182310637419,-0.007630915010473439,12.0,4.7272727272727275,8.666666666666666,5.833333333333333,5.833333333333333
Raheim Sanders,RB,2024,college_data,183.0,881.0,11.0,0,0,0,,0,27.0,0,316.0,2.0,0,0,0,0,0,,0,,,,,4.814207650273224,,11.703703703703704,
Raheim Sanders,RB,2025,nflreadpy,27.0,92.0,1.0,0,0,7,0.22521224725642242,0,3.0,4,21.0,0.0,0,0,14,14,0,0.3967358199103425,0,-0.46581196581196577,0.04290315159880377,0.025514312004995234,4.0,3.4074074074074074,23.0,7.0,5.25
Raheim Sanders,RB,2026,nflreadpy,6.0,31.0,0.0,0,0,1,-0.06375983772886684,0,10.0,11,73.0,0.0,0,0,-16,88,3,0.06427324051037431,0,0.47083333333333327,0.09924242424242424,-0.01998441250185802,4.0,5.166666666666667,7.75,7.3,18.25
Rahjai Harris,RB,2024,college_data,206.0,1166.0,11.0,0,0,0,,0,15.0,0,91.0,0.0,0,0,0,0,0,,0,,,,,5.660194174757281,,6.066666666666666,
Rahmir Johnson,RB,2024,college_data,54.0,260.0,1.0,0,0,0,,0,21.0,0,179.0,1.0,0,0,0,0,0,,0,,,,,4.814814814814815,,8.523809523809524,
Rahsul Faison,RB,2024,college_data,198.0,1109.0,8.0,0,0,0,,0,22.0,0,99.0,0.0,0,0,0,0,0,,0,,,,,5.601010101010101,,4.5,
Rahsul Faison,RB,2025,college_data,96.0,470.0,3.0,0,0,0,,0,19.0,0,118.0,0.0,0,0,0,0,0,,0,,,,,4.895833333333333,,6.2105263157894735,
Raleek Brown,RB,2024,college_data,9.0,42.0,0.0,0,0,0,,0,3.0,0,6.0,0.0,0,0,0,0,0,,0,,,,,4.666666666666667,,2.0,
Raleek Brown,RB,2025,college_data,186.0,1141.0,4.0,0,0,0,,0,34.0,0,239.0,2.0,0,0,0,0,0,,0,,,,,6.134408602150538,,7.029411764705882,
Ramon McKinney Jr.,RB,2025,college_data,8.0,36.0,0.0,0,0,0,,0,5.0,0,94.0,1.0,0,0,0,0,0,,0,,,,,4.5,,18.8,
Ramone Green Jr.,RB,2024,college_data,2.0,1.0,0.0,0,0,0,,0,1.0,0,6.0,0.0,0,0,0,0,0,,0,,,,,0.5,,6.0,
Ramone Green Jr.,RB,2025,college_data,52.0,278.0,1.0,0,0,0,,0,29.0,0,446.0,3.0,0,0,0,0,0,,0,,,,,5.346153846153846,,15.379310344827585,
Ran Sawyer,RB,2025,college_data,3.0,7.0,0.0,0,0,0,,0,3.0,0,84.0,0.0,0,0,0,0,0,,0,,,,,2.3333333333333335,,28.0,
Randall Nauden,RB,2025,college_data,119.0,558.0,5.0,0,0,0,,0,6.0,0,48.0,0.0,0,0,0,0,0,,0,,,,,4.689075630252101,,8.0,
Raphael Ekechi,RB,2025,college_data,92.0,344.0,2.0,0,0,0,,0,17.0,0,65.0,0.0,0,0,0,0,0,,0,,,,,3.739130434782609,,3.823529411764706,
Rashaad Penny,RB,2018,nflreadpy,89.0,448.0,2.0,0,0,20,-0.17639524085321823,0,9.0,12,75.0,0.0,0,0,6,73,3,-1.8356120180833386,0,-2.0625,0.02715420106724455,0.0008334571436605757,14.0,5.033707865168539,32.0,8.333333333333334,5.357142857142857
Rashaad Penny,RB,2019,nflreadpy,65.0,370.0,3.0,1,1,16,0.5431311204301892,0,8.0,11,83.0,1.0,0,0,25,91,3,0.7411629482230637,0,-1.2027777777777777,0.04197866079858317,0.009123948901541543,9.0,5.6923076923076925,41.111111111111114,10.375,9.222222222222221
Rashaad Penny,RB,2021,nflreadpy,119.0,749.0,6.0,6,6,28,1.1201961654747095,6,6.0,12,48.0,0.0,6,6,-7,37,8,0.14595966167131041,6,-4.428571428571429,0.6215608465608466,0.5955235315989318,10.0,6.294117647058823,74.9,8.0,4.8
Rashaad Penny,RB,2022,nflreadpy,57.0,346.0,2.0,1,0,15,2.628897815931123,0,4.0,5,16.0,0.0,0,0,-12,28,2,0.35637880987875786,0,1.5083333333333335,0.0336642284918147,-0.012913295577130529,5.0,6.0701754385964914,69.2,4.0,3.2
Rashaad Penny,RB,2023,nflreadpy,11.0,33.0,0.0,0,0,1,-1.0981248040916398,0,1.0,1,5.0,0.0,0,0,-1,6,0,-0.1015213041100651,0,-5.0,0.015151515151515152,-0.0016025641025641027,3.0,3.0,11.0,5.0,1.6666666666666667
Rashad Amos,RB,2025,college_data,63.0,267.0,2.0,0,0,0,,0,10.0,0,70.0,0.0,0,0,0,0,0,,0,,,,,4.238095238095238,,7.0,
Rashad Raymond,RB,2024,college_data,24.0,47.0,2.0,0,0,0,,0,2.0,0,6.0,0.0,0,0,0,0,0,,0,,,,,1.9583333333333333,,3.0,
Rashad Raymond,RB,2025,college_data,149.0,781.0,8.0,0,0,0,,0,17.0,0,105.0,0.0,0,0,0,0,0,,0,,,,,5.241610738255034,,6.176470588235294,
Rashawn Marshall,RB,2025,college_data,127.0,669.0,4.0,0,0,0,,0,21.0,0,147.0,1.0,0,0,0,0,0,,0,,,,,5.267716535433071,,7.0,
Rasheen Ali,RB,2025,nflreadpy,7.0,24.0,0.0,0,0,1,-0.9303616426041117,0,9.0,11,68.0,1.0,0,0,-1,83,2,-0.15599890786622872,0,2.3692307692307693,0.036505050505050506,1.944415523546239e-05,15.0,3.4285714285714284,1.6,7.555555555555555,4.533333333333333
Rashod Dubinion,RB,2024,college_data,56.0,335.0,2.0,0,0,0,,0,16.0,0,122.0,0.0,0,0,0,0,0,,0,,,,,5.982142857142857,,7.625,
Rashod Dubinion,RB,2025,college_data,174.0,868.0,4.0,0,0,0,,0,27.0,0,170.0,0.0,0,0,0,0,0,,0,,,,,4.988505747126437,,6.296296296296297,
Rashon Brown,RB,2025,college_data,23.0,131.0,1.0,0,0,0,,0,1.0,0,7.0,0.0,0,0,0,0,0,,0,,,,,5.695652173913044,,7.0,
Ravon Moore,RB,2025,college_data,5.0,20.0,0.0,0,0,0,,0,2.0,0,10.0,0.0,0,0,0,0,0,,0,,,,,4.0,,5.0,
Ray Davis,RB,2024,nflreadpy,120.0,478.0,4.0,1,0,27,-0.20781058372156702,0,17.0,19,189.0,3.0,0,0,16,164,8,1.2399106759306353,0,5.104001322751323,0.03537384141710507,0.0035917604649246273,20.0,3.9833333333333334,23.9,11.117647058823529,9.45
Ray Davis,RB,2025,nflreadpy,58.0,275.0,0.0,0,0,15,0.13505360862473026,0,12.0,15,119.0,2.0,0,0,-7,140,8,0.5999779429912567,0,-0.6315476190476191,0.028080471101066064,0.002041623386112251,19.0,4.741379310344827,14.473684210526315,9.916666666666666,6.2631578947368425
Ray Davis,RB,2026,nflreadpy,2.0,6.0,0.0,0,0,0,-0.15763710194732994,0,1.0,1,4.0,0.0,0,0,-7,11,0,-0.25414077402092516,0,-0.5714285714285714,0.011111111111111112,-0.008333333333333333,3.0,3.0,2.0,4.0,1.3333333333333333
Rayshon Luke,RB,2024,college_data,4.0,13.0,0.0,0,0,0,,0,6.0,0,52.0,0.0,0,0,0,0,0,,0,,,,,3.25,,8.666666666666666,
Rayshon Luke,RB,2025,college_data,110.0,699.0,6.0,0,0,0,,0,36.0,0,228.0,2.0,0,0,0,0,0,,0,,,,,6.3545454545454545,,6.333333333333333,
Re'Shaun Sanford II,RB,2024,college_data,94.0,444.0,1.0,0,0,0,,0,18.0,0,157.0,0.0,0,0,0,0,0,,0,,,,,4.723404255319149,,8.722222222222221,
Reggie Bonnafon,RB,2019,nflreadpy,16.0,116.0,1.0,1,1,3,0.34580232580525,1,6.0,8,57.0,0.0,1,1,21,20,1,-2.02741563404561,1,1.975,0.1071131092407688,0.09575454861215275,11.0,7.25,10.545454545454545,9.5,5.181818181818182
Reggie Bonnafon,RB,2020,nflreadpy,12.0,69.0,0.0,2,2,2,0.8078946174064185,2,2.0,2,18.0,1.0,2,2,2,2,2,2.771653729316313,2,-9.0,1.0,1.0,2.0,5.75,34.5,9.0,9.0
Reggie Bonnafon,RB,2021,nflreadpy,1.0,4.0,0.0,0,0,0,-0.20132634870242327,0,2.0,2,12.0,0.0,0,0,3,9,1,0.7519009820534848,0,4.0,0.046511627906976744,0.007731958762886598,1.0,4.0,4.0,6.0,12.0
Reggie Branch,RB,2024,college_data,6.0,18.0,0.0,0,0,0,,0,2.0,0,12.0,0.0,0,0,0,0,0,,0,,,,,3.0,,6.0,
Reggie Branch,RB,2025,college_data,6.0,27.0,0.0,0,0,0,,0,1.0,0,5.0,0.0,0,0,0,0,0,,0,,,,,4.5,,5.0,
Reggie Davis,RB,2024,college_data,206.0,842.0,5.0,0,0,0,,0,6.0,0,66.0,1.0,0,0,0,0,0,,0,,,,,4.087378640776699,,11.0,
Reggie Davis,RB,2025,college_data,144.0,839.0,10.0,0,0,0,,0,20.0,0,152.0,1.0,0,0,0,0,0,,0,,,,,5.826388888888889,,7.6,
Reggie Gilliam,RB,2021,nflreadpy,3.0,3.0,0.0,6,6,6,-1.6003160690888762,6,6.0,11,35.0,0.0,6,6,5,30,6,-0.012130517096790885,6,-0.2857142857142857,0.6139532090229765,0.5994869477746014,10.0,1.0,0.3,5.833333333333333,3.5
Reggie Gilliam,RB,2025,nflreadpy,2.0,4.0,0.0,0,0,1,-0.2606585518515203,0,2.0,2,24.0,0.0,0,0,22,2,1,-0.028205732315313092,0,1.5238095238095237,0.006087662337662337,0.010158074392288942,11.0,2.0,0.36363636363636365,12.0,2.1818181818181817
Reggie Love III,RB,2024,college_data,83.0,372.0,2.0,0,0,0,,0,7.0,0,21.0,0.0,0,0,0,0,0,,0,,,,,4.481927710843373,,3.0,
Reid Watkins,RB,2025,college_data,72.0,280.0,1.0,0,0,0,,0,7.0,0,46.0,0.0,0,0,0,0,0,,0,,,,,3.888888888888889,,6.571428571428571,
Rex Burkhead,RB,2018,nflreadpy,80.0,282.0,3.0,1,0,18,-1.3655506798124406,0,21.0,27,176.0,1.0,1,1,48,161,5,-0.3136640620579617,0,2.0834615384615383,0.07606349513464138,0.013382016620023683,11.0,3.525,25.636363636363637,8.380952380952381,16.0
Rex Burkhead,RB,2019,nflreadpy,68.0,306.0,3.0,1,1,19,-0.017750321277627885,1,30.0,39,311.0,0.0,2,2,124,230,11,-0.132131838406037,1,3.744460218870157,0.14650760915690628,0.09875977544055943,14.0,4.5,21.857142857142858,10.366666666666667,22.214285714285715
Rex Burkhead,RB,2020,nflreadpy,67.0,274.0,3.0,10,10,10,0.41124338256859405,10,25.0,10,192.0,3.0,10,10,10,10,10,0.10239451731953808,10,10.778326023391813,1.0,1.0,10.0,4.08955223880597,27.4,7.68,19.2
Rex Burkhead,RB,2021,nflreadpy,122.0,427.0,3.0,13,12,27,-0.4759513027992481,12,25.0,24,186.0,0.0,12,12,39,61,15,0.3217511079903172,12,1.8577725304998032,0.8266049382716049,0.8060047818237273,15.0,3.5,28.466666666666665,7.44,12.4
Rex Burkhead,RB,2022,nflreadpy,26.0,80.0,0.0,0,0,4,-0.9728203797962384,0,37.0,51,204.0,1.0,0,0,75,214,8,-1.5926921789186443,0,1.7231766381766385,0.10321115735767492,0.018459615271810496,15.0,3.076923076923077,5.333333333333333,5.513513513513513,13.6
Rhamondre Stevenson,RB,2021,nflreadpy,141.0,633.0,5.0,10,9,20,0.22034207940600206,9,18.0,16,156.0,0.0,9,9,1,58,11,-0.08723697462119162,9,-5.426666666666667,0.7079753579753579,0.6905533899955099,13.0,4.48936170212766,48.69230769230769,8.666666666666666,12.0
Rhamondre Stevenson,RB,2022,nflreadpy,210.0,1040.0,5.0,2,1,49,-0.5630209178368908,0,69.0,88,421.0,1.0,2,0,-14,488,13,-0.6925609151903085,0,0.21437908496732025,0.17108167075739655,-0.003637547338010654,17.0,4.9523809523809526,61.1764705882353,6.101449275362318,24.764705882352942
Rhamondre Stevenson,RB,2023,nflreadpy,156.0,619.0,4.0,1,1,36,-1.071248238675697,0,38.0,51,238.0,0.0,0,0,13,261,8,-1.501385903070397,0,-0.060606060606060594,0.12928534592404223,-0.003059490280203353,12.0,3.967948717948718,51.583333333333336,6.2631578947368425,19.833333333333332
Rhamondre Stevenson,RB,2024,nflreadpy,207.0,801.0,7.0,6,3,40,-2.5237168638816807,0,33.0,41,168.0,1.0,1,0,-41,237,8,0.5275490987501039,2,0.9878533231474407,0.09121287973085865,-0.01090306699564411,15.0,3.869565217391304,53.4,5.090909090909091,11.2
Rhamondre Stevenson,RB,2025,nflreadpy,188.0,820.0,7.0,2,2,40,-1.432721031086278,1,44.0,52,471.0,3.0,1,1,168,403,17,1.0214141808369623,1,2.5853811584625537,0.10566353982400323,0.03897367916411227,18.0,4.361702127659575,45.55555555555556,10.704545454545455,26.166666666666668
Rhamondre Stevenson,RB,2026,nflreadpy,44.0,163.0,1.0,0,0,12,-0.7046938842831878,0,12.0,16,90.0,0.0,1,1,-7,100,1,-1.1943348170220565,1,-3.270833333333333,0.13191884280593957,-0.005693040141655654,4.0,3.7045454545454546,40.75,7.5,22.5
Ricardo Lagares Jr.,RB,2025,college_data,23.0,112.0,0.0,0,0,0,,0,1.0,0,7.0,0.0,0,0,0,0,0,,0,,,,,4.869565217391305,,7.0,
Richard Reese,RB,2024,college_data,58.0,241.0,1.0,0,0,0,,0,6.0,0,41.0,0.0,0,0,0,0,0,,0,,,,,4.155172413793103,,6.833333333333333,
Richard Reese,RB,2025,college_data,73.0,448.0,3.0,0,0,0,,0,6.0,0,94.0,1.0,0,0,0,0,0,,0,,,,,6.136986301369863,,15.666666666666666,
Richard Young,RB,2024,college_data,27.0,146.0,2.0,0,0,0,,0,1.0,0,7.0,0.0,0,0,0,0,0,,0,,,,,5.407407407407407,,7.0,
Richard Young,RB,2025,college_data,23.0,64.0,2.0,0,0,0,,0,1.0,0,6.0,0.0,0,0,0,0,0,,0,,,,,2.782608695652174,,6.0,
Rickey Hunt,RB,2024,college_data,76.0,393.0,2.0,0,0,0,,0,6.0,0,23.0,0.0,0,0,0,0,0,,0,,,,,5.171052631578948,,3.8333333333333335,
Rickey Hunt,RB,2025,college_data,34.0,111.0,1.0,0,0,0,,0,13.0,0,94.0,0.0,0,0,0,0,0,,0,,,,,3.264705882352941,,7.230769230769231,
Rickey Spruill,RB,2024,college_data,119.0,612.0,4.0,0,0,0,,0,20.0,0,204.0,3.0,0,0,0,0,0,,0,,,,,5.142857142857143,,10.2,
Ricky Parks,RB,2025,college_data,90.0,334.0,1.0,0,0,0,,0,11.0,0,36.0,0.0,0,0,0,0,0,,0,,,,,3.7111111111111112,,3.272727272727273,
Rico Dowdle,RB,2023,nflreadpy,91.0,372.0,2.0,0,0,17,-0.2558884491954144,1,19.0,25,158.0,2.0,0,0,2,183,8,0.5454038648271289,0,-0.8590179051717514,0.039590359843014664,-0.00036591380749915944,17.0,4.087912087912088,21.88235294117647,8.31578947368421,9.294117647058824
Rico Dowdle,RB,2024,nflreadpy,235.0,1079.0,2.0,3,2,53,-0.6580174187097504,0,39.0,49,249.0,3.0,0,0,1,272,13,0.2876723791475287,0,0.77997150997151,0.07874546657967471,-0.0034661707416746845,16.0,4.591489361702128,67.4375,6.384615384615385,15.5625
Rico Dowdle,RB,2025,nflreadpy,241.0,1085.0,6.0,1,1,51,-0.22096862023248154,0,40.0,52,303.0,1.0,0,0,-48,361,14,-0.07981331546218404,0,-1.3018189230991999,0.10715068462171394,-0.029165531533793334,18.0,4.5020746887966805,60.27777777777778,7.575,16.833333333333332
Rico Dowdle,RB,2026,nflreadpy,15.0,37.0,0.0,0,0,1,-2.8292396453325637,0,4.0,7,28.0,0.0,0,0,6,32,2,-0.9684529889853826,0,6.25,0.0945945945945946,0.009565167704702587,2.0,2.466666666666667,18.5,7.0,14.0
Riley Wormley,RB,2025,college_data,5.0,18.0,0.0,0,0,0,,0,2.0,0,26.0,0.0,0,0,0,0,0,,0,,,,,3.6,,13.0,
Robert Briggs,RB,2024,college_data,9.0,88.0,0.0,0,0,0,,0,3.0,0,38.0,0.0,0,0,0,0,0,,0,,,,,9.777777777777779,,12.666666666666666,
Robert Briggs,RB,2025,college_data,62.0,304.0,1.0,0,0,0,,0,13.0,0,95.0,1.0,0,0,0,0,0,,0,,,,,4.903225806451613,,7.3076923076923075,
Robert Freeman IV,RB,2025,college_data,4.0,40.0,0.0,0,0,0,,0,1.0,0,-6.0,0.0,0,0,0,0,0,,0,,,,,10.0,,-6.0,
Robert Giaimo,RB,2024,college_data,70.0,359.0,1.0,0,0,0,,0,4.0,0,14.0,0.0,0,0,0,0,0,,0,,,,,5.128571428571429,,3.5,
Robert Henry,RB,2024,college_data,130.0,706.0,7.0,0,0,0,,0,21.0,0,199.0,1.0,0,0,0,0,0,,0,,,,,5.430769230769231,,9.476190476190476,
Robert Henry,RB,2025,college_data,151.0,1045.0,9.0,0,0,0,,0,18.0,0,114.0,2.0,0,0,0,0,0,,0,,,,,6.920529801324503,,6.333333333333333,
Robert Tucker III,RB,2024,college_data,37.0,304.0,2.0,0,0,0,,0,9.0,0,71.0,1.0,0,0,0,0,0,,0,,,,,8.216216216216216,,7.888888888888889,
Robert Tucker III,RB,2025,college_data,31.0,110.0,1.0,0,0,0,,0,5.0,0,25.0,0.0,0,0,0,0,0,,0,,,,,3.5483870967741935,,5.0,
Robert Turbin,RB,2018,nflreadpy,4.0,10.0,0.0,1,1,0,-5.207133615622297,0,1.0,2,3.0,0.0,0,0,-6,3,0,-0.4646745305508375,0,0.0,0.020379338175948343,-0.006382978723404255,2.0,2.5,5.0,3.0,1.5
Roc Thomas,RB,2018,nflreadpy,8.0,30.0,0.0,0,0,2,-0.2803286837413907,0,2.0,4,21.0,0.0,0,0,8,12,0,-0.7262859661135685,0,2.25,0.019892443463872034,0.0059806156419633634,5.0,3.75,6.0,10.5,4.2
Rocco Conti,RB,2025,college_data,4.0,24.0,0.0,0,0,0,,0,1.0,0,4.0,0.0,0,0,0,0,0,,0,,,,,6.0,,4.0,
Rocko Griffin,RB,2024,college_data,17.0,44.0,0.0,0,0,0,,0,3.0,0,16.0,0.0,0,0,0,0,0,,0,,,,,2.588235294117647,,5.333333333333333,
Rocko Griffin,RB,2025,college_data,53.0,245.0,2.0,0,0,0,,0,10.0,0,61.0,0.0,0,0,0,0,0,,0,,,,,4.622641509433962,,6.1,
Rod Gainey Jr.,RB,2024,college_data,10.0,34.0,0.0,0,0,0,,0,1.0,0,13.0,0.0,0,0,0,0,0,,0,,,,,3.4,,13.0,
Rod Gainey Jr.,RB,2025,college_data,74.0,260.0,1.0,0,0,0,,0,16.0,0,44.0,0.0,0,0,0,0,0,,0,,,,,3.5135135135135136,,2.75,
Rod Smith,RB,2018,nflreadpy,45.0,128.0,1.0,0,0,10,-0.6476672377052287,0,9.0,12,60.0,0.0,0,0,-5,57,1,-0.19946231588255614,0,-0.9166666666666666,0.022363398687529065,-0.0014211698271012494,15.0,2.8444444444444446,8.533333333333333,6.666666666666667,4.0
Roderick Robinson II,RB,2024,college_data,4.0,3.0,0.0,0,0,0,,0,2.0,0,34.0,0.0,0,0,0,0,0,,0,,,,,0.75,,17.0,
Roderick Robinson II,RB,2025,college_data,6.0,22.0,0.0,0,0,0,,0,2.0,0,13.0,1.0,0,0,0,0,0,,0,,,,,3.6666666666666665,,6.5,
Roderick Taylor Jr.,RB,2025,college_data,28.0,70.0,1.0,0,0,0,,0,3.0,0,15.0,0.0,0,0,0,0,0,,0,,,,,2.5,,5.0,
Rodney Fields Jr.,RB,2024,college_data,21.0,99.0,1.0,0,0,0,,0,2.0,0,23.0,0.0,0,0,0,0,0,,0,,,,,4.714285714285714,,11.5,
Rodney Fields Jr.,RB,2025,college_data,124.0,614.0,1.0,0,0,0,,0,28.0,0,276.0,1.0,0,0,0,0,0,,0,,,,,4.951612903225806,,9.857142857142858,
Rodney Hammond Jr.,RB,2024,college_data,12.0,35.0,0.0,0,0,0,,0,2.0,0,10.0,0.0,0,0,0,0,0,,0,,,,,2.9166666666666665,,5.0,
Rodney Hammond Jr.,RB,2025,college_data,188.0,1214.0,13.0,0,0,0,,0,15.0,0,147.0,0.0,0,0,0,0,0,,0,,,,,6.457446808510638,,9.8,
Rodney Hill,RB,2024,college_data,28.0,184.0,2.0,0,0,0,,0,8.0,0,68.0,0.0,0,0,0,0,0,,0,,,,,6.571428571428571,,8.5,
Rodney Hill,RB,2025,college_data,8.0,36.0,0.0,0,0,0,,0,1.0,0,9.0,0.0,0,0,0,0,0,,0,,,,,4.5,,9.0,
Rodney Nelson,RB,2024,college_data,133.0,809.0,6.0,0,0,0,,0,17.0,0,154.0,0.0,0,0,0,0,0,,0,,,,,6.082706766917293,,9.058823529411764,
Rodney Nelson,RB,2025,college_data,294.0,1805.0,18.0,0,0,0,,0,30.0,0,229.0,1.0,0,0,0,0,0,,0,,,,,6.139455782312925,,7.633333333333334,
Rodney Smith,RB,2020,nflreadpy,41.0,156.0,1.0,7,7,7,0.2958234487658566,7,9.0,7,59.0,0.0,7,7,7,7,7,-0.29288825968008797,7,0.5428571428571427,1.0,1.0,7.0,3.8048780487804876,22.285714285714285,6.555555555555555,8.428571428571429
Rodrigues Clark,RB,2024,college_data,124.0,604.0,1.0,0,0,0,,0,13.0,0,51.0,0.0,0,0,0,0,0,,0,,,,,4.870967741935484,,3.923076923076923,
Roland Dempster,RB,2024,college_data,268.0,1332.0,18.0,0,0,0,,0,32.0,0,335.0,1.0,0,0,0,0,0,,0,,,,,4.970149253731344,,10.46875,
Roland Dempster,RB,2025,college_data,228.0,1037.0,14.0,0,0,0,,0,35.0,0,292.0,0.0,0,0,0,0,0,,0,,,,,4.548245614035087,,8.342857142857143,
Roman Hemby,RB,2024,college_data,134.0,607.0,6.0,0,0,0,,0,40.0,0,273.0,1.0,0,0,0,0,0,,0,,,,,4.529850746268656,,6.825,
Roman Hemby,RB,2025,college_data,230.0,1120.0,7.0,0,0,0,,0,17.0,0,165.0,0.0,0,0,0,0,0,,0,,,,,4.869565217391305,,9.705882352941176,
Ron Wiggins,RB,2024,college_data,6.0,29.0,0.0,0,0,0,,0,1.0,0,5.0,0.0,0,0,0,0,0,,0,,,,,4.833333333333333,,5.0,
Ronald Jones,RB,2018,nflreadpy,23.0,44.0,1.0,0,0,2,-1.449702887062449,0,7.0,9,33.0,0.0,0,0,-14,42,2,-0.5000682574929669,0,0.9085714285714287,0.03526604973973395,-0.005816379705789294,7.0,1.9130434782608696,6.285714285714286,4.714285714285714,4.714285714285714
Ronald Jones,RB,2019,nflreadpy,172.0,724.0,6.0,1,1,31,-1.5474924941302783,1,31.0,39,309.0,0.0,2,2,37,279,13,0.16196948853183793,1,-0.525949050949051,0.12232289282686465,0.06724826655927754,16.0,4.209302325581396,45.25,9.96774193548387,19.3125
Ronald Jones,RB,2020,nflreadpy,227.0,1117.0,7.0,17,17,17,0.07324864326031222,17,28.0,17,165.0,1.0,17,17,17,17,17,-1.5110722434998025,17,1.8786324786324786,1.0,1.0,17.0,4.920704845814978,65.70588235294117,5.892857142857143,9.705882352941176
Ronald Jones,RB,2021,nflreadpy,101.0,428.0,4.0,12,12,20,-0.25685451439931056,12,10.0,18,64.0,0.0,12,12,9,40,12,0.03472352799872169,12,-1.53125,0.8110348737196028,0.7994631549287419,15.0,4.237623762376238,28.533333333333335,6.4,4.266666666666667
Ronald Jones,RB,2022,nflreadpy,18.0,70.0,1.0,0,0,4,0.08738765584227319,0,1.0,1,22.0,0.0,0,0,-1,23,1,1.8496459323796444,0,-22.0,0.0045045045045045045,-0.0006385696040868454,6.0,3.888888888888889,11.666666666666666,22.0,3.6666666666666665
Rondarius Gregory,RB,2025,college_data,8.0,30.0,0.0,0,0,0,,0,2.0,0,11.0,0.0,0,0,0,0,0,,0,,,,,3.75,,5.5,
Ronnie Rivers,RB,2022,nflreadpy,9.0,21.0,0.0,0,0,1,-1.8465403905138373,0,5.0,5,29.0,0.0,0,0,-26,55,1,-0.15931072502280585,0,-2.090909090909091,0.07862903225806452,-0.09340877506452253,2.0,2.3333333333333335,10.5,5.8,14.5
Ronnie Rivers,RB,2023,nflreadpy,35.0,138.0,0.0,0,0,5,-0.8693676297729044,0,8.0,8,57.0,0.0,0,0,-31,88,2,0.2944338777801022,0,-2.0433333333333334,0.023577892695539754,-0.01219927841692886,10.0,3.942857142857143,13.8,7.125,5.7
Ronnie Rivers,RB,2024,nflreadpy,25.0,107.0,0.0,0,0,6,0.11384425563155673,0,5.0,6,34.0,0.0,0,0,-26,58,1,-0.2553896690660622,0,-0.8947368421052632,0.023148148148148147,-0.018571143987348205,7.0,4.28,15.285714285714286,6.8,4.857142857142857
Ronnie Rivers,RB,2026,nflreadpy,5.0,19.0,0.0,0,0,1,-2.7379202545271255,0,1.0,1,5.0,0.0,0,0,2,3,1,0.43669228052021936,0,2.5,0.037037037037037035,0.00784313725490196,1.0,3.8,19.0,5.0,5.0
Roschon Johnson,RB,2023,nflreadpy,81.0,352.0,2.0,1,0,16,-0.44107756952410804,0,34.0,40,209.0,0.0,0,0,-33,247,6,-0.5514795532178206,0,-3.622832218286764,0.0859537344319953,-0.008906477802378542,15.0,4.345679012345679,23.466666666666665,6.147058823529412,13.933333333333334
Roschon Johnson,RB,2024,nflreadpy,55.0,150.0,6.0,0,0,17,-0.37103113782215474,0,16.0,20,104.0,0.0,0,0,11,96,6,0.9443230353852934,0,-0.02142857142857148,0.04935966814629504,-0.0025366760813735232,13.0,2.727272727272727,11.538461538461538,6.5,8.0
Roschon Johnson,RB,2026,nflreadpy,4.0,16.0,0.0,0,0,1,0.538802724389825,0,1.0,1,7.0,0.0,0,0,5,2,1,1.3907558302744292,0,1.4,0.016129032258064516,0.011737089201877934,2.0,4.0,8.0,7.0,3.5
Rovaughn Banks Jr.,RB,2024,college_data,26.0,125.0,2.0,0,0,0,,0,3.0,0,34.0,0.0,0,0,0,0,0,,0,,,,,4.8076923076923075,,11.333333333333334,
Rovaughn Banks Jr.,RB,2025,college_data,130.0,667.0,3.0,0,0,0,,0,6.0,0,28.0,0.0,0,0,0,0,0,,0,,,,,5.130769230769231,,4.666666666666667,
Royce Freeman,RB,2018,nflreadpy,130.0,521.0,5.0,1,1,30,-1.276776166329,0,14.0,20,72.0,0.0,0,0,15,59,2,-0.21375988613726804,0,0.6156462585034015,0.03275676524267186,0.0030761685181605733,14.0,4.007692307692308,37.214285714285715,5.142857142857143,5.142857142857143
Royce Freeman,RB,2019,nflreadpy,132.0,496.0,3.0,1,1,23,-1.089898362895182,1,43.0,50,256.0,1.0,1,1,6,256,11,-0.15689154093702096,1,-1.6631020021645022,0.16217470476818452,0.061245203334447704,16.0,3.757575757575758,31.0,5.953488372093023,16.0
Royce Freeman,RB,2020,nflreadpy,35.0,170.0,0.0,11,11,11,-0.026375383615184263,11,12.0,11,81.0,0.0,11,11,11,11,11,0.3374637130999174,11,1.9774305555555556,1.0,1.0,11.0,4.857142857142857,15.454545454545455,6.75,7.363636363636363
Royce Freeman,RB,2021,nflreadpy,56.0,169.0,0.0,8,8,11,-0.8649125416602526,8,10.0,9,77.0,0.0,8,8,8,8,8,-0.25059818548947665,8,3.5015151515151515,0.6694444444444444,0.6666666666666666,12.0,3.017857142857143,14.083333333333334,7.7,6.416666666666667
Royce Freeman,RB,2022,nflreadpy,41.0,117.0,0.0,1,1,7,-3.8560299000964733,0,6.0,8,33.0,0.0,0,0,-6,39,0,-0.36640725916367956,0,0.775,0.05422080104475749,-0.004795846039623694,4.0,2.8536585365853657,29.25,5.5,8.25
Royce Freeman,RB,2023,nflreadpy,77.0,319.0,2.0,0,0,17,-0.7259645269731658,0,1.0,2,13.0,0.0,0,0,0,14,1,-0.1255331280408427,0,-6.5,0.007319572536963841,-0.00022477402572462348,11.0,4.142857142857143,29.0,13.0,1.1818181818181819
Roydell Williams,RB,2024,college_data,26.0,53.0,2.0,0,0,0,,0,5.0,0,46.0,0.0,0,0,0,0,0,,0,,,,,2.0384615384615383,,9.2,
Roydell Williams,RB,2025,college_data,15.0,46.0,0.0,0,0,0,,0,2.0,0,19.0,0.0,0,0,0,0,0,,0,,,,,3.066666666666667,,9.5,
Rueben Owens,RB,2024,college_data,16.0,66.0,0.0,0,0,0,,0,1.0,0,6.0,0.0,0,0,0,0,0,,0,,,,,4.125,,6.0,
Rueben Owens,RB,2025,college_data,119.0,639.0,5.0,0,0,0,,0,13.0,0,130.0,0.0,0,0,0,0,0,,0,,,,,5.369747899159663,,10.0,
Rushawn Baker,RB,2024,college_data,183.0,859.0,9.0,0,0,0,,0,8.0,0,48.0,0.0,0,0,0,0,0,,0,,,,,4.693989071038251,,6.0,
Ryan Butler,RB,2024,college_data,7.0,44.0,0.0,0,0,0,,0,2.0,0,11.0,0.0,0,0,0,0,0,,0,,,,,6.285714285714286,,5.5,
Ryan Clark,RB,2024,college_data,26.0,65.0,1.0,0,0,0,,0,6.0,0,23.0,0.0,0,0,0,0,0,,0,,,,,2.5,,3.8333333333333335,
Ryan Fontaine,RB,2024,college_data,8.0,47.0,0.0,0,0,0,,0,1.0,0,25.0,0.0,0,0,0,0,0,,0,,,,,5.875,,25.0,
Ryan Ingram,RB,2024,college_data,154.0,672.0,6.0,0,0,0,,0,2.0,0,8.0,0.0,0,0,0,0,0,,0,,,,,4.363636363636363,,4.0,
Ryan Ingram,RB,2025,college_data,143.0,578.0,8.0,0,0,0,,0,6.0,0,22.0,0.0,0,0,0,0,0,,0,,,,,4.041958041958042,,3.6666666666666665,
Ryan Mann,RB,2024,college_data,62.0,194.0,1.0,0,0,0,,0,10.0,0,87.0,0.0,0,0,0,0,0,,0,,,,,3.129032258064516,,8.7,
Ryan Morrow,RB,2024,college_data,49.0,296.0,1.0,0,0,0,,0,6.0,0,58.0,1.0,0,0,0,0,0,,0,,,,,6.040816326530612,,9.666666666666666,
Ryan Morrow,RB,2025,college_data,107.0,440.0,3.0,0,0,0,,0,6.0,0,41.0,0.0,0,0,0,0,0,,0,,,,,4.11214953271028,,6.833333333333333,
Ryan Nall,RB,2020,nflreadpy,4.0,0.0,0.0,10,10,10,-0.5511338833991127,10,8.0,10,67.0,1.0,10,10,10,10,10,1.149852065742016,10,2.6866666666666665,1.0,1.0,10.0,0.0,0.0,8.375,6.7
Ryan Nall,RB,2021,nflreadpy,1.0,4.0,0.0,4,4,4,-0.5555010065436363,4,1.0,4,4.0,0.0,4,4,4,4,4,-1.8830254908534698,4,1.0,0.8,0.8,5.0,4.0,0.8,4.0,0.8
Ryan Niblett,RB,2024,college_data,8.0,23.0,1.0,0,0,0,,0,3.0,0,24.0,0.0,0,0,0,0,0,,0,,,,,2.875,,8.0,
Ryan Niblett,RB,2025,college_data,5.0,15.0,0.0,0,0,0,,0,8.0,0,60.0,0.0,0,0,0,0,0,,0,,,,,3.0,,7.5,
Ryquell Armstead,RB,2019,nflreadpy,35.0,108.0,0.0,1,1,3,-0.8270765518774913,1,14.0,16,144.0,2.0,1,1,31,65,6,0.2530543811037205,1,0.7261487050960735,0.0987485040555897,0.07710057919853566,14.0,3.085714285714286,7.714285714285714,10.285714285714286,10.285714285714286
Ryquell Armstead,RB,2021,nflreadpy,15.0,80.0,0.0,0,0,3,0.8483161135809496,0,3.0,4,16.0,0.0,0,0,0,20,1,-2.9500359513040166,0,-0.28571428571428575,0.06971153846153846,-0.0008776818055168598,2.0,5.333333333333333,40.0,5.333333333333333,8.0
Saeed St. Fleur,RB,2024,college_data,34.0,191.0,2.0,0,0,0,,0,4.0,0,18.0,0.0,0,0,0,0,0,,0,,,,,5.617647058823529,,4.5,
Salahadin Allah,RB,2024,college_data,55.0,258.0,1.0,0,0,0,,0,2.0,0,6.0,0.0,0,0,0,0,0,,0,,,,,4.6909090909090905,,3.0,
Salahadin Allah,RB,2025,college_data,19.0,71.0,0.0,0,0,0,,0,3.0,0,26.0,0.0,0,0,0,0,0,,0,,,,,3.736842105263158,,8.666666666666666,
Salvon Ahmed,RB,2020,nflreadpy,75.0,319.0,3.0,6,6,6,-0.45556324487760697,6,11.0,6,61.0,0.0,6,6,6,6,6,-0.4360918707592413,6,0.8074025974025973,1.0,1.0,6.0,4.253333333333333,53.166666666666664,5.545454545454546,10.166666666666666
Salvon Ahmed,RB,2021,nflreadpy,54.0,149.0,0.0,11,11,11,-1.0877152392481961,11,12.0,11,117.0,0.0,11,11,11,11,11,0.19196605224149405,11,1.1567285760834147,1.0,1.0,11.0,2.759259259259259,13.545454545454545,9.75,10.636363636363637
Salvon Ahmed,RB,2022,nflreadpy,17.0,67.0,1.0,0,0,4,0.032446909783175215,0,4.0,6,53.0,0.0,0,0,17,39,2,1.6407734229420727,0,5.40625,0.020578231292517006,0.005048259005967522,7.0,3.9411764705882355,9.571428571428571,13.25,7.571428571428571
Salvon Ahmed,RB,2023,nflreadpy,22.0,61.0,1.0,0,0,3,-0.03332349657180852,0,16.0,23,88.0,1.0,0,0,14,109,4,-1.498429691880509,0,3.7956349206349205,0.09513546798029557,0.008450457852873319,7.0,2.772727272727273,8.714285714285714,5.5,12.571428571428571
Sam Adams II,RB,2025,college_data,36.0,181.0,3.0,0,0,0,,0,9.0,0,134.0,2.0,0,0,0,0,0,,0,,,,,5.027777777777778,,14.88888888888889,
Sam Franklin,RB,2024,college_data,18.0,132.0,0.0,0,0,0,,0,5.0,0,18.0,0.0,0,0,0,0,0,,0,,,,,7.333333333333333,,3.6,
Sam Franklin,RB,2025,college_data,80.0,474.0,4.0,0,0,0,,0,5.0,0,36.0,0.0,0,0,0,0,0,,0,,,,,5.925,,7.2,
Sam Hicks,RB,2024,college_data,210.0,1333.0,14.0,0,0,0,,0,45.0,0,341.0,3.0,0,0,0,0,0,,0,,,,,6.347619047619047,,7.5777777777777775,
Sam Scott,RB,2024,college_data,92.0,435.0,3.0,0,0,0,,0,12.0,0,64.0,1.0,0,0,0,0,0,,0,,,,,4.728260869565218,,5.333333333333333,
Sam Scott,RB,2025,college_data,89.0,408.0,2.0,0,0,0,,0,11.0,0,113.0,1.0,0,0,0,0,0,,0,,,,,4.584269662921348,,10.272727272727273,
Sam Slade,RB,2024,college_data,77.0,321.0,0.0,0,0,0,,0,10.0,0,110.0,0.0,0,0,0,0,0,,0,,,,,4.1688311688311686,,11.0,
Sam Slade,RB,2025,college_data,16.0,124.0,1.0,0,0,0,,0,9.0,0,66.0,0.0,0,0,0,0,0,,0,,,,,7.75,,7.333333333333333,
Sam Valor,RB,2024,college_data,25.0,197.0,3.0,0,0,0,,0,1.0,0,0.0,0.0,0,0,0,0,0,,0,,,,,7.88,,0.0,
Samaje Perine,RB,2018,nflreadpy,8.0,32.0,0.0,0,0,2,0.08064651353925001,0,3.0,4,5.0,0.0,0,0,-9,9,0,-2.1706164440256543,0,-0.7,0.024242424242424242,-0.007398365882821842,4.0,4.0,8.0,1.6666666666666667,1.25
Samaje Perine,RB,2020,nflreadpy,63.0,301.0,3.0,12,12,12,-0.10581202922946967,12,11.0,12,66.0,0.0,12,12,12,12,12,0.08641400665481173,12,-0.8541666666666666,1.0,1.0,12.0,4.777777777777778,25.083333333333332,6.0,5.5
Samaje Perine,RB,2021,nflreadpy,58.0,248.0,1.0,12,12,13,-0.7284161316047327,12,31.0,24,243.0,2.0,12,12,-1,107,13,0.06067004169742485,12,-0.12308377896613203,0.6507152181125444,0.6283607686160283,19.0,4.275862068965517,13.052631578947368,7.838709677419355,12.789473684210526
Samaje Perine,RB,2022,nflreadpy,109.0,452.0,3.0,0,0,26,-0.14971726369338925,0,46.0,61,322.0,4.0,0,0,-1,372,13,0.10460169215381464,0,-2.0372051194419614,0.08948384662877443,-0.006395651423026897,19.0,4.146788990825688,23.789473684210527,7.0,16.94736842105263
Samaje Perine,RB,2023,nflreadpy,53.0,238.0,1.0,1,1,14,-0.5932342318724116,0,50.0,56,455.0,0.0,2,1,-10,462,23,0.7135793048157353,0,2.7215686274509805,0.11686803730414277,-0.0009470967390920448,17.0,4.490566037735849,14.0,9.1,26.764705882352942
Samaje Perine,RB,2024,nflreadpy,21.0,100.0,1.0,0,0,8,0.0036444870663258967,0,29.0,38,339.0,1.0,0,0,10,330,16,0.8428136957958204,0,2.2348885682219017,0.05699506696308208,0.0025170373352563667,20.0,4.761904761904762,5.0,11.689655172413794,16.95
Samaje Perine,RB,2025,nflreadpy,84.0,382.0,3.0,3,2,32,-0.019160268411431557,0,17.0,21,87.0,0.0,0,0,-32,109,5,-0.2357285805998006,0,-0.2818181818181818,0.04140430535019743,-0.00935150132194843,15.0,4.5476190476190474,25.466666666666665,5.117647058823529,5.8
Samaje Perine,RB,2026,nflreadpy,13.0,42.0,0.0,0,0,2,-0.9563399580365513,0,5.0,8,51.0,0.0,0,0,16,39,3,0.23120593523754396,0,4.373015873015873,0.05511059106078977,0.019225696798718436,4.0,3.230769230769231,10.5,10.2,12.75
Sammy Malignaggi,RB,2024,college_data,42.0,138.0,0.0,0,0,0,,0,7.0,0,45.0,0.0,0,0,0,0,0,,0,,,,,3.2857142857142856,,6.428571428571429,
Samuel Brown V,RB,2024,college_data,40.0,201.0,3.0,0,0,0,,0,1.0,0,34.0,1.0,0,0,0,0,0,,0,,,,,5.025,,34.0,
Samuel Harris,RB,2025,college_data,100.0,552.0,1.0,0,0,0,,0,16.0,0,184.0,0.0,0,0,0,0,0,,0,,,,,5.52,,11.5,
Samuel Singleton,RB,2024,college_data,21.0,93.0,0.0,0,0,0,,0,3.0,0,3.0,0.0,0,0,0,0,0,,0,,,,,4.428571428571429,,1.0,
Samuel Singleton,RB,2025,college_data,51.0,360.0,4.0,0,0,0,,0,1.0,0,16.0,0.0,0,0,0,0,0,,0,,,,,7.0588235294117645,,16.0,
Saquon Barkley,RB,2018,nflreadpy,261.0,1307.0,11.0,0,0,50,-0.49096409886104597,1,91.0,121,721.0,4.0,0,0,18,768,30,0.1603937611046788,0,-1.3171007550543843,0.2051032638040516,0.007427249711694335,16.0,5.007662835249042,81.6875,7.923076923076923,45.0625
Saquon Barkley,RB,2019,nflreadpy,217.0,1003.0,6.0,1,1,44,-1.4398871086721132,1,52.0,70,438.0,2.0,2,1,63,405,14,0.34458811572765613,1,-0.13893670432131972,0.21919154957699316,0.09013540799439093,13.0,4.622119815668203,77.15384615384616,8.423076923076923,33.69230769230769
Saquon Barkley,RB,2020,nflreadpy,19.0,34.0,0.0,2,2,2,-4.087537068349775,2,6.0,2,60.0,0.0,2,2,2,2,2,3.641316238208674,2,1.7647058823529411,1.0,1.0,2.0,1.7894736842105263,17.0,10.0,30.0
Saquon Barkley,RB,2021,nflreadpy,162.0,593.0,2.0,10,10,15,-1.565373657181664,9,41.0,23,263.0,2.0,9,9,8,71,12,-0.2874285564489233,9,-0.40925596274012566,0.7285272992590066,0.687350321605746,13.0,3.6604938271604937,45.61538461538461,6.414634146341464,20.23076923076923
Saquon Barkley,RB,2022,nflreadpy,313.0,1426.0,12.0,1,0,66,-0.7686922958316127,0,64.0,85,415.0,0.0,0,0,-27,526,15,-0.40436369422829244,1,-4.060498679358329,0.16556298392104152,-0.008003290372025754,18.0,4.555910543130991,79.22222222222223,6.484375,23.055555555555557
Saquon Barkley,RB,2023,nflreadpy,247.0,962.0,6.0,2,2,51,-3.522925865854944,1,41.0,60,280.0,4.0,0,0,134,226,16,-0.5370282724717418,0,2.4004363110008273,0.1665751013952447,-0.02551816085478516,14.0,3.8947368421052633,68.71428571428571,6.829268292682927,20.0
Saquon Barkley,RB,2024,nflreadpy,436.0,2504.0,18.0,2,1,99,1.698456312524769,3,46.0,58,353.0,2.0,0,0,84,337,15,0.8277569559913722,0,3.160257986456687,0.12987283245210227,0.014242393009668435,20.0,5.743119266055046,125.2,7.673913043478261,17.65
Saquon Barkley,RB,2025,nflreadpy,306.0,1246.0,7.0,0,0,54,-1.614134542617089,1,40.0,56,298.0,2.0,1,1,32,324,12,-0.4496325932168402,0,-0.057357910906298076,0.12382428630496717,-0.006282024307676329,17.0,4.071895424836601,73.29411764705883,7.45,17.529411764705884
Saquon Barkley,RB,2026,nflreadpy,36.0,182.0,0.0,1,0,6,-0.002560321459895931,0,4.0,7,8.0,0.0,0,0,-2,14,1,-0.6922805028152652,0,2.0208333333333335,0.0674331550802139,-0.006211799198984352,4.0,5.055555555555555,45.5,2.0,2.0
Savion Hart,RB,2025,college_data,175.0,816.0,10.0,0,0,0,,0,15.0,0,225.0,2.0,0,0,0,0,0,,0,,,,,4.662857142857143,,15.0,
Savion Red,RB,2024,college_data,119.0,687.0,8.0,0,0,0,,0,16.0,0,74.0,0.0,0,0,0,0,0,,0,,,,,5.773109243697479,,4.625,
Savion Red,RB,2025,college_data,12.0,58.0,0.0,0,0,0,,0,1.0,0,-3.0,0.0,0,0,0,0,0,,0,,,,,4.833333333333333,,-3.0,
Sawyer Seidl,RB,2024,college_data,91.0,494.0,3.0,0,0,0,,0,7.0,0,42.0,0.0,0,0,0,0,0,,0,,,,,5.428571428571429,,6.0,
Sawyer Seidl,RB,2025,college_data,188.0,897.0,13.0,0,0,0,,0,19.0,0,177.0,4.0,0,0,0,0,0,,0,,,,,4.7712765957446805,,9.31578947368421,
Scooter Adams,RB,2024,college_data,50.0,189.0,0.0,0,0,0,,0,4.0,0,84.0,1.0,0,0,0,0,0,,0,,,,,3.78,,21.0,
Scottie Phillips,RB,2020,nflreadpy,2.0,9.0,0.0,1,1,1,-0.008527738973498344,1,1.0,1,7.0,0.0,1,1,1,1,1,0.6030473326682113,1,2.3333333333333335,1.0,1.0,1.0,4.5,9.0,7.0,7.0
Scottie Phillips,RB,2021,nflreadpy,6.0,13.0,0.0,2,2,2,-0.8282757803244749,2,2.0,2,9.0,0.0,2,2,2,2,2,-0.9060363970638718,2,4.5,1.0,1.0,2.0,2.1666666666666665,6.5,4.5,4.5
Scottre Humphrey,RB,2025,college_data,77.0,349.0,5.0,0,0,0,,0,3.0,0,22.0,1.0,0,0,0,0,0,,0,,,,,4.532467532467533,,7.333333333333333,
Sean Dollars,RB,2024,college_data,47.0,165.0,0.0,0,0,0,,0,11.0,0,74.0,0.0,0,0,0,0,0,,0,,,,,3.5106382978723403,,6.7272727272727275,
Sean Patrick,RB,2025,college_data,69.0,274.0,1.0,0,0,0,,0,11.0,0,136.0,0.0,0,0,0,0,0,,0,,,,,3.971014492753623,,12.363636363636363,
Sean Tucker,RB,2023,nflreadpy,15.0,23.0,0.0,0,0,1,-2.069725003054676,0,2.0,2,9.0,0.0,0,0,-3,12,0,-0.1717009178828448,0,-3.0,0.020833333333333332,-0.003968253968253968,3.0,1.5333333333333334,7.666666666666667,4.5,3.0
Sean Tucker,RB,2024,nflreadpy,50.0,308.0,2.0,1,0,17,0.9206742011450033,0,9.0,12,109.0,1.0,0,0,12,105,6,0.9275060621039302,0,2.9369047619047617,0.019944910190310295,0.001120523399820532,17.0,6.16,18.11764705882353,12.11111111111111,6.411764705882353
Sean Tucker,RB,2025,nflreadpy,86.0,320.0,7.0,1,0,22,-0.26116615258611914,0,8.0,11,34.0,1.0,0,0,-10,49,1,-0.5268387379279981,0,0.8333333333333334,0.018916417867093038,-0.0010702393198831104,17.0,3.7209302325581395,18.823529411764707,4.25,2.0
Sean Weston,RB,2025,college_data,27.0,112.0,1.0,0,0,0,,0,6.0,0,39.0,0.0,0,0,0,0,0,,0,,,,,4.148148148148148,,6.5,
Sean Williams Jr.,RB,2024,college_data,12.0,28.0,0.0,0,0,0,,0,1.0,0,5.0,0.0,0,0,0,0,0,,0,,,,,2.3333333333333335,,5.0,
Sean Williams Jr.,RB,2025,college_data,45.0,215.0,2.0,0,0,0,,0,5.0,0,41.0,0.0,0,0,0,0,0,,0,,,,,4.777777777777778,,8.2,
Sebastien Boyle,RB,2025,college_data,51.0,218.0,3.0,0,0,0,,0,3.0,0,28.0,0.0,0,0,0,0,0,,0,,,,,4.2745098039215685,,9.333333333333334,
Sedrick Alexander,RB,2024,college_data,164.0,586.0,6.0,0,0,0,,0,23.0,0,238.0,1.0,0,0,0,0,0,,0,,,,,3.573170731707317,,10.347826086956522,
Sedrick Alexander,RB,2025,college_data,106.0,570.0,11.0,0,0,0,,0,19.0,0,200.0,4.0,0,0,0,0,0,,0,,,,,5.377358490566038,,10.526315789473685,
Sedrick Irvin,RB,2024,college_data,18.0,69.0,0.0,0,0,0,,0,5.0,0,107.0,0.0,0,0,0,0,0,,0,,,,,3.8333333333333335,,21.4,
Sedrick Irvin,RB,2025,college_data,41.0,118.0,1.0,0,0,0,,0,2.0,0,13.0,0.0,0,0,0,0,0,,0,,,,,2.8780487804878048,,6.5,
Sekou Kamau,RB,2024,college_data,59.0,342.0,1.0,0,0,0,,0,13.0,0,87.0,1.0,0,0,0,0,0,,0,,,,,5.796610169491525,,6.6923076923076925,
Sekou Kamau,RB,2025,college_data,80.0,341.0,0.0,0,0,0,,0,7.0,0,16.0,0.0,0,0,0,0,0,,0,,,,,4.2625,,2.2857142857142856,
Senorise Perry,RB,2019,nflreadpy,3.0,3.0,0.0,0,0,0,-2.1801353018381633,0,1.0,1,1.0,0.0,0,0,-1,2,0,-0.8389625994043537,0,-1.0,0.003205128205128205,-0.0004084967320261438,8.0,1.0,0.375,1.0,0.125
Sesi Vailahi,RB,2024,college_data,42.0,99.0,2.0,0,0,0,,0,8.0,0,46.0,0.0,0,0,0,0,0,,0,,,,,2.357142857142857,,5.75,
Sesi Vailahi,RB,2025,college_data,42.0,152.0,2.0,0,0,0,,0,8.0,0,54.0,0.0,0,0,0,0,0,,0,,,,,3.619047619047619,,6.75,
Seth Cromwell,RB,2024,college_data,125.0,681.0,9.0,0,0,0,,0,16.0,0,65.0,0.0,0,0,0,0,0,,0,,,,,5.448,,4.0625,
Seth Cromwell,RB,2025,college_data,138.0,559.0,7.0,0,0,0,,0,16.0,0,66.0,0.0,0,0,0,0,0,,0,,,,,4.050724637681159,,4.125,
Seth Glatz,RB,2024,college_data,44.0,229.0,2.0,0,0,0,,0,5.0,0,49.0,0.0,0,0,0,0,0,,0,,,,,5.204545454545454,,9.8,
Seth Glatz,RB,2025,college_data,72.0,401.0,5.0,0,0,0,,0,11.0,0,152.0,2.0,0,0,0,0,0,,0,,,,,5.569444444444445,,13.818181818181818,
Seth McGowan,RB,2024,college_data,153.0,813.0,3.0,0,0,0,,0,23.0,0,277.0,3.0,0,0,0,0,0,,0,,,,,5.313725490196078,,12.043478260869565,
Seth McGowan,RB,2025,college_data,165.0,725.0,12.0,0,0,0,,0,19.0,0,126.0,0.0,0,0,0,0,0,,0,,,,,4.393939393939394,,6.631578947368421,
Seth McGowan,RB,2026,nflreadpy,12.0,45.0,0.0,0,0,3,0.05925182518937314,0,2.0,3,7.0,0.0,0,0,3,7,0,-0.8678857662228834,0,0.7,0.02586206896551724,0.007278062810945274,4.0,3.75,11.25,3.5,1.75
Sevaughn Clark,RB,2024,college_data,65.0,215.0,0.0,0,0,0,,0,9.0,0,51.0,0.0,0,0,0,0,0,,0,,,,,3.3076923076923075,,5.666666666666667,
Sevion Morrison,RB,2024,college_data,27.0,164.0,2.0,0,0,0,,0,1.0,0,18.0,0.0,0,0,0,0,0,,0,,,,,6.074074074074074,,18.0,
Shadrick Byrd,RB,2025,college_data,43.0,242.0,1.0,0,0,0,,0,7.0,0,66.0,0.0,0,0,0,0,0,,0,,,,,5.627906976744186,,9.428571428571429,
Shakhi Carson,RB,2024,college_data,37.0,111.0,0.0,0,0,0,,0,15.0,0,101.0,0.0,0,0,0,0,0,,0,,,,,3.0,,6.733333333333333,
Shane Lee,RB,2025,college_data,108.0,636.0,8.0,0,0,0,,0,9.0,0,71.0,0.0,0,0,0,0,0,,0,,,,,5.888888888888889,,7.888888888888889,
Shane McLaughlin,RB,2024,college_data,66.0,248.0,3.0,0,0,0,,0,2.0,0,18.0,0.0,0,0,0,0,0,,0,,,,,3.757575757575758,,9.0,
Shane Porter,RB,2024,college_data,97.0,648.0,5.0,0,0,0,,0,16.0,0,91.0,0.0,0,0,0,0,0,,0,,,,,6.680412371134021,,5.6875,
Shane Porter,RB,2025,college_data,2.0,-1.0,0.0,0,0,0,,0,1.0,0,7.0,0.0,0,0,0,0,0,,0,,,,,-0.5,,7.0,
Shane Reynolds,RB,2025,college_data,15.0,47.0,1.0,0,0,0,,0,1.0,0,3.0,0.0,0,0,0,0,0,,0,,,,,3.1333333333333333,,3.0,
Shaun Wilson,RB,2018,nflreadpy,6.0,29.0,0.0,0,0,0,-0.0702715857187286,0,3.0,5,5.0,0.0,0,0,24,5,0,-4.0977811788907275,0,0.7947368421052632,0.022634146341463414,0.010615266487506051,5.0,4.833333333333333,5.8,1.6666666666666667,1.0
Shawn Shipman,RB,2024,college_data,15.0,64.0,0.0,0,0,0,,0,1.0,0,6.0,0.0,0,0,0,0,0,,0,,,,,4.266666666666667,,6.0,
Shawn Solomon Jr.,RB,2024,college_data,67.0,260.0,2.0,0,0,0,,0,4.0,0,42.0,1.0,0,0,0,0,0,,0,,,,,3.8805970149253732,,10.5,
Shawn Solomon Jr.,RB,2025,college_data,69.0,379.0,1.0,0,0,0,,0,9.0,0,42.0,0.0,0,0,0,0,0,,0,,,,,5.492753623188406,,4.666666666666667,
Shimique Blizzard,RB,2024,college_data,103.0,400.0,3.0,0,0,0,,0,11.0,0,80.0,0.0,0,0,0,0,0,,0,,,,,3.883495145631068,,7.2727272727272725,
Shimique Blizzard,RB,2025,college_data,79.0,292.0,1.0,0,0,0,,0,6.0,0,44.0,0.0,0,0,0,0,0,,0,,,,,3.6962025316455698,,7.333333333333333,
Shomari Lawrence,RB,2024,college_data,47.0,177.0,1.0,0,0,0,,0,1.0,0,1.0,0.0,0,0,0,0,0,,0,,,,,3.765957446808511,,1.0,
Shomari Lawrence,RB,2025,college_data,199.0,1021.0,7.0,0,0,0,,0,19.0,0,118.0,0.0,0,0,0,0,0,,0,,,,,5.130653266331659,,6.2105263157894735,
ShunDerrick Powell,RB,2024,college_data,155.0,1296.0,14.0,0,0,0,,0,33.0,0,310.0,3.0,0,0,0,0,0,,0,,,,,8.361290322580645,,9.393939393939394,
Sieh Bangura,RB,2025,college_data,240.0,1392.0,15.0,0,0,0,,0,13.0,0,77.0,0.0,0,0,0,0,0,,0,,,,,5.8,,5.923076923076923,
Simeon Price,RB,2024,college_data,44.0,136.0,0.0,0,0,0,,0,2.0,0,7.0,0.0,0,0,0,0,0,,0,,,,,3.090909090909091,,3.5,
Simeon Price,RB,2025,college_data,21.0,144.0,2.0,0,0,0,,0,4.0,0,9.0,0.0,0,0,0,0,0,,0,,,,,6.857142857142857,,2.25,
Sincere Baines,RB,2025,college_data,123.0,711.0,3.0,0,0,0,,0,13.0,0,45.0,1.0,0,0,0,0,0,,0,,,,,5.780487804878049,,3.4615384615384617,
Sincere McCormick,RB,2024,nflreadpy,39.0,183.0,0.0,0,0,10,0.1119698461407097,0,6.0,7,29.0,0.0,0,0,3,29,2,-0.2978383179094332,0,-0.8814814814814814,0.05084033613445378,-0.0017395274164094914,4.0,4.6923076923076925,45.75,4.833333333333333,7.25
Sione I Moa,RB,2024,college_data,23.0,127.0,3.0,0,0,0,,0,4.0,0,29.0,0.0,0,0,0,0,0,,0,,,,,5.521739130434782,,7.25,
Sione I Moa,RB,2025,college_data,18.0,92.0,1.0,0,0,0,,0,6.0,0,36.0,0.0,0,0,0,0,0,,0,,,,,5.111111111111111,,6.0,
Sione Vaki,RB,2024,nflreadpy,6.0,14.0,0.0,0,0,0,-1.5873403633595444,0,3.0,3,37.0,0.0,0,0,17,20,2,2.1169708551024087,0,5.566666666666666,0.009040880503144654,0.00562053281351527,9.0,2.3333333333333335,1.5555555555555556,12.333333333333334,4.111111111111111
Sione Vaki,RB,2026,nflreadpy,9.0,40.0,0.0,0,0,2,0.19160388297556588,0,3.0,3,35.0,0.0,0,0,8,27,2,0.6452163611150658,0,6.8999999999999995,0.02807162654361296,0.012845310183510905,3.0,4.444444444444445,13.333333333333334,11.666666666666666,11.666666666666666
Sire Gaines,RB,2024,college_data,20.0,156.0,1.0,0,0,0,,0,3.0,0,44.0,1.0,0,0,0,0,0,,0,,,,,7.8,,14.666666666666666,
Sire Gaines,RB,2025,college_data,161.0,812.0,8.0,0,0,0,,0,11.0,0,72.0,1.0,0,0,0,0,0,,0,,,,,5.043478260869565,,6.545454545454546,
Sol-Jay Maiava-Peters,RB,2024,college_data,22.0,124.0,1.0,0,0,0,,0,3.0,0,13.0,0.0,0,0,0,0,0,,0,,,,,5.636363636363637,,4.333333333333333,
Solomon Beebe,RB,2024,college_data,22.0,81.0,1.0,0,0,0,,0,2.0,0,12.0,0.0,0,0,0,0,0,,0,,,,,3.6818181818181817,,6.0,
Solomon Beebe,RB,2025,college_data,56.0,338.0,6.0,0,0,0,,0,31.0,0,284.0,0.0,0,0,0,0,0,,0,,,,,6.035714285714286,,9.161290322580646,
Sone Ntoh,RB,2024,college_data,109.0,487.0,25.0,0,0,0,,0,3.0,0,13.0,1.0,0,0,0,0,0,,0,,,,,4.467889908256881,,4.333333333333333,
Sony Michel,RB,2018,nflreadpy,280.0,1267.0,12.0,1,1,73,0.3440251034532837,0,8.0,14,59.0,0.0,0,0,5,60,3,-0.21591400771608782,0,-1.0987654320987654,0.027487486471861472,0.0023513782800585717,16.0,4.525,79.1875,7.375,3.6875
Sony Michel,RB,2019,nflreadpy,261.0,973.0,7.0,4,3,53,-1.604016100757915,2,14.0,22,103.0,0.0,2,2,-13,123,9,0.06127616931863868,2,2.2333333333333334,0.14818911588080116,0.11369771452986936,17.0,3.7279693486590038,57.23529411764706,7.357142857142857,6.0588235294117645
Sony Michel,RB,2020,nflreadpy,79.0,449.0,1.0,8,8,8,0.6527502233402629,8,7.0,8,114.0,1.0,8,8,8,8,8,1.4584236152586527,8,-6.279999999999999,1.0,1.0,8.0,5.6835443037974684,56.125,16.285714285714285,14.25
Sony Michel,RB,2021,nflreadpy,234.0,925.0,4.0,13,13,37,-1.315570917001549,13,24.0,32,120.0,1.0,13,13,-4,84,16,-0.9498254884982512,13,0.08677076891362603,0.6451478748276778,0.6162460987544242,21.0,3.952991452991453,44.04761904761905,5.0,5.714285714285714
Sony Michel,RB,2022,nflreadpy,36.0,106.0,0.0,0,0,8,-0.28089801433379763,0,9.0,13,53.0,0.0,0,0,22,46,1,-1.100395021426569,0,0.3652777777777778,0.028822549723144936,0.0071486011942887865,10.0,2.9444444444444446,10.6,5.888888888888889,5.3
Spencer Brown,RB,2022,nflreadpy,9.0,43.0,0.0,0,0,1,0.3950679952849956,0,2.0,4,10.0,0.0,0,0,-1,12,0,-1.1949065423686989,0,-0.7142857142857143,0.06388888888888888,-0.011826720337358636,2.0,4.777777777777778,21.5,5.0,5.0
Spencer Ferguson,RB,2025,college_data,43.0,239.0,3.0,0,0,0,,0,8.0,0,82.0,1.0,0,0,0,0,0,,0,,,,,5.558139534883721,,10.25,
Spencer Ware,RB,2018,nflreadpy,51.0,246.0,2.0,0,0,14,-0.12342585024519147,0,21.0,24,245.0,0.0,0,0,24,247,10,1.5202704759852022,0,0.9764786967418546,0.05200560565190856,0.0021800928303015213,13.0,4.823529411764706,18.923076923076923,11.666666666666666,18.846153846153847
Spencer Ware,RB,2019,nflreadpy,17.0,51.0,0.0,0,0,3,-0.39496171606394154,0,5.0,7,22.0,0.0,1,0,2,15,1,-0.7006889312469866,0,4.822222222222222,0.07003519356460533,0.00157549091885361,3.0,3.0,17.0,4.4,7.333333333333333
Stacy Gage,RB,2025,college_data,13.0,63.0,1.0,0,0,0,,0,1.0,0,5.0,0.0,0,0,0,0,0,,0,,,,,4.846153846153846,,5.0,
Stacy Sneed,RB,2024,college_data,60.0,308.0,1.0,0,0,0,,0,16.0,0,99.0,1.0,0,0,0,0,0,,0,,,,,5.133333333333334,,6.1875,
Stacy Sneed,RB,2025,college_data,37.0,130.0,0.0,0,0,0,,0,8.0,0,68.0,0.0,0,0,0,0,0,,0,,,,,3.5135135135135136,,8.5,
Star Thomas,RB,2024,college_data,213.0,871.0,7.0,0,0,0,,0,20.0,0,153.0,1.0,0,0,0,0,0,,0,,,,,4.089201877934272,,7.65,
Star Thomas,RB,2025,college_data,104.0,596.0,7.0,0,0,0,,0,11.0,0,116.0,2.0,0,0,0,0,0,,0,,,,,5.730769230769231,,10.545454545454545,
Stevan Ridley,RB,2018,nflreadpy,29.0,80.0,1.0,1,1,3,-1.5677836709364783,0,3.0,4,18.0,0.0,1,1,9,12,1,-1.829148132276411,0,2.5833333333333335,0.012701084923307146,0.0043461144705692935,9.0,2.7586206896551726,8.88888888888889,6.0,2.0
Steve Chavez-Soto,RB,2025,college_data,87.0,448.0,7.0,0,0,0,,0,3.0,0,15.0,0.0,0,0,0,0,0,,0,,,,,5.149425287356322,,5.0,
Steve Hall,RB,2024,college_data,111.0,808.0,5.0,0,0,0,,0,13.0,0,80.0,0.0,0,0,0,0,0,,0,,,,,7.2792792792792795,,6.153846153846154,
Steve Hall,RB,2025,college_data,137.0,612.0,8.0,0,0,0,,0,12.0,0,42.0,0.0,0,0,0,0,0,,0,,,,,4.467153284671533,,3.5,
Steven Blanco,RB,2025,college_data,30.0,156.0,2.0,0,0,0,,0,1.0,0,29.0,0.0,0,0,0,0,0,,0,,,,,5.2,,29.0,
Stevie Rocker,RB,2024,college_data,28.0,126.0,2.0,0,0,0,,0,7.0,0,90.0,0.0,0,0,0,0,0,,0,,,,,4.5,,12.857142857142858,
Stevie Rocker,RB,2025,college_data,45.0,209.0,2.0,0,0,0,,0,27.0,0,271.0,3.0,0,0,0,0,0,,0,,,,,4.644444444444445,,10.037037037037036,
Stockton Owen,RB,2024,college_data,90.0,334.0,1.0,0,0,0,,0,25.0,0,174.0,0.0,0,0,0,0,0,,0,,,,,3.7111111111111112,,6.96,
Sutton Smith,RB,2024,college_data,3.0,7.0,0.0,0,0,0,,0,2.0,0,13.0,0.0,0,0,0,0,0,,0,,,,,2.3333333333333335,,6.5,
Sutton Smith,RB,2025,college_data,102.0,669.0,7.0,0,0,0,,0,20.0,0,109.0,0.0,0,0,0,0,0,,0,,,,,6.5588235294117645,,5.45,
Sy'veon Wilkerson,RB,2024,college_data,23.0,97.0,0.0,0,0,0,,0,1.0,0,3.0,0.0,0,0,0,0,0,,0,,,,,4.217391304347826,,3.0,
T.J. Logan,RB,2018,nflreadpy,2.0,2.0,0.0,0,0,0,-0.9049435255583376,0,7.0,7,37.0,0.0,0,0,-2,39,1,-1.5936191106253925,0,-5.166666666666667,0.03786054962525551,-0.004554736185233032,6.0,1.0,0.3333333333333333,5.285714285714286,6.166666666666667
T.J. Logan,RB,2019,nflreadpy,3.0,10.0,0.0,0,0,0,-0.20068172219907865,0,2.0,3,13.0,0.0,0,0,30,9,1,-0.6072153358254582,0,1.8888888888888886,0.007320688826779635,0.007547886829274494,9.0,3.3333333333333335,1.1111111111111112,6.5,1.4444444444444444
T.J. Yeldon,RB,2018,nflreadpy,104.0,414.0,1.0,1,1,16,-1.2455770065626754,0,55.0,78,487.0,4.0,0,0,57,450,20,-0.2566667571006773,0,-8.014862914862915,0.17181961282864266,0.010768106779320852,14.0,3.980769230769231,29.571428571428573,8.854545454545455,34.785714285714285
T.J. Yeldon,RB,2019,nflreadpy,17.0,63.0,0.0,2,2,3,-1.7151044410129543,1,13.0,12,124.0,0.0,1,1,18,87,6,-1.0239185191758184,1,0.370581896551724,0.3316002752504014,0.23877789479211722,4.0,3.7058823529411766,15.75,9.538461538461538,31.0
T.J. Yeldon,RB,2020,nflreadpy,15.0,89.0,0.0,5,5,5,1.1378814113413682,5,5.0,5,63.0,1.0,5,5,5,5,5,0.7733382527561238,5,1.277777777777778,1.0,1.0,5.0,5.933333333333334,17.8,12.6,12.6
TJ Dement,RB,2025,college_data,61.0,322.0,5.0,0,0,0,,0,9.0,0,74.0,0.0,0,0,0,0,0,,0,,,,,5.278688524590164,,8.222222222222221,
TJ Engleman,RB,2025,college_data,59.0,306.0,1.0,0,0,0,,0,7.0,0,37.0,0.0,0,0,0,0,0,,0,,,,,5.186440677966102,,5.285714285714286,
TJ Harden,RB,2024,college_data,124.0,505.0,2.0,0,0,0,,0,40.0,0,368.0,1.0,0,0,0,0,0,,0,,,,,4.07258064516129,,9.2,
TJ Harden,RB,2025,college_data,171.0,787.0,9.0,0,0,0,,0,19.0,0,99.0,1.0,0,0,0,0,0,,0,,,,,4.60233918128655,,5.2105263157894735,
TJ Horton,RB,2024,college_data,23.0,107.0,0.0,0,0,0,,0,4.0,0,2.0,0.0,0,0,0,0,0,,0,,,,,4.6521739130434785,,0.5,
TJ Horton,RB,2025,college_data,60.0,180.0,0.0,0,0,0,,0,15.0,0,71.0,1.0,0,0,0,0,0,,0,,,,,3.0,,4.733333333333333,
TJ Lester,RB,2025,college_data,101.0,432.0,6.0,0,0,0,,0,9.0,0,24.0,0.0,0,0,0,0,0,,0,,,,,4.2772277227722775,,2.6666666666666665,
TJ Peyton,RB,2025,college_data,12.0,65.0,0.0,0,0,0,,0,1.0,0,15.0,0.0,0,0,0,0,0,,0,,,,,5.416666666666667,,15.0,
TJ Thomas Jr.,RB,2024,college_data,89.0,577.0,5.0,0,0,0,,0,13.0,0,108.0,1.0,0,0,0,0,0,,0,,,,,6.48314606741573,,8.307692307692308,
TJ Thomas Jr.,RB,2025,college_data,91.0,384.0,6.0,0,0,0,,0,15.0,0,124.0,0.0,0,0,0,0,0,,0,,,,,4.21978021978022,,8.266666666666667,
TK Marshall,RB,2024,college_data,47.0,168.0,1.0,0,0,0,,0,12.0,0,197.0,1.0,0,0,0,0,0,,0,,,,,3.574468085106383,,16.416666666666668,
Tacaris Bozeman,RB,2024,college_data,21.0,81.0,1.0,0,0,0,,0,2.0,0,43.0,0.0,0,0,0,0,0,,0,,,,,3.857142857142857,,21.5,
Tae Meadows,RB,2025,college_data,159.0,695.0,6.0,0,0,0,,0,11.0,0,64.0,0.0,0,0,0,0,0,,0,,,,,4.371069182389937,,5.818181818181818,
Taeo Todd,RB,2025,college_data,26.0,102.0,0.0,0,0,0,,0,11.0,0,59.0,0.0,0,0,0,0,0,,0,,,,,3.923076923076923,,5.363636363636363,
Tahir Mills,RB,2025,college_data,12.0,46.0,1.0,0,0,0,,0,8.0,0,26.0,0.0,0,0,0,0,0,,0,,,,,3.8333333333333335,,3.25,
Tahj Brooks,RB,2024,college_data,286.0,1505.0,17.0,0,0,0,,0,27.0,0,185.0,1.0,0,0,0,0,0,,0,,,,,5.2622377622377625,,6.851851851851852,
Tahj Brooks,RB,2025,nflreadpy,16.0,45.0,0.0,0,0,1,-0.6785304772978028,0,1.0,2,9.0,0.0,0,0,-5,11,0,-4.015119389165193,0,-2.25,0.004976232917409388,-0.0013659381663113006,12.0,2.8125,3.75,9.0,0.75
Taiwan Jones,RB,2019,nflreadpy,9.0,40.0,0.0,2,2,5,0.21770817655487917,2,3.0,3,57.0,0.0,2,2,-1,14,2,0.6912929041437486,2,-10.0,0.203125,0.19902597402597402,10.0,4.444444444444445,4.0,19.0,5.7
Taj Butts,RB,2024,college_data,68.0,268.0,0.0,0,0,0,,0,5.0,0,32.0,0.0,0,0,0,0,0,,0,,,,,3.9411764705882355,,6.4,
Taj Butts,RB,2025,college_data,79.0,578.0,4.0,0,0,0,,0,4.0,0,29.0,0.0,0,0,0,0,0,,0,,,,,7.3164556962025316,,7.25,
Taj Dyches,RB,2025,college_data,6.0,6.0,0.0,0,0,0,,0,1.0,0,12.0,0.0,0,0,0,0,0,,0,,,,,1.0,,12.0,
Taj Hughes,RB,2024,college_data,16.0,86.0,1.0,0,0,0,,0,73.0,0,647.0,4.0,0,0,0,0,0,,0,,,,,5.375,,8.863013698630137,
Taj Hughes,RB,2025,college_data,29.0,143.0,0.0,0,0,0,,0,39.0,0,406.0,2.0,0,0,0,0,0,,0,,,,,4.931034482758621,,10.41025641025641,
Tamaj Hoffman,RB,2025,college_data,16.0,69.0,0.0,0,0,0,,0,2.0,0,2.0,0.0,0,0,0,0,0,,0,,,,,4.3125,,1.0,
Tank Bigsby,RB,2023,nflreadpy,50.0,132.0,2.0,1,1,12,-0.9489274570436325,0,1.0,4,6.0,0.0,0,0,6,5,0,-3.4221737856569234,0,1.5,0.009555565402339596,0.0019901132986417268,13.0,2.64,10.153846153846153,6.0,0.46153846153846156
Tank Bigsby,RB,2024,nflreadpy,168.0,766.0,7.0,3,1,39,-0.05605954336828868,0,7.0,12,54.0,0.0,0,0,-13,64,1,-0.3166160648429973,0,-2.3796296296296298,0.025099519365135402,-7.247044052434816e-05,16.0,4.559523809523809,47.875,7.714285714285714,3.375
Tank Bigsby,RB,2025,nflreadpy,67.0,375.0,2.0,0,0,19,0.6237321638668584,0,3.0,4,32.0,0.0,0,0,-6,39,1,-0.1843128963955678,0,7.285714285714286,0.010868757911596786,-0.0011460707926870559,16.0,5.597014925373134,23.4375,10.666666666666666,2.0
Tank Bigsby,RB,2026,nflreadpy,28.0,91.0,1.0,0,0,5,-1.600316084871796,0,3.0,4,10.0,0.0,1,1,-8,18,0,-1.8562548994862784,0,-0.3125,0.03470588235294118,-0.00684931506849315,4.0,3.25,22.75,3.3333333333333335,2.5
Taquan Mizzell,RB,2018,nflreadpy,10.0,15.0,0.0,0,0,0,-0.45227841502492083,0,8.0,11,78.0,1.0,0,0,52,34,4,0.5917453873019743,0,-0.7443609022556391,0.03977971280879519,0.022346836387428667,9.0,1.5,1.6666666666666667,9.75,8.666666666666666
Tarik Cohen,RB,2018,nflreadpy,100.0,444.0,3.0,2,2,20,-0.6768638074514212,0,74.0,96,752.0,5.0,1,1,366,529,30,0.8025375214407114,0,-0.00728778875181467,0.17104705029234296,0.06389294973370489,17.0,4.44,26.11764705882353,10.162162162162161,44.23529411764706
Tarik Cohen,RB,2019,nflreadpy,64.0,213.0,0.0,1,1,15,-0.549508935133204,1,79.0,95,456.0,3.0,2,1,192,377,18,-0.964372347977992,1,5.282252705074638,0.22733870875996742,0.10862737183816507,16.0,3.328125,13.3125,5.772151898734177,28.5
Tarik Cohen,RB,2020,nflreadpy,14.0,74.0,0.0,3,3,3,0.6067984571078947,3,6.0,3,41.0,0.0,3,3,3,3,3,-0.16244501121885455,3,-1.3722222222222225,1.0,1.0,3.0,5.285714285714286,24.666666666666668,6.833333333333333,13.666666666666666
Tariq Sims,RB,2025,college_data,63.0,223.0,0.0,0,0,0,,0,23.0,0,213.0,3.0,0,0,0,0,0,,0,,,,,3.5396825396825395,,9.26086956521739,
Tariq Thomas,RB,2024,college_data,167.0,792.0,4.0,0,0,0,,0,14.0,0,76.0,0.0,0,0,0,0,0,,0,,,,,4.74251497005988,,5.428571428571429,
Tariq Thomas,RB,2025,college_data,131.0,602.0,3.0,0,0,0,,0,5.0,0,24.0,0.0,0,0,0,0,0,,0,,,,,4.595419847328245,,4.8,
Taron Keith,RB,2024,college_data,78.0,419.0,8.0,0,0,0,,0,13.0,0,157.0,0.0,0,0,0,0,0,,0,,,,,5.371794871794871,,12.076923076923077,
Tate Carney,RB,2024,college_data,82.0,335.0,6.0,0,0,0,,0,9.0,0,113.0,1.0,0,0,0,0,0,,0,,,,,4.085365853658536,,12.555555555555555,
Taven Curry,RB,2024,college_data,32.0,153.0,0.0,0,0,0,,0,3.0,0,22.0,0.0,0,0,0,0,0,,0,,,,,4.78125,,7.333333333333333,
Taveon Porter,RB,2025,college_data,13.0,34.0,1.0,0,0,0,,0,2.0,0,7.0,0.0,0,0,0,0,0,,0,,,,,2.6153846153846154,,3.5,
Tavierre Dunlap,RB,2025,college_data,106.0,428.0,5.0,0,0,0,,0,20.0,0,113.0,0.0,0,0,0,0,0,,0,,,,,4.037735849056604,,5.65,
Tavion Banks,RB,2024,college_data,69.0,284.0,2.0,0,0,0,,0,10.0,0,32.0,0.0,0,0,0,0,0,,0,,,,,4.115942028985507,,3.2,
Tavorus Jones,RB,2024,college_data,13.0,55.0,0.0,0,0,0,,0,1.0,0,20.0,0.0,0,0,0,0,0,,0,,,,,4.230769230769231,,20.0,
Tavorus Jones,RB,2025,college_data,7.0,31.0,1.0,0,0,0,,0,3.0,0,26.0,0.0,0,0,0,0,0,,0,,,,,4.428571428571429,,8.666666666666666,
Tawee Walker,RB,2024,college_data,190.0,864.0,10.0,0,0,0,,0,11.0,0,21.0,0.0,0,0,0,0,0,,0,,,,,4.5473684210526315,,1.9090909090909092,
Tawee Walker,RB,2025,college_data,120.0,709.0,4.0,0,0,0,,0,18.0,0,78.0,1.0,0,0,0,0,0,,0,,,,,5.908333333333333,,4.333333333333333,
Taylor Tatum,RB,2024,college_data,56.0,278.0,3.0,0,0,0,,0,5.0,0,41.0,1.0,0,0,0,0,0,,0,,,,,4.964285714285714,,8.2,
Telly Johnson Jr.,RB,2024,college_data,103.0,480.0,4.0,0,0,0,,0,2.0,0,3.0,0.0,0,0,0,0,0,,0,,,,,4.660194174757281,,1.5,
Telly Johnson Jr.,RB,2025,college_data,124.0,690.0,4.0,0,0,0,,0,16.0,0,97.0,0.0,0,0,0,0,0,,0,,,,,5.564516129032258,,6.0625,
Terion Stewart,RB,2024,college_data,166.0,898.0,6.0,0,0,0,,0,1.0,0,12.0,0.0,0,0,0,0,0,,0,,,,,5.409638554216867,,12.0,
Terion Stewart,RB,2025,college_data,82.0,469.0,0.0,0,0,0,,0,4.0,0,19.0,0.0,0,0,0,0,0,,0,,,,,5.719512195121951,,4.75,
Terrance Gibbs,RB,2024,college_data,1.0,4.0,0.0,0,0,0,,0,1.0,0,2.0,0.0,0,0,0,0,0,,0,,,,,4.0,,2.0,
Terrance Gibbs,RB,2025,college_data,17.0,61.0,1.0,0,0,0,,0,7.0,0,68.0,0.0,0,0,0,0,0,,0,,,,,3.588235294117647,,9.714285714285714,
Terrance Shelton Jr.,RB,2025,college_data,57.0,244.0,1.0,0,0,0,,0,8.0,0,42.0,0.0,0,0,0,0,0,,0,,,,,4.280701754385965,,5.25,
Terrell Jennings,RB,2025,nflreadpy,23.0,73.0,1.0,0,0,8,0.4784014084143564,0,1.0,1,9.0,0.0,0,0,2,7,0,0.6562925265170634,0,4.5,0.005952380952380952,0.001075268817204301,6.0,3.1739130434782608,12.166666666666666,9.0,1.5
Terrell Washington Jr.,RB,2024,college_data,12.0,34.0,0.0,0,0,0,,0,6.0,0,33.0,1.0,0,0,0,0,0,,0,,,,,2.8333333333333335,,5.5,
Terrell Washington Jr.,RB,2025,college_data,28.0,98.0,0.0,0,0,0,,0,4.0,0,18.0,0.0,0,0,0,0,0,,0,,,,,3.5,,4.5,
Terrez Worthy,RB,2024,college_data,79.0,425.0,4.0,0,0,0,,0,16.0,0,65.0,0.0,0,0,0,0,0,,0,,,,,5.379746835443038,,4.0625,
Terrez Worthy,RB,2025,college_data,23.0,71.0,1.0,0,0,0,,0,6.0,0,74.0,1.0,0,0,0,0,0,,0,,,,,3.0869565217391304,,12.333333333333334,
Terron Kellman,RB,2024,college_data,48.0,242.0,0.0,0,0,0,,0,1.0,0,8.0,0.0,0,0,0,0,0,,0,,,,,5.041666666666667,,8.0,
Terron Kellman,RB,2025,college_data,65.0,331.0,4.0,0,0,0,,0,5.0,0,52.0,0.0,0,0,0,0,0,,0,,,,,5.092307692307692,,10.4,
Terry Lindsey,RB,2024,college_data,9.0,27.0,0.0,0,0,0,,0,1.0,0,1.0,0.0,0,0,0,0,0,,0,,,,,3.0,,1.0,
Terry Wilkins,RB,2024,college_data,54.0,214.0,1.0,0,0,0,,0,13.0,0,69.0,1.0,0,0,0,0,0,,0,,,,,3.962962962962963,,5.3076923076923075,
Tevin Coleman,RB,2018,nflreadpy,167.0,800.0,4.0,1,0,36,-0.739507743244707,0,32.0,44,276.0,5.0,1,0,21,275,15,0.8038646238878746,0,0.005510180680459106,0.07469301197300285,0.004349923479366025,16.0,4.790419161676646,50.0,8.625,17.25
Tevin Coleman,RB,2019,nflreadpy,170.0,698.0,8.0,3,3,29,-0.7560741803632607,3,22.0,33,183.0,1.0,3,3,-28,207,12,-0.4542554099659768,3,0.5407738095238095,0.23929871588914833,0.16554602994769413,17.0,4.105882352941176,41.05882352941177,8.318181818181818,10.764705882352942
Tevin Coleman,RB,2020,nflreadpy,28.0,53.0,0.0,6,6,6,-1.4074816511080523,6,4.0,6,34.0,0.0,6,6,6,6,6,0.3260299739971136,6,1.0,1.0,1.0,6.0,1.8928571428571428,8.833333333333334,8.5,5.666666666666667
Tevin Coleman,RB,2021,nflreadpy,84.0,356.0,0.0,9,9,12,-0.5345125964826862,9,11.0,11,49.0,0.0,9,9,29,13,9,-0.290584713278804,9,-0.8710091991341992,0.8272955115060378,0.8315508021390374,11.0,4.238095238095238,32.36363636363637,4.454545454545454,4.454545454545454
Tevin Coleman,RB,2022,nflreadpy,12.0,26.0,1.0,0,0,2,-3.1645703370304545,0,3.0,3,44.0,1.0,0,0,24,20,2,5.230903412215412,0,1.8333333333333333,0.05,0.05217391304347826,2.0,2.1666666666666665,13.0,14.666666666666666,22.0
Thad Franklin,RB,2024,college_data,120.0,653.0,5.0,0,0,0,,0,20.0,0,186.0,2.0,0,0,0,0,0,,0,,,,,5.441666666666666,,9.3,
Thad Franklin,RB,2025,college_data,155.0,720.0,6.0,0,0,0,,0,17.0,0,120.0,0.0,0,0,0,0,0,,0,,,,,4.645161290322581,,7.0588235294117645,
Theo Riddick,RB,2018,nflreadpy,40.0,171.0,0.0,0,0,8,-0.5457446134879362,0,61.0,74,384.0,0.0,0,0,53,406,16,-0.8964427457637328,0,-5.13771917737435,0.14504975955280217,0.009329727400674847,14.0,4.275,12.214285714285714,6.295081967213115,27.428571428571427
Theo Riddick,RB,2020,nflreadpy,6.0,14.0,0.0,4,4,4,-0.17347457583916062,4,5.0,4,43.0,0.0,4,4,4,4,4,-0.13120807678205892,4,1.0333333333333332,1.0,1.0,4.0,2.3333333333333335,3.5,8.6,10.75
Thomas Ansley,RB,2025,college_data,118.0,565.0,2.0,0,0,0,,0,18.0,0,143.0,1.0,0,0,0,0,0,,0,,,,,4.788135593220339,,7.944444444444445,
Timothy Carter,RB,2024,college_data,48.0,237.0,1.0,0,0,0,,0,4.0,0,26.0,0.0,0,0,0,0,0,,0,,,,,4.9375,,6.5,
Timothy Carter,RB,2025,college_data,72.0,347.0,4.0,0,0,0,,0,9.0,0,44.0,0.0,0,0,0,0,0,,0,,,,,4.819444444444445,,4.888888888888889,
Timothy Gans,RB,2024,college_data,16.0,62.0,0.0,0,0,0,,0,3.0,0,24.0,0.0,0,0,0,0,0,,0,,,,,3.875,,8.0,
Titus Cram,RB,2024,college_data,2.0,4.0,0.0,0,0,0,,0,1.0,0,25.0,0.0,0,0,0,0,0,,0,,,,,2.0,,25.0,
Todd Gurley,RB,2018,nflreadpy,286.0,1411.0,19.0,0,0,75,1.4210248226495457,2,63.0,88,585.0,4.0,1,1,62,592,27,0.003757850429847142,1,1.001719618328615,0.14696701945979734,0.007060562786444418,17.0,4.933566433566433,83.0,9.285714285714286,34.411764705882355
Todd Gurley,RB,2019,nflreadpy,223.0,857.0,12.0,4,3,50,-1.828446142447762,2,31.0,48,207.0,2.0,1,1,27,185,8,-0.28260023943536605,1,0.26804168054168054,0.1474444988488796,0.06702150302156372,15.0,3.8430493273542603,57.13333333333333,6.67741935483871,13.8
Todd Gurley,RB,2020,nflreadpy,195.0,678.0,9.0,15,15,15,-1.3193404293533826,15,25.0,15,164.0,0.0,15,15,15,15,15,0.09507677276045658,15,-0.6021025196126409,1.0,1.0,15.0,3.476923076923077,45.2,6.56,10.933333333333334
Tommy Lafayette,RB,2025,college_data,7.0,19.0,0.0,0,0,0,,0,2.0,0,31.0,0.0,0,0,0,0,0,,0,,,,,2.7142857142857144,,15.5,
Tony Jones,RB,2021,nflreadpy,54.0,142.0,0.0,7,7,7,-1.868990231474163,7,5.0,8,29.0,0.0,7,7,7,7,7,-0.30875463982811197,7,-0.625,0.7043478260869566,0.7,10.0,2.6296296296296298,14.2,5.8,2.9
Tony Jones,RB,2022,nflreadpy,10.0,24.0,0.0,0,0,3,-1.1782692005702604,0,5.0,8,30.0,0.0,0,0,-22,34,0,-1.8385789485570665,0,-2.4615384615384617,0.07122122122122122,-0.023584746685471034,3.0,2.4,8.0,6.0,10.0
Tony Jones,RB,2023,nflreadpy,26.0,95.0,2.0,0,0,7,0.2813094999534466,0,7.0,10,37.0,0.0,0,0,-18,44,1,-1.1558958933722177,0,-5.346153846153846,0.06015889114266396,-0.04717116552126613,6.0,3.6538461538461537,15.833333333333334,5.285714285714286,6.166666666666667
Tony Phillips,RB,2024,college_data,5.0,9.0,0.0,0,0,0,,0,2.0,0,4.0,1.0,0,0,0,0,0,,0,,,,,1.8,,2.0,
Tony Phillips,RB,2025,college_data,29.0,93.0,1.0,0,0,0,,0,2.0,0,2.0,0.0,0,0,0,0,0,,0,,,,,3.206896551724138,,1.0,
Tony Pollard,RB,2019,nflreadpy,86.0,455.0,2.0,2,2,19,-0.05388442491883013,2,15.0,19,107.0,1.0,1,1,-16,127,5,-0.34588088635812886,1,-4.932589285714286,0.11048391217959044,0.06518052701165893,14.0,5.290697674418604,32.5,7.133333333333334,7.642857142857143
Tony Pollard,RB,2020,nflreadpy,101.0,435.0,4.0,16,16,16,-0.16921272942175467,16,28.0,16,193.0,1.0,16,16,16,16,16,-0.29788949583258645,16,-0.12819291819291814,1.0,1.0,16.0,4.306930693069307,27.1875,6.892857142857143,12.0625
Tony Pollard,RB,2021,nflreadpy,134.0,733.0,2.0,12,12,18,0.7749311357830325,12,41.0,25,349.0,0.0,13,12,26,95,17,0.41011535276801175,12,-1.7976998050682265,0.7708406129859917,0.7539572036458636,16.0,5.470149253731344,45.8125,8.512195121951219,21.8125
Tony Pollard,RB,2022,nflreadpy,214.0,1106.0,9.0,0,0,49,0.14091493602384964,0,44.0,61,394.0,3.0,0,0,73,371,19,0.3375385239669372,0,1.9585852440523723,0.10343086807254875,0.01681666507381743,18.0,5.168224299065421,61.44444444444444,8.954545454545455,21.88888888888889
Tony Pollard,RB,2023,nflreadpy,267.0,1061.0,7.0,1,1,60,-0.8204255179666851,1,62.0,76,340.0,0.0,2,0,41,354,13,-0.3689779307228275,0,1.9039915966386558,0.11656674914534955,0.00791731286783657,18.0,3.9737827715355807,58.94444444444444,5.483870967741935,18.88888888888889
Tony Pollard,RB,2024,nflreadpy,260.0,1079.0,5.0,2,2,53,-1.6363220862917045,1,41.0,57,238.0,0.0,0,0,8,221,9,-1.0310436018626206,0,0.4822386705264857,0.12167072019399267,-0.007989244167748783,16.0,4.15,67.4375,5.804878048780488,14.875
Tony Pollard,RB,2025,nflreadpy,242.0,1082.0,5.0,3,2,48,-1.2761345041448973,0,33.0,41,206.0,0.0,1,1,12,203,11,-0.7884781119477814,0,-1.4312698412698412,0.0759539897472931,0.0005278029587134489,17.0,4.471074380165289,63.64705882352941,6.242424242424242,12.117647058823529
Tony Pollard,RB,2026,nflreadpy,54.0,221.0,1.0,0,0,10,-1.0137226234058256,0,8.0,11,24.0,0.0,0,0,16,40,1,-2.6066326487489277,0,2.537202380952381,0.09684873949579831,0.017982456140350878,4.0,4.092592592592593,55.25,3.0,6.0
Torin Baker,RB,2024,college_data,43.0,241.0,2.0,0,0,0,,0,9.0,0,94.0,0.0,0,0,0,0,0,,0,,,,,5.604651162790698,,10.444444444444445,
Torin Baker,RB,2025,college_data,10.0,28.0,0.0,0,0,0,,0,9.0,0,70.0,1.0,0,0,0,0,0,,0,,,,,2.8,,7.777777777777778,
Torrance Burgess Jr.,RB,2024,college_data,60.0,367.0,2.0,0,0,0,,0,10.0,0,111.0,0.0,0,0,0,0,0,,0,,,,,6.116666666666666,,11.1,
Torrance Farmer,RB,2024,college_data,41.0,132.0,3.0,0,0,0,,0,8.0,0,82.0,1.0,0,0,0,0,0,,0,,,,,3.2195121951219514,,10.25,
Torry Locklin,RB,2024,college_data,2.0,5.0,0.0,0,0,0,,0,2.0,0,36.0,0.0,0,0,0,0,0,,0,,,,,2.5,,18.0,
Tory Blaylock,RB,2025,college_data,120.0,482.0,4.0,0,0,0,,0,13.0,0,77.0,0.0,0,0,0,0,0,,0,,,,,4.016666666666667,,5.923076923076923,
Tra Carson,RB,2019,nflreadpy,18.0,48.0,0.0,0,0,3,-3.1882399121532217,0,4.0,4,18.0,0.0,0,0,4,14,0,-0.15333175123669207,0,4.5,0.04301075268817204,0.005398110661268556,3.0,2.6666666666666665,16.0,4.5,6.0
Travaris Cadet,RB,2018,nflreadpy,11.0,17.0,0.0,0,0,0,-7.7962866289887796,0,1.0,1,5.0,0.0,0,0,1,4,0,-0.7193974446737097,0,5.0,0.03333333333333333,0.004424778761061947,1.0,1.5454545454545454,17.0,5.0,5.0
Travis Etienne,RB,2022,nflreadpy,250.0,1296.0,6.0,3,3,61,-0.11514867354793731,1,39.0,49,346.0,0.0,1,0,-12,398,18,0.452863495604213,0,-0.18913341560400387,0.0759168136137918,-0.005154556434771858,19.0,5.184,68.21052631578948,8.871794871794872,18.210526315789473
Travis Etienne,RB,2023,nflreadpy,267.0,1008.0,11.0,0,0,53,-1.9228581678042167,2,58.0,73,476.0,1.0,0,0,-67,523,23,0.5660359273058304,0,-5.028154946189002,0.12160986507324081,-0.015225338831925705,17.0,3.7752808988764044,59.294117647058826,8.206896551724139,28.0
Travis Etienne,RB,2024,nflreadpy,150.0,558.0,2.0,1,1,31,-1.7708336660754866,0,39.0,52,254.0,0.0,0,0,4,296,13,-0.32950776098356527,0,-2.634237614237614,0.11049372571271815,0.00039311810625534217,15.0,3.72,37.2,6.512820512820513,16.933333333333334
Travis Etienne,RB,2025,nflreadpy,270.0,1174.0,7.0,0,0,51,-0.9059050944674034,0,41.0,57,341.0,7.0,0,0,-69,381,17,0.7660257516383555,0,0.14592830009496682,0.1014690800664006,-0.014364672587449322,18.0,4.348148148148148,65.22222222222223,8.317073170731707,18.944444444444443
Travis Etienne,RB,2026,nflreadpy,30.0,128.0,0.0,0,0,7,-0.04171708826224011,1,11.0,13,51.0,0.0,0,0,-9,61,3,-0.14994321482649356,0,-5.6190476190476195,0.09519230769230769,-0.012334878838246873,3.0,4.266666666666667,42.666666666666664,4.636363636363637,17.0
Travis Homer,RB,2019,nflreadpy,32.0,139.0,0.0,3,3,6,-0.4452508591246361,3,14.0,11,88.0,0.0,3,3,1,31,3,0.5712895340351598,3,-6.291666666666667,0.36398467432950193,0.3326323168594462,9.0,4.34375,15.444444444444445,6.285714285714286,9.777777777777779
Travis Homer,RB,2020,nflreadpy,25.0,88.0,0.0,9,9,9,-1.236418298267381,9,9.0,9,90.0,1.0,9,9,9,9,9,0.762683660567298,9,-12.8,1.0,1.0,9.0,3.52,9.777777777777779,10.0,10.0
Travis Homer,RB,2021,nflreadpy,21.0,177.0,1.0,11,11,13,0.9715260278120137,11,16.0,14,161.0,0.0,11,11,31,27,12,-0.5434432149595523,11,0.7151785714285714,0.7939560439560439,0.7902066486972147,14.0,8.428571428571429,12.642857142857142,10.0625,11.5
Travis Homer,RB,2022,nflreadpy,19.0,74.0,0.0,0,0,4,-0.30237999386372394,0,16.0,18,157.0,1.0,1,1,31,129,7,-0.9012588788367187,0,2.0114035087719295,0.05193617536605342,0.009880080267860641,10.0,3.8947368421052633,7.4,9.8125,15.7
Travis Homer,RB,2024,nflreadpy,6.0,23.0,0.0,0,0,2,0.033684554257585354,0,3.0,3,11.0,0.0,0,0,1,10,0,-0.8533709939802065,0,11.0,0.015625,0.0008928571428571428,8.0,3.8333333333333335,2.875,3.6666666666666665,1.375
Travis Kerney,RB,2025,college_data,75.0,299.0,3.0,0,0,0,,0,12.0,0,106.0,0.0,0,0,0,0,0,,0,,,,,3.986666666666667,,8.833333333333334,
Travis Terrell Jr.,RB,2024,college_data,75.0,459.0,4.0,0,0,0,,0,15.0,0,95.0,0.0,0,0,0,0,0,,0,,,,,6.12,,6.333333333333333,
Travis Terrell Jr.,RB,2025,college_data,102.0,607.0,5.0,0,0,0,,0,5.0,0,39.0,0.0,0,0,0,0,0,,0,,,,,5.950980392156863,,7.8,
Travis Theis,RB,2024,college_data,181.0,1112.0,19.0,0,0,0,,0,33.0,0,385.0,2.0,0,0,0,0,0,,0,,,,,6.143646408839779,,11.666666666666666,
Trayveon Williams,RB,2020,nflreadpy,26.0,157.0,0.0,6,6,6,-2.4061224165391955,6,5.0,6,30.0,0.0,6,6,6,6,6,-0.1371934912749566,6,-4.642857142857143,1.0,1.0,6.0,6.038461538461538,26.166666666666668,6.0,5.0
Trayveon Williams,RB,2021,nflreadpy,15.0,51.0,0.0,3,3,6,-0.10591802748967893,3,1.0,5,4.0,0.0,3,3,-4,14,3,-0.6902852147508365,3,-0.5714285714285714,0.7672413793103449,0.739329268292683,4.0,3.4,12.75,4.0,1.0
Trayveon Williams,RB,2022,nflreadpy,6.0,30.0,0.0,0,0,1,-0.15337046406057198,0,2.0,3,30.0,0.0,0,0,20,8,1,0.529342040681513,0,0.8333333333333334,0.00860548048048048,0.008537212904963967,10.0,5.0,3.0,15.0,3.0
Trayveon Williams,RB,2023,nflreadpy,15.0,69.0,0.0,0,0,2,-0.20943662159261295,0,7.0,9,10.0,0.0,0,0,-28,35,0,-1.2712126763712457,0,-0.1717171717171717,0.015159012183468705,-0.00717219129155987,16.0,4.6,4.3125,1.4285714285714286,0.625
Trayveon Williams,RB,2025,nflreadpy,10.0,36.0,0.0,0,0,3,0.3149121931346599,0,8.0,9,55.0,0.0,0,0,-34,83,2,-0.8088930640881394,0,-1.0555555555555556,0.058261506514194684,-0.055337449228507585,6.0,3.6,6.0,6.875,9.166666666666666
Tre Bradford,RB,2024,college_data,97.0,395.0,4.0,0,0,0,,0,11.0,0,66.0,0.0,0,0,0,0,0,,0,,,,,4.072164948453608,,6.0,
Tre Bradford,RB,2025,college_data,102.0,569.0,3.0,0,0,0,,0,12.0,0,67.0,0.0,0,0,0,0,0,,0,,,,,5.578431372549019,,5.583333333333333,
Tre Page III,RB,2025,college_data,112.0,839.0,7.0,0,0,0,,0,7.0,0,29.0,0.0,0,0,0,0,0,,0,,,,,7.491071428571429,,4.142857142857143,
Tre Peterson,RB,2024,college_data,62.0,384.0,2.0,0,0,0,,0,2.0,0,11.0,0.0,0,0,0,0,0,,0,,,,,6.193548387096774,,5.5,
Tre Stewart,RB,2024,college_data,279.0,1636.0,25.0,0,0,0,,0,17.0,0,233.0,1.0,0,0,0,0,0,,0,,,,,5.863799283154122,,13.705882352941176,
Tre Wisner,RB,2024,college_data,226.0,1064.0,5.0,0,0,0,,0,44.0,0,311.0,1.0,0,0,0,0,0,,0,,,,,4.707964601769912,,7.068181818181818,
Tre Wisner,RB,2025,college_data,131.0,597.0,3.0,0,0,0,,0,22.0,0,146.0,1.0,0,0,0,0,0,,0,,,,,4.557251908396947,,6.636363636363637,
TreVeyon Henderson,RB,2024,college_data,144.0,1016.0,10.0,0,0,0,,0,27.0,0,284.0,1.0,0,0,0,0,0,,0,,,,,7.055555555555555,,10.518518518518519,
TreVeyon Henderson,RB,2025,nflreadpy,210.0,987.0,9.0,1,1,46,-0.13092913342597207,0,40.0,48,254.0,1.0,0,0,-14,285,8,-0.05096032749200119,0,1.0404779978793137,0.07685140583395801,-0.0019430641714173681,21.0,4.7,47.0,6.35,12.095238095238095
TreVeyon Henderson,RB,2026,nflreadpy,38.0,141.0,1.0,0,0,5,-1.9565554952908617,0,1.0,3,6.0,0.0,0,0,0,2,0,-0.4063483403297141,0,0.75,0.029629629629629627,4.0254002757399036e-05,3.0,3.710526315789474,47.0,6.0,2.0
Trelain Maddox,RB,2024,college_data,17.0,67.0,1.0,0,0,0,,0,1.0,0,9.0,0.0,0,0,0,0,0,,0,,,,,3.9411764705882355,,9.0,
Trelain Maddox,RB,2025,college_data,11.0,38.0,1.0,0,0,0,,0,1.0,0,7.0,0.0,0,0,0,0,0,,0,,,,,3.4545454545454546,,7.0,
Trent Battle,RB,2024,college_data,44.0,186.0,2.0,0,0,0,,0,6.0,0,29.0,0.0,0,0,0,0,0,,0,,,,,4.2272727272727275,,4.833333333333333,
Trent Battle,RB,2025,college_data,64.0,349.0,6.0,0,0,0,,0,10.0,0,65.0,0.0,0,0,0,0,0,,0,,,,,5.453125,,6.5,
Trenten Howland,RB,2024,college_data,41.0,230.0,1.0,0,0,0,,0,3.0,0,7.0,0.0,0,0,0,0,0,,0,,,,,5.609756097560975,,2.3333333333333335,
Trenten Howland,RB,2025,college_data,63.0,243.0,3.0,0,0,0,,0,6.0,0,37.0,0.0,0,0,0,0,0,,0,,,,,3.857142857142857,,6.166666666666667,
Trenton Cannon,RB,2018,nflreadpy,38.0,113.0,1.0,0,0,7,-0.7869666424554048,0,17.0,25,144.0,0.0,0,0,157,118,4,-0.8640487479228605,0,0.03393308080808082,0.06539910858730234,0.05199126965379438,12.0,2.973684210526316,9.416666666666666,8.470588235294118,12.0
Trenton Cannon,RB,2020,nflreadpy,10.0,33.0,0.0,12,12,12,-0.5785513324313797,12,3.0,12,16.0,0.0,12,12,12,12,12,-0.5173034856997741,12,2.5,1.0,1.0,12.0,3.3,2.75,5.333333333333333,1.3333333333333333
Trequan Jones,RB,2025,college_data,105.0,792.0,6.0,0,0,0,,0,6.0,0,20.0,0.0,0,0,0,0,0,,0,,,,,7.542857142857143,,3.3333333333333335,
Treshaun Ward,RB,2024,college_data,77.0,406.0,2.0,0,0,0,,0,15.0,0,268.0,4.0,0,0,0,0,0,,0,,,,,5.2727272727272725,,17.866666666666667,
Trestan Ebner,RB,2022,nflreadpy,24.0,54.0,0.0,0,0,2,-1.6706939103198237,0,2.0,8,8.0,0.0,1,1,8,-1,0,-0.8101082286405308,0,0.11428571428571428,0.03516588187640819,0.0026547786479612086,11.0,2.25,4.909090909090909,4.0,0.7272727272727273
Trevion Cooley,RB,2024,college_data,6.0,26.0,0.0,0,0,0,,0,1.0,0,4.0,0.0,0,0,0,0,0,,0,,,,,4.333333333333333,,4.0,
Trevonte' Citizen,RB,2024,college_data,30.0,107.0,0.0,0,0,0,,0,2.0,0,9.0,0.0,0,0,0,0,0,,0,,,,,3.566666666666667,,4.5,
Trevonte' Citizen,RB,2025,college_data,85.0,503.0,4.0,0,0,0,,0,8.0,0,67.0,0.0,0,0,0,0,0,,0,,,,,5.91764705882353,,8.375,
Trevor Allen Jr.,RB,2025,college_data,13.0,36.0,0.0,0,0,0,,0,2.0,0,7.0,0.0,0,0,0,0,0,,0,,,,,2.769230769230769,,3.5,
Trevor Etienne,RB,2024,college_data,122.0,609.0,9.0,0,0,0,,0,32.0,0,194.0,0.0,0,0,0,0,0,,0,,,,,4.991803278688525,,6.0625,
Trevor Etienne,RB,2025,nflreadpy,21.0,98.0,0.0,0,0,6,-0.2875402696663514,0,3.0,3,13.0,0.0,0,0,2,11,1,-0.19391987042035908,0,1.6944444444444446,0.005883608975852162,0.0008247253070098125,18.0,4.666666666666667,5.444444444444445,4.333333333333333,0.7222222222222222
Trey Benson,RB,2024,nflreadpy,63.0,291.0,1.0,1,0,16,-0.41425084648168803,0,6.0,6,59.0,0.0,0,0,-19,78,3,0.6207662346540019,0,-0.3683333333333334,0.020179817824130215,-0.010096080469877963,12.0,4.619047619047619,24.25,9.833333333333334,4.916666666666667
Trey Benson,RB,2025,nflreadpy,29.0,160.0,0.0,0,0,4,-0.05205449214330021,0,13.0,16,64.0,0.0,0,0,-22,73,2,-2.018335762822553,0,2.3375,0.12928245436105476,-0.027340402415816235,4.0,5.517241379310345,40.0,4.923076923076923,16.0
Trey Clark,RB,2024,college_data,69.0,356.0,3.0,0,0,0,,0,11.0,0,76.0,0.0,0,0,0,0,0,,0,,,,,5.159420289855072,,6.909090909090909,
Trey Clark,RB,2025,college_data,100.0,360.0,4.0,0,0,0,,0,7.0,0,23.0,0.0,0,0,0,0,0,,0,,,,,3.6,,3.2857142857142856,
Trey Cornist,RB,2024,college_data,22.0,149.0,1.0,0,0,0,,0,2.0,0,21.0,0.0,0,0,0,0,0,,0,,,,,6.7727272727272725,,10.5,
Trey Eberhart III,RB,2025,college_data,78.0,484.0,4.0,0,0,0,,0,4.0,0,49.0,0.0,0,0,0,0,0,,0,,,,,6.205128205128205,,12.25,
Trey Edmunds,RB,2019,nflreadpy,22.0,92.0,0.0,0,0,2,-1.3368558336049319,0,6.0,7,48.0,0.0,0,0,6,42,2,1.6868633679599345,0,12.111111111111112,0.029808047249907713,0.006076566977735322,7.0,4.181818181818182,13.142857142857142,8.0,6.857142857142857
Trey Engram,RB,2025,college_data,2.0,5.0,1.0,0,0,0,,0,1.0,0,28.0,0.0,0,0,0,0,0,,0,,,,,2.5,,28.0,
Trey Foster,RB,2024,college_data,22.0,114.0,1.0,0,0,0,,0,2.0,0,27.0,0.0,0,0,0,0,0,,0,,,,,5.181818181818182,,13.5,
Trey Holly,RB,2025,college_data,162.0,830.0,9.0,0,0,0,,0,15.0,0,126.0,0.0,0,0,0,0,0,,0,,,,,5.1234567901234565,,8.4,
Trey Ragas,RB,2021,nflreadpy,1.0,9.0,0.0,1,1,1,1.1782593773677945,1,2.0,1,6.0,0.0,1,1,1,1,1,-0.3909990581450984,1,-0.8571428571428571,1.0,1.0,1.0,9.0,9.0,3.0,6.0
Trey Sermon,RB,2021,nflreadpy,41.0,167.0,1.0,6,6,6,-0.33528659962466917,6,3.0,6,26.0,0.0,6,6,6,6,6,0.7940973460208625,6,2.7777777777777777,0.8571428571428571,0.8571428571428571,7.0,4.073170731707317,23.857142857142858,8.666666666666666,3.7142857142857144
Trey Sermon,RB,2023,nflreadpy,35.0,160.0,0.0,0,0,7,-0.18541585377936975,0,3.0,6,13.0,0.0,0,0,11,6,0,-0.7599766215987857,0,-0.625,0.023905007594031986,0.006654873385111906,8.0,4.571428571428571,20.0,4.333333333333333,1.625
Trey Sermon,RB,2024,nflreadpy,56.0,159.0,2.0,0,0,14,-1.2490322193645929,0,16.0,19,99.0,0.0,0,0,6,99,3,-0.5470031733851288,0,2.093560606060606,0.03607796371237231,0.0006628745797153601,15.0,2.8392857142857144,10.6,6.1875,6.6
Trey Wilson,RB,2025,college_data,40.0,173.0,1.0,0,0,0,,0,4.0,0,24.0,0.0,0,0,0,0,0,,0,,,,,4.325,,6.0,
Tristan Shannon,RB,2024,college_data,57.0,365.0,3.0,0,0,0,,0,16.0,0,90.0,0.0,0,0,0,0,0,,0,,,,,6.4035087719298245,,5.625,
Tristan Shannon,RB,2025,college_data,95.0,481.0,4.0,0,0,0,,0,13.0,0,85.0,0.0,0,0,0,0,0,,0,,,,,5.063157894736842,,6.538461538461538,
Troy Bruce,RB,2024,college_data,75.0,390.0,5.0,0,0,0,,0,7.0,0,45.0,0.0,0,0,0,0,0,,0,,,,,5.2,,6.428571428571429,
Troy Fletcher,RB,2024,college_data,16.0,58.0,0.0,0,0,0,,0,4.0,0,40.0,0.0,0,0,0,0,0,,0,,,,,3.625,,10.0,
Troy Fletcher,RB,2025,college_data,6.0,11.0,0.0,0,0,0,,0,1.0,0,-2.0,0.0,0,0,0,0,0,,0,,,,,1.8333333333333333,,-2.0,
Troy Flowers,RB,2025,college_data,21.0,82.0,2.0,0,0,0,,0,3.0,0,38.0,0.0,0,0,0,0,0,,0,,,,,3.9047619047619047,,12.666666666666666,
Troymaine Pope,RB,2019,nflreadpy,10.0,20.0,0.0,1,1,1,-3.5979481826652773,1,2.0,4,14.0,1.0,1,1,1,12,2,0.5902030299333787,1,2.3333333333333335,0.09886363636363636,0.09136486623355954,11.0,2.0,1.8181818181818181,7.0,1.2727272727272727
Troymaine Pope,RB,2020,nflreadpy,15.0,76.0,0.0,4,4,4,0.1807908756309189,4,8.0,4,42.0,0.0,4,4,4,4,4,-1.155250865235898,4,0.08431372549019607,1.0,1.0,4.0,5.066666666666666,19.0,5.25,10.5
Tuna Altahir,RB,2024,college_data,135.0,695.0,3.0,0,0,0,,0,9.0,0,45.0,2.0,0,0,0,0,0,,0,,,,,5.148148148148148,,5.0,
Turbo Richard,RB,2024,college_data,55.0,278.0,2.0,0,0,0,,0,2.0,0,62.0,0.0,0,0,0,0,0,,0,,,,,5.054545454545455,,31.0,
Turbo Richard,RB,2025,college_data,145.0,749.0,9.0,0,0,0,,0,30.0,0,213.0,2.0,0,0,0,0,0,,0,,,,,5.165517241379311,,7.1,
Ty Brown-Stauffer,RB,2025,college_data,32.0,112.0,0.0,0,0,0,,0,2.0,0,9.0,0.0,0,0,0,0,0,,0,,,,,3.5,,4.5,
Ty Chandler,RB,2023,nflreadpy,102.0,461.0,3.0,0,0,20,0.05778884012403059,0,21.0,25,159.0,0.0,0,0,-47,206,7,0.3944338552537374,0,-0.7981349206349206,0.045075613045110804,-0.010446389272333163,16.0,4.519607843137255,28.8125,7.571428571428571,9.9375
Ty Chandler,RB,2024,nflreadpy,56.0,182.0,0.0,0,0,9,-1.0501245821165706,0,6.0,6,42.0,0.0,0,0,-11,53,2,0.7008701466450779,0,-4.266666666666667,0.01592669273828694,-0.002505704612750184,15.0,3.25,12.133333333333333,7.0,2.8
Ty Chandler,RB,2025,nflreadpy,17.0,47.0,0.0,0,0,1,-2.7531597503693774,0,3.0,4,11.0,0.0,0,0,-20,27,1,-0.8390052244438557,0,-0.55,0.044444444444444446,-0.03367003367003367,3.0,2.764705882352941,15.666666666666666,3.6666666666666665,3.6666666666666665
Ty Clark III,RB,2024,college_data,13.0,57.0,0.0,0,0,0,,0,1.0,0,1.0,0.0,0,0,0,0,0,,0,,,,,4.384615384615385,,1.0,
Ty Clark III,RB,2025,college_data,75.0,323.0,3.0,0,0,0,,0,17.0,0,209.0,1.0,0,0,0,0,0,,0,,,,,4.306666666666667,,12.294117647058824,
Ty Doughty,RB,2025,college_data,66.0,332.0,2.0,0,0,0,,0,11.0,0,133.0,1.0,0,0,0,0,0,,0,,,,,5.03030303030303,,12.090909090909092,
Ty Johnson,RB,2019,nflreadpy,63.0,273.0,0.0,1,1,9,-0.5618023432436575,1,24.0,30,109.0,0.0,2,2,65,94,5,-0.8117065371114721,1,0.19523083480883988,0.11306411782429186,0.07240385807430304,16.0,4.333333333333333,17.0625,4.541666666666667,6.8125
Ty Johnson,RB,2020,nflreadpy,54.0,254.0,1.0,11,11,11,0.11987195946494467,11,16.0,11,99.0,1.0,11,11,11,11,11,-0.38858818539301865,11,-3.5776041666666667,1.0,1.0,11.0,4.703703703703703,23.09090909090909,6.1875,9.0
Ty Johnson,RB,2021,nflreadpy,61.0,238.0,2.0,13,13,16,-0.7507617974498059,13,34.0,18,372.0,2.0,13,13,9,71,15,0.44817667761942304,13,2.2816712604582063,0.8790643274853801,0.8680483163729628,15.0,3.901639344262295,15.866666666666667,10.941176470588236,24.8
Ty Johnson,RB,2022,nflreadpy,30.0,160.0,1.0,0,0,5,-0.454920126570591,0,12.0,24,88.0,0.0,0,0,48,73,3,-1.4315467274869489,0,-1.2875,0.052135970162850404,0.018500315299401836,12.0,5.333333333333333,13.333333333333334,7.333333333333333,7.333333333333333
Ty Johnson,RB,2023,nflreadpy,45.0,198.0,0.0,1,0,14,0.013192616049777358,0,8.0,10,76.0,1.0,0,0,26,71,3,0.13385871090576984,0,2.202777777777778,0.03242251173285656,0.011390951182344572,11.0,4.4,18.0,9.5,6.909090909090909
Ty Johnson,RB,2024,nflreadpy,61.0,307.0,1.0,0,0,18,0.05789416278128315,0,22.0,29,318.0,4.0,0,0,224,184,17,1.727910020328098,0,4.890049311734095,0.051023669952339576,0.04682658423495455,20.0,5.032786885245901,15.35,14.454545454545455,15.9
Ty Johnson,RB,2025,nflreadpy,50.0,200.0,3.0,0,0,13,0.1625440976657795,0,24.0,33,263.0,2.0,1,0,-39,301,11,0.880729537528868,0,-0.18154761904761904,0.0684510609926211,-0.021071959126661186,17.0,4.0,11.764705882352942,10.958333333333334,15.470588235294118
Ty Johnson,RB,2026,nflreadpy,1.0,3.0,0.0,0,0,0,-0.1763389817206189,0,6.0,6,59.0,0.0,0,0,0,59,4,3.817028672843745,0,0.0,0.11025641025641025,0.0,2.0,3.0,1.5,9.833333333333334,29.5
Ty Son Lawton,RB,2024,college_data,141.0,668.0,12.0,0,0,0,,0,12.0,0,124.0,0.0,0,0,0,0,0,,0,,,,,4.73758865248227,,10.333333333333334,
Ty Stylski,RB,2024,college_data,20.0,98.0,0.0,0,0,0,,0,2.0,0,-1.0,0.0,0,0,0,0,0,,0,,,,,4.9,,-0.5,
Ty Yocum,RB,2025,college_data,1.0,4.0,0.0,0,0,0,,0,1.0,0,11.0,0.0,0,0,0,0,0,,0,,,,,4.0,,11.0,
Ty'Son Williams,RB,2021,nflreadpy,35.0,185.0,1.0,6,6,6,-0.10434761283353769,6,9.0,6,84.0,0.0,6,6,6,6,6,0.19468925143334812,6,1.9603174603174602,0.8571428571428571,0.8571428571428571,7.0,5.285714285714286,26.428571428571427,9.333333333333334,12.0
Tye Edwards,RB,2024,college_data,159.0,1022.0,6.0,0,0,0,,0,12.0,0,76.0,1.0,0,0,0,0,0,,0,,,,,6.427672955974843,,6.333333333333333,
Tye Edwards,RB,2025,college_data,27.0,143.0,3.0,0,0,0,,0,1.0,0,-4.0,0.0,0,0,0,0,0,,0,,,,,5.296296296296297,,-4.0,
Tyjae Spears,RB,2023,nflreadpy,100.0,453.0,2.0,0,0,24,-0.04330775720998325,0,52.0,70,385.0,1.0,1,0,-12,460,17,-0.0800563095353584,0,1.2193043884220356,0.14311619238954879,-0.006071511084772503,17.0,4.53,26.647058823529413,7.403846153846154,22.647058823529413
Tyjae Spears,RB,2024,nflreadpy,84.0,312.0,4.0,0,0,19,-0.40229792578199247,0,30.0,35,224.0,1.0,0,0,-31,255,9,-0.15182532323947617,0,-2.6257142857142854,0.09925817453018926,-0.016331806340536326,12.0,3.7142857142857144,26.0,7.466666666666667,18.666666666666668
Tyjae Spears,RB,2025,nflreadpy,72.0,283.0,2.0,0,0,16,-0.30008827041808633,0,45.0,50,264.0,0.0,0,0,-115,361,10,-0.1370385178099517,0,4.67646988732515,0.12284653992084332,-0.048529393446021175,13.0,3.9305555555555554,21.76923076923077,5.866666666666666,20.307692307692307
Tyjae Spears,RB,2026,nflreadpy,15.0,65.0,0.0,0,0,2,-0.13591746330126497,0,5.0,7,40.0,0.0,1,0,-14,53,1,-0.5873385349404998,0,9.444444444444445,0.0740546218487395,-0.017293233082706767,4.0,4.333333333333333,16.25,8.0,10.0
Tylan Hines,RB,2024,college_data,39.0,162.0,0.0,0,0,0,,0,23.0,0,186.0,3.0,0,0,0,0,0,,0,,,,,4.153846153846154,,8.08695652173913,
Tyler Allgeier,RB,2022,nflreadpy,210.0,1035.0,3.0,0,0,53,0.7089112269186378,1,16.0,17,139.0,1.0,0,0,-32,168,8,0.7917021363650242,0,-2.8109347442680774,0.041097746560947154,-0.004905633168859943,16.0,4.928571428571429,64.6875,8.6875,8.6875
Tyler Allgeier,RB,2023,nflreadpy,186.0,683.0,4.0,0,0,39,-1.344194697942111,0,18.0,23,193.0,1.0,0,0,-23,217,6,0.3561196612269462,1,-1.1386904761904764,0.0491760172172982,-0.0026948793597630486,17.0,3.672043010752688,40.1764705882353,10.722222222222221,11.352941176470589
Tyler Allgeier,RB,2024,nflreadpy,137.0,644.0,3.0,0,0,43,0.3428126547188367,1,13.0,13,88.0,0.0,0,0,-5,93,2,0.3811657122660692,0,-1.4103174603174604,0.021437442388026102,-0.0017382632846955203,17.0,4.700729927007299,37.88235294117647,6.769230769230769,5.176470588235294
Tyler Allgeier,RB,2025,nflreadpy,143.0,514.0,8.0,0,0,36,-0.6796906254586108,0,14.0,16,96.0,0.0,0,0,-26,120,3,0.27828413261449897,0,-0.9866666666666667,0.032136053863616426,-0.00674174760287622,17.0,3.5944055944055946,30.235294117647058,6.857142857142857,5.647058823529412
Tyler Allgeier,RB,2026,nflreadpy,32.0,112.0,1.0,0,0,6,-1.3537350105280483,0,10.0,10,35.0,0.0,0,0,-36,71,1,-0.7350657028873684,0,-1.6053030303030302,0.06702999702999703,-0.035003548970229316,4.0,3.5,28.0,3.5,8.75
Tyler Badie,RB,2022,nflreadpy,1.0,0.0,0.0,0,0,0,-0.7214318849146366,0,1.0,1,24.0,1.0,0,0,-7,31,1,2.330526862409897,0,-3.4285714285714284,0.045454545454545456,-0.022151898734177215,1.0,0.0,0.0,24.0,24.0
Tyler Badie,RB,2024,nflreadpy,13.0,94.0,0.0,0,0,4,0.43998594107688405,0,3.0,3,-2.0,0.0,1,1,-6,4,0,-2.9704914575850125,0,0.75,0.027575757575757576,-0.006366676801459409,4.0,7.230769230769231,23.5,-0.6666666666666666,-0.5
Tyler Badie,RB,2025,nflreadpy,9.0,27.0,0.0,0,0,2,-0.6310017409297222,0,20.0,33,148.0,0.0,0,0,-40,216,9,-0.035084622279819,0,-1.2608936698222413,0.05005387087079175,-0.03397950542726211,18.0,3.0,1.5,7.4,8.222222222222221
Tyler Badie,RB,2026,nflreadpy,2.0,3.0,0.0,0,0,1,-0.043638861272484064,0,3.0,4,40.0,0.0,0,0,-3,38,2,0.607058428984601,0,-0.5555555555555556,0.067853170189099,-0.0005748285599031858,2.0,1.5,1.5,13.333333333333334,20.0
Tyler Brown,RB,2024,college_data,21.0,97.0,1.0,0,0,0,,0,2.0,0,22.0,0.0,0,0,0,0,0,,0,,,,,4.619047619047619,,11.0,
Tyler Ervin,RB,2019,nflreadpy,3.0,35.0,0.0,3,3,3,1.0630619039293379,3,3.0,4,18.0,0.0,3,3,-1,13,3,-0.18833437164668307,3,-0.9402116402116402,0.3362573099415205,0.3316624895572264,9.0,11.666666666666666,3.888888888888889,6.0,2.0
Tyler Ervin,RB,2020,nflreadpy,13.0,67.0,0.0,8,8,8,0.06869221400464037,8,11.0,8,84.0,0.0,8,8,8,8,8,0.4083452398107121,8,-0.18537414965986398,1.0,1.0,8.0,5.153846153846154,8.375,7.636363636363637,10.5
Tyler Goodson,RB,2023,nflreadpy,13.0,87.0,0.0,0,0,4,-0.8952426363914152,0,6.0,9,34.0,0.0,0,0,-4,51,1,-0.9895416443643625,0,0.7916666666666667,0.048878288372437316,-0.0006367148999941152,6.0,6.6923076923076925,14.5,5.666666666666667,5.666666666666667
Tyler Goodson,RB,2024,nflreadpy,32.0,153.0,1.0,0,0,6,0.5375295088128199,0,11.0,15,61.0,1.0,0,0,19,67,3,0.2172955546702724,0,-1.1458333333333333,0.029076287256010757,0.0029171181185523314,14.0,4.78125,10.928571428571429,5.545454545454546,4.357142857142857
Tyler Goodson,RB,2025,nflreadpy,9.0,24.0,0.0,0,0,0,-0.5963401180692017,0,2.0,3,8.0,0.0,0,0,-3,10,0,-0.4729831008298788,0,-2.0,0.007291666666666666,-0.0007824517808543367,10.0,2.6666666666666665,2.4,4.0,0.8
Tyler Goodson,RB,2026,nflreadpy,9.0,34.0,0.0,0,0,3,-0.3225344791135285,0,1.0,2,-5.0,0.0,0,0,-7,1,0,-0.7549115901929326,0,0.4166666666666667,0.024127906976744187,-0.012952488687782806,2.0,3.7777777777777777,17.0,-5.0,-2.5
Tyler J. Smith,RB,2024,college_data,29.0,190.0,1.0,0,0,0,,0,3.0,0,14.0,1.0,0,0,0,0,0,,0,,,,,6.551724137931035,,4.666666666666667,
Tyler J. Smith,RB,2025,college_data,112.0,512.0,6.0,0,0,0,,0,12.0,0,96.0,0.0,0,0,0,0,0,,0,,,,,4.571428571428571,,8.0,
Tyler Jordan,RB,2025,college_data,3.0,5.0,0.0,0,0,0,,0,1.0,0,7.0,0.0,0,0,0,0,0,,0,,,,,1.6666666666666667,,7.0,
Tyler Mason,RB,2024,college_data,10.0,39.0,0.0,0,0,0,,0,1.0,0,0.0,0.0,0,0,0,0,0,,0,,,,,3.9,,0.0,
Tyler Mason,RB,2025,college_data,3.0,20.0,0.0,0,0,0,,0,2.0,0,3.0,1.0,0,0,0,0,0,,0,,,,,6.666666666666667,,1.5,
Tyler Purdy,RB,2024,college_data,37.0,170.0,2.0,0,0,0,,0,6.0,0,44.0,0.0,0,0,0,0,0,,0,,,,,4.594594594594595,,7.333333333333333,
Tyler Wrenn,RB,2025,college_data,1.0,8.0,0.0,0,0,0,,0,1.0,0,11.0,0.0,0,0,0,0,0,,0,,,,,8.0,,11.0,
Tylik Hill,RB,2025,college_data,24.0,129.0,0.0,0,0,0,,0,1.0,0,4.0,0.0,0,0,0,0,0,,0,,,,,5.375,,4.0,
Tylon Citizen,RB,2025,college_data,14.0,27.0,1.0,0,0,0,,0,1.0,0,5.0,1.0,0,0,0,0,0,,0,,,,,1.9285714285714286,,5.0,
Tymere Robinson,RB,2024,college_data,108.0,439.0,11.0,0,0,0,,0,5.0,0,42.0,1.0,0,0,0,0,0,,0,,,,,4.064814814814815,,8.4,
Tyrei Washington,RB,2024,college_data,3.0,2.0,0.0,0,0,0,,0,2.0,0,8.0,0.0,0,0,0,0,0,,0,,,,,0.6666666666666666,,4.0,
Tyrei Washington,RB,2025,college_data,80.0,341.0,3.0,0,0,0,,0,7.0,0,50.0,0.0,0,0,0,0,0,,0,,,,,4.2625,,7.142857142857143,
Tyrell Campbell,RB,2025,college_data,26.0,135.0,1.0,0,0,0,,0,4.0,0,43.0,0.0,0,0,0,0,0,,0,,,,,5.1923076923076925,,10.75,
Tyrell Coard,RB,2024,college_data,33.0,103.0,1.0,0,0,0,,0,15.0,0,171.0,3.0,0,0,0,0,0,,0,,,,,3.121212121212121,,11.4,
Tyrell Coard,RB,2025,college_data,33.0,168.0,0.0,0,0,0,,0,7.0,0,45.0,0.0,0,0,0,0,0,,0,,,,,5.090909090909091,,6.428571428571429,
Tyrell Reed Jr.,RB,2024,college_data,6.0,36.0,1.0,0,0,0,,0,1.0,0,47.0,1.0,0,0,0,0,0,,0,,,,,6.0,,47.0,
Tyrell Robinson,RB,2024,college_data,19.0,89.0,0.0,0,0,0,,0,4.0,0,50.0,1.0,0,0,0,0,0,,0,,,,,4.684210526315789,,12.5,
Tyrone Tracy Jr.,RB,2024,nflreadpy,192.0,839.0,5.0,2,2,39,-1.2184627232257583,0,38.0,53,284.0,1.0,2,0,18,281,13,-0.34527357406519793,0,-3.0179945054945057,0.09224869160343868,0.00440043743620361,17.0,4.369791666666667,49.35294117647059,7.473684210526316,16.705882352941178
Tyrone Tracy Jr.,RB,2025,nflreadpy,176.0,740.0,2.0,0,0,39,-0.6524192613268139,0,36.0,48,288.0,2.0,1,1,19,314,14,0.003120450541003286,0,3.830677655677656,0.10783541190234902,0.002423306602345021,15.0,4.204545454545454,49.333333333333336,8.0,19.2
Tyselle Spencer,RB,2025,college_data,11.0,17.0,0.0,0,0,0,,0,1.0,0,8.0,0.0,0,0,0,0,0,,0,,,,,1.5454545454545454,,8.0,
Tyson Garrett,RB,2024,college_data,2.0,5.0,0.0,0,0,0,,0,2.0,0,9.0,0.0,0,0,0,0,0,,0,,,,,2.5,,4.5,
Tyson Greenwade,RB,2024,college_data,100.0,463.0,3.0,0,0,0,,0,6.0,0,53.0,0.0,0,0,0,0,0,,0,,,,,4.63,,8.833333333333334,
Tytan Mason,RB,2025,college_data,9.0,40.0,1.0,0,0,0,,0,5.0,0,22.0,0.0,0,0,0,0,0,,0,,,,,4.444444444444445,,4.4,
Tyvon Edmonds Jr.,RB,2024,college_data,116.0,584.0,5.0,0,0,0,,0,23.0,0,143.0,0.0,0,0,0,0,0,,0,,,,,5.0344827586206895,,6.217391304347826,
Tyvonn Byars,RB,2025,college_data,34.0,193.0,1.0,0,0,0,,0,2.0,0,53.0,0.0,0,0,0,0,0,,0,,,,,5.676470588235294,,26.5,
Ulysses Bentley IV,RB,2024,college_data,84.0,419.0,5.0,0,0,0,,0,13.0,0,99.0,0.0,0,0,0,0,0,,0,,,,,4.988095238095238,,7.615384615384615,
Vann Schield,RB,2024,college_data,35.0,144.0,1.0,0,0,0,,0,3.0,0,19.0,0.0,0,0,0,0,0,,0,,,,,4.114285714285714,,6.333333333333333,
Vaughn Blue,RB,2024,college_data,35.0,207.0,1.0,0,0,0,,0,7.0,0,43.0,0.0,0,0,0,0,0,,0,,,,,5.914285714285715,,6.142857142857143,
Vaughn Blue,RB,2025,college_data,47.0,234.0,2.0,0,0,0,,0,8.0,0,119.0,1.0,0,0,0,0,0,,0,,,,,4.9787234042553195,,14.875,
Victor Dawson,RB,2025,college_data,278.0,1377.0,5.0,0,0,0,,0,32.0,0,176.0,0.0,0,0,0,0,0,,0,,,,,4.953237410071942,,5.5,
Victor Rosa,RB,2024,college_data,16.0,72.0,1.0,0,0,0,,0,2.0,0,16.0,0.0,0,0,0,0,0,,0,,,,,4.5,,8.0,
Victor Rosa,RB,2025,college_data,30.0,155.0,2.0,0,0,0,,0,15.0,0,147.0,1.0,0,0,0,0,0,,0,,,,,5.166666666666667,,9.8,
Viron Ellison Jr.,RB,2024,college_data,62.0,353.0,1.0,0,0,0,,0,14.0,0,90.0,1.0,0,0,0,0,0,,0,,,,,5.693548387096774,,6.428571428571429,
Viron Ellison Jr.,RB,2025,college_data,117.0,462.0,4.0,0,0,0,,0,21.0,0,191.0,2.0,0,0,0,0,0,,0,,,,,3.948717948717949,,9.095238095238095,
Waymond Jordan,RB,2025,college_data,88.0,576.0,5.0,0,0,0,,0,7.0,0,55.0,0.0,0,0,0,0,0,,0,,,,,6.545454545454546,,7.857142857142857,
Wayne Gallman,RB,2018,nflreadpy,51.0,176.0,1.0,0,0,7,-0.6298173632508574,0,14.0,22,89.0,0.0,2,1,29,81,5,-0.649613767539532,0,-0.2784992784992786,0.050718890597425445,0.010543352350425096,13.0,3.450980392156863,13.538461538461538,6.357142857142857,6.846153846153846
Wayne Gallman,RB,2019,nflreadpy,29.0,110.0,2.0,1,1,6,-1.3741954184758167,0,11.0,15,102.0,1.0,0,0,31,104,4,0.592078949562468,0,1.8214285714285714,0.04652637393020018,0.015511048308467362,9.0,3.793103448275862,12.222222222222221,9.272727272727273,11.333333333333334
Wayne Gallman,RB,2020,nflreadpy,147.0,682.0,6.0,14,14,14,0.1779947846293847,14,21.0,14,114.0,0.0,14,14,14,14,14,-0.1770454029843677,14,1.8255555555555556,1.0,1.0,14.0,4.639455782312925,48.714285714285715,5.428571428571429,8.142857142857142
Wayne Gallman,RB,2021,nflreadpy,28.0,104.0,0.0,6,6,6,-0.7703311620280147,6,1.0,6,21.0,0.0,6,6,6,6,6,0.40017026651185006,6,10.5,0.8571428571428571,0.8571428571428571,7.0,3.7142857142857144,14.857142857142858,21.0,3.0
Wayne Knight,RB,2024,college_data,77.0,449.0,2.0,0,0,0,,0,15.0,0,138.0,2.0,0,0,0,0,0,,0,,,,,5.8311688311688314,,9.2,
Wayne Knight,RB,2025,college_data,207.0,1373.0,9.0,0,0,0,,0,40.0,0,397.0,1.0,0,0,0,0,0,,0,,,,,6.632850241545894,,9.925,
Wayshawn Parker,RB,2024,college_data,137.0,735.0,4.0,0,0,0,,0,10.0,0,100.0,1.0,0,0,0,0,0,,0,,,,,5.364963503649635,,10.0,
Wayshawn Parker,RB,2025,college_data,149.0,981.0,6.0,0,0,0,,0,13.0,0,185.0,3.0,0,0,0,0,0,,0,,,,,6.583892617449664,,14.23076923076923,
Wendell Smallwood,RB,2018,nflreadpy,105.0,417.0,3.0,1,0,23,-0.10350193963281278,1,31.0,39,256.0,2.0,0,0,-1,269,11,0.34492803632881686,0,-3.6903302011997665,0.060696628693119516,-0.003195161913684162,17.0,3.9714285714285715,24.529411764705884,8.258064516129032,15.058823529411764
Wendell Smallwood,RB,2019,nflreadpy,22.0,81.0,0.0,1,1,5,-0.963113705329306,1,9.0,14,64.0,0.0,1,1,29,51,5,0.14177093978245406,1,-0.20654761904761904,0.1279736180059456,0.09304039974698487,12.0,3.6818181818181817,6.75,7.111111111111111,5.333333333333333
Wendell Smallwood,RB,2021,nflreadpy,5.0,25.0,0.0,1,1,3,0.38270281796576455,1,4.0,4,22.0,0.0,1,1,-2,9,1,-0.7379197848495096,1,-0.6666666666666667,0.5441176470588235,0.49171270718232046,2.0,5.0,12.5,5.5,11.0
Wenkers Wright,RB,2024,college_data,213.0,1093.0,11.0,0,0,0,,0,18.0,0,148.0,1.0,0,0,0,0,0,,0,,,,,5.131455399061033,,8.222222222222221,
Wenkers Wright,RB,2025,college_data,123.0,592.0,5.0,0,0,0,,0,12.0,0,48.0,2.0,0,0,0,0,0,,0,,,,,4.813008130081301,,4.0,
Wes Hills,RB,2019,nflreadpy,10.0,21.0,2.0,0,0,3,0.3852812584955245,0,2.0,2,1.0,0.0,0,0,-2,3,0,-1.560600034892559,0,-0.5,0.046511627906976744,-0.005649717514124294,1.0,2.1,21.0,0.5,1.0
Wesley Yarbrough,RB,2025,college_data,21.0,77.0,0.0,0,0,0,,0,1.0,0,1.0,0.0,0,0,0,0,0,,0,,,,,3.6666666666666665,,1.0,
Wilhelm Daal,RB,2025,college_data,80.0,439.0,2.0,0,0,0,,0,11.0,0,51.0,0.0,0,0,0,0,0,,0,,,,,5.4875,,4.636363636363637,
Will Henderson III,RB,2024,college_data,14.0,94.0,1.0,0,0,0,,0,4.0,0,16.0,0.0,0,0,0,0,0,,0,,,,,6.714285714285714,,4.0,
Will Henderson III,RB,2025,college_data,125.0,866.0,6.0,0,0,0,,0,19.0,0,132.0,2.0,0,0,0,0,0,,0,,,,,6.928,,6.947368421052632,
Will Jones,RB,2025,college_data,36.0,127.0,1.0,0,0,0,,0,9.0,0,48.0,0.0,0,0,0,0,0,,0,,,,,3.5277777777777777,,5.333333333333333,
Will Nixon,RB,2024,college_data,19.0,76.0,0.0,0,0,0,,0,4.0,0,44.0,0.0,0,0,0,0,0,,0,,,,,4.0,,11.0,
Will Nixon,RB,2025,college_data,107.0,432.0,3.0,0,0,0,,0,24.0,0,173.0,0.0,0,0,0,0,0,,0,,,,,4.037383177570093,,7.208333333333333,
Will Shipley,RB,2024,nflreadpy,34.0,159.0,1.0,0,0,5,-0.41079093287059604,0,4.0,4,35.0,0.0,0,0,7,28,2,2.299397205915909,0,5.0,0.006097560975609756,0.0016203703703703703,16.0,4.676470588235294,9.9375,8.75,2.1875
Will Shipley,RB,2025,nflreadpy,14.0,49.0,0.0,0,0,4,-0.5999156395310098,0,10.0,13,62.0,0.0,0,0,-4,63,2,-0.6515113453217194,0,2.140740740740741,0.02919562957204353,-0.000976044151503971,15.0,3.5,3.2666666666666666,6.2,4.133333333333334
Will Shipley,RB,2026,nflreadpy,15.0,51.0,0.0,0,0,2,-1.0916865032631904,0,4.0,6,24.0,0.0,0,0,13,15,0,-0.6118461422884138,0,0.6083333333333334,0.05606951871657754,0.019339477726574503,4.0,3.4,12.75,6.0,6.0
Willie Shaw III,RB,2024,college_data,46.0,190.0,3.0,0,0,0,,0,2.0,0,22.0,0.0,0,0,0,0,0,,0,,,,,4.130434782608695,,11.0,
Willtrell Hartson,RB,2024,college_data,26.0,69.0,1.0,0,0,0,,0,6.0,0,31.0,0.0,0,0,0,0,0,,0,,,,,2.6538461538461537,,5.166666666666667,
Wilson Medina,RB,2025,college_data,14.0,77.0,0.0,0,0,0,,0,3.0,0,8.0,1.0,0,0,0,0,0,,0,,,,,5.5,,2.6666666666666665,
Woody Marks,RB,2025,nflreadpy,229.0,832.0,3.0,2,1,44,-1.9705224349529955,0,26.0,40,227.0,3.0,0,0,89,240,8,0.3973544533123029,0,-0.6171963928144202,0.0662470305947644,0.017440052162649725,18.0,3.6331877729257642,46.22222222222222,8.73076923076923,12.61111111111111
Woody Marks,RB,2026,nflreadpy,28.0,87.0,2.0,0,0,8,-1.0256251419848335,0,7.0,9,31.0,0.0,0,0,20,30,1,-0.5423830786312465,0,0.48863636363636365,0.056372141372141374,0.010991863766548695,4.0,3.107142857142857,21.75,4.428571428571429,7.75
X'Zavion Evans,RB,2024,college_data,86.0,462.0,1.0,0,0,0,,0,2.0,0,14.0,0.0,0,0,0,0,0,,0,,,,,5.372093023255814,,7.0,
X'Zavion Evans,RB,2025,college_data,123.0,528.0,6.0,0,0,0,,0,10.0,0,105.0,1.0,0,0,0,0,0,,0,,,,,4.2926829268292686,,10.5,
Xai'Shaun Edwards,RB,2025,college_data,194.0,1019.0,12.0,0,0,0,,0,18.0,0,106.0,0.0,0,0,0,0,0,,0,,,,,5.252577319587629,,5.888888888888889,
Xaviah Bascon,RB,2024,college_data,126.0,540.0,5.0,0,0,0,,0,10.0,0,92.0,1.0,0,0,0,0,0,,0,,,,,4.285714285714286,,9.2,
Xaviah Bascon,RB,2025,college_data,122.0,626.0,7.0,0,0,0,,0,14.0,0,116.0,1.0,0,0,0,0,0,,0,,,,,5.131147540983607,,8.285714285714286,
Xavier Brown,RB,2024,college_data,80.0,488.0,1.0,0,0,0,,0,9.0,0,127.0,2.0,0,0,0,0,0,,0,,,,,6.1,,14.11111111111111,
Xavier Brown,RB,2025,college_data,51.0,241.0,1.0,0,0,0,,0,5.0,0,36.0,1.0,0,0,0,0,0,,0,,,,,4.7254901960784315,,7.2,
Xavier Coleman,RB,2024,college_data,13.0,44.0,0.0,0,0,0,,0,4.0,0,18.0,0.0,0,0,0,0,0,,0,,,,,3.3846153846153846,,4.5,
Xavier Coleman,RB,2025,college_data,114.0,542.0,3.0,0,0,0,,0,11.0,0,108.0,0.0,0,0,0,0,0,,0,,,,,4.754385964912281,,9.818181818181818,
Xavier Gayten,RB,2024,college_data,8.0,115.0,1.0,0,0,0,,0,1.0,0,10.0,0.0,0,0,0,0,0,,0,,,,,14.375,,10.0,
Xavier Gayten,RB,2025,college_data,29.0,157.0,2.0,0,0,0,,0,3.0,0,2.0,0.0,0,0,0,0,0,,0,,,,,5.413793103448276,,0.6666666666666666,
Xavier Harris,RB,2024,college_data,15.0,142.0,0.0,0,0,0,,0,19.0,0,271.0,3.0,0,0,0,0,0,,0,,,,,9.466666666666667,,14.263157894736842,
Xavier Leigh,RB,2024,college_data,93.0,517.0,5.0,0,0,0,,0,11.0,0,30.0,0.0,0,0,0,0,0,,0,,,,,5.559139784946237,,2.727272727272727,
Xavier Leigh,RB,2025,college_data,62.0,260.0,1.0,0,0,0,,0,13.0,0,105.0,0.0,0,0,0,0,0,,0,,,,,4.193548387096774,,8.076923076923077,
Xavier Robinson,RB,2024,college_data,49.0,233.0,4.0,0,0,0,,0,13.0,0,119.0,0.0,0,0,0,0,0,,0,,,,,4.755102040816326,,9.153846153846153,
Xavier Robinson,RB,2025,college_data,83.0,421.0,4.0,0,0,0,,0,15.0,0,106.0,1.0,0,0,0,0,0,,0,,,,,5.072289156626506,,7.066666666666666,
Xavier Terrell,RB,2024,college_data,14.0,261.0,3.0,0,0,0,,0,1.0,0,-5.0,0.0,0,0,0,0,0,,0,,,,,18.642857142857142,,-5.0,
Xavier Terrell,RB,2025,college_data,54.0,161.0,1.0,0,0,0,,0,13.0,0,89.0,1.0,0,0,0,0,0,,0,,,,,2.9814814814814814,,6.846153846153846,
Xavier Williams,RB,2025,college_data,49.0,285.0,3.0,0,0,0,,0,7.0,0,43.0,0.0,0,0,0,0,0,,0,,,,,5.816326530612245,,6.142857142857143,
Yasin Willis,RB,2024,college_data,36.0,130.0,1.0,0,0,0,,0,8.0,0,26.0,0.0,0,0,0,0,0,,0,,,,,3.611111111111111,,3.25,
Yasin Willis,RB,2025,college_data,129.0,553.0,4.0,0,0,0,,0,8.0,0,34.0,0.0,0,0,0,0,0,,0,,,,,4.286821705426356,,4.25,
Yohan-Li Louis,RB,2025,college_data,69.0,249.0,0.0,0,0,0,,0,19.0,0,154.0,0.0,0,0,0,0,0,,0,,,,,3.608695652173913,,8.105263157894736,
Za'Marion Webber,RB,2024,college_data,58.0,278.0,0.0,0,0,0,,0,1.0,0,-1.0,0.0,0,0,0,0,0,,0,,,,,4.793103448275862,,-1.0,
Za'Marion Webber,RB,2025,college_data,29.0,107.0,0.0,0,0,0,,0,5.0,0,36.0,0.0,0,0,0,0,0,,0,,,,,3.689655172413793,,7.2,
Zach Charbonnet,RB,2023,nflreadpy,108.0,462.0,1.0,0,0,32,-0.44510418904079885,0,33.0,40,209.0,0.0,0,0,-41,248,7,-0.31288075896852163,0,-1.2119521654815772,0.07508844173039313,-0.011161759910932618,16.0,4.277777777777778,28.875,6.333333333333333,13.0625
Zach Charbonnet,RB,2024,nflreadpy,135.0,569.0,8.0,0,0,32,-0.663622869279869,0,42.0,52,340.0,1.0,0,0,-54,377,6,-0.4961401747511759,0,-3.890500992063492,0.09384268590740999,-0.02145114064896896,17.0,4.214814814814815,33.470588235294116,8.095238095238095,20.0
Zach Charbonnet,RB,2025,nflreadpy,189.0,750.0,12.0,0,0,49,-0.06843459722439761,1,20.0,24,144.0,0.0,0,0,40,123,7,0.06123182166928729,0,2.247186147186147,0.04895172235739032,0.011487951234413039,17.0,3.9682539682539684,44.11764705882353,7.2,8.470588235294118
Zach Evans,RB,2024,college_data,9.0,58.0,0.0,0,0,0,,0,4.0,0,10.0,0.0,0,0,0,0,0,,0,,,,,6.444444444444445,,2.5,
Zach Hrbacek,RB,2024,college_data,12.0,30.0,0.0,0,0,0,,0,2.0,0,5.0,0.0,0,0,0,0,0,,0,,,,,2.5,,2.5,
Zach Hrbacek,RB,2025,college_data,54.0,184.0,1.0,0,0,0,,0,2.0,0,9.0,0.0,0,0,0,0,0,,0,,,,,3.4074074074074074,,4.5,
Zach Switzer,RB,2024,college_data,66.0,327.0,3.0,0,0,0,,0,21.0,0,251.0,2.0,0,0,0,0,0,,0,,,,,4.954545454545454,,11.952380952380953,
Zach Switzer,RB,2025,college_data,135.0,779.0,9.0,0,0,0,,0,31.0,0,316.0,4.0,0,0,0,0,0,,0,,,,,5.770370370370371,,10.193548387096774,
Zach Zenner,RB,2018,nflreadpy,55.0,265.0,3.0,0,0,14,0.8964553311650109,0,7.0,10,56.0,0.0,0,0,0,65,3,-0.049899310964974575,0,-1.9142857142857144,0.043131257416971706,-0.0029113033227536472,7.0,4.818181818181818,37.857142857142854,8.0,8.0
Zach Zenner,RB,2019,nflreadpy,3.0,-2.0,0.0,0,0,0,-0.6649842824910378,0,2.0,3,19.0,0.0,0,0,5,19,2,-0.11636039108270779,0,-2.8214285714285716,0.028935185185185185,0.005851703083536994,3.0,-0.6666666666666666,-0.6666666666666666,9.5,6.333333333333333
Zachary Palmer-Smith,RB,2024,college_data,270.0,1433.0,11.0,0,0,0,,0,8.0,0,101.0,2.0,0,0,0,0,0,,0,,,,,5.307407407407408,,12.625,
Zachary Palmer-Smith,RB,2025,college_data,115.0,660.0,4.0,0,0,0,,0,7.0,0,47.0,0.0,0,0,0,0,0,,0,,,,,5.739130434782608,,6.714285714285714,
Zack Moss,RB,2020,nflreadpy,119.0,502.0,4.0,14,14,14,-0.7012983200415125,14,18.0,14,121.0,1.0,14,14,14,14,14,0.22918264574661878,14,3.931349206349206,1.0,1.0,14.0,4.218487394957983,35.857142857142854,6.722222222222222,8.642857142857142
Zack Moss,RB,2021,nflreadpy,97.0,345.0,4.0,10,10,15,-0.7133646397036318,10,23.0,13,197.0,1.0,10,10,13,26,11,-0.24855956625374748,10,6.362049692731511,0.7191214470284237,0.7149155359294337,14.0,3.556701030927835,24.642857142857142,8.565217391304348,14.071428571428571
Zack Moss,RB,2022,nflreadpy,93.0,456.0,1.0,1,1,18,-0.7856890953020961,0,11.0,13,39.0,0.0,0,0,-5,42,2,-1.06841574969197,0,-5.333333333333333,0.030226224364229573,-0.0013163744424418565,13.0,4.903225806451613,35.07692307692308,3.5454545454545454,3.0
Zack Moss,RB,2023,nflreadpy,183.0,794.0,5.0,0,0,43,-1.0022066396861586,0,27.0,37,192.0,2.0,0,0,-14,189,10,-0.0942961990971758,1,0.7688644688644689,0.07479351807851065,-0.005570534462818977,14.0,4.33879781420765,56.714285714285715,7.111111111111111,13.714285714285714
Zack Moss,RB,2024,nflreadpy,74.0,242.0,2.0,2,1,13,-2.498936067654922,0,23.0,27,187.0,1.0,0,0,3,194,11,1.583318030803639,0,1.340625,0.1050905429886073,-0.0016079887374567618,8.0,3.27027027027027,30.25,8.130434782608695,23.375
Zack Simmons-Brown,RB,2025,college_data,101.0,456.0,2.0,0,0,0,,0,12.0,0,56.0,0.0,0,0,0,0,0,,0,,,,,4.514851485148514,,4.666666666666667,
Zahir Abdus-Salaam,RB,2024,college_data,113.0,600.0,3.0,0,0,0,,0,31.0,0,250.0,1.0,0,0,0,0,0,,0,,,,,5.3097345132743365,,8.064516129032258,
Zak Wallace,RB,2024,college_data,154.0,721.0,11.0,0,0,0,,0,14.0,0,96.0,0.0,0,0,0,0,0,,0,,,,,4.681818181818182,,6.857142857142857,
Zamariyon Kendall,RB,2024,college_data,46.0,67.0,0.0,0,0,0,,0,2.0,0,17.0,0.0,0,0,0,0,0,,0,,,,,1.4565217391304348,,8.5,
Zamariyon Kendall,RB,2025,college_data,10.0,16.0,0.0,0,0,0,,0,2.0,0,8.0,0.0,0,0,0,0,0,,0,,,,,1.6,,4.0,
Zamir White,RB,2023,nflreadpy,104.0,451.0,1.0,1,1,19,-1.3607657314725936,0,15.0,19,98.0,0.0,0,0,4,94,4,0.10414648259757087,0,-1.7142857142857142,0.04187937143185621,-0.000380371503443025,13.0,4.336538461538462,34.69230769230769,6.533333333333333,7.538461538461538
Zamir White,RB,2024,nflreadpy,65.0,183.0,1.0,2,2,4,-4.536023597222719,0,6.0,8,30.0,0.0,0,0,-25,50,2,-0.5622862735683846,0,-1.0681818181818181,0.030481150793650793,-0.013935983572543787,8.0,2.8153846153846156,22.875,5.0,3.75
Zamir White,RB,2025,nflreadpy,12.0,32.0,0.0,0,0,1,-1.5143068434903397,0,4.0,6,24.0,0.0,0,0,-3,24,0,-0.6189597942160333,0,-1.777777777777778,0.036460610879215524,-0.002749509811986162,5.0,2.6666666666666665,6.4,6.0,4.8
Zander Horvath,RB,2022,nflreadpy,4.0,8.0,0.0,0,0,2,0.07441929513394523,0,5.0,8,8.0,2.0,0,0,6,1,2,-0.10360345531565447,0,0.37333333333333335,0.022274700884893636,0.002305772663458344,9.0,2.0,0.8888888888888888,1.6,0.8888888888888888
Zaon Laney,RB,2025,college_data,51.0,280.0,4.0,0,0,0,,0,3.0,0,19.0,0.0,0,0,0,0,0,,0,,,,,5.490196078431373,,6.333333333333333,
Zavier Scott,RB,2025,nflreadpy,32.0,114.0,0.0,2,1,6,-0.9999597684493184,0,14.0,16,98.0,1.0,0,0,17,105,7,-0.09530662115867017,0,-0.9539855072463769,0.043507467045697926,-0.007125980686590397,11.0,3.5625,10.363636363636363,7.0,8.909090909090908
Zavion Woodard,RB,2024,college_data,107.0,393.0,4.0,0,0,0,,0,8.0,0,33.0,0.0,0,0,0,0,0,,0,,,,,3.6728971962616823,,4.125,
Zavion Woodard,RB,2025,college_data,103.0,394.0,1.0,0,0,0,,0,7.0,0,48.0,0.0,0,0,0,0,0,,0,,,,,3.825242718446602,,6.857142857142857,
Zay Davis,RB,2024,college_data,84.0,211.0,1.0,0,0,0,,0,15.0,0,115.0,1.0,0,0,0,0,0,,0,,,,,2.511904761904762,,7.666666666666667,
Zay Davis,RB,2025,college_data,12.0,36.0,0.0,0,0,0,,0,3.0,0,17.0,0.0,0,0,0,0,0,,0,,,,,3.0,,5.666666666666667,
Zeke Burnett,RB,2024,college_data,12.0,42.0,1.0,0,0,0,,0,1.0,0,12.0,0.0,0,0,0,0,0,,0,,,,,3.5,,12.0,
Zion Dobson,RB,2025,college_data,22.0,107.0,1.0,0,0,0,,0,1.0,0,30.0,0.0,0,0,0,0,0,,0,,,,,4.863636363636363,,30.0,
Zion Griffin,RB,2025,college_data,28.0,110.0,0.0,0,0,0,,0,13.0,0,69.0,0.0,0,0,0,0,0,,0,,,,,3.9285714285714284,,5.3076923076923075,
Zion Hall,RB,2024,college_data,59.0,256.0,1.0,0,0,0,,0,12.0,0,35.0,0.0,0,0,0,0,0,,0,,,,,4.338983050847458,,2.9166666666666665,
Zion Hall,RB,2025,college_data,16.0,70.0,0.0,0,0,0,,0,2.0,0,24.0,0.0,0,0,0,0,0,,0,,,,,4.375,,12.0,
Zion Johnson,RB,2025,college_data,22.0,106.0,1.0,0,0,0,,0,2.0,0,21.0,0.0,0,0,0,0,0,,0,,,,,4.818181818181818,,10.5,
Zuberi Mobley,RB,2024,college_data,91.0,471.0,4.0,0,0,0,,0,11.0,0,86.0,0.0,0,0,0,0,0,,0,,,,,5.175824175824176,,7.818181818181818,
Zuberi Mobley,RB,2025,college_data,39.0,184.0,2.0,0,0,0,,0,3.0,0,9.0,0.0,0,0,0,0,0,,0,,,,,4.717948717948718,,3.0,
Zylan Perry,RB,2024,college_data,112.0,695.0,4.0,0,0,0,,0,11.0,0,46.0,0.0,0,0,0,0,0,,0,,,,,6.205357142857143,,4.181818181818182,
Zylan Perry,RB,2025,college_data,138.0,689.0,8.0,0,0,0,,0,16.0,0,101.0,0.0,0,0,0,0,0,,0,,,,,4.992753623188406,,6.3125,
