player,position,season,data_source,receptions,targets,receiving_yards,receiving_tds,receiving_fumbles,receiving_fumbles_lost,receiving_air_yards,receiving_yards_after_catch,receiving_first_downs,receiving_epa,receiving_2pt_conversions,receiving_10,receiving_16,receiving_20,receiving_40,racr,target_share,air_yards_share,total_games_played,rec_yards_per_catch,rec_yards_per_game,fantasy_points,avg_fantasy_points
A.J. Derby,TE,2018,nflreadpy,3.0,5,48.0,1.0,0,0,44,9,3,0.6679966280353256,0,3,2,0,0,1.2104978354978355,0.061392914653784214,0.0838394377099183,3.0,16.0,16.0,13.8,4.6000000000000005
AJ Barner,TE,2024,nflreadpy,30.0,38,245.0,4.0,0,0,136,164,18,0.791902965279795,0,11,2,1,0,2.4028289576700246,0.07971374098706252,0.04815340038773288,15.0,8.166666666666666,16.333333333333332,78.5,5.233333333333333
AJ Barner,TE,2025,nflreadpy,58.0,75,586.0,7.0,3,0,335,309,31,1.931942169031528,0,24,8,3,1,1.602315723323163,0.12725089954389346,0.0712568003363751,20.0,10.10344827586207,29.3,152.6,7.63
AJ Barner,TE,2026,nflreadpy,9.0,15,102.0,0.0,0,0,35,90,5,-1.9937495180638507,0,4,1,1,0,2.1416666666666666,0.11794871794871795,0.04447030610118607,4.0,11.333333333333334,25.5,19.200000000000003,4.800000000000001
AJ Boarman,TE,2025,college_data,2.0,0,19.0,0.0,0,0,0,0,0,,0,0,0,0,0,,,,,9.5,,,
AJ Ia,TE,2025,college_data,1.0,0,10.0,0.0,0,0,0,0,0,,0,0,0,0,0,,,,,10.0,,,
AJ Szymanski,TE,2025,college_data,5.0,0,32.0,1.0,0,0,0,0,0,,0,0,0,0,0,,,,,6.4,,,
Aaron Steinfeldt,TE,2024,college_data,1.0,0,2.0,0.0,0,0,0,0,0,,0,0,0,0,0,,,,,2.0,,,
Abraham Haerr,TE,2024,college_data,14.0,0,235.0,0.0,0,0,0,0,0,,0,0,0,0,0,,,,,16.785714285714285,,,
Achilles Whitby,TE,2025,college_data,1.0,0,6.0,0.0,0,0,0,0,0,,0,0,0,0,0,,,,,6.0,,,
Adam Moore,TE,2024,college_data,2.0,0,12.0,0.0,0,0,0,0,0,,0,0,0,0,0,,,,,6.0,,,
Adam Parks,TE,2024,college_data,2.0,0,58.0,0.0,0,0,0,0,0,,0,0,0,0,0,,,,,29.0,,,
Adam Parks,TE,2025,college_data,1.0,0,7.0,0.0,0,0,0,0,0,,0,0,0,0,0,,,,,7.0,,,
Adam Shaheen,TE,2018,nflreadpy,8.0,10,61.0,1.0,0,0,83,21,3,0.710464513380453,1,2,2,1,0,0.7961309523809523,0.047992510713284475,0.056403182868225675,6.0,7.625,10.166666666666666,22.1,3.6833333333333336
Adam Shaheen,TE,2019,nflreadpy,9.0,13,74.0,0.0,0,0,49,38,3,0.2435829945946731,1,1,1,0,0,1.56295609152752,0.056695796598209176,0.02892666039133929,7.0,8.222222222222221,10.571428571428571,18.4,2.6285714285714286
Adam Shaheen,TE,2020,nflreadpy,12.0,22,150.0,3.0,0,0,95,105,9,0.517391841090732,0,6,4,2,1,0.9211625362941152,0.04883407699744064,0.029879951120639806,13.0,12.5,11.538461538461538,45.0,3.4615384615384617
Adam Shaheen,TE,2021,nflreadpy,12.0,16,110.0,0.0,0,0,92,41,5,0.3990681338251575,0,5,2,1,0,1.3745391705069123,0.062064569417510596,0.04954223437751622,7.0,9.166666666666666,15.714285714285714,23.0,3.2857142857142856
Adam Trautman,TE,2020,nflreadpy,16.0,19,175.0,1.0,0,0,70,120,9,1.2003396014730574,0,6,4,2,1,1.3736471861471862,0.05574874642252718,0.033584437092629475,11.0,10.9375,15.909090909090908,39.5,3.590909090909091
Adam Trautman,TE,2021,nflreadpy,27.0,43,263.0,2.0,1,1,245,111,13,-0.7515261388897879,0,10,6,2,0,1.4374035506903833,0.12807858204597336,0.09019168996992365,11.0,9.74074074074074,23.90909090909091,63.3,5.754545454545454
Adam Trautman,TE,2022,nflreadpy,18.0,22,207.0,1.0,0,0,118,123,9,0.7110749826388201,0,10,6,2,0,2.478769841269841,0.06796635263011581,0.042168344660552415,12.0,11.5,17.25,44.7,3.725
Adam Trautman,TE,2023,nflreadpy,22.0,35,204.0,3.0,0,0,226,98,10,-0.06850597691210464,0,7,3,2,0,0.8245278726049817,0.07683673336959974,0.07807708273249904,16.0,9.272727272727273,12.75,60.400000000000006,3.7750000000000004
Adam Trautman,TE,2024,nflreadpy,14.0,23,190.0,2.0,0,0,127,98,8,0.3928147780264096,0,8,5,2,0,2.0978370272560936,0.05186763548186827,0.03492246184894886,14.0,13.571428571428571,13.571428571428571,45.0,3.2142857142857144
Adam Trautman,TE,2025,nflreadpy,20.0,25,195.0,1.0,0,0,124,104,11,0.8094383942370769,0,9,3,3,0,2.036207311207311,0.04752435891477959,0.03603276637147566,14.0,9.75,13.928571428571429,45.5,3.25
Adam Trautman,TE,2026,nflreadpy,2.0,4,10.0,0.0,0,0,-1,8,0,-0.5977724420372397,0,0,0,0,0,0.0,0.06871345029239766,-0.005434782608695652,2.0,5.0,5.0,3.0,1.5
Addison Ostrenga,TE,2024,college_data,15.0,0,114.0,1.0,0,0,0,0,0,,0,0,0,0,0,,,,,7.6,,,
Addison Ostrenga,TE,2025,college_data,1.0,0,8.0,0.0,0,0,0,0,0,,0,0,0,0,0,,,,,8.0,,,
Ademola Faleye,TE,2024,college_data,2.0,0,18.0,0.0,0,0,0,0,0,,0,0,0,0,0,,,,,9.0,,,
Ademola Faleye,TE,2025,college_data,4.0,0,23.0,1.0,0,0,0,0,0,,0,0,0,0,0,,,,,5.75,,,
Adyn Wilkinson,TE,2025,college_data,10.0,0,81.0,1.0,0,0,0,0,0,,0,0,0,0,0,,,,,8.1,,,
Ahmon Green,TE,2025,college_data,16.0,0,166.0,0.0,0,0,0,0,0,,0,0,0,0,0,,,,,10.375,,,
Aidan Behymer,TE,2024,college_data,2.0,0,12.0,0.0,0,0,0,0,0,,0,0,0,0,0,,,,,6.0,,,
Aidan Behymer,TE,2025,college_data,2.0,0,9.0,0.0,0,0,0,0,0,,0,0,0,0,0,,,,,4.5,,,
Aidan Quinn,TE,2024,college_data,3.0,0,12.0,0.0,0,0,0,0,0,,0,0,0,0,0,,,,,4.0,,,
Aidan Quinn,TE,2025,college_data,12.0,0,139.0,1.0,0,0,0,0,0,,0,0,0,0,0,,,,,11.583333333333334,,,
Aidan Sefa,TE,2025,college_data,1.0,0,16.0,0.0,0,0,0,0,0,,0,0,0,0,0,,,,,16.0,,,
Aidan Steinfeldt,TE,2025,college_data,5.0,0,28.0,0.0,0,0,0,0,0,,0,0,0,0,0,,,,,5.6,,,
Aiden Carlson,TE,2024,college_data,3.0,0,20.0,0.0,0,0,0,0,0,,0,0,0,0,0,,,,,6.666666666666667,,,
Aiden Mack,TE,2025,college_data,1.0,0,5.0,0.0,0,0,0,0,0,,0,0,0,0,0,,,,,5.0,,,
Aiden Schomp,TE,2024,college_data,2.0,0,1.0,0.0,0,0,0,0,0,,0,0,0,0,0,,,,,0.5,,,
Aiden Valdez,TE,2024,college_data,10.0,0,90.0,3.0,0,0,0,0,0,,0,0,0,0,0,,,,,9.0,,,
Aiden Valdez,TE,2025,college_data,1.0,0,-3.0,0.0,0,0,0,0,0,,0,0,0,0,0,,,,,-3.0,,,
Alan Cross,TE,2018,nflreadpy,2.0,5,9.0,0.0,0,0,12,7,1,-0.9106845420465106,0,0,0,0,0,0.5,0.021983233568599422,0.006015869652233288,6.0,4.5,1.5,2.9,0.48333333333333334
Albert Okwuegbunam,TE,2020,nflreadpy,11.0,15,121.0,1.0,0,0,116,73,6,1.8789297850992002,0,4,3,1,0,1.7006668946648427,0.12068713450292397,0.08060287020319351,4.0,11.0,30.25,29.1,7.275
Albert Okwuegbunam,TE,2021,nflreadpy,33.0,40,330.0,2.0,1,1,226,245,15,1.046114371935076,0,12,6,3,1,2.609294871794872,0.10026439218163734,0.06644240210632969,14.0,10.0,23.571428571428573,76.0,5.428571428571429
Albert Okwuegbunam,TE,2022,nflreadpy,10.0,18,95.0,1.0,0,0,99,59,4,-0.38114183292051523,0,4,2,1,0,1.1952887537993921,0.08645117273968365,0.07103722588239933,6.0,9.5,15.833333333333334,25.5,4.25
Albert Okwuegbunam,TE,2025,nflreadpy,5.0,6,36.0,0.0,0,0,18,34,2,1.6165097025805153,0,1,1,0,0,2.0,0.16666666666666666,0.07377049180327869,1.0,7.2,36.0,8.6,8.6
Alec Burton,TE,2024,college_data,3.0,0,119.0,2.0,0,0,0,0,0,,0,0,0,0,0,,,,,39.666666666666664,,,
Alec Keathley,TE,2024,college_data,22.0,0,204.0,1.0,0,0,0,0,0,,0,0,0,0,0,,,,,9.272727272727273,,,
Alec Pell,TE,2024,college_data,11.0,0,74.0,2.0,0,0,0,0,0,,0,0,0,0,0,,,,,6.7272727272727275,,,
Alec Pell,TE,2025,college_data,5.0,0,35.0,0.0,0,0,0,0,0,,0,0,0,0,0,,,,,7.0,,,
Alejandro Vazquez,TE,2024,college_data,6.0,0,42.0,0.0,0,0,0,0,0,,0,0,0,0,0,,,,,7.0,,,
Alejandro Vazquez,TE,2025,college_data,2.0,0,26.0,0.0,0,0,0,0,0,,0,0,0,0,0,,,,,13.0,,,
Alek Marshall,TE,2024,college_data,3.0,0,35.0,1.0,0,0,0,0,0,,0,0,0,0,0,,,,,11.666666666666666,,,
Alek Marshall,TE,2025,college_data,19.0,0,299.0,2.0,0,0,0,0,0,,0,0,0,0,0,,,,,15.736842105263158,,,
Alex Bauman,TE,2024,college_data,20.0,0,212.0,7.0,0,0,0,0,0,,0,0,0,0,0,,,,,10.6,,,
Alex Bauman,TE,2025,college_data,18.0,0,166.0,1.0,0,0,0,0,0,,0,0,0,0,0,,,,,9.222222222222221,,,
Alex Geraci,TE,2024,college_data,3.0,0,20.0,0.0,0,0,0,0,0,,0,0,0,0,0,,,,,6.666666666666667,,,
Alex Ginnever,TE,2024,college_data,22.0,0,232.0,2.0,0,0,0,0,0,,0,0,0,0,0,,,,,10.545454545454545,,,
Alex Ginnever,TE,2025,college_data,11.0,0,75.0,0.0,0,0,0,0,0,,0,0,0,0,0,,,,,6.818181818181818,,,
Alex Herrera,TE,2024,college_data,12.0,0,150.0,2.0,0,0,0,0,0,,0,0,0,0,0,,,,,12.5,,,
Alex Herrera,TE,2025,college_data,21.0,0,222.0,0.0,0,0,0,0,0,,0,0,0,0,0,,,,,10.571428571428571,,,
Alex Honig,TE,2024,college_data,6.0,0,59.0,3.0,0,0,0,0,0,,0,0,0,0,0,,,,,9.833333333333334,,,
Alex Honig,TE,2025,college_data,13.0,0,162.0,3.0,0,0,0,0,0,,0,0,0,0,0,,,,,12.461538461538462,,,
Alex Lines,TE,2025,college_data,4.0,0,14.0,0.0,0,0,0,0,0,,0,0,0,0,0,,,,,3.5,,,
Alex McDonald,TE,2025,college_data,12.0,0,120.0,3.0,0,0,0,0,0,,0,0,0,0,0,,,,,10.0,,,
Alex Moore,TE,2024,college_data,19.0,0,159.0,1.0,0,0,0,0,0,,0,0,0,0,0,,,,,8.368421052631579,,,
Alex Simmons,TE,2025,college_data,7.0,0,55.0,0.0,0,0,0,0,0,,0,0,0,0,0,,,,,7.857142857142857,,,
Alex Williams,TE,2024,college_data,5.0,0,44.0,0.0,0,0,0,0,0,,0,0,0,0,0,,,,,8.8,,,
Alex Williams,TE,2025,college_data,23.0,0,240.0,8.0,0,0,0,0,0,,0,0,0,0,0,,,,,10.434782608695652,,,
Amari Niblack,TE,2024,college_data,5.0,0,33.0,0.0,0,0,0,0,0,,0,0,0,0,0,,,,,6.6,,,
Amari Niblack,TE,2025,college_data,5.0,0,69.0,0.0,0,0,0,0,0,,0,0,0,0,0,,,,,13.8,,,
Amarie Rogers,TE,2025,college_data,2.0,0,13.0,1.0,0,0,0,0,0,,0,0,0,0,0,,,,,6.5,,,
Amir Jackson,TE,2025,college_data,3.0,0,29.0,1.0,0,0,0,0,0,,0,0,0,0,0,,,,,9.666666666666666,,,
Ammon Munyer,TE,2025,college_data,8.0,0,60.0,1.0,0,0,0,0,0,,0,0,0,0,0,,,,,7.5,,,
Andre Dollar,TE,2024,college_data,2.0,0,13.0,0.0,0,0,0,0,0,,0,0,0,0,0,,,,,6.5,,,
Andreas Paaske,TE,2024,college_data,3.0,0,19.0,2.0,0,0,0,0,0,,0,0,0,0,0,,,,,6.333333333333333,,,
Andreas Paaske,TE,2025,college_data,3.0,0,27.0,1.0,0,0,0,0,0,,0,0,0,0,0,,,,,9.0,,,
Andrew Bench,TE,2024,college_data,1.0,0,19.0,0.0,0,0,0,0,0,,0,0,0,0,0,,,,,19.0,,,
Andrew Civey,TE,2024,college_data,9.0,0,88.0,0.0,0,0,0,0,0,,0,0,0,0,0,,,,,9.777777777777779,,,
Andrew Civey,TE,2025,college_data,10.0,0,86.0,2.0,0,0,0,0,0,,0,0,0,0,0,,,,,8.6,,,
Andrew Gustad,TE,2025,college_data,3.0,0,17.0,3.0,0,0,0,0,0,,0,0,0,0,0,,,,,5.666666666666667,,,
Andrew Ogletree,TE,2023,nflreadpy,9.0,21,147.0,2.0,0,0,209,30,8,0.9111151941033313,0,7,5,4,0,0.6088428388428389,0.0623761905854332,0.07336126674652937,11.0,16.333333333333332,13.363636363636363,35.7,3.2454545454545456
Andrew Ogletree,TE,2024,nflreadpy,9.0,14,109.0,1.0,0,0,150,50,6,0.11743302738812583,0,5,3,3,0,0.8650932400932401,0.043969325179002594,0.049157030317098026,12.0,12.11111111111111,9.083333333333334,25.9,2.158333333333333
Andrew Ogletree,TE,2025,nflreadpy,4.0,6,27.0,1.0,0,0,42,9,2,0.3277931989869103,0,1,0,0,0,0.6909937888198757,0.01779872457291812,0.015699008864026198,11.0,6.75,2.4545454545454546,12.7,1.1545454545454545
Andrew Rappleyea,TE,2025,college_data,20.0,0,180.0,3.0,0,0,0,0,0,,0,0,0,0,0,,,,,9.0,,,
Andrew Ritter,TE,2024,college_data,1.0,0,17.0,0.0,0,0,0,0,0,,0,0,0,0,0,,,,,17.0,,,
Andrew Ritter,TE,2025,college_data,5.0,0,63.0,0.0,0,0,0,0,0,,0,0,0,0,0,,,,,12.6,,,
Andrew Savaiinaea,TE,2024,college_data,6.0,0,35.0,0.0,0,0,0,0,0,,0,0,0,0,0,,,,,5.833333333333333,,,
Andrew Vrbancic,TE,2025,college_data,1.0,0,0.0,0.0,0,0,0,0,0,,0,0,0,0,0,,,,,0.0,,,
Anthony Benzija,TE,2025,college_data,15.0,0,137.0,1.0,0,0,0,0,0,,0,0,0,0,0,,,,,9.133333333333333,,,
Anthony Firkser,TE,2018,nflreadpy,19.0,20,225.0,1.0,0,0,133,97,12,2.3049091803693553,0,11,5,3,0,1.9666311009470077,0.09363464011140173,0.08073391391261603,9.0,11.842105263157896,25.0,47.5,5.277777777777778
Anthony Firkser,TE,2019,nflreadpy,17.0,29,249.0,3.0,0,0,316,71,12,0.4123109122822317,0,10,6,6,0,0.9408561591552794,0.09926364056789798,0.10612111344054087,12.0,14.647058823529411,20.75,59.900000000000006,4.991666666666667
Anthony Firkser,TE,2020,nflreadpy,41.0,55,431.0,1.0,0,0,380,178,28,1.4198456576315843,0,18,6,5,1,1.267716219573905,0.11672151541931876,0.10006625439642099,16.0,10.512195121951219,26.9375,90.1,5.63125
Anthony Firkser,TE,2021,nflreadpy,34.0,44,291.0,2.0,1,1,253,111,15,0.6086160560026763,0,13,2,1,0,1.4891825679959072,0.08977550314997794,0.06447358658764465,16.0,8.558823529411764,18.1875,73.1,4.56875
Anthony Firkser,TE,2022,nflreadpy,9.0,13,100.0,0.0,0,0,108,20,5,0.31421895736201566,0,5,2,1,0,0.9840581567555252,0.0614012252249731,0.05383121009115095,8.0,11.11111111111111,12.5,19.0,2.375
Anthony Firkser,TE,2023,nflreadpy,1.0,1,8.0,0.0,0,0,4,4,0,1.171634408266982,0,0,0,0,0,2.0,0.025,0.010752688172043012,1.0,8.0,8.0,1.8,1.8
Anthony Firkser,TE,2025,nflreadpy,8.0,10,53.0,0.0,0,0,35,12,4,0.32712476613232866,0,2,1,0,0,1.1352941176470588,0.05280685408605319,0.024449959082328738,5.0,6.625,10.6,13.3,2.66
Anthony Landphere,TE,2024,college_data,33.0,0,379.0,4.0,0,0,0,0,0,,0,0,0,0,0,,,,,11.484848484848484,,,
Anthony Manaves,TE,2024,college_data,4.0,0,50.0,0.0,0,0,0,0,0,,0,0,0,0,0,,,,,12.5,,,
Anthony Miller Jr.,TE,2024,college_data,1.0,0,4.0,0.0,0,0,0,0,0,,0,0,0,0,0,,,,,4.0,,,
Anthony Miller Jr.,TE,2025,college_data,5.0,0,60.0,1.0,0,0,0,0,0,,0,0,0,0,0,,,,,12.0,,,
Anthony Rucker,TE,2024,college_data,18.0,0,204.0,3.0,0,0,0,0,0,,0,0,0,0,0,,,,,11.333333333333334,,,
Anthony Rucker,TE,2025,college_data,10.0,0,129.0,0.0,0,0,0,0,0,,0,0,0,0,0,,,,,12.9,,,
Anthony Torres,TE,2024,college_data,31.0,0,404.0,9.0,0,0,0,0,0,,0,0,0,0,0,,,,,13.03225806451613,,,
Antoine Bell,TE,2024,college_data,5.0,0,55.0,1.0,0,0,0,0,0,,0,0,0,0,0,,,,,11.0,,,
Antoine Bell,TE,2025,college_data,3.0,0,48.0,2.0,0,0,0,0,0,,0,0,0,0,0,,,,,16.0,,,
Antonio Ferguson,TE,2024,college_data,7.0,0,90.0,1.0,0,0,0,0,0,,0,0,0,0,0,,,,,12.857142857142858,,,
Antonio Ferguson,TE,2025,college_data,10.0,0,115.0,0.0,0,0,0,0,0,,0,0,0,0,0,,,,,11.5,,,
Antonio Gates,TE,2018,nflreadpy,37.0,57,409.0,3.0,1,1,442,153,25,0.7033496859517409,2,18,8,5,0,0.9542595699822297,0.09398822988462462,0.09111989773295721,18.0,11.054054054054054,22.72222222222222,97.9,5.438888888888889
Antonio Johnson,TE,2025,college_data,20.0,0,231.0,5.0,0,0,0,0,0,,0,0,0,0,0,,,,,11.55,,,
Antony Auclair,TE,2018,nflreadpy,7.0,8,48.0,0.0,0,0,40,8,1,0.12697426101658493,0,1,0,0,0,1.2674358974358975,0.021511212629633684,0.009756828253007931,9.0,6.857142857142857,5.333333333333333,11.8,1.3111111111111111
Antony Auclair,TE,2019,nflreadpy,1.0,3,11.0,0.0,0,0,2,8,1,-0.259226702444721,0,1,0,0,0,0.0,0.014857881136950904,0.0008247578692493948,5.0,11.0,2.2,2.1,0.42000000000000004
Antony Auclair,TE,2021,nflreadpy,5.0,5,47.0,1.0,0,0,22,25,2,1.4236239908350399,0,2,0,0,0,0.7727272727272727,0.03478009259259259,0.01787259244000412,4.0,9.4,11.75,15.7,3.925
Arik Gilbert,TE,2025,college_data,1.0,0,52.0,0.0,0,0,0,0,0,,0,0,0,0,0,,,,,52.0,,,
Arlis Boardingham,TE,2024,college_data,18.0,0,128.0,2.0,0,0,0,0,0,,0,0,0,0,0,,,,,7.111111111111111,,,
Armani Rogers,TE,2022,nflreadpy,5.0,6,64.0,0.0,0,0,13,57,4,1.2069518705829978,0,3,2,1,0,1.6444444444444446,0.02053410117434508,0.008426704936954967,9.0,12.8,7.111111111111111,11.4,1.2666666666666666
Asher Weiner,TE,2025,college_data,1.0,0,-1.0,0.0,0,0,0,0,0,,0,0,0,0,0,,,,,-1.0,,,
Ashtin Traver,TE,2025,college_data,2.0,0,10.0,0.0,0,0,0,0,0,,0,0,0,0,0,,,,,5.0,,,
Ashton Wilson,TE,2025,college_data,11.0,0,91.0,1.0,0,0,0,0,0,,0,0,0,0,0,,,,,8.272727272727273,,,
Austin Bray,TE,2024,college_data,8.0,0,47.0,0.0,0,0,0,0,0,,0,0,0,0,0,,,,,5.875,,,
Austin Bray,TE,2025,college_data,8.0,0,70.0,2.0,0,0,0,0,0,,0,0,0,0,0,,,,,8.75,,,
Austin Henderson,TE,2024,college_data,2.0,0,20.0,0.0,0,0,0,0,0,,0,0,0,0,0,,,,,10.0,,,
Austin Henderson,TE,2025,college_data,7.0,0,73.0,0.0,0,0,0,0,0,,0,0,0,0,0,,,,,10.428571428571429,,,
Austin Hooper,TE,2018,nflreadpy,71.0,88,660.0,4.0,0,0,598,237,30,1.9019221449941675,1,24,11,7,0,1.2476874511245073,0.14273855650837863,0.1123369975266213,16.0,9.295774647887324,41.25,163.0,10.1875
Austin Hooper,TE,2019,nflreadpy,75.0,97,787.0,6.0,0,0,629,335,41,1.9691198089579767,1,34,15,8,0,1.3595728556226399,0.18510114068702105,0.14132233020815363,13.0,10.493333333333334,60.53846153846154,191.7,14.746153846153845
Austin Hooper,TE,2020,nflreadpy,55.0,84,497.0,5.0,0,0,574,180,32,1.8805631291015346,0,19,7,3,0,1.4322428096323343,0.18775216880738035,0.14310253685181898,15.0,9.036363636363637,33.13333333333333,134.7,8.979999999999999
Austin Hooper,TE,2021,nflreadpy,38.0,61,345.0,3.0,0,0,328,185,18,1.3347668871162817,1,13,4,4,0,1.9885133422237093,0.13827549785078705,0.08387836157206839,15.0,9.078947368421053,23.0,92.5,6.166666666666667
Austin Hooper,TE,2022,nflreadpy,41.0,60,444.0,2.0,0,0,480,130,28,1.5382765322437455,0,19,11,2,0,1.260431467384512,0.13867086395187972,0.1395385969842831,17.0,10.829268292682928,26.11764705882353,97.4,5.729411764705882
Austin Hooper,TE,2023,nflreadpy,25.0,31,234.0,0.0,0,0,130,142,12,0.6507887120669766,0,10,2,2,0,2.340963084795322,0.06836800736892347,0.03654172382671462,16.0,9.36,14.625,48.400000000000006,3.0250000000000004
Austin Hooper,TE,2024,nflreadpy,45.0,59,476.0,3.0,2,1,386,225,25,0.7473372168805751,0,17,9,5,0,1.5890828089262623,0.12186068529224038,0.10228630201279171,17.0,10.577777777777778,28.0,106.6,6.270588235294118
Austin Hooper,TE,2025,nflreadpy,24.0,33,287.0,2.0,0,0,311,100,16,0.7206826006404299,0,11,7,6,0,1.027342238223792,0.07172409580030038,0.07121513657723459,16.0,11.958333333333334,17.9375,64.7,4.04375
Austin Hooper,TE,2026,nflreadpy,5.0,7,40.0,1.0,0,0,21,27,3,2.1683338727064743,0,1,0,0,0,0.8794871794871796,0.08866292660121551,0.04449682828814144,3.0,8.0,13.333333333333334,15.0,5.0
Austin Jarrard,TE,2024,college_data,4.0,0,19.0,1.0,0,0,0,0,0,,0,0,0,0,0,,,,,4.75,,,
Austin Samaha,TE,2025,college_data,1.0,0,10.0,0.0,0,0,0,0,0,,0,0,0,0,0,,,,,10.0,,,
Austin Seferian-Jenkins,TE,2018,nflreadpy,11.0,19,90.0,1.0,0,0,101,30,6,-0.36377539737205516,0,3,1,1,0,0.8442979242979243,0.10222793329426838,0.09893220343404303,5.0,8.181818181818182,18.0,26.0,5.2
Austin Smith,TE,2025,college_data,7.0,0,65.0,0.0,0,0,0,0,0,,0,0,0,0,0,,,,,9.285714285714286,,,
Austin Terry,TE,2024,college_data,2.0,0,35.0,0.0,0,0,0,0,0,,0,0,0,0,0,,,,,17.5,,,
Austin York,TE,2024,college_data,9.0,0,79.0,0.0,0,0,0,0,0,,0,0,0,0,0,,,,,8.777777777777779,,,
Avion McBride,TE,2024,college_data,1.0,0,20.0,0.0,0,0,0,0,0,,0,0,0,0,0,,,,,20.0,,,
Avion McBride,TE,2025,college_data,2.0,0,13.0,0.0,0,0,0,0,0,,0,0,0,0,0,,,,,6.5,,,
Bailey Lash,TE,2024,college_data,1.0,0,17.0,0.0,0,0,0,0,0,,0,0,0,0,0,,,,,17.0,,,
Banks Pope,TE,2025,college_data,1.0,0,5.0,0.0,0,0,0,0,0,,0,0,0,0,0,,,,,5.0,,,
Barry White,TE,2024,college_data,11.0,0,202.0,2.0,0,0,0,0,0,,0,0,0,0,0,,,,,18.363636363636363,,,
Bauer Sharp,TE,2024,college_data,42.0,0,324.0,2.0,0,0,0,0,0,,0,0,0,0,0,,,,,7.714285714285714,,,
Bauer Sharp,TE,2025,college_data,24.0,0,252.0,2.0,0,0,0,0,0,,0,0,0,0,0,,,,,10.5,,,
Bear Tenney,TE,2025,college_data,2.0,0,40.0,1.0,0,0,0,0,0,,0,0,0,0,0,,,,,20.0,,,
Beau Baker,TE,2025,college_data,1.0,0,12.0,1.0,0,0,0,0,0,,0,0,0,0,0,,,,,12.0,,,
Beau Johnson,TE,2024,college_data,9.0,0,71.0,1.0,0,0,0,0,0,,0,0,0,0,0,,,,,7.888888888888889,,,
Ben Alvarez,TE,2025,college_data,1.0,0,2.0,1.0,0,0,0,0,0,,0,0,0,0,0,,,,,2.0,,,
Ben Braunecker,TE,2018,nflreadpy,5.0,7,57.0,0.0,0,0,74,14,2,-0.6055656121461652,0,2,2,1,0,1.1852425180598554,0.018933022402324338,0.02290283703686118,11.0,11.4,5.181818181818182,10.7,0.9727272727272727
Ben Braunecker,TE,2019,nflreadpy,6.0,11,59.0,1.0,0,0,111,25,5,0.5420326488529099,0,2,2,0,0,0.6423616129498482,0.06376340285141982,0.07674685377262422,5.0,9.833333333333334,11.8,17.9,3.5799999999999996
Ben Ellefson,TE,2020,nflreadpy,1.0,4,10.0,0.0,0,0,45,3,1,-0.7098125380240381,1,1,0,0,0,0.15151515151515152,0.04040404040404041,0.04413525592377098,3.0,10.0,3.3333333333333335,4.0,1.3333333333333333
Ben Ellefson,TE,2022,nflreadpy,3.0,3,26.0,0.0,0,0,15,11,2,0.3726937012979761,0,2,0,0,0,1.8571428571428572,0.043156059285091544,0.024006864320140205,2.0,8.666666666666666,13.0,5.6,2.8
Ben Haulmark,TE,2024,college_data,1.0,0,3.0,0.0,0,0,0,0,0,,0,0,0,0,0,,,,,3.0,,,
Ben Haulmark,TE,2025,college_data,3.0,0,67.0,0.0,0,0,0,0,0,,0,0,0,0,0,,,,,22.333333333333332,,,
Ben Koyack,TE,2019,nflreadpy,1.0,3,9.0,0.0,0,0,5,3,0,-0.5239716523016492,0,0,0,0,0,0.75,0.022397891963109356,0.0038645745293303443,3.0,9.0,3.0,1.9,0.6333333333333333
Ben Sims,TE,2023,nflreadpy,5.0,7,25.0,1.0,0,0,32,20,3,0.2437256684310601,0,1,0,0,0,0.8571428571428571,0.030732870473163143,0.018542711611652784,7.0,5.0,3.5714285714285716,13.5,1.9285714285714286
Ben Sims,TE,2024,nflreadpy,4.0,5,42.0,0.0,0,0,40,16,1,0.5385669185052393,0,2,1,1,0,1.1630434782608696,0.046121943829923455,0.04518164053178252,4.0,10.5,10.5,8.2,2.05
Ben Sims,TE,2025,nflreadpy,3.0,6,30.0,0.0,0,0,73,5,2,0.24442618863152651,0,1,1,0,0,1.174242424242424,0.08274672187715666,0.13475108119533052,3.0,10.0,10.0,6.0,2.0
Ben Sinnott,TE,2024,nflreadpy,6.0,6,51.0,1.0,0,0,25,26,3,1.0867404571152293,0,2,1,1,0,1.6541666666666668,0.027437446567688956,0.012208862924224372,8.0,8.5,6.375,17.1,2.1375
Ben Sinnott,TE,2025,nflreadpy,11.0,13,114.0,1.0,0,0,106,63,5,0.403894515860884,0,3,2,2,0,2.055711575658384,0.06800302523986734,0.0625339692786529,9.0,10.363636363636363,12.666666666666666,28.4,3.1555555555555554
Ben Sinnott,TE,2026,nflreadpy,1.0,2,6.0,0.0,0,0,11,2,0,0.026617569965310395,0,0,0,0,0,0.75,0.03137254901960784,0.019683933866474976,2.0,6.0,3.0,1.6,0.8
Ben Yurosek,TE,2024,college_data,15.0,0,185.0,0.0,0,0,0,0,0,,0,0,0,0,0,,,,,12.333333333333334,,,
Ben Yurosek,TE,2025,nflreadpy,2.0,3,14.0,0.0,0,0,11,9,1,0.1738210793118924,0,0,0,0,0,1.3166666666666667,0.016666666666666666,0.013468013468013467,6.0,7.0,2.3333333333333335,3.4000000000000004,0.5666666666666668
Benjamin Blackburn,TE,2024,college_data,2.0,0,18.0,0.0,0,0,0,0,0,,0,0,0,0,0,,,,,9.0,,,
Benjamin Blackburn,TE,2025,college_data,9.0,0,109.0,1.0,0,0,0,0,0,,0,0,0,0,0,,,,,12.11111111111111,,,
Benjamin Brahmer,TE,2024,college_data,10.0,0,179.0,1.0,0,0,0,0,0,,0,0,0,0,0,,,,,17.9,,,
Benjamin Brahmer,TE,2025,college_data,37.0,0,446.0,6.0,0,0,0,0,0,,0,0,0,0,0,,,,,12.054054054054054,,,
Benjamin Watson,TE,2018,nflreadpy,36.0,47,412.0,2.0,0,0,475,94,22,1.5065004625164637,0,16,9,6,0,1.172578233131358,0.10372851951830596,0.1376823554741375,14.0,11.444444444444445,29.428571428571427,89.2,6.371428571428572
Benjamin Watson,TE,2019,nflreadpy,20.0,28,211.0,0.0,0,0,252,89,12,1.4275493672091213,0,9,6,4,0,1.0383070456113934,0.07401641368630435,0.08492103395833109,10.0,10.55,21.1,41.1,4.11
Benji Gosnell,TE,2024,college_data,32.0,0,341.0,2.0,0,0,0,0,0,,0,0,0,0,0,,,,,10.65625,,,
Benji Gosnell,TE,2025,college_data,12.0,0,86.0,0.0,0,0,0,0,0,,0,0,0,0,0,,,,,7.166666666666667,,,
Bennett Christian,TE,2024,college_data,2.0,0,61.0,1.0,0,0,0,0,0,,0,0,0,0,0,,,,,30.5,,,
Bennett Christian,TE,2025,college_data,5.0,0,16.0,1.0,0,0,0,0,0,,0,0,0,0,0,,,,,3.2,,,
Benny Denby,TE,2025,college_data,1.0,0,3.0,0.0,0,0,0,0,0,,0,0,0,0,0,,,,,3.0,,,
Bentley Hanshaw,TE,2024,college_data,10.0,0,92.0,1.0,0,0,0,0,0,,0,0,0,0,0,,,,,9.2,,,
Billy Riviere III,TE,2024,college_data,1.0,0,8.0,0.0,0,0,0,0,0,,0,0,0,0,0,,,,,8.0,,,
Blaine Zoller,TE,2024,college_data,6.0,0,49.0,0.0,0,0,0,0,0,,0,0,0,0,0,,,,,8.166666666666666,,,
Blake Bell,TE,2018,nflreadpy,8.0,11,67.0,0.0,0,0,58,38,3,0.2915729821897253,0,3,1,0,0,1.8035714285714286,0.045977762841983974,0.04669134223552839,8.0,8.375,8.375,14.7,1.8375
Blake Bell,TE,2019,nflreadpy,11.0,18,91.0,1.0,0,0,111,21,4,-0.026793960980287072,0,3,1,1,0,0.9007659007659008,0.035024518481668585,0.021821614100595802,16.0,8.272727272727273,5.6875,26.1,1.63125
Blake Bell,TE,2020,nflreadpy,11.0,15,110.0,0.0,0,0,77,48,7,0.13835384768158707,0,8,1,1,0,1.7959770114942528,0.03493415525690534,0.02256279470340863,11.0,10.0,10.0,22.0,2.0
Blake Bell,TE,2021,nflreadpy,10.0,14,90.0,0.0,0,0,30,71,4,0.07697428134270012,0,3,2,2,0,0.902849002849003,0.031966133205103636,0.007703396401106289,12.0,9.0,7.5,19.0,1.5833333333333333
Blake Bell,TE,2022,nflreadpy,3.0,4,24.0,1.0,0,0,25,8,1,0.32268118429540965,0,1,1,0,0,0.5747863247863249,0.04106658923732095,0.03466507460117684,3.0,8.0,8.0,11.4,3.8000000000000003
Blake Bell,TE,2023,nflreadpy,5.0,9,26.0,1.0,1,1,30,19,1,-2.036452575053166,0,0,0,0,0,0.38995726495726496,0.036433613974765,0.017329321375291692,7.0,5.2,3.7142857142857144,11.6,1.657142857142857
Blake Bosma,TE,2024,college_data,37.0,0,403.0,6.0,0,0,0,0,0,,0,0,0,0,0,,,,,10.891891891891891,,,
Blake Bosma,TE,2025,college_data,27.0,0,251.0,1.0,0,0,0,0,0,,0,0,0,0,0,,,,,9.296296296296296,,,
Blake Daniels,TE,2024,college_data,1.0,0,0.0,0.0,0,0,0,0,0,,0,0,0,0,0,,,,,0.0,,,
Blake Jarwin,TE,2018,nflreadpy,32.0,41,339.0,3.0,0,0,303,136,19,1.4240574232078091,0,15,6,3,0,1.9396314867086915,0.07637900768058146,0.07355716751466003,15.0,10.59375,22.6,83.9,5.593333333333334
Blake Jarwin,TE,2019,nflreadpy,31.0,41,365.0,3.0,1,0,329,157,17,0.9424845609043037,0,13,8,8,1,1.8048112179729827,0.07754346985914395,0.06499080777205596,15.0,11.774193548387096,24.333333333333332,83.5,5.566666666666666
Blake Jarwin,TE,2020,nflreadpy,1.0,1,12.0,0.0,0,0,12,0,1,0.9156609246274456,0,1,0,0,0,1.0,0.02702702702702703,0.04240282685512368,1.0,12.0,12.0,2.2,2.2
Blake Jarwin,TE,2021,nflreadpy,11.0,18,96.0,2.0,0,0,142,38,5,-0.207763284779503,0,3,2,1,0,0.8078751065643648,0.06417644768114437,0.07070628003351068,9.0,8.727272727272727,10.666666666666666,32.6,3.6222222222222222
Blake Smith,TE,2025,college_data,10.0,0,105.0,0.0,0,0,0,0,0,,0,0,0,0,0,,,,,10.5,,,
Blake Whiteheart,TE,2024,nflreadpy,6.0,9,51.0,1.0,0,0,81,10,2,-0.5366536442556286,0,1,1,1,0,0.7301587301587301,0.03716668113852937,0.044802383328638666,7.0,8.5,7.285714285714286,17.1,2.442857142857143
Blake Whiteheart,TE,2025,nflreadpy,2.0,6,4.0,0.0,1,0,43,1,0,-0.6213283836938596,0,0,0,0,0,0.3333333333333333,0.024665362373443314,0.019327426342483158,9.0,2.0,0.4444444444444444,0.3999999999999999,0.04444444444444443
Blake Whiteheart,TE,2026,nflreadpy,2.0,3,31.0,1.0,0,0,12,22,2,1.7799425340490416,0,2,1,0,0,2.5833333333333335,0.03737373737373737,0.02729044834307992,3.0,15.5,10.333333333333334,11.1,3.6999999999999997
Blane Cleaver,TE,2025,college_data,3.0,0,11.0,1.0,0,0,0,0,0,,0,0,0,0,0,,,,,3.6666666666666665,,,
Bode Burns,TE,2025,college_data,1.0,0,23.0,0.0,0,0,0,0,0,,0,0,0,0,0,,,,,23.0,,,
Boden Groen,TE,2024,college_data,12.0,0,94.0,0.0,0,0,0,0,0,,0,0,0,0,0,,,,,7.833333333333333,,,
Boden Groen,TE,2025,college_data,36.0,0,450.0,5.0,0,0,0,0,0,,0,0,0,0,0,,,,,12.5,,,
Braden Dougherty,TE,2024,college_data,13.0,0,167.0,2.0,0,0,0,0,0,,0,0,0,0,0,,,,,12.846153846153847,,,
Braden Dougherty,TE,2025,college_data,19.0,0,225.0,1.0,0,0,0,0,0,,0,0,0,0,0,,,,,11.842105263157896,,,
Braden Kramer,TE,2025,college_data,1.0,0,14.0,1.0,0,0,0,0,0,,0,0,0,0,0,,,,,14.0,,,
Bradley Sowell,TE,2018,nflreadpy,1.0,2,2.0,1.0,0,0,4,0,1,0.6716286778682843,0,0,0,0,0,0.5,0.02827380952380952,0.006247973363070523,2.0,2.0,1.0,7.2,3.6
Brady Ambrose,TE,2025,college_data,1.0,0,11.0,0.0,0,0,0,0,0,,0,0,0,0,0,,,,,11.0,,,
Brady Clough,TE,2025,college_data,1.0,0,5.0,0.0,0,0,0,0,0,,0,0,0,0,0,,,,,5.0,,,
Brady Hunt,TE,2024,college_data,2.0,0,22.0,0.0,0,0,0,0,0,,0,0,0,0,0,,,,,11.0,,,
Brady Hunt,TE,2025,college_data,21.0,0,168.0,0.0,0,0,0,0,0,,0,0,0,0,0,,,,,8.0,,,
Brady McCullough,TE,2024,college_data,5.0,0,57.0,0.0,0,0,0,0,0,,0,0,0,0,0,,,,,11.4,,,
Brady Preston,TE,2024,college_data,2.0,0,9.0,0.0,0,0,0,0,0,,0,0,0,0,0,,,,,4.5,,,
Brady Preston,TE,2025,college_data,8.0,0,92.0,4.0,0,0,0,0,0,,0,0,0,0,0,,,,,11.5,,,
Brady Roark,TE,2024,college_data,3.0,0,6.0,0.0,0,0,0,0,0,,0,0,0,0,0,,,,,2.0,,,
Brady Wagner,TE,2025,college_data,7.0,0,46.0,0.0,0,0,0,0,0,,0,0,0,0,0,,,,,6.571428571428571,,,
Braiden Staten,TE,2025,college_data,3.0,0,26.0,0.0,0,0,0,0,0,,0,0,0,0,0,,,,,8.666666666666666,,,
Brandon Dillon,TE,2020,nflreadpy,1.0,1,6.0,0.0,0,0,5,1,0,-0.37799627240747213,0,0,0,0,0,1.2,0.023255813953488372,0.01366120218579235,1.0,6.0,6.0,1.6,1.6
Brandon Frazier,TE,2024,college_data,1.0,0,16.0,0.0,0,0,0,0,0,,0,0,0,0,0,,,,,16.0,,,
Brandon Frazier,TE,2025,college_data,13.0,0,97.0,0.0,0,0,0,0,0,,0,0,0,0,0,,,,,7.461538461538462,,,
Brandon Lanier,TE,2024,college_data,28.0,0,219.0,1.0,0,0,0,0,0,,0,0,0,0,0,,,,,7.821428571428571,,,
Brandon Lanier,TE,2025,college_data,13.0,0,169.0,3.0,0,0,0,0,0,,0,0,0,0,0,,,,,13.0,,,
Brandon London,TE,2025,college_data,3.0,0,52.0,2.0,0,0,0,0,0,,0,0,0,0,0,,,,,17.333333333333332,,,
Brandon Niemenski,TE,2024,college_data,6.0,0,63.0,1.0,0,0,0,0,0,,0,0,0,0,0,,,,,10.5,,,
Brandon Serrano,TE,2024,college_data,8.0,0,41.0,1.0,0,0,0,0,0,,0,0,0,0,0,,,,,5.125,,,
Brandon Young Jr.,TE,2024,college_data,3.0,0,7.0,0.0,0,0,0,0,0,,0,0,0,0,0,,,,,2.3333333333333335,,,
Brandon Young Jr.,TE,2025,college_data,2.0,0,10.0,1.0,0,0,0,0,0,,0,0,0,0,0,,,,,5.0,,,
Brant Kuithe,TE,2024,college_data,35.0,0,505.0,6.0,0,0,0,0,0,,0,0,0,0,0,,,,,14.428571428571429,,,
Brayden Blackmon,TE,2024,college_data,8.0,0,83.0,0.0,0,0,0,0,0,,0,0,0,0,0,,,,,10.375,,,
Brayden Blackmon,TE,2025,college_data,27.0,0,213.0,2.0,0,0,0,0,0,,0,0,0,0,0,,,,,7.888888888888889,,,
Brayden Bockler,TE,2025,college_data,1.0,0,5.0,0.0,0,0,0,0,0,,0,0,0,0,0,,,,,5.0,,,
Brayden Delahoyde,TE,2025,college_data,2.0,0,29.0,2.0,0,0,0,0,0,,0,0,0,0,0,,,,,14.5,,,
Brayden Loftin,TE,2024,college_data,11.0,0,125.0,2.0,0,0,0,0,0,,0,0,0,0,0,,,,,11.363636363636363,,,
Brayden Loftin,TE,2025,college_data,6.0,0,55.0,0.0,0,0,0,0,0,,0,0,0,0,0,,,,,9.166666666666666,,,
Brayden Welch,TE,2025,college_data,2.0,0,43.0,1.0,0,0,0,0,0,,0,0,0,0,0,,,,,21.5,,,
Brec Long,TE,2025,college_data,4.0,0,20.0,0.0,0,0,0,0,0,,0,0,0,0,0,,,,,5.0,,,
Brendan Doyle,TE,2024,college_data,13.0,0,105.0,3.0,0,0,0,0,0,,0,0,0,0,0,,,,,8.076923076923077,,,
Brendan Doyle,TE,2025,college_data,1.0,0,3.0,0.0,0,0,0,0,0,,0,0,0,0,0,,,,,3.0,,,
Brenden Bates,TE,2025,nflreadpy,4.0,5,48.0,0.0,0,0,39,10,3,0.7630760231841123,0,2,2,0,0,1.1458333333333333,0.03853009491158159,0.036418805673464054,5.0,12.0,9.6,8.8,1.7600000000000002
Brennan Parachek,TE,2024,college_data,8.0,0,63.0,0.0,0,0,0,0,0,,0,0,0,0,0,,,,,7.875,,,
Brenton Strange,TE,2023,nflreadpy,5.0,9,35.0,1.0,0,0,68,28,2,-0.09238427915031151,0,2,1,0,0,0.9136363636363637,0.04334063863216337,0.042750501650365945,7.0,7.0,5.0,14.5,2.0714285714285716
Brenton Strange,TE,2024,nflreadpy,40.0,53,411.0,2.0,1,1,341,183,21,1.353372418492669,0,15,7,7,0,1.2059965407885063,0.11432826895904193,0.08434603446116704,14.0,10.275,29.357142857142858,91.1,6.507142857142857
Brenton Strange,TE,2025,nflreadpy,48.0,65,549.0,3.0,0,0,468,254,28,2.281377815304108,0,26,14,9,0,1.16356859041689,0.15693340103453465,0.1280168489659412,13.0,11.4375,42.23076923076923,120.9,9.3
Brenton Strange,TE,2026,nflreadpy,14.0,18,167.0,1.0,1,0,141,83,8,1.367892260052588,0,9,3,2,0,1.0786004056795133,0.1868242466068553,0.18314743190821858,4.0,11.928571428571429,41.75,34.7,8.675
Brett Norfleet,TE,2024,college_data,26.0,0,235.0,2.0,0,0,0,0,0,,0,0,0,0,0,,,,,9.038461538461538,,,
Brett Norfleet,TE,2025,college_data,31.0,0,254.0,5.0,0,0,0,0,0,,0,0,0,0,0,,,,,8.193548387096774,,,
Brett Seither,TE,2025,college_data,11.0,0,212.0,0.0,0,0,0,0,0,,0,0,0,0,0,,,,,19.272727272727273,,,
Brevin Jordan,TE,2021,nflreadpy,20.0,28,178.0,3.0,0,0,159,99,10,0.7233290713170761,0,7,2,2,0,1.836612785323524,0.11101143472067386,0.1115291045204989,8.0,8.9,22.25,55.8,6.975
Brevin Jordan,TE,2022,nflreadpy,14.0,28,128.0,0.0,0,0,205,78,7,-1.5212516940504626,0,5,3,2,0,1.2655182780182779,0.09312607626783871,0.08398684122398699,9.0,9.142857142857142,14.222222222222221,26.8,2.977777777777778
Brevin Jordan,TE,2023,nflreadpy,18.0,23,295.0,3.0,0,0,121,196,14,2.053507258914496,0,11,6,4,1,4.29636657277866,0.06192801394797412,0.03121293709190849,12.0,16.38888888888889,24.583333333333332,65.5,5.458333333333333
Brevin Jordan,TE,2024,nflreadpy,2.0,3,7.0,0.0,0,0,1,3,1,0.725602155784145,0,0,0,0,0,0.6666666666666666,0.04696394686907021,0.001446908486619678,2.0,3.5,3.5,2.7,1.35
Brevin Jordan,TE,2026,nflreadpy,1.0,1,13.0,0.0,0,0,8,5,1,1.2765008511487395,0,1,0,0,0,1.625,0.038461538461538464,0.02077922077922078,1.0,13.0,13.0,2.3,2.3
Brevyn Spann-Ford,TE,2024,nflreadpy,9.0,14,88.0,0.0,0,0,82,53,6,0.22200936658191495,0,4,2,0,0,1.0126262626262628,0.031129264360971676,0.02629860867095878,11.0,9.777777777777779,8.0,17.8,1.6181818181818182
Brevyn Spann-Ford,TE,2025,nflreadpy,9.0,13,90.0,1.0,0,0,107,33,4,-0.06427222738275304,0,2,2,2,0,1.1242424242424243,0.02519854899143123,0.025602123969473138,16.0,10.0,5.625,24.0,1.5
Brevyn Spann-Ford,TE,2026,nflreadpy,3.0,4,33.0,0.0,0,0,6,25,1,0.3442386637907475,0,1,1,0,0,3.9444444444444446,0.028730620155038758,0.004769527303079559,4.0,11.0,8.25,6.300000000000001,1.5750000000000002
Brian Courtney,TE,2024,college_data,1.0,0,3.0,0.0,0,0,0,0,0,,0,0,0,0,0,,,,,3.0,,,
Brian Courtney,TE,2025,college_data,28.0,0,376.0,5.0,0,0,0,0,0,,0,0,0,0,0,,,,,13.428571428571429,,,
Brian Henry,TE,2024,college_data,5.0,0,78.0,1.0,0,0,0,0,0,,0,0,0,0,0,,,,,15.6,,,
Brian Henry,TE,2025,college_data,28.0,0,325.0,4.0,0,0,0,0,0,,0,0,0,0,0,,,,,11.607142857142858,,,
Brian Parker,TE,2018,nflreadpy,5.0,10,33.0,0.0,0,0,43,29,2,-0.6947954362937404,0,2,0,0,0,2.111111111111111,0.032671563902214054,0.016072009129019956,8.0,6.6,4.125,8.3,1.0375
Brian Shane,TE,2024,college_data,1.0,0,12.0,0.0,0,0,0,0,0,,0,0,0,0,0,,,,,12.0,,,
Brian Shane,TE,2025,college_data,13.0,0,116.0,2.0,0,0,0,0,0,,0,0,0,0,0,,,,,8.923076923076923,,,
Briggs Hughston,TE,2025,college_data,7.0,0,75.0,2.0,0,0,0,0,0,,0,0,0,0,0,,,,,10.714285714285714,,,
Broc Lane,TE,2024,college_data,19.0,0,197.0,2.0,0,0,0,0,0,,0,0,0,0,0,,,,,10.368421052631579,,,
Broc Lane,TE,2025,college_data,19.0,0,218.0,2.0,0,0,0,0,0,,0,0,0,0,0,,,,,11.473684210526315,,,
Brock Bowers,TE,2024,nflreadpy,112.0,153,1194.0,5.0,0,0,923,596,61,1.5944459650314788,0,49,19,15,1,1.3838884300420684,0.25536178097860057,0.21140891970598016,17.0,10.660714285714286,70.23529411764706,261.4,15.376470588235293
Brock Bowers,TE,2025,nflreadpy,64.0,86,680.0,7.0,0,0,560,305,36,1.9456242210992223,1,24,14,8,0,1.5817277945999617,0.23378346350296575,0.2503386684176968,12.0,10.625,56.666666666666664,176.0,14.666666666666666
Brock Bowers,TE,2026,nflreadpy,16.0,24,202.0,2.0,0,0,254,41,12,6.819431459977361,0,10,7,3,0,0.8377103518612952,0.33125,0.35641989589358014,2.0,12.625,101.0,48.2,24.1
Brock Chappell,TE,2024,college_data,22.0,0,214.0,2.0,0,0,0,0,0,,0,0,0,0,0,,,,,9.727272727272727,,,
Brock Chappell,TE,2025,college_data,12.0,0,108.0,1.0,0,0,0,0,0,,0,0,0,0,0,,,,,9.0,,,
Brock Lium,TE,2025,college_data,2.0,0,10.0,0.0,0,0,0,0,0,,0,0,0,0,0,,,,,5.0,,,
Brock Schott,TE,2025,college_data,2.0,0,24.0,0.0,0,0,0,0,0,,0,0,0,0,0,,,,,12.0,,,
Brock Wright,TE,2021,nflreadpy,12.0,17,117.0,2.0,0,0,70,64,6,-0.11029670112267402,0,5,2,2,0,1.831055900621118,0.06630990642619697,0.03328812498139617,8.0,9.75,14.625,35.7,4.4625
Brock Wright,TE,2022,nflreadpy,18.0,24,216.0,4.0,0,0,72,165,13,1.2930850546130945,0,9,5,3,1,2.971688034188034,0.05650424552981959,0.023467817026066033,14.0,12.0,15.428571428571429,63.6,4.542857142857143
Brock Wright,TE,2023,nflreadpy,14.0,15,120.0,1.0,0,0,42,76,3,0.809068354868537,0,2,2,2,0,3.0286195286195285,0.0425096087954768,0.017428546052547785,11.0,8.571428571428571,10.909090909090908,32.0,2.909090909090909
Brock Wright,TE,2024,nflreadpy,13.0,16,100.0,2.0,0,0,81,75,7,0.3079575998301152,0,5,1,0,0,1.324102564102564,0.06008772301024191,0.03834596061641968,11.0,7.6923076923076925,9.090909090909092,35.0,3.1818181818181817
Brock Wright,TE,2025,nflreadpy,14.0,22,108.0,2.0,0,0,22,86,7,-0.2755750002813459,0,4,1,1,0,3.259018759018759,0.08793198462642113,0.013410218852234715,8.0,7.714285714285714,13.5,36.8,4.6
Brock Wright,TE,2026,nflreadpy,4.0,5,20.0,0.0,0,0,15,14,1,-0.04058115263857568,0,0,0,0,0,1.712962962962963,0.032343210236948375,0.012151461957902478,4.0,5.0,5.0,6.0,1.5
Brody Dalton,TE,2024,college_data,15.0,0,188.0,3.0,0,0,0,0,0,,0,0,0,0,0,,,,,12.533333333333333,,,
Brody Dalton,TE,2025,college_data,3.0,0,22.0,0.0,0,0,0,0,0,,0,0,0,0,0,,,,,7.333333333333333,,,
Brody Eaton,TE,2025,college_data,1.0,0,5.0,0.0,0,0,0,0,0,,0,0,0,0,0,,,,,5.0,,,
Brody Foley,TE,2025,college_data,36.0,0,521.0,7.0,0,0,0,0,0,,0,0,0,0,0,,,,,14.472222222222221,,,
Brody Judd,TE,2025,college_data,2.0,0,43.0,0.0,0,0,0,0,0,,0,0,0,0,0,,,,,21.5,,,
Brody Perkins,TE,2025,college_data,1.0,0,3.0,0.0,0,0,0,0,0,,0,0,0,0,0,,,,,3.0,,,
Brooks Ferguson,TE,2025,college_data,4.0,0,49.0,0.0,0,0,0,0,0,,0,0,0,0,0,,,,,12.25,,,
Brooks Johnson,TE,2025,college_data,11.0,0,87.0,1.0,0,0,0,0,0,,0,0,0,0,0,,,,,7.909090909090909,,,
Brooks Kleinpeter,TE,2025,college_data,7.0,0,70.0,1.0,0,0,0,0,0,,0,0,0,0,0,,,,,10.0,,,
Brown Norton,TE,2025,college_data,1.0,0,3.0,0.0,0,0,0,0,0,,0,0,0,0,0,,,,,3.0,,,
Bruin Fleischmann,TE,2024,college_data,5.0,0,104.0,0.0,0,0,0,0,0,,0,0,0,0,0,,,,,20.8,,,
Bruin Fleischmann,TE,2025,college_data,21.0,0,370.0,6.0,0,0,0,0,0,,0,0,0,0,0,,,,,17.61904761904762,,,
Bryce Anderson,TE,2025,college_data,12.0,0,101.0,0.0,0,0,0,0,0,,0,0,0,0,0,,,,,8.416666666666666,,,
Bryce Butler,TE,2024,college_data,1.0,0,7.0,1.0,0,0,0,0,0,,0,0,0,0,0,,,,,7.0,,,
Bryce Butler,TE,2025,college_data,8.0,0,78.0,0.0,0,0,0,0,0,,0,0,0,0,0,,,,,9.75,,,
Bryce Caufield,TE,2024,college_data,6.0,0,90.0,1.0,0,0,0,0,0,,0,0,0,0,0,,,,,15.0,,,
Bryce Caufield,TE,2025,college_data,29.0,0,219.0,1.0,0,0,0,0,0,,0,0,0,0,0,,,,,7.551724137931035,,,
Bryce Cowgill,TE,2025,college_data,3.0,0,17.0,0.0,0,0,0,0,0,,0,0,0,0,0,,,,,5.666666666666667,,,
Bryce Damous,TE,2024,college_data,19.0,0,209.0,1.0,0,0,0,0,0,,0,0,0,0,0,,,,,11.0,,,
Bryce Harrison,TE,2024,college_data,1.0,0,16.0,0.0,0,0,0,0,0,,0,0,0,0,0,,,,,16.0,,,
Bryce Kennon,TE,2024,college_data,17.0,0,173.0,1.0,0,0,0,0,0,,0,0,0,0,0,,,,,10.176470588235293,,,
Bryce Myers,TE,2024,college_data,9.0,0,90.0,1.0,0,0,0,0,0,,0,0,0,0,0,,,,,10.0,,,
Bryce Pierre,TE,2024,college_data,11.0,0,94.0,0.0,0,0,0,0,0,,0,0,0,0,0,,,,,8.545454545454545,,,
Brycen Hopkins,TE,2021,nflreadpy,5.0,5,56.0,0.0,0,0,28,28,4,3.56918564660009,0,2,2,0,0,2.44,0.06724137931034482,0.04372412008281573,2.0,11.2,28.0,10.600000000000001,5.300000000000001
Brycen Hopkins,TE,2022,nflreadpy,7.0,11,109.0,0.0,0,0,113,33,5,0.13527667613359817,0,6,4,2,0,0.7788111266538439,0.05851796713141251,0.1110594874355794,7.0,15.571428571428571,15.571428571428571,17.9,2.557142857142857
Brycen Hopkins,TE,2023,nflreadpy,5.0,7,78.0,0.0,0,0,66,32,3,0.7639378227104316,0,3,3,2,0,3.1989708404802744,0.04943337986816247,0.07347949671896607,5.0,15.6,15.6,12.8,2.56
Bryson Dickerson,TE,2024,college_data,13.0,0,157.0,1.0,0,0,0,0,0,,0,0,0,0,0,,,,,12.076923076923077,,,
Bryson Dickerson,TE,2025,college_data,19.0,0,207.0,1.0,0,0,0,0,0,,0,0,0,0,0,,,,,10.894736842105264,,,
Bryson Nesbit,TE,2024,college_data,24.0,0,264.0,3.0,0,0,0,0,0,,0,0,0,0,0,,,,,11.0,,,
Burke Carroll,TE,2024,college_data,12.0,0,91.0,0.0,0,0,0,0,0,,0,0,0,0,0,,,,,7.583333333333333,,,
Burke Carroll,TE,2025,college_data,4.0,0,43.0,0.0,0,0,0,0,0,,0,0,0,0,0,,,,,10.75,,,
C.J. Dippre,TE,2024,college_data,21.0,0,256.0,0.0,0,0,0,0,0,,0,0,0,0,0,,,,,12.19047619047619,,,
C.J. Uzomah,TE,2018,nflreadpy,43.0,64,439.0,3.0,0,0,472,195,21,1.0572419148347825,0,17,9,6,0,1.1153016455308533,0.12245000217603925,0.10620135876335932,16.0,10.209302325581396,27.4375,104.9,6.55625
C.J. Uzomah,TE,2019,nflreadpy,27.0,40,242.0,2.0,0,0,156,135,12,0.17496660383615298,0,9,4,2,0,1.253215991524815,0.08096077406391188,0.03788141669187943,14.0,8.962962962962964,17.285714285714285,63.2,4.514285714285714
C.J. Uzomah,TE,2020,nflreadpy,8.0,11,87.0,1.0,0,0,94,30,6,2.6252598135517164,0,3,2,1,0,0.9266304347826086,0.12227602905569007,0.12842051673666793,2.0,10.875,43.5,22.700000000000003,11.350000000000001
C.J. Uzomah,TE,2021,nflreadpy,64.0,81,639.0,6.0,0,0,359,380,31,1.3119729572461982,0,20,10,9,1,1.5626759588135513,0.1234332079310134,0.06858638670701225,20.0,9.984375,31.95,163.9,8.195
C.J. Uzomah,TE,2022,nflreadpy,21.0,27,232.0,2.0,0,0,196,105,10,0.9374442334665218,0,6,4,4,1,1.4577849027400749,0.06382702949427466,0.04278327998246132,14.0,11.047619047619047,16.571428571428573,56.2,4.014285714285714
C.J. Uzomah,TE,2023,nflreadpy,8.0,12,58.0,1.0,0,0,64,33,5,-0.48414814274708207,0,1,1,0,0,2.3431972789115645,0.04114835962262433,0.027219609572769397,8.0,7.25,7.25,19.8,2.475
CC Ezirim,TE,2024,college_data,1.0,0,27.0,0.0,0,0,0,0,0,,0,0,0,0,0,,,,,27.0,,,
CC Ezirim,TE,2025,college_data,2.0,0,8.0,1.0,0,0,0,0,0,,0,0,0,0,0,,,,,4.0,,,
CJ Schaeffer,TE,2025,college_data,6.0,0,92.0,2.0,0,0,0,0,0,,0,0,0,0,0,,,,,15.333333333333334,,,
Cade Beam,TE,2024,college_data,1.0,0,7.0,0.0,0,0,0,0,0,,0,0,0,0,0,,,,,7.0,,,
Cade Callahan,TE,2024,college_data,2.0,0,2.0,0.0,0,0,0,0,0,,0,0,0,0,0,,,,,1.0,,,
Cade Callahan,TE,2025,college_data,19.0,0,279.0,3.0,0,0,0,0,0,,0,0,0,0,0,,,,,14.68421052631579,,,
Cade Collier,TE,2024,college_data,17.0,0,155.0,2.0,0,0,0,0,0,,0,0,0,0,0,,,,,9.117647058823529,,,
Cade Collier,TE,2025,college_data,16.0,0,173.0,2.0,0,0,0,0,0,,0,0,0,0,0,,,,,10.8125,,,
Cade Conley,TE,2025,college_data,8.0,0,55.0,1.0,0,0,0,0,0,,0,0,0,0,0,,,,,6.875,,,
Cade Cox,TE,2025,college_data,10.0,0,62.0,0.0,0,0,0,0,0,,0,0,0,0,0,,,,,6.2,,,
Cade Keith,TE,2025,college_data,20.0,0,253.0,3.0,0,0,0,0,0,,0,0,0,0,0,,,,,12.65,,,
Cade Otton,TE,2022,nflreadpy,46.0,72,449.0,2.0,0,0,431,216,23,0.4884374131096802,0,21,8,4,0,1.3687120705370535,0.090508192877086,0.08312026745858173,17.0,9.76086956521739,26.41176470588235,102.9,6.052941176470589
Cade Otton,TE,2023,nflreadpy,60.0,86,609.0,5.0,0,0,573,302,32,0.9940981590205306,1,22,10,8,0,1.4246787323131673,0.13552375127055047,0.10236103398053138,19.0,10.15,32.05263157894737,152.9,8.047368421052632
Cade Otton,TE,2024,nflreadpy,61.0,89,632.0,4.0,2,1,484,330,33,1.0031272784990597,0,24,10,8,1,1.6202428648219465,0.17992253298775424,0.148947640745743,15.0,10.360655737704919,42.13333333333333,144.2,9.613333333333333
Cade Otton,TE,2025,nflreadpy,59.0,81,572.0,1.0,0,0,419,309,25,0.2053550386801858,0,23,11,7,0,1.3894699553075511,0.17393131574974047,0.11607617527769727,15.0,9.694915254237289,38.13333333333333,122.2,8.146666666666667
Cade Otton,TE,2026,nflreadpy,15.0,23,157.0,0.0,1,0,161,121,9,0.7681466831280399,0,7,1,1,0,1.0459182208759008,0.1923002923002923,0.17225668571389618,4.0,10.466666666666667,39.25,28.700000000000003,7.175000000000001
Cade Stover,TE,2024,nflreadpy,19.0,26,161.0,1.0,0,0,127,113,6,0.3757994346254106,0,8,3,1,0,1.2785487528344672,0.05498652271546647,0.030801521198216893,15.0,8.473684210526315,10.733333333333333,41.1,2.74
Cade Stover,TE,2025,nflreadpy,15.0,21,91.0,0.0,0,0,45,63,4,0.11176664835511474,0,2,0,0,0,4.446527777777778,0.08578648339677751,0.02128728182178659,8.0,6.066666666666666,11.375,24.1,3.0125
Cade Stover,TE,2026,nflreadpy,2.0,2,18.0,0.0,0,0,-1,19,1,0.1750253751524724,0,1,1,1,0,10.0,0.032744282744282746,-0.0018068887634105023,2.0,9.0,9.0,3.8,1.9
Caden Allard,TE,2025,college_data,1.0,0,6.0,0.0,0,0,0,0,0,,0,0,0,0,0,,,,,6.0,,,
Caden Frey,TE,2025,college_data,4.0,0,22.0,0.0,0,0,0,0,0,,0,0,0,0,0,,,,,5.5,,,
Caden Jensen,TE,2024,college_data,19.0,0,138.0,2.0,0,0,0,0,0,,0,0,0,0,0,,,,,7.2631578947368425,,,
Caden Jensen,TE,2025,college_data,29.0,0,231.0,1.0,0,0,0,0,0,,0,0,0,0,0,,,,,7.9655172413793105,,,
Caden Jumper,TE,2024,college_data,6.0,0,35.0,1.0,0,0,0,0,0,,0,0,0,0,0,,,,,5.833333333333333,,,
Caden Prieskorn,TE,2024,college_data,27.0,0,401.0,3.0,0,0,0,0,0,,0,0,0,0,0,,,,,14.851851851851851,,,
Caden Rose,TE,2025,college_data,1.0,0,5.0,0.0,0,0,0,0,0,,0,0,0,0,0,,,,,5.0,,,
Cadin Olsen,TE,2025,college_data,3.0,0,29.0,1.0,0,0,0,0,0,,0,0,0,0,0,,,,,9.666666666666666,,,
Cael Vanderbush,TE,2025,college_data,1.0,0,1.0,0.0,0,0,0,0,0,,0,0,0,0,0,,,,,1.0,,,
Caeleb Schlachter,TE,2024,college_data,6.0,0,61.0,1.0,0,0,0,0,0,,0,0,0,0,0,,,,,10.166666666666666,,,
Caeleb Schlachter,TE,2025,college_data,6.0,0,34.0,0.0,0,0,0,0,0,,0,0,0,0,0,,,,,5.666666666666667,,,
Cal Redman,TE,2024,college_data,32.0,0,393.0,4.0,0,0,0,0,0,,0,0,0,0,0,,,,,12.28125,,,
Caleb Anderson,TE,2024,college_data,6.0,0,58.0,1.0,0,0,0,0,0,,0,0,0,0,0,,,,,9.666666666666666,,,
Caleb Fauria,TE,2024,college_data,12.0,0,134.0,1.0,0,0,0,0,0,,0,0,0,0,0,,,,,11.166666666666666,,,
Caleb Lohner,TE,2024,college_data,4.0,0,54.0,4.0,0,0,0,0,0,,0,0,0,0,0,,,,,13.5,,,
Caleb Odom,TE,2024,college_data,7.0,0,65.0,0.0,0,0,0,0,0,,0,0,0,0,0,,,,,9.285714285714286,,,
Caleb Odom,TE,2025,college_data,19.0,0,197.0,2.0,0,0,0,0,0,,0,0,0,0,0,,,,,10.368421052631579,,,
Caleb Ryan,TE,2025,college_data,4.0,0,87.0,0.0,0,0,0,0,0,,0,0,0,0,0,,,,,21.75,,,
Cam Grandy,TE,2024,nflreadpy,5.0,5,28.0,0.0,0,0,12,16,1,0.6946857912407722,0,0,0,0,0,2.833333333333333,0.029452167340366098,0.013331163323462321,4.0,5.6,7.0,7.800000000000001,1.9500000000000002
Cam Grandy,TE,2025,nflreadpy,2.0,2,7.0,0.0,1,0,-6,13,0,-0.17581050121225417,0,0,0,0,0,0.0,0.03535980148883375,-0.018504626156539136,2.0,3.5,3.5,0.7000000000000002,0.3500000000000001
Cam McCormick,TE,2024,college_data,6.0,0,42.0,3.0,0,0,0,0,0,,0,0,0,0,0,,,,,7.0,,,
Camden Etheredge,TE,2025,college_data,1.0,0,14.0,0.0,0,0,0,0,0,,0,0,0,0,0,,,,,14.0,,,
Camden Lewis,TE,2025,college_data,8.0,0,46.0,1.0,0,0,0,0,0,,0,0,0,0,0,,,,,5.75,,,
Camden Overton,TE,2024,college_data,42.0,0,453.0,1.0,0,0,0,0,0,,0,0,0,0,0,,,,,10.785714285714286,,,
Camden Overton,TE,2025,college_data,15.0,0,132.0,2.0,0,0,0,0,0,,0,0,0,0,0,,,,,8.8,,,
Cameron Ball,TE,2025,college_data,2.0,0,12.0,0.0,0,0,0,0,0,,0,0,0,0,0,,,,,6.0,,,
Cameron Barmore,TE,2024,college_data,69.0,0,947.0,12.0,0,0,0,0,0,,0,0,0,0,0,,,,,13.72463768115942,,,
Cameron Barmore,TE,2025,college_data,19.0,0,189.0,2.0,0,0,0,0,0,,0,0,0,0,0,,,,,9.947368421052632,,,
Cameron Brate,TE,2018,nflreadpy,30.0,49,289.0,6.0,1,1,405,51,18,0.3287863628535398,0,13,5,2,0,0.7252719801106898,0.08727739126647985,0.07036209178873216,15.0,9.633333333333333,19.266666666666666,92.9,6.193333333333333
Cameron Brate,TE,2019,nflreadpy,36.0,55,311.0,4.0,0,0,385,90,21,0.28230950682244643,0,14,2,1,0,0.927099472378897,0.09861413388278463,0.061121923437949165,14.0,8.63888888888889,22.214285714285715,91.1,6.507142857142857
Cameron Brate,TE,2020,nflreadpy,42.0,53,457.0,3.0,1,0,464,131,26,2.002601668654853,0,20,10,4,0,1.6642577981609221,0.08325900712904935,0.07195046599257608,17.0,10.880952380952381,26.88235294117647,103.7,6.1000000000000005
Cameron Brate,TE,2021,nflreadpy,34.0,63,283.0,4.0,0,0,468,107,17,-0.2355821390260583,0,11,4,0,0,1.0304932779451035,0.08466805689637898,0.07889790264051405,18.0,8.323529411764707,15.722222222222221,86.3,4.794444444444444
Cameron Brate,TE,2022,nflreadpy,21.0,41,182.0,1.0,0,0,287,66,9,-1.1176392037110958,0,6,2,1,0,0.5256554158933158,0.09913168623988962,0.09127664302359903,10.0,8.666666666666666,18.2,45.2,4.5200000000000005
Cameron Harpole,TE,2024,college_data,1.0,0,17.0,0.0,0,0,0,0,0,,0,0,0,0,0,,,,,17.0,,,
Cameron Harpole,TE,2025,college_data,13.0,0,96.0,1.0,0,0,0,0,0,,0,0,0,0,0,,,,,7.384615384615385,,,
Cameron Heald,TE,2024,college_data,5.0,0,27.0,0.0,0,0,0,0,0,,0,0,0,0,0,,,,,5.4,,,
Cameron Heald,TE,2025,college_data,23.0,0,148.0,1.0,0,0,0,0,0,,0,0,0,0,0,,,,,6.434782608695652,,,
Cameron Hite,TE,2024,college_data,12.0,0,74.0,0.0,0,0,0,0,0,,0,0,0,0,0,,,,,6.166666666666667,,,
Cane Berrong,TE,2024,college_data,12.0,0,145.0,1.0,0,0,0,0,0,,0,0,0,0,0,,,,,12.083333333333334,,,
Carlos Anaya,TE,2024,college_data,7.0,0,82.0,0.0,0,0,0,0,0,,0,0,0,0,0,,,,,11.714285714285714,,,
Carsen Ryan,TE,2024,college_data,10.0,0,113.0,1.0,0,0,0,0,0,,0,0,0,0,0,,,,,11.3,,,
Carsen Ryan,TE,2025,college_data,45.0,0,620.0,3.0,0,0,0,0,0,,0,0,0,0,0,,,,,13.777777777777779,,,
Carson Bruhn,TE,2025,college_data,5.0,0,55.0,0.0,0,0,0,0,0,,0,0,0,0,0,,,,,11.0,,,
Carson Goda,TE,2024,college_data,4.0,0,49.0,1.0,0,0,0,0,0,,0,0,0,0,0,,,,,12.25,,,
Carson Jacoby,TE,2024,college_data,1.0,0,43.0,0.0,0,0,0,0,0,,0,0,0,0,0,,,,,43.0,,,
Carson Jacoby,TE,2025,college_data,1.0,0,6.0,0.0,0,0,0,0,0,,0,0,0,0,0,,,,,6.0,,,
Carson Kent,TE,2024,college_data,18.0,0,217.0,3.0,0,0,0,0,0,,0,0,0,0,0,,,,,12.055555555555555,,,
Carson Kent,TE,2025,college_data,3.0,0,26.0,0.0,0,0,0,0,0,,0,0,0,0,0,,,,,8.666666666666666,,,
Carson Labensky,TE,2025,college_data,5.0,0,43.0,0.0,0,0,0,0,0,,0,0,0,0,0,,,,,8.6,,,
Carson Tabaracci,TE,2025,college_data,3.0,0,32.0,1.0,0,0,0,0,0,,0,0,0,0,0,,,,,10.666666666666666,,,
Carson Williams,TE,2024,college_data,2.0,0,11.0,0.0,0,0,0,0,0,,0,0,0,0,0,,,,,5.5,,,
Carson Williams,TE,2025,college_data,8.0,0,96.0,0.0,0,0,0,0,0,,0,0,0,0,0,,,,,12.0,,,
Carter Moses,TE,2024,college_data,15.0,0,109.0,1.0,0,0,0,0,0,,0,0,0,0,0,,,,,7.266666666666667,,,
Carter Moses,TE,2025,college_data,26.0,0,321.0,2.0,0,0,0,0,0,,0,0,0,0,0,,,,,12.346153846153847,,,
Carter Nelson,TE,2024,college_data,10.0,0,86.0,1.0,0,0,0,0,0,,0,0,0,0,0,,,,,8.6,,,
Carter Nelson,TE,2025,college_data,2.0,0,11.0,0.0,0,0,0,0,0,,0,0,0,0,0,,,,,5.5,,,
Carter Neuman,TE,2024,college_data,3.0,0,34.0,1.0,0,0,0,0,0,,0,0,0,0,0,,,,,11.333333333333334,,,
Carter Neuman,TE,2025,college_data,5.0,0,48.0,0.0,0,0,0,0,0,,0,0,0,0,0,,,,,9.6,,,
Carter Runyon,TE,2025,nflreadpy,1.0,1,3.0,0.0,0,0,-3,6,0,-0.22386213392019272,0,0,0,0,0,0.0,0.0196078431372549,-0.0196078431372549,3.0,3.0,1.0,1.3,0.43333333333333335
Casey Kelly,TE,2024,college_data,15.0,0,122.0,1.0,0,0,0,0,0,,0,0,0,0,0,,,,,8.133333333333333,,,
Casey O'Sullivan,TE,2025,college_data,4.0,0,17.0,0.0,0,0,0,0,0,,0,0,0,0,0,,,,,4.25,,,
Cash Cheeks,TE,2024,college_data,15.0,0,155.0,0.0,0,0,0,0,0,,0,0,0,0,0,,,,,10.333333333333334,,,
Cedric Seabrough,TE,2024,college_data,15.0,0,121.0,4.0,0,0,0,0,0,,0,0,0,0,0,,,,,8.066666666666666,,,
Cethan Carter,TE,2019,nflreadpy,2.0,3,13.0,1.0,0,0,8,5,2,1.1693408310238738,0,0,0,0,0,1.625,0.015143222039773764,0.004553215708594195,7.0,6.5,1.8571428571428572,9.3,1.3285714285714287
Cethan Carter,TE,2020,nflreadpy,5.0,7,53.0,0.0,0,0,54,10,3,0.272503498243168,0,2,2,2,0,0.6784750337381916,0.018740803356187972,0.01983253699055705,13.0,10.6,4.076923076923077,10.3,0.7923076923076924
Cethan Carter,TE,2021,nflreadpy,2.0,2,16.0,0.0,0,0,8,8,0,0.4363350613275543,0,0,0,0,0,4.571428571428571,0.005635764944275583,0.004447051585195194,8.0,8.0,2.0,3.6,0.45
Chamon Metayer,TE,2024,college_data,32.0,0,306.0,5.0,0,0,0,0,0,,0,0,0,0,0,,,,,9.5625,,,
Chamon Metayer,TE,2025,college_data,38.0,0,375.0,4.0,0,0,0,0,0,,0,0,0,0,0,,,,,9.868421052631579,,,
Chance Bogan,TE,2025,college_data,13.0,0,107.0,0.0,0,0,0,0,0,,0,0,0,0,0,,,,,8.23076923076923,,,
Charles Clay,TE,2018,nflreadpy,21.0,36,184.0,0.0,1,1,290,71,11,-1.3927556128473952,0,8,3,2,0,0.580729478290454,0.10728960211880958,0.08337521011896278,11.0,8.761904761904763,16.727272727272727,37.400000000000006,3.4000000000000004
Charles Clay,TE,2019,nflreadpy,18.0,24,237.0,1.0,0,0,152,95,12,0.7081812619081298,0,8,7,4,1,1.1601273236567353,0.0535319534500172,0.04176018341698289,15.0,13.166666666666666,15.8,47.7,3.18
Charles Garrison,TE,2024,college_data,15.0,0,204.0,0.0,0,0,0,0,0,,0,0,0,0,0,,,,,13.6,,,
Charles Garrison,TE,2025,college_data,27.0,0,329.0,2.0,0,0,0,0,0,,0,0,0,0,0,,,,,12.185185185185185,,,
Charles Jones,TE,2019,nflreadpy,1.0,1,5.0,0.0,0,0,3,2,0,-0.6341140447184443,0,0,0,0,0,1.6666666666666667,0.01282051282051282,0.00646551724137931,2.0,5.0,2.5,1.5,0.75
Charles Kaludis,TE,2025,college_data,1.0,0,2.0,0.0,0,0,0,0,0,,0,0,0,0,0,,,,,2.0,,,
Charlie Browder,TE,2025,college_data,17.0,0,254.0,2.0,0,0,0,0,0,,0,0,0,0,0,,,,,14.941176470588236,,,
Charlie Gordinier,TE,2024,college_data,1.0,0,6.0,0.0,0,0,0,0,0,,0,0,0,0,0,,,,,6.0,,,
Charlie Kolar,TE,2022,nflreadpy,4.0,6,49.0,0.0,0,0,49,20,3,2.571820084481448,0,3,0,0,0,1.0,0.14285714285714285,0.14040114613180515,1.0,12.25,49.0,8.9,8.9
Charlie Kolar,TE,2023,nflreadpy,8.0,10,91.0,1.0,0,0,92,17,5,1.0810331264469173,0,5,2,0,0,1.1323260073260073,0.04109070809838074,0.053152795474779656,10.0,11.375,9.1,23.1,2.31
Charlie Kolar,TE,2024,nflreadpy,9.0,11,131.0,1.0,0,0,66,76,4,1.1696472886791784,0,3,2,2,1,5.696103896103897,0.03455605992486402,0.02157704071830467,11.0,14.555555555555555,11.909090909090908,28.1,2.5545454545454547
Charlie Kolar,TE,2025,nflreadpy,10.0,15,142.0,2.0,0,0,106,52,9,0.46859711304105905,0,8,5,2,0,0.8777989983872335,0.04583606610780523,0.03718901789043602,13.0,14.2,10.923076923076923,36.2,2.784615384615385
Charlie Kolar,TE,2026,nflreadpy,3.0,3,21.0,0.0,0,0,11,10,1,1.2624482044484466,0,0,0,0,0,1.9090909090909092,0.057692307692307696,0.020446096654275093,2.0,7.0,10.5,5.1,2.55
Charlie Kreinbucher,TE,2024,college_data,21.0,0,162.0,1.0,0,0,0,0,0,,0,0,0,0,0,,,,,7.714285714285714,,,
Charlie Kreinbucher,TE,2025,college_data,6.0,0,59.0,1.0,0,0,0,0,0,,0,0,0,0,0,,,,,9.833333333333334,,,
Charlie Skehan,TE,2024,college_data,1.0,0,18.0,0.0,0,0,0,0,0,,0,0,0,0,0,,,,,18.0,,,
Charlie White,TE,2025,college_data,6.0,0,52.0,1.0,0,0,0,0,0,,0,0,0,0,0,,,,,8.666666666666666,,,
Charlie Woerner,TE,2020,nflreadpy,3.0,4,36.0,0.0,0,0,10,25,2,0.21142913980293088,0,2,1,0,0,1.7083333333333333,0.025645188145188146,0.009190127838252347,4.0,12.0,9.0,6.6,1.65
Charlie Woerner,TE,2021,nflreadpy,5.0,7,52.0,0.0,0,0,52,9,3,0.4299392967252061,0,2,1,1,0,1.119047619047619,0.030875503097725316,0.024102925566409687,9.0,10.4,5.777777777777778,10.2,1.1333333333333333
Charlie Woerner,TE,2023,nflreadpy,3.0,3,32.0,0.0,0,0,12,20,1,0.5357941407322263,0,1,1,1,0,2.106060606060606,0.00919753086419753,0.00392856515366003,12.0,10.666666666666666,2.6666666666666665,6.2,0.5166666666666667
Charlie Woerner,TE,2024,nflreadpy,7.0,12,46.0,0.0,0,0,35,21,3,-0.713424725967343,0,2,0,0,0,1.0895833333333333,0.041336263039638325,0.0168207441568791,12.0,6.571428571428571,3.8333333333333335,11.600000000000001,0.9666666666666668
Charlie Woerner,TE,2025,nflreadpy,8.0,9,48.0,0.0,0,0,12,35,2,-0.033700991295821346,0,2,1,0,0,1.9666666666666668,0.04576575345585389,0.005918232144744111,7.0,6.0,6.857142857142857,12.8,1.8285714285714287
Chase Curtis,TE,2024,college_data,7.0,0,77.0,1.0,0,0,0,0,0,,0,0,0,0,0,,,,,11.0,,,
Chase Curtis,TE,2025,college_data,13.0,0,167.0,2.0,0,0,0,0,0,,0,0,0,0,0,,,,,12.846153846153847,,,
Chase Loftin,TE,2025,college_data,1.0,0,6.0,0.0,0,0,0,0,0,,0,0,0,0,0,,,,,6.0,,,
Chase Schutty,TE,2025,college_data,12.0,0,87.0,1.0,0,0,0,0,0,,0,0,0,0,0,,,,,7.25,,,
Chase Stafford,TE,2024,college_data,13.0,0,144.0,2.0,0,0,0,0,0,,0,0,0,0,0,,,,,11.076923076923077,,,
Chauncey Sneed,TE,2025,college_data,5.0,0,39.0,0.0,0,0,0,0,0,,0,0,0,0,0,,,,,7.8,,,
Chaz Middleton,TE,2024,college_data,7.0,0,64.0,2.0,0,0,0,0,0,,0,0,0,0,0,,,,,9.142857142857142,,,
Chaz Middleton,TE,2025,college_data,22.0,0,370.0,5.0,0,0,0,0,0,,0,0,0,0,0,,,,,16.818181818181817,,,
Chico Holt,TE,2025,college_data,1.0,0,36.0,0.0,0,0,0,0,0,,0,0,0,0,0,,,,,36.0,,,
Chidubem Lebechi,TE,2025,college_data,1.0,0,6.0,1.0,0,0,0,0,0,,0,0,0,0,0,,,,,6.0,,,
Chig Okonkwo,TE,2022,nflreadpy,32.0,46,450.0,3.0,0,0,353,252,22,1.5891062799078923,1,21,9,7,3,1.2285158531519114,0.12060405546023699,0.12327466196833686,16.0,14.0625,28.125,97.0,6.0625
Chig Okonkwo,TE,2023,nflreadpy,54.0,77,528.0,1.0,0,0,525,260,25,0.45617892336731053,0,25,8,6,0,0.978067080003157,0.16178695112951166,0.12877356055911895,17.0,9.777777777777779,31.058823529411764,112.80000000000001,6.635294117647059
Chig Okonkwo,TE,2024,nflreadpy,52.0,70,479.0,2.0,1,1,415,249,19,-0.45845679918956234,1,15,7,4,1,2.6928565445599038,0.14104935279637257,0.11029134414799709,16.0,9.211538461538462,29.9375,111.9,6.99375
Chig Okonkwo,TE,2025,nflreadpy,56.0,79,560.0,2.0,0,0,366,342,24,0.7453590625124991,0,24,13,6,1,3.335789037703338,0.14978941269431215,0.08703081027512587,17.0,10.0,32.94117647058823,124.0,7.294117647058823
Chig Okonkwo,TE,2026,nflreadpy,4.0,7,21.0,0.0,0,0,60,2,1,-0.7298764614970423,0,1,0,0,0,0.32417582417582413,0.10727969348659003,0.08693792439715553,2.0,5.25,10.5,6.1,3.05
Chris Corbo,TE,2024,college_data,30.0,0,288.0,7.0,0,0,0,0,0,,0,0,0,0,0,,,,,9.6,,,
Chris Corbo,TE,2025,college_data,45.0,0,516.0,4.0,0,0,0,0,0,,0,0,0,0,0,,,,,11.466666666666667,,,
Chris Herndon,TE,2018,nflreadpy,39.0,56,502.0,4.0,1,0,596,177,25,0.9961893701693043,0,24,15,9,0,1.012583185867422,0.11731459603692504,0.13874448934220027,14.0,12.871794871794872,35.857142857142854,111.2,7.942857142857143
Chris Herndon,TE,2019,nflreadpy,1.0,2,7.0,0.0,0,0,12,5,0,-1.4842536669663584,0,0,0,0,0,0.5833333333333334,0.07407407407407407,0.047058823529411764,1.0,7.0,7.0,1.7000000000000002,1.7000000000000002
Chris Herndon,TE,2020,nflreadpy,31.0,45,287.0,3.0,2,2,308,128,17,0.06974483541648899,0,11,4,3,0,0.86967042805803,0.1234793994176095,0.11058018096979734,12.0,9.258064516129032,23.916666666666668,73.7,6.141666666666667
Chris Herndon,TE,2021,nflreadpy,4.0,7,40.0,1.0,0,0,29,31,4,0.38046679728431626,0,2,1,0,0,0.6511111111111111,0.030746560945600066,0.015416206923586117,6.0,10.0,6.666666666666667,14.0,2.3333333333333335
Chris Manhertz,TE,2018,nflreadpy,2.0,5,52.0,1.0,0,0,33,45,1,-0.5525395828105198,0,1,1,1,1,1.857142857142857,0.02250033284516043,0.03060869737966108,7.0,26.0,7.428571428571429,13.2,1.8857142857142857
Chris Manhertz,TE,2019,nflreadpy,1.0,1,11.0,0.0,0,0,2,9,1,0.7883252360625193,0,1,0,0,0,5.5,0.008333333333333333,0.001792114695340502,3.0,11.0,3.6666666666666665,2.1,0.7000000000000001
Chris Manhertz,TE,2020,nflreadpy,6.0,8,52.0,0.0,0,0,32,33,1,-0.10040282613564548,0,2,1,0,0,2.0507111935683366,0.03636379765581447,0.01801562590344964,7.0,8.666666666666666,7.428571428571429,11.2,1.5999999999999999
Chris Manhertz,TE,2021,nflreadpy,6.0,9,71.0,1.0,0,0,68,26,4,0.3941888753179228,0,4,1,1,0,1.4215277777777777,0.02728144168388071,0.020752969353969926,10.0,11.833333333333334,7.1,19.1,1.9100000000000001
Chris Manhertz,TE,2022,nflreadpy,6.0,8,42.0,0.0,0,0,21,35,2,-0.11549602910721053,0,2,1,1,0,4.0625,0.02752501815470331,0.007707469966915358,9.0,7.0,4.666666666666667,10.2,1.1333333333333333
Chris Manhertz,TE,2023,nflreadpy,2.0,4,16.0,0.0,0,0,12,10,1,0.012774391027051024,0,1,0,0,0,1.3333333333333335,0.020882374330650193,0.003514848406642082,7.0,8.0,2.2857142857142856,3.6,0.5142857142857143
Chris Manhertz,TE,2024,nflreadpy,3.0,4,30.0,1.0,0,0,15,19,2,0.6374368694087025,0,2,1,0,0,2.678571428571429,0.018332174582174583,0.010039101498051036,8.0,10.0,3.75,12.0,1.5
Chris Manhertz,TE,2025,nflreadpy,1.0,2,7.0,0.0,0,0,11,6,0,-0.1902606921212282,0,0,0,0,0,3.5,0.01614583333333333,0.014467238211879976,4.0,7.0,1.75,1.7000000000000002,0.42500000000000004
Chris Myarick,TE,2021,nflreadpy,3.0,6,17.0,1.0,0,0,13,8,2,-1.0846021640172694,0,1,0,0,0,0.9555555555555556,0.043546199194791683,0.016429039683943342,4.0,5.666666666666667,4.25,10.7,2.675
Chris Myarick,TE,2022,nflreadpy,7.0,8,65.0,1.0,0,0,23,38,5,1.0346678442022363,0,4,1,1,0,1.6500000000000001,0.03118604558705488,0.0076123255382401405,10.0,9.285714285714286,6.5,19.5,1.95
Chris Vickerson,TE,2025,college_data,2.0,0,42.0,1.0,0,0,0,0,0,,0,0,0,0,0,,,,,21.0,,,
Christian Abney,TE,2024,college_data,5.0,0,50.0,1.0,0,0,0,0,0,,0,0,0,0,0,,,,,10.0,,,
Christian Abney,TE,2025,college_data,1.0,0,12.0,0.0,0,0,0,0,0,,0,0,0,0,0,,,,,12.0,,,
Christian Bentancur,TE,2024,college_data,1.0,0,7.0,0.0,0,0,0,0,0,,0,0,0,0,0,,,,,7.0,,,
Christian Bentancur,TE,2025,college_data,20.0,0,215.0,3.0,0,0,0,0,0,,0,0,0,0,0,,,,,10.75,,,
Christian Berry,TE,2024,college_data,4.0,0,41.0,1.0,0,0,0,0,0,,0,0,0,0,0,,,,,10.25,,,
Christian Berry,TE,2025,college_data,6.0,0,93.0,0.0,0,0,0,0,0,,0,0,0,0,0,,,,,15.5,,,
Christian Burkhalter,TE,2025,college_data,1.0,0,7.0,0.0,0,0,0,0,0,,0,0,0,0,0,,,,,7.0,,,
Christian Earls,TE,2025,college_data,1.0,0,7.0,0.0,0,0,0,0,0,,0,0,0,0,0,,,,,7.0,,,
Christian Greenlaw,TE,2024,college_data,7.0,0,86.0,1.0,0,0,0,0,0,,0,0,0,0,0,,,,,12.285714285714286,,,
Christian Greenlaw,TE,2025,college_data,7.0,0,36.0,0.0,0,0,0,0,0,,0,0,0,0,0,,,,,5.142857142857143,,,
Christian Moore,TE,2024,college_data,2.0,0,28.0,0.0,0,0,0,0,0,,0,0,0,0,0,,,,,14.0,,,
Christian Moore,TE,2025,college_data,2.0,0,8.0,0.0,0,0,0,0,0,,0,0,0,0,0,,,,,4.0,,,
Christian Pedersen,TE,2024,college_data,9.0,0,91.0,1.0,0,0,0,0,0,,0,0,0,0,0,,,,,10.11111111111111,,,
Christian Pedersen,TE,2025,college_data,11.0,0,91.0,0.0,0,0,0,0,0,,0,0,0,0,0,,,,,8.272727272727273,,,
Christian Ross,TE,2025,college_data,18.0,0,174.0,1.0,0,0,0,0,0,,0,0,0,0,0,,,,,9.666666666666666,,,
Christopher Harris,TE,2025,college_data,3.0,0,23.0,0.0,0,0,0,0,0,,0,0,0,0,0,,,,,7.666666666666667,,,
Christopher Toudle,TE,2024,college_data,8.0,0,91.0,1.0,0,0,0,0,0,,0,0,0,0,0,,,,,11.375,,,
Chuck Volans,TE,2025,college_data,1.0,0,-1.0,0.0,0,0,0,0,0,,0,0,0,0,0,,,,,-1.0,,,
Clive Walford,TE,2019,nflreadpy,4.0,8,57.0,0.0,0,0,80,27,4,0.6204774306097534,0,3,1,0,0,0.9111842105263158,0.03212011963805364,0.036904663774775984,6.0,14.25,9.5,9.7,1.6166666666666665
Codey McElroy,TE,2019,nflreadpy,1.0,1,30.0,0.0,0,0,30,0,1,2.623304625711171,0,1,1,1,0,1.0,0.02127659574468085,0.048154093097913325,1.0,30.0,30.0,4.0,4.0
Cody Hardy,TE,2024,college_data,6.0,0,36.0,1.0,0,0,0,0,0,,0,0,0,0,0,,,,,6.0,,,
Cody Hardy,TE,2025,college_data,5.0,0,74.0,2.0,0,0,0,0,0,,0,0,0,0,0,,,,,14.8,,,
Cody Howard,TE,2024,college_data,4.0,0,60.0,1.0,0,0,0,0,0,,0,0,0,0,0,,,,,15.0,,,
Cody Howard,TE,2025,college_data,4.0,0,128.0,1.0,0,0,0,0,0,,0,0,0,0,0,,,,,32.0,,,
Cody Ruff,TE,2024,college_data,17.0,0,232.0,2.0,0,0,0,0,0,,0,0,0,0,0,,,,,13.647058823529411,,,
Cody Ruff,TE,2025,college_data,7.0,0,80.0,2.0,0,0,0,0,0,,0,0,0,0,0,,,,,11.428571428571429,,,
Colbey Lamberth,TE,2025,college_data,1.0,0,14.0,0.0,0,0,0,0,0,,0,0,0,0,0,,,,,14.0,,,
Colby Parkinson,TE,2020,nflreadpy,2.0,2,16.0,0.0,0,0,11,5,2,2.4208252727403305,0,1,0,0,0,1.4545454545454546,0.0625,0.048458149779735685,1.0,8.0,16.0,3.6,3.6
Colby Parkinson,TE,2021,nflreadpy,5.0,8,33.0,0.0,0,0,47,20,2,0.19308133244048803,0,2,0,0,0,1.192,0.058127187627187625,0.03548926526133435,5.0,6.6,6.6,8.3,1.6600000000000001
Colby Parkinson,TE,2022,nflreadpy,28.0,40,336.0,2.0,0,0,313,155,14,0.48928343720229656,0,13,6,5,0,1.8247344382922475,0.08384444343259496,0.08032384805902727,15.0,12.0,22.4,73.6,4.906666666666666
Colby Parkinson,TE,2023,nflreadpy,25.0,34,247.0,2.0,0,0,218,86,11,0.598652171353615,0,8,7,5,0,1.2461505212306128,0.07254061209168736,0.06548869075172269,15.0,9.88,16.466666666666665,61.7,4.113333333333333
Colby Parkinson,TE,2024,nflreadpy,34.0,53,316.0,2.0,0,0,277,168,16,0.32604511275194303,0,11,3,2,0,1.634836651562134,0.09312978914676712,0.06080592508381361,18.0,9.294117647058824,17.555555555555557,77.6,4.311111111111111
Colby Parkinson,TE,2025,nflreadpy,51.0,70,560.0,9.0,2,1,358,368,31,1.233121419569246,0,24,12,6,1,2.3476474760646417,0.1175942064430827,0.05172557965432764,17.0,10.980392156862745,32.94117647058823,157.0,9.235294117647058
Colby Parkinson,TE,2026,nflreadpy,3.0,5,21.0,0.0,0,0,9,22,1,0.21306144506282484,0,0,0,0,0,0.2222222222222222,0.05371630133534896,0.01070819438833885,3.0,7.0,7.0,5.1,1.7
Colby Ramshaw,TE,2024,college_data,14.0,0,123.0,3.0,0,0,0,0,0,,0,0,0,0,0,,,,,8.785714285714286,,,
Colby Ramshaw,TE,2025,college_data,3.0,0,37.0,0.0,0,0,0,0,0,,0,0,0,0,0,,,,,12.333333333333334,,,
Cole Bunicci,TE,2024,college_data,14.0,0,259.0,2.0,0,0,0,0,0,,0,0,0,0,0,,,,,18.5,,,
Cole Bunicci,TE,2025,college_data,27.0,0,315.0,1.0,0,0,0,0,0,,0,0,0,0,0,,,,,11.666666666666666,,,
Cole Clarke,TE,2024,college_data,6.0,0,77.0,2.0,0,0,0,0,0,,0,0,0,0,0,,,,,12.833333333333334,,,
Cole Clarke,TE,2025,college_data,22.0,0,181.0,2.0,0,0,0,0,0,,0,0,0,0,0,,,,,8.227272727272727,,,
Cole Fotheringham,TE,2023,nflreadpy,1.0,1,6.0,0.0,0,0,1,5,0,0.21242226101458073,0,0,0,0,0,6.0,0.05263157894736842,0.006369426751592357,1.0,6.0,6.0,1.6,1.6
Cole Grossman,TE,2024,college_data,4.0,0,24.0,0.0,0,0,0,0,0,,0,0,0,0,0,,,,,6.0,,,
Cole Harrison,TE,2025,college_data,1.0,0,17.0,0.0,0,0,0,0,0,,0,0,0,0,0,,,,,17.0,,,
Cole Hoskyns,TE,2024,college_data,5.0,0,15.0,0.0,0,0,0,0,0,,0,0,0,0,0,,,,,3.0,,,
Cole Keller,TE,2025,college_data,22.0,0,226.0,2.0,0,0,0,0,0,,0,0,0,0,0,,,,,10.272727272727273,,,
Cole Kmet,TE,2020,nflreadpy,31.0,48,259.0,2.0,1,1,289,151,12,-0.20549888879919015,0,9,2,1,0,2.2297774767475227,0.08880789657910525,0.06697143696894062,16.0,8.35483870967742,16.1875,66.9,4.18125
Cole Kmet,TE,2021,nflreadpy,60.0,93,612.0,0.0,0,0,721,246,29,-0.34791471532443446,0,31,11,7,0,0.9469292146048798,0.178164872461114,0.16504722918000728,17.0,10.2,36.0,121.2,7.129411764705883
Cole Kmet,TE,2022,nflreadpy,50.0,69,544.0,7.0,1,0,463,286,27,0.6606849588806896,0,23,10,6,1,1.1193498921006273,0.1884995063309182,0.1379583307793935,17.0,10.88,32.0,144.4,8.494117647058824
Cole Kmet,TE,2023,nflreadpy,73.0,90,719.0,6.0,1,0,557,290,36,2.1681631855752515,0,25,11,9,2,1.5699494722611778,0.19872826392867154,0.16067568940143803,16.0,9.849315068493151,44.9375,178.9,11.18125
Cole Kmet,TE,2024,nflreadpy,47.0,55,474.0,4.0,0,0,393,181,25,1.741463471094945,1,19,9,7,0,1.2871591083937979,0.1028888036276554,0.09266544947898225,16.0,10.085106382978724,29.625,120.4,7.525
Cole Kmet,TE,2025,nflreadpy,33.0,53,378.0,3.0,0,0,454,157,19,0.7096101109855292,1,18,9,5,0,0.8767396011537246,0.0914991241940941,0.08980298972356959,18.0,11.454545454545455,21.0,90.80000000000001,5.044444444444445
Cole Kmet,TE,2026,nflreadpy,4.0,7,48.0,1.0,0,0,71,12,3,0.8840009257255588,0,2,1,1,0,0.5472813238770685,0.060661460614022285,0.06647903147864805,4.0,12.0,12.0,14.8,3.7
Cole Mitchell,TE,2024,college_data,11.0,0,124.0,2.0,0,0,0,0,0,,0,0,0,0,0,,,,,11.272727272727273,,,
Cole Rusk,TE,2025,college_data,19.0,0,217.0,1.0,0,0,0,0,0,,0,0,0,0,0,,,,,11.421052631578947,,,
Cole Schnieder,TE,2024,college_data,1.0,0,8.0,0.0,0,0,0,0,0,,0,0,0,0,0,,,,,8.0,,,
Cole Schnieder,TE,2025,college_data,8.0,0,64.0,0.0,0,0,0,0,0,,0,0,0,0,0,,,,,8.0,,,
Cole Spence,TE,2024,college_data,10.0,0,101.0,2.0,0,0,0,0,0,,0,0,0,0,0,,,,,10.1,,,
Cole Spence,TE,2025,college_data,15.0,0,233.0,2.0,0,0,0,0,0,,0,0,0,0,0,,,,,15.533333333333333,,,
Cole Turner,TE,2022,nflreadpy,2.0,9,23.0,0.0,0,0,68,7,1,-1.3498764804036214,0,1,1,0,0,0.2875,0.0462032826163261,0.05019742990644354,7.0,11.5,3.2857142857142856,4.300000000000001,0.6142857142857144
Cole Turner,TE,2023,nflreadpy,11.0,15,120.0,0.0,0,0,102,50,4,-0.0007326659365453546,0,4,3,2,0,1.0217890575033433,0.06024912904033087,0.05465589156570998,8.0,10.909090909090908,15.0,23.0,2.875
Cole Watson,TE,2024,college_data,3.0,0,18.0,0.0,0,0,0,0,0,,0,0,0,0,0,,,,,6.0,,,
Coleman Kuntz,TE,2024,college_data,24.0,0,197.0,2.0,0,0,0,0,0,,0,0,0,0,0,,,,,8.208333333333334,,,
Coleman Kuntz,TE,2025,college_data,7.0,0,82.0,1.0,0,0,0,0,0,,0,0,0,0,0,,,,,11.714285714285714,,,
Colin Hayes,TE,2025,college_data,11.0,0,128.0,2.0,0,0,0,0,0,,0,0,0,0,0,,,,,11.636363636363637,,,
Colin Melendez,TE,2024,college_data,4.0,0,28.0,0.0,0,0,0,0,0,,0,0,0,0,0,,,,,7.0,,,
Colin Melendez,TE,2025,college_data,10.0,0,55.0,0.0,0,0,0,0,0,,0,0,0,0,0,,,,,5.5,,,
Colin Thompson,TE,2020,nflreadpy,1.0,2,7.0,1.0,0,0,6,0,1,0.4150649158691522,0,0,0,0,0,0.5,0.03708791208791209,0.016062163890928904,2.0,7.0,3.5,7.7,3.85
Colin Weber,TE,2024,college_data,21.0,0,213.0,0.0,0,0,0,0,0,,0,0,0,0,0,,,,,10.142857142857142,,,
Colin Weber,TE,2025,college_data,17.0,0,102.0,0.0,0,0,0,0,0,,0,0,0,0,0,,,,,6.0,,,
Collin Carroll,TE,2025,college_data,1.0,0,5.0,0.0,0,0,0,0,0,,0,0,0,0,0,,,,,5.0,,,
Colson Yankoff,TE,2025,nflreadpy,2.0,3,18.0,0.0,0,0,18,4,2,0.9471900692830483,0,1,0,0,0,1.6923076923076923,0.010670498084291189,0.006104662600826283,10.0,9.0,1.8,3.8,0.38
Colson Yankoff,TE,2026,nflreadpy,2.0,4,16.0,0.0,0,0,21,14,1,-0.4883571331156418,0,1,0,0,0,1.1666666666666667,0.0309640522875817,0.011867859302213509,4.0,8.0,4.0,3.6,0.9
Colston Loveland,TE,2024,college_data,56.0,0,582.0,5.0,0,0,0,0,0,,0,0,0,0,0,,,,,10.392857142857142,,,
Colston Loveland,TE,2025,nflreadpy,70.0,107,906.0,6.0,0,0,1059,299,45,2.7679546761455747,1,37,20,15,1,0.9699723338470937,0.1789794905060679,0.18105887615669958,18.0,12.942857142857143,50.333333333333336,198.60000000000002,11.033333333333335
Colston Loveland,TE,2026,nflreadpy,11.0,18,91.0,0.0,0,0,102,49,7,-1.2249491194888833,0,5,1,0,0,2.2542832167832167,0.1462231790979419,0.11004541858814501,4.0,8.272727272727273,22.75,20.1,5.025
Colt Sechrest,TE,2024,college_data,7.0,0,56.0,0.0,0,0,0,0,0,,0,0,0,0,0,,,,,8.0,,,
Colt Sechrest,TE,2025,college_data,1.0,0,5.0,0.0,0,0,0,0,0,,0,0,0,0,0,,,,,5.0,,,
Conner Muldowney,TE,2024,college_data,4.0,0,44.0,1.0,0,0,0,0,0,,0,0,0,0,0,,,,,11.0,,,
Connor Adair,TE,2025,college_data,2.0,0,6.0,0.0,0,0,0,0,0,,0,0,0,0,0,,,,,3.0,,,
Connor Bonesio,TE,2024,college_data,1.0,0,2.0,0.0,0,0,0,0,0,,0,0,0,0,0,,,,,2.0,,,
Connor Bonesio,TE,2025,college_data,1.0,0,6.0,0.0,0,0,0,0,0,,0,0,0,0,0,,,,,6.0,,,
Connor Briggs,TE,2024,college_data,1.0,0,5.0,1.0,0,0,0,0,0,,0,0,0,0,0,,,,,5.0,,,
Connor Cox,TE,2024,college_data,1.0,0,9.0,1.0,0,0,0,0,0,,0,0,0,0,0,,,,,9.0,,,
Connor Cox,TE,2025,college_data,5.0,0,21.0,0.0,0,0,0,0,0,,0,0,0,0,0,,,,,4.2,,,
Connor Cravaack,TE,2024,college_data,13.0,0,147.0,0.0,0,0,0,0,0,,0,0,0,0,0,,,,,11.307692307692308,,,
Connor Cravaack,TE,2025,college_data,18.0,0,147.0,2.0,0,0,0,0,0,,0,0,0,0,0,,,,,8.166666666666666,,,
Connor Finer,TE,2024,college_data,3.0,0,29.0,0.0,0,0,0,0,0,,0,0,0,0,0,,,,,9.666666666666666,,,
Connor Finer,TE,2025,college_data,42.0,0,471.0,4.0,0,0,0,0,0,,0,0,0,0,0,,,,,11.214285714285714,,,
Connor Hulstein,TE,2024,college_data,6.0,0,52.0,1.0,0,0,0,0,0,,0,0,0,0,0,,,,,8.666666666666666,,,
Connor Hulstein,TE,2025,college_data,42.0,0,599.0,7.0,0,0,0,0,0,,0,0,0,0,0,,,,,14.261904761904763,,,
Connor Jones,TE,2025,college_data,2.0,0,8.0,1.0,0,0,0,0,0,,0,0,0,0,0,,,,,4.0,,,
Connor Ruth,TE,2025,college_data,8.0,0,60.0,2.0,0,0,0,0,0,,0,0,0,0,0,,,,,7.5,,,
Connor Vaughn,TE,2024,college_data,7.0,0,59.0,3.0,0,0,0,0,0,,0,0,0,0,0,,,,,8.428571428571429,,,
Connor Witthoft,TE,2024,college_data,1.0,0,6.0,0.0,0,0,0,0,0,,0,0,0,0,0,,,,,6.0,,,
Connor Witthoft,TE,2025,college_data,9.0,0,66.0,0.0,0,0,0,0,0,,0,0,0,0,0,,,,,7.333333333333333,,,
Conor O'Neil,TE,2025,college_data,6.0,0,48.0,1.0,0,0,0,0,0,,0,0,0,0,0,,,,,8.0,,,
Cooper Alexander,TE,2025,college_data,5.0,0,47.0,0.0,0,0,0,0,0,,0,0,0,0,0,,,,,9.4,,,
Cooper Flanagan,TE,2024,college_data,4.0,0,55.0,2.0,0,0,0,0,0,,0,0,0,0,0,,,,,13.75,,,
Cooper Haswell,TE,2025,college_data,2.0,0,32.0,0.0,0,0,0,0,0,,0,0,0,0,0,,,,,16.0,,,
Cooper Heisey,TE,2024,college_data,20.0,0,118.0,5.0,0,0,0,0,0,,0,0,0,0,0,,,,,5.9,,,
Cooper Mathers,TE,2024,college_data,13.0,0,196.0,6.0,0,0,0,0,0,,0,0,0,0,0,,,,,15.076923076923077,,,
Corey Dyches,TE,2024,college_data,17.0,0,181.0,1.0,0,0,0,0,0,,0,0,0,0,0,,,,,10.647058823529411,,,
Covadis Knighten,TE,2024,college_data,14.0,0,86.0,1.0,0,0,0,0,0,,0,0,0,0,0,,,,,6.142857142857143,,,
Covadis Knighten,TE,2025,college_data,24.0,0,235.0,3.0,0,0,0,0,0,,0,0,0,0,0,,,,,9.791666666666666,,,
Cyrus Ellison,TE,2025,college_data,14.0,0,159.0,1.0,0,0,0,0,0,,0,0,0,0,0,,,,,11.357142857142858,,,
D'Andre Rogers,TE,2024,college_data,12.0,0,142.0,2.0,0,0,0,0,0,,0,0,0,0,0,,,,,11.833333333333334,,,
D'Andre Rogers,TE,2025,college_data,34.0,0,319.0,2.0,0,0,0,0,0,,0,0,0,0,0,,,,,9.382352941176471,,,
D.C. Temple,TE,2024,college_data,5.0,0,66.0,0.0,0,0,0,0,0,,0,0,0,0,0,,,,,13.2,,,
D.C. Temple,TE,2025,college_data,17.0,0,143.0,2.0,0,0,0,0,0,,0,0,0,0,0,,,,,8.411764705882353,,,
DJ Asiasi,TE,2025,college_data,1.0,0,5.0,0.0,0,0,0,0,0,,0,0,0,0,0,,,,,5.0,,,
DJ Nelson,TE,2024,college_data,22.0,0,250.0,2.0,0,0,0,0,0,,0,0,0,0,0,,,,,11.363636363636363,,,
DJ Vonnahme,TE,2025,college_data,29.0,0,434.0,3.0,0,0,0,0,0,,0,0,0,0,0,,,,,14.96551724137931,,,
Dae'Quan Wright,TE,2024,college_data,26.0,0,361.0,4.0,0,0,0,0,0,,0,0,0,0,0,,,,,13.884615384615385,,,
Dae'Quan Wright,TE,2025,college_data,39.0,0,635.0,5.0,0,0,0,0,0,,0,0,0,0,0,,,,,16.28205128205128,,,
Dahlyn Jones,TE,2024,college_data,2.0,0,10.0,1.0,0,0,0,0,0,,0,0,0,0,0,,,,,5.0,,,
Dahlyn Jones,TE,2025,college_data,8.0,0,25.0,0.0,0,0,0,0,0,,0,0,0,0,0,,,,,3.125,,,
Dakota Taylor,TE,2025,college_data,1.0,0,6.0,0.0,0,0,0,0,0,,0,0,0,0,0,,,,,6.0,,,
Dakota Twitty,TE,2024,college_data,10.0,0,78.0,1.0,0,0,0,0,0,,0,0,0,0,0,,,,,7.8,,,
Dakota Twitty,TE,2025,college_data,11.0,0,129.0,0.0,0,0,0,0,0,,0,0,0,0,0,,,,,11.727272727272727,,,
Dallas Goedert,TE,2018,nflreadpy,35.0,48,354.0,5.0,0,0,349,180,17,0.8723640134538679,0,16,8,5,0,2.9813439610618655,0.07979936684016653,0.07421107386698791,17.0,10.114285714285714,20.823529411764707,100.4,5.905882352941177
Dallas Goedert,TE,2019,nflreadpy,65.0,95,680.0,5.0,2,2,563,351,37,0.829795120647428,0,29,13,8,0,1.1964690119930403,0.1653652066180147,0.13756958192798996,16.0,10.461538461538462,42.5,159.0,9.9375
Dallas Goedert,TE,2020,nflreadpy,46.0,65,524.0,3.0,0,0,560,202,28,1.3526884704320268,0,23,11,7,1,1.633081480681912,0.16825759041619223,0.15930054577788594,11.0,11.391304347826088,47.63636363636363,116.4,10.581818181818182
Dallas Goedert,TE,2021,nflreadpy,62.0,88,922.0,4.0,1,0,798,420,47,3.648756054611963,1,45,26,15,1,1.5310099643657131,0.2114687471544081,0.2030421007542912,16.0,14.870967741935484,57.625,178.2,11.1375
Dallas Goedert,TE,2022,nflreadpy,71.0,87,843.0,4.0,1,1,521,473,47,3.6360553959085062,0,40,23,12,0,2.2095602168409583,0.2054878044992224,0.1555673758158558,15.0,11.873239436619718,56.2,177.3,11.82
Dallas Goedert,TE,2023,nflreadpy,63.0,89,613.0,4.0,0,0,482,326,34,0.9639704786142101,0,25,12,6,1,1.4785100416771526,0.1939462173630674,0.11641649299458262,15.0,9.73015873015873,40.86666666666667,148.3,9.886666666666667
Dallas Goedert,TE,2024,nflreadpy,59.0,72,711.0,3.0,2,0,458,386,29,2.327739340851193,0,26,15,10,2,1.269605348434379,0.20584612735559132,0.16639963738159055,14.0,12.05084745762712,50.785714285714285,144.10000000000002,10.292857142857144
Dallas Goedert,TE,2025,nflreadpy,64.0,89,624.0,12.0,0,0,670,243,36,2.3713659733792607,0,23,11,7,0,1.2112359406641722,0.20748810522706168,0.1598749474870949,16.0,9.75,39.0,198.4,12.4
Dallas Goedert,TE,2026,nflreadpy,5.0,7,81.0,2.0,0,0,56,32,3,3.8403488290131698,0,3,2,1,1,1.2403846153846154,0.14304812834224598,0.1224048706240487,2.0,16.2,40.5,25.1,12.55
Dallas Holmes,TE,2024,college_data,12.0,0,112.0,3.0,0,0,0,0,0,,0,0,0,0,0,,,,,9.333333333333334,,,
Dallas Holmes,TE,2025,college_data,8.0,0,65.0,0.0,0,0,0,0,0,,0,0,0,0,0,,,,,8.125,,,
Dallas Payne,TE,2024,college_data,17.0,0,192.0,1.0,0,0,0,0,0,,0,0,0,0,0,,,,,11.294117647058824,,,
Dallas Payne,TE,2025,college_data,27.0,0,293.0,4.0,0,0,0,0,0,,0,0,0,0,0,,,,,10.851851851851851,,,
Dallen Bentley,TE,2024,college_data,2.0,0,15.0,0.0,0,0,0,0,0,,0,0,0,0,0,,,,,7.5,,,
Dallen Bentley,TE,2025,college_data,48.0,0,620.0,6.0,0,0,0,0,0,,0,0,0,0,0,,,,,12.916666666666666,,,
Dallin Holker,TE,2024,nflreadpy,3.0,4,21.0,0.0,0,0,36,13,1,-0.4722947413683869,0,1,0,0,0,0.14864864864864866,0.036393713813068655,0.032310838445807774,3.0,7.0,7.0,5.1,1.7
Dalton Keene,TE,2020,nflreadpy,3.0,5,16.0,0.0,1,0,44,1,0,-0.5594357498727627,0,0,0,0,0,0.5884115884115884,0.06404040404040405,0.06847681998828893,3.0,5.333333333333333,5.333333333333333,2.5999999999999996,0.8666666666666666
Dalton Kincaid,TE,2023,nflreadpy,81.0,102,777.0,3.0,1,1,636,358,34,0.9752301016712899,0,28,10,7,1,1.5772969742876222,0.1773409901108998,0.13066525506881763,18.0,9.592592592592593,43.166666666666664,174.7,9.705555555555556
Dalton Kincaid,TE,2024,nflreadpy,50.0,84,519.0,2.0,1,0,671,296,25,0.9331310806378358,0,21,7,6,0,1.3017115986268861,0.18559922843557738,0.1686704528181926,16.0,10.38,32.4375,111.9,6.99375
Dalton Kincaid,TE,2025,nflreadpy,48.0,60,682.0,7.0,1,0,560,292,33,3.5662082053377353,0,31,19,14,1,1.1685500583289539,0.14912936499893023,0.19865931044387436,14.0,14.208333333333334,48.714285714285715,156.2,11.157142857142857
Dalton Kincaid,TE,2026,nflreadpy,15.0,19,270.0,1.0,1,1,239,98,10,2.9377918363170465,0,10,7,6,1,0.9615929705215419,0.17051282051282052,0.20591495700113568,4.0,18.0,67.5,46.0,11.5
Dalton Schultz,TE,2018,nflreadpy,13.0,19,136.0,0.0,0,0,100,74,7,0.509217443264788,0,6,5,1,0,1.7468055555555555,0.05191030104573702,0.03553409566288353,10.0,10.461538461538462,13.6,26.6,2.66
Dalton Schultz,TE,2019,nflreadpy,1.0,2,6.0,0.0,0,0,20,1,0,-0.17829582991544157,0,0,0,0,0,0.6,0.008061383061383062,0.007843360800930647,6.0,6.0,1.0,1.6,0.26666666666666666
Dalton Schultz,TE,2020,nflreadpy,63.0,89,615.0,4.0,1,1,584,279,33,0.8175964527121484,0,27,8,3,0,1.2825225830450289,0.14576052413644341,0.12116128097936987,16.0,9.761904761904763,38.4375,146.5,9.15625
Dalton Schultz,TE,2021,nflreadpy,85.0,112,897.0,8.0,0,0,799,372,47,2.880953043520522,1,41,14,7,0,1.3732971534601979,0.17182257014618688,0.1458996982329307,18.0,10.552941176470588,49.833333333333336,224.7,12.483333333333333
Dalton Schultz,TE,2022,nflreadpy,69.0,107,699.0,8.0,1,1,811,222,34,0.42209182364842723,0,28,11,8,0,1.0090692099895908,0.1885046358448377,0.17662871255076512,17.0,10.130434782608695,41.11764705882353,184.9,10.876470588235295
Dalton Schultz,TE,2023,nflreadpy,65.0,97,715.0,6.0,1,1,797,263,38,1.625771799730677,0,28,15,9,0,0.8608769164028318,0.17364118602989403,0.16177264049670134,17.0,11.0,42.05882352941177,170.5,10.029411764705882
Dalton Schultz,TE,2024,nflreadpy,59.0,93,618.0,2.0,0,0,777,237,30,0.3942927783855006,0,23,17,6,0,0.8885450369427236,0.15243875295102222,0.14978924247631506,19.0,10.474576271186441,32.526315789473685,132.8,6.989473684210527
Dalton Schultz,TE,2025,nflreadpy,87.0,112,836.0,3.0,1,0,688,401,41,2.204831801319185,0,32,12,6,2,1.6032475354227784,0.17949639876031448,0.14125187470652592,19.0,9.60919540229885,44.0,186.60000000000002,9.821052631578949
Dalton Schultz,TE,2026,nflreadpy,21.0,27,214.0,0.0,0,0,161,98,9,1.782396057578552,0,7,4,2,0,1.513354700854701,0.1732848232848233,0.09766983383773574,4.0,10.19047619047619,53.5,42.400000000000006,10.600000000000001
Damar Jackson,TE,2024,college_data,2.0,0,8.0,0.0,0,0,0,0,0,,0,0,0,0,0,,,,,4.0,,,
Damar Jackson,TE,2025,college_data,3.0,0,44.0,0.0,0,0,0,0,0,,0,0,0,0,0,,,,,14.666666666666666,,,
Damarcus Thomas,TE,2024,college_data,22.0,0,191.0,3.0,0,0,0,0,0,,0,0,0,0,0,,,,,8.681818181818182,,,
Damon Short,TE,2025,college_data,1.0,0,6.0,0.0,0,0,0,0,0,,0,0,0,0,0,,,,,6.0,,,
Dan Arnold,TE,2018,nflreadpy,12.0,21,150.0,1.0,1,0,240,30,9,-0.3254651799915701,0,6,4,4,0,0.6497682005494505,0.09534914636017577,0.133022675678545,8.0,12.5,18.75,31.0,3.875
Dan Arnold,TE,2019,nflreadpy,8.0,14,127.0,2.0,0,0,182,29,6,1.5480627183709341,0,5,4,3,0,0.5876779846659365,0.08119614909301462,0.1311574488573644,5.0,15.875,25.4,32.7,6.540000000000001
Dan Arnold,TE,2020,nflreadpy,31.0,45,438.0,4.0,2,1,565,173,24,1.8351235006474391,0,17,11,8,2,1.0999890444945595,0.08638502435631384,0.13257963074393017,15.0,14.129032258064516,29.2,94.80000000000001,6.320000000000001
Dan Arnold,TE,2021,nflreadpy,35.0,52,408.0,0.0,1,1,340,188,20,0.45934379209806,1,20,10,2,0,1.0837012797647183,0.13509948005513417,0.11578369598877675,11.0,11.657142857142857,37.09090909090909,75.80000000000001,6.8909090909090915
Dan Arnold,TE,2022,nflreadpy,9.0,13,135.0,0.0,0,0,87,70,5,0.5848696494940668,0,5,5,3,0,1.6446813725490195,0.03471238309664762,0.039004081175214415,11.0,15.0,12.272727272727273,22.5,2.0454545454545454
Dan Dishman,TE,2024,college_data,12.0,0,171.0,3.0,0,0,0,0,0,,0,0,0,0,0,,,,,14.25,,,
Dan Dishman,TE,2025,college_data,10.0,0,100.0,1.0,0,0,0,0,0,,0,0,0,0,0,,,,,10.0,,,
Dan Villari,TE,2024,college_data,6.0,0,57.0,0.0,0,0,0,0,0,,0,0,0,0,0,,,,,9.5,,,
Dan Villari,TE,2025,college_data,39.0,0,412.0,0.0,0,0,0,0,0,,0,0,0,0,0,,,,,10.564102564102564,,,
Daniel Bellinger,TE,2022,nflreadpy,33.0,40,289.0,3.0,1,1,158,159,16,0.8971249229384479,1,12,3,2,0,2.636546415797428,0.1152483140241782,0.07131068981400533,13.0,8.757575757575758,22.23076923076923,79.9,6.1461538461538465
Daniel Bellinger,TE,2023,nflreadpy,25.0,28,255.0,0.0,0,0,130,134,6,0.6523914103252957,0,7,5,4,0,2.623815396000978,0.07400760112474107,0.04531881037883761,14.0,10.2,18.214285714285715,50.5,3.607142857142857
Daniel Bellinger,TE,2024,nflreadpy,14.0,17,125.0,0.0,0,0,69,53,8,0.763941058398424,0,6,2,0,0,2.864889496468444,0.038295640788125196,0.02397696731736791,12.0,8.928571428571429,10.416666666666666,26.5,2.2083333333333335
Daniel Bellinger,TE,2025,nflreadpy,19.0,26,286.0,2.0,0,0,244,132,14,1.8831238085428292,0,13,5,4,1,1.6293536177842982,0.06282152135151822,0.06623904290617862,13.0,15.052631578947368,22.0,59.6,4.584615384615384
Daniel Bellinger,TE,2026,nflreadpy,4.0,5,25.0,0.0,0,0,1,28,0,-0.40687265762434277,0,1,0,0,0,1.75,0.04684873949579832,0.004072681704260651,4.0,6.25,6.25,6.5,1.625
Daniel Brown,TE,2019,nflreadpy,7.0,11,72.0,1.0,0,0,111,21,4,-0.06093858127871673,0,2,2,2,0,0.4447619047619048,0.031387000321169596,0.035459201612970156,11.0,10.285714285714286,6.545454545454546,20.2,1.8363636363636362
Daniel Brown,TE,2020,nflreadpy,2.0,2,31.0,0.0,0,0,10,21,2,2.184612254583044,0,2,1,0,0,0.9,0.008252164502164502,0.005186721991701245,8.0,15.5,3.875,5.1,0.6375
Daniel Brown,TE,2021,nflreadpy,2.0,2,29.0,0.0,0,0,7,22,1,1.3312147059477866,0,1,1,1,0,4.142857142857143,0.022222222222222223,0.009845288326300985,3.0,14.5,9.666666666666666,4.9,1.6333333333333335
Daniel Evert,TE,2024,college_data,8.0,0,143.0,2.0,0,0,0,0,0,,0,0,0,0,0,,,,,17.875,,,
Daniel Evert,TE,2025,college_data,2.0,0,15.0,0.0,0,0,0,0,0,,0,0,0,0,0,,,,,7.5,,,
Daniel Helm,TE,2021,nflreadpy,1.0,2,-1.0,0.0,0,0,1,2,0,-1.1508215970673101,0,0,0,0,0,0.0,0.018031189083820662,0.000524951254526365,3.0,-1.0,-0.3333333333333333,0.9,0.3
Daniel Tarabrella,TE,2024,college_data,3.0,0,42.0,0.0,0,0,0,0,0,,0,0,0,0,0,,,,,14.0,,,
Daniel Tarabrella,TE,2025,college_data,8.0,0,52.0,2.0,0,0,0,0,0,,0,0,0,0,0,,,,,6.5,,,
Danny Joiner,TE,2024,college_data,4.0,0,17.0,0.0,0,0,0,0,0,,0,0,0,0,0,,,,,4.25,,,
Danny Joiner,TE,2025,college_data,2.0,0,11.0,1.0,0,0,0,0,0,,0,0,0,0,0,,,,,5.5,,,
Danny Lewis Jr.,TE,2025,college_data,2.0,0,17.0,0.0,0,0,0,0,0,,0,0,0,0,0,,,,,8.5,,,
Dante Daniels,TE,2024,college_data,3.0,0,32.0,1.0,0,0,0,0,0,,0,0,0,0,0,,,,,10.666666666666666,,,
Dante Daniels,TE,2025,college_data,7.0,0,74.0,1.0,0,0,0,0,0,,0,0,0,0,0,,,,,10.571428571428571,,,
Darnell Washington,TE,2023,nflreadpy,7.0,11,61.0,0.0,0,0,11,50,4,0.06872550051775761,0,3,0,0,0,3.5,0.04179990186234128,0.005639757219449644,9.0,8.714285714285714,6.777777777777778,13.100000000000001,1.4555555555555557
Darnell Washington,TE,2024,nflreadpy,20.0,28,209.0,1.0,0,0,123,131,9,0.6273402397678832,0,8,5,3,0,1.805144557823129,0.07449155198378801,0.03645096700605358,14.0,10.45,14.928571428571429,46.900000000000006,3.3500000000000005
Darnell Washington,TE,2025,nflreadpy,31.0,43,364.0,1.0,2,1,242,229,16,1.1263467599738641,1,19,6,3,0,1.7862252597087882,0.11201615361500615,0.11862028063171498,13.0,11.741935483870968,28.0,71.4,5.492307692307692
Darnell Washington,TE,2026,nflreadpy,9.0,13,119.0,1.0,0,0,66,84,4,1.2408157420723,0,4,2,2,1,2.403125,0.09133637359443811,0.04209968918492478,4.0,13.222222222222221,29.75,26.9,6.725
Darrell Daniels,TE,2019,nflreadpy,1.0,3,4.0,0.0,0,0,22,0,1,0.1321805677531908,0,0,0,0,0,0.3333333333333333,0.014084295334295335,0.015743750703009547,7.0,4.0,0.5714285714285714,1.4,0.19999999999999998
Darrell Daniels,TE,2020,nflreadpy,8.0,11,92.0,1.0,0,0,67,57,4,0.7858513361552614,0,3,2,2,0,1.6111111111111112,0.03603436966608323,0.023320551198653824,9.0,11.5,10.222222222222221,23.200000000000003,2.577777777777778
Darrell Daniels,TE,2021,nflreadpy,3.0,7,2.0,0.0,0,0,14,13,0,-1.0510626987670548,0,0,0,0,0,0.0,0.02032726631657113,0.01497582955214154,11.0,0.6666666666666666,0.18181818181818182,3.2,0.29090909090909095
Darren Bennett,TE,2024,college_data,1.0,0,22.0,0.0,0,0,0,0,0,,0,0,0,0,0,,,,,22.0,,,
Darren Bennett,TE,2025,college_data,2.0,0,7.0,0.0,0,0,0,0,0,,0,0,0,0,0,,,,,3.5,,,
Darren Fells,TE,2018,nflreadpy,11.0,12,117.0,3.0,0,0,57,66,6,1.4154465873070876,0,2,1,1,1,0.7785274621212122,0.03392131103812747,0.017789337949995553,10.0,10.636363636363637,11.7,40.7,4.07
Darren Fells,TE,2019,nflreadpy,41.0,60,400.0,8.0,0,0,336,194,26,1.5149279820508676,0,19,8,2,0,1.7326907319834481,0.10495515143374784,0.06611266878200829,17.0,9.75609756097561,23.529411764705884,129.0,7.588235294117647
Darren Fells,TE,2020,nflreadpy,21.0,28,312.0,4.0,0,0,199,177,16,1.897505490104474,0,16,7,3,1,4.360816574366023,0.07087411824783414,0.05207265559188599,12.0,14.857142857142858,26.0,76.2,6.3500000000000005
Darren Fells,TE,2021,nflreadpy,4.0,5,43.0,0.0,0,0,24,27,2,0.28371459688059986,0,2,1,1,0,1.5303030303030303,0.052083333333333336,0.06028368794326241,3.0,10.75,14.333333333333334,8.3,2.766666666666667
Darren Waller,TE,2018,nflreadpy,6.0,6,75.0,0.0,0,0,19,56,4,1.9579948535053215,0,2,1,1,1,6.367521367521367,0.05024402680652681,0.02245611954459203,4.0,12.5,18.75,13.5,3.375
Darren Waller,TE,2019,nflreadpy,90.0,117,1145.0,3.0,1,1,848,578,53,2.912387168477128,0,45,25,14,2,1.5090264871502834,0.23803390192882923,0.2468614557893551,16.0,12.722222222222221,71.5625,220.5,13.78125
Darren Waller,TE,2020,nflreadpy,107.0,145,1196.0,9.0,2,2,1128,572,69,3.5867395983377297,1,44,22,16,0,1.1444917695271606,0.2784859849791975,0.24159228402622887,16.0,11.177570093457945,74.75,278.6,17.4125
Darren Waller,TE,2021,nflreadpy,62.0,105,741.0,2.0,0,0,1032,258,36,1.4589968323832156,0,31,18,14,0,0.7417443039087773,0.2325926833456988,0.255027194151007,12.0,11.951612903225806,61.75,148.10000000000002,12.341666666666669
Darren Waller,TE,2022,nflreadpy,28.0,43,388.0,3.0,0,0,577,80,18,0.612420707639888,0,17,11,9,0,0.6936151882209043,0.1572889897046999,0.23111721738513583,8.0,13.857142857142858,48.5,84.80000000000001,10.600000000000001
Darren Waller,TE,2023,nflreadpy,52.0,74,552.0,1.0,0,0,592,211,25,1.274221823949014,0,21,10,8,0,1.0183311786889213,0.2059936025153369,0.24611138574957328,12.0,10.615384615384615,46.0,113.2,9.433333333333334
Darren Waller,TE,2025,nflreadpy,24.0,34,283.0,6.0,0,0,359,73,19,3.533279377077648,0,11,5,5,0,0.7281742984782912,0.1462650781717719,0.2206856417978159,9.0,11.791666666666666,31.444444444444443,88.3,9.81111111111111
Darren Waller,TE,2026,nflreadpy,13.0,19,148.0,2.0,0,0,141,56,11,2.1103618037201137,0,9,2,0,0,1.5964568519715578,0.12422396843352726,0.095248212975723,4.0,11.384615384615385,37.0,39.8,9.95
Darrin Fugitt,TE,2024,college_data,14.0,0,207.0,2.0,0,0,0,0,0,,0,0,0,0,0,,,,,14.785714285714286,,,
Darrin Fugitt,TE,2025,college_data,32.0,0,341.0,2.0,0,0,0,0,0,,0,0,0,0,0,,,,,10.65625,,,
Dasaahn Brame,TE,2025,college_data,6.0,0,63.0,0.0,0,0,0,0,0,,0,0,0,0,0,,,,,10.5,,,
Daunte Bacheyie,TE,2025,college_data,5.0,0,42.0,0.0,0,0,0,0,0,,0,0,0,0,0,,,,,8.4,,,
Dave Thomson,TE,2024,college_data,4.0,0,28.0,0.0,0,0,0,0,0,,0,0,0,0,0,,,,,7.0,,,
Dave Thomson,TE,2025,college_data,3.0,0,41.0,0.0,0,0,0,0,0,,0,0,0,0,0,,,,,13.666666666666666,,,
David Alpers,TE,2024,college_data,9.0,0,164.0,1.0,0,0,0,0,0,,0,0,0,0,0,,,,,18.22222222222222,,,
David Alpers,TE,2025,college_data,1.0,0,6.0,0.0,0,0,0,0,0,,0,0,0,0,0,,,,,6.0,,,
David Clement,TE,2025,college_data,3.0,0,30.0,0.0,0,0,0,0,0,,0,0,0,0,0,,,,,10.0,,,
David Crossan,TE,2024,college_data,1.0,0,52.0,0.0,0,0,0,0,0,,0,0,0,0,0,,,,,52.0,,,
David Grinnage,TE,2018,nflreadpy,6.0,8,61.0,0.0,0,0,63,18,2,0.8309440483471252,0,2,1,1,0,1.355429292929293,0.07013758599124453,0.08325597823684996,3.0,10.166666666666666,20.333333333333332,12.100000000000001,4.033333333333334
David Hulbert,TE,2025,college_data,7.0,0,30.0,1.0,0,0,0,0,0,,0,0,0,0,0,,,,,4.285714285714286,,,
David Larkins,TE,2024,college_data,5.0,0,18.0,1.0,0,0,0,0,0,,0,0,0,0,0,,,,,3.6,,,
David Larkins,TE,2025,college_data,25.0,0,218.0,2.0,0,0,0,0,0,,0,0,0,0,0,,,,,8.72,,,
David Martin-Robinson,TE,2024,nflreadpy,1.0,2,6.0,0.0,0,0,0,6,1,0.13455458771204576,0,0,0,0,0,0.0,0.015388257575757576,0.0,4.0,6.0,1.5,1.6,0.4
David Martin-Robinson,TE,2025,nflreadpy,4.0,6,30.0,1.0,0,0,23,16,3,-0.24422678150585853,0,1,0,0,0,0.78125,0.01717202583512744,0.012330591892911462,11.0,7.5,2.727272727272727,13.0,1.1818181818181819
David Morgan,TE,2018,nflreadpy,5.0,6,36.0,0.0,0,0,12,27,2,0.11834339100169018,0,1,0,0,0,0.8833333333333332,0.023778880921738063,0.006968044382439945,6.0,7.2,6.0,8.6,1.4333333333333333
David Njoku,TE,2018,nflreadpy,56.0,88,639.0,4.0,0,0,762,306,27,0.23529826586673294,0,23,14,9,2,1.03852228747707,0.16463319734143594,0.14676600005934898,15.0,11.410714285714286,42.6,143.9,9.593333333333334
David Njoku,TE,2019,nflreadpy,5.0,10,41.0,1.0,0,0,64,16,3,-2.3561741516847783,0,1,1,0,0,0.367479674796748,0.10850279106858053,0.07244639101331261,3.0,8.2,13.666666666666666,15.100000000000001,5.033333333333334
David Njoku,TE,2020,nflreadpy,24.0,35,279.0,2.0,0,0,244,127,16,1.172785500522536,0,12,8,6,0,1.1956415079811258,0.0857218313889545,0.068289846182077,13.0,11.625,21.46153846153846,63.900000000000006,4.915384615384616
David Njoku,TE,2021,nflreadpy,36.0,53,475.0,4.0,0,0,432,247,17,1.4338083059104108,0,15,9,8,2,0.9029583329034901,0.12379898962644555,0.1166983996410076,15.0,13.194444444444445,31.666666666666668,107.5,7.166666666666667
David Njoku,TE,2022,nflreadpy,58.0,80,628.0,4.0,1,1,535,332,36,1.761255221516631,0,26,12,8,0,1.58167250335059,0.1887309042723789,0.14490355299476027,14.0,10.827586206896552,44.857142857142854,142.8,10.200000000000001
David Njoku,TE,2023,nflreadpy,88.0,134,975.0,6.0,2,2,701,618,39,-0.5592444354562304,0,32,19,13,3,2.6883596154320704,0.21571125157297533,0.14214204749456769,17.0,11.079545454545455,57.35294117647059,217.5,12.794117647058824
David Njoku,TE,2024,nflreadpy,64.0,97,505.0,5.0,0,0,510,251,23,-0.4733163881720577,2,17,6,4,0,1.3113160771357213,0.22724589415976257,0.1450344398763922,11.0,7.890625,45.90909090909091,148.5,13.5
David Njoku,TE,2025,nflreadpy,33.0,48,293.0,4.0,0,0,253,160,11,-0.3286156675897981,0,12,4,2,0,1.4444070895844732,0.12466812637815389,0.09148882826762438,11.0,8.878787878787879,26.636363636363637,86.3,7.845454545454545
David Njoku,TE,2026,nflreadpy,6.0,8,67.0,0.0,0,0,53,38,3,-2.5305513966304716,0,4,0,0,0,1.2157142857142857,0.15028490028490027,0.09775045276904012,2.0,11.166666666666666,33.5,12.7,6.35
David Prince,TE,2025,college_data,1.0,0,0.0,0.0,0,0,0,0,0,,0,0,0,0,0,,,,,0.0,,,
David Wells,TE,2023,nflreadpy,2.0,2,-10.0,0.0,1,0,0,-10,1,-1.7841486409306526,0,0,0,0,0,0.0,0.0625,0.0,1.0,-5.0,-10.0,-1.0,-1.0
Davin Driskell,TE,2024,college_data,1.0,0,3.0,0.0,0,0,0,0,0,,0,0,0,0,0,,,,,3.0,,,
Davin Stoffel,TE,2024,college_data,14.0,0,177.0,1.0,0,0,0,0,0,,0,0,0,0,0,,,,,12.642857142857142,,,
Davin Stoffel,TE,2025,college_data,1.0,0,24.0,0.0,0,0,0,0,0,,0,0,0,0,0,,,,,24.0,,,
Davis Allen,TE,2023,nflreadpy,12.0,13,123.0,1.0,0,0,33,93,8,2.436617285723332,0,5,3,2,0,1.663888888888889,0.05305622070141035,0.015079999669993972,8.0,10.25,15.375,30.3,3.7875
Davis Allen,TE,2024,nflreadpy,7.0,15,52.0,1.0,0,0,60,29,3,-0.24189408726119455,0,3,0,0,0,0.5268796992481203,0.04911211133637604,0.029237413622263297,8.0,7.428571428571429,6.5,18.2,2.275
Davis Allen,TE,2025,nflreadpy,24.0,33,208.0,3.0,0,0,130,137,12,0.36040069948260983,0,7,3,2,0,2.5973015873015872,0.06347992225232067,0.027350108505173023,15.0,8.666666666666666,13.866666666666667,62.8,4.1866666666666665
Davis Allen,TE,2026,nflreadpy,4.0,7,39.0,0.0,0,0,32,34,3,0.5168559574085521,0,2,0,0,0,1.0909090909090908,0.04289871504157218,0.016302570260800956,4.0,9.75,9.75,7.9,1.975
Davis LeDoyen,TE,2025,college_data,1.0,0,17.0,0.0,0,0,0,0,0,,0,0,0,0,0,,,,,17.0,,,
Davis Sherwood,TE,2024,college_data,1.0,0,19.0,0.0,0,0,0,0,0,,0,0,0,0,0,,,,,19.0,,,
Davon Mitchell,TE,2025,college_data,1.0,0,8.0,0.0,0,0,0,0,0,,0,0,0,0,0,,,,,8.0,,,
Dawson Adams-Grenier,TE,2025,college_data,5.0,0,55.0,1.0,0,0,0,0,0,,0,0,0,0,0,,,,,11.0,,,
Dawson Hearne,TE,2024,college_data,10.0,0,73.0,1.0,0,0,0,0,0,,0,0,0,0,0,,,,,7.3,,,
Dawson Hearne,TE,2025,college_data,10.0,0,101.0,6.0,0,0,0,0,0,,0,0,0,0,0,,,,,10.1,,,
Dawson Johnson,TE,2025,college_data,10.0,0,99.0,1.0,0,0,0,0,0,,0,0,0,0,0,,,,,9.9,,,
Dawson Knox,TE,2019,nflreadpy,29.0,52,402.0,2.0,0,0,467,151,16,0.6116184027531869,0,15,12,7,1,0.9501571964994184,0.10941979408565955,0.09878319166199044,16.0,13.862068965517242,25.125,81.2,5.075
Dawson Knox,TE,2020,nflreadpy,34.0,57,353.0,5.0,2,2,401,205,20,0.3815098560474675,0,16,5,3,0,1.4370498031988714,0.1051476296044518,0.07334951742399806,14.0,10.382352941176471,25.214285714285715,95.30000000000001,6.807142857142858
Dawson Knox,TE,2021,nflreadpy,56.0,80,685.0,11.0,0,0,606,296,35,2.4300238880163243,0,27,14,10,2,1.9719055663072174,0.13600285830372497,0.12201740103823887,17.0,12.232142857142858,40.294117647058826,190.5,11.205882352941176
Dawson Knox,TE,2022,nflreadpy,56.0,77,602.0,7.0,0,0,616,216,31,1.3121405648751097,0,24,10,9,1,1.3678112368898954,0.13667981321087377,0.11352216588463165,17.0,10.75,35.411764705882355,158.2,9.305882352941175
Dawson Knox,TE,2023,nflreadpy,24.0,39,199.0,3.0,0,0,271,101,15,-0.7560499483023281,1,11,2,0,0,1.0909617000727005,0.09825295750942303,0.07014292855554267,12.0,8.291666666666666,16.583333333333332,63.900000000000006,5.325
Dawson Knox,TE,2024,nflreadpy,26.0,39,356.0,1.0,0,0,385,111,14,0.582378461758387,0,13,10,8,0,0.8587904553038825,0.07965426750011138,0.1082026153841468,17.0,13.692307692307692,20.941176470588236,67.6,3.9764705882352938
Dawson Knox,TE,2025,nflreadpy,42.0,57,479.0,4.0,0,0,389,209,26,1.041822583515123,1,21,10,6,0,1.5303408443011968,0.10997354452668462,0.12025882318923882,18.0,11.404761904761905,26.61111111111111,115.9,6.438888888888889
Dawson Knox,TE,2026,nflreadpy,6.0,6,30.0,1.0,0,0,11,19,2,0.6384771515586181,0,0,0,0,0,2.7916666666666665,0.05306776556776557,0.009995092691174634,4.0,5.0,7.5,15.0,3.75
Dax Courtney,TE,2024,college_data,1.0,0,12.0,1.0,0,0,0,0,0,,0,0,0,0,0,,,,,12.0,,,
DeShawn Hanika,TE,2025,college_data,10.0,0,97.0,3.0,0,0,0,0,0,,0,0,0,0,0,,,,,9.7,,,
Deakon Tonielli,TE,2025,college_data,8.0,0,72.0,0.0,0,0,0,0,0,,0,0,0,0,0,,,,,9.0,,,
Decker DeGraaf,TE,2024,college_data,15.0,0,233.0,3.0,0,0,0,0,0,,0,0,0,0,0,,,,,15.533333333333333,,,
Decker DeGraaf,TE,2025,college_data,32.0,0,360.0,2.0,0,0,0,0,0,,0,0,0,0,0,,,,,11.25,,,
Declan McKevitt,TE,2024,college_data,4.0,0,54.0,1.0,0,0,0,0,0,,0,0,0,0,0,,,,,13.5,,,
Declan McKevitt,TE,2025,college_data,8.0,0,56.0,0.0,0,0,0,0,0,,0,0,0,0,0,,,,,7.0,,,
Delanie Walker,TE,2018,nflreadpy,4.0,7,52.0,0.0,0,0,46,20,4,-4.934593169949949,0,3,1,0,0,1.1304347826086956,0.18421052631578946,0.1776061776061776,1.0,13.0,52.0,9.2,9.2
Delanie Walker,TE,2019,nflreadpy,21.0,31,215.0,2.0,1,0,234,66,11,0.7103318885975115,0,11,4,1,0,1.0300026470239236,0.18187642036326246,0.1933739886160352,6.0,10.238095238095237,35.833333333333336,52.5,8.75
Demetrius Harris,TE,2018,nflreadpy,13.0,27,166.0,3.0,0,0,195,77,9,-0.050730900082271546,0,9,4,2,0,0.37912971788714117,0.041292726049279846,0.03116169478305754,17.0,12.76923076923077,9.764705882352942,47.6,2.8000000000000003
Demetrius Harris,TE,2019,nflreadpy,15.0,27,149.0,3.0,0,0,170,68,10,0.7731057378326973,1,8,3,2,0,0.801410742035742,0.05891313463184317,0.04356971121797495,14.0,9.933333333333334,10.642857142857142,49.9,3.564285714285714
Demetrius Harris,TE,2020,nflreadpy,7.0,14,45.0,0.0,0,0,92,25,2,-1.115528785399282,0,0,0,0,0,0.8585034013605443,0.02986881887257827,0.026294865526173467,12.0,6.428571428571429,3.75,11.5,0.9583333333333334
Demetrius Harris,TE,2021,nflreadpy,3.0,6,10.0,0.0,0,0,22,13,0,-1.9487790516383636,0,0,0,0,0,0.0,0.025272435897435896,0.0043695709397209796,10.0,3.3333333333333335,1.0,4.0,0.4
Denin Limouris,TE,2025,college_data,1.0,0,4.0,1.0,0,0,0,0,0,,0,0,0,0,0,,,,,4.0,,,
Deon Yelder,TE,2019,nflreadpy,4.0,5,61.0,0.0,0,0,39,42,3,0.8683029605308548,0,3,2,1,0,5.132352941176471,0.03287791077969649,0.02976288688510378,4.0,15.25,15.25,10.100000000000001,2.5250000000000004
Deon Yelder,TE,2020,nflreadpy,7.0,11,36.0,0.0,0,0,57,30,2,-0.42575969855533913,0,1,0,0,0,0.6855345911949686,0.05293061140562064,0.06352134002196157,6.0,5.142857142857143,6.0,10.6,1.7666666666666666
Deon Yelder,TE,2021,nflreadpy,1.0,1,0.0,0.0,0,0,-2,2,0,-0.6058657068642788,0,0,0,0,0,0.0,0.02564102564102564,-0.006944444444444444,1.0,0.0,0.0,1.0,1.0
Derek Anderson,TE,2024,college_data,6.0,0,70.0,0.0,0,0,0,0,0,,0,0,0,0,0,,,,,11.666666666666666,,,
Derek Anderson,TE,2025,college_data,20.0,0,184.0,2.0,0,0,0,0,0,,0,0,0,0,0,,,,,9.2,,,
Derek Carrier,TE,2018,nflreadpy,7.0,12,67.0,1.0,0,0,105,16,3,-0.2982049919955898,0,2,1,1,0,0.5817901234567902,0.03859078138895626,0.05959174222583956,10.0,9.571428571428571,6.7,19.7,1.97
Derek Carrier,TE,2019,nflreadpy,13.0,19,108.0,1.0,0,0,165,51,4,0.5797794248333965,0,3,3,2,0,1.2447037337662337,0.05391664131086352,0.06394219570227236,11.0,8.307692307692308,9.818181818181818,29.8,2.709090909090909
Derek Carrier,TE,2020,nflreadpy,1.0,1,14.0,0.0,0,0,-4,18,1,0.8328605507267639,0,1,0,0,0,0.0,0.005747126436781609,-0.002812939521800281,6.0,14.0,2.3333333333333335,2.4000000000000004,0.4000000000000001
Derek Carrier,TE,2021,nflreadpy,2.0,2,13.0,0.0,0,0,7,6,0,0.8306839682627469,0,0,0,0,0,1.8571428571428572,0.02702702702702703,0.01155115511551155,2.0,6.5,6.5,3.3,1.65
Derek Varley,TE,2024,college_data,1.0,0,2.0,0.0,0,0,0,0,0,,0,0,0,0,0,,,,,2.0,,,
Derek Varley,TE,2025,college_data,9.0,0,71.0,0.0,0,0,0,0,0,,0,0,0,0,0,,,,,7.888888888888889,,,
Derick Harden,TE,2024,college_data,5.0,0,69.0,1.0,0,0,0,0,0,,0,0,0,0,0,,,,,13.8,,,
Derick Harden,TE,2025,college_data,7.0,0,84.0,2.0,0,0,0,0,0,,0,0,0,0,0,,,,,12.0,,,
Desirrio Riles,TE,2024,college_data,8.0,0,83.0,2.0,0,0,0,0,0,,0,0,0,0,0,,,,,10.375,,,
Desirrio Riles,TE,2025,college_data,28.0,0,362.0,2.0,0,0,0,0,0,,0,0,0,0,0,,,,,12.928571428571429,,,
Devin Asiasi,TE,2020,nflreadpy,2.0,7,39.0,1.0,0,0,67,6,2,-0.7278584083542228,0,2,1,1,0,0.203125,0.07364734299516909,0.09058872678633645,4.0,19.5,9.75,11.9,2.975
Devin Asiasi,TE,2022,nflreadpy,2.0,4,5.0,0.0,0,0,59,0,0,-0.4880247925951456,0,0,0,0,0,0.3333333333333333,0.021079931972789116,0.051096576078612,5.0,2.5,1.0,2.5,0.5
Devin Culp,TE,2024,nflreadpy,5.0,6,88.0,0.0,0,0,73,31,4,3.9247715914189167,0,4,4,2,0,1.3026086956521739,0.09475806451612903,0.14035908402387953,2.0,17.6,44.0,13.8,6.9
Devin Culp,TE,2025,nflreadpy,1.0,1,6.0,1.0,0,0,6,0,1,1.7139679592801258,0,0,0,0,0,1.0,0.0078125,0.004178272980501393,4.0,6.0,1.5,7.6,1.9
Devin Kennedy,TE,2025,college_data,4.0,0,44.0,1.0,0,0,0,0,0,,0,0,0,0,0,,,,,11.0,,,
Devon Akers,TE,2025,college_data,1.0,0,7.0,1.0,0,0,0,0,0,,0,0,0,0,0,,,,,7.0,,,
Devon Tauaefa,TE,2025,college_data,14.0,0,107.0,0.0,0,0,0,0,0,,0,0,0,0,0,,,,,7.642857142857143,,,
Devyn Gibbs,TE,2024,college_data,17.0,0,163.0,4.0,0,0,0,0,0,,0,0,0,0,0,,,,,9.588235294117647,,,
Devyn Gibbs,TE,2025,college_data,16.0,0,149.0,0.0,0,0,0,0,0,,0,0,0,0,0,,,,,9.3125,,,
Devyn Zahursky,TE,2024,college_data,1.0,0,7.0,0.0,0,0,0,0,0,,0,0,0,0,0,,,,,7.0,,,
Dillon Galloway,TE,2025,college_data,2.0,0,14.0,0.0,0,0,0,0,0,,0,0,0,0,0,,,,,7.0,,,
Dillon Golden,TE,2024,college_data,8.0,0,32.0,0.0,0,0,0,0,0,,0,0,0,0,0,,,,,4.0,,,
Dillon Golden,TE,2025,college_data,10.0,0,78.0,0.0,0,0,0,0,0,,0,0,0,0,0,,,,,7.8,,,
Dillon Hipp,TE,2025,college_data,3.0,0,17.0,0.0,0,0,0,0,0,,0,0,0,0,0,,,,,5.666666666666667,,,
Dion Sims,TE,2018,nflreadpy,2.0,4,9.0,0.0,0,0,36,9,0,-1.2757813578937203,0,0,0,0,0,0.16071428571428573,0.037247474747474744,0.04674515785626896,3.0,4.5,3.0,2.9,0.9666666666666667
Dominic Deluca,TE,2025,college_data,1.0,0,7.0,0.0,0,0,0,0,0,,0,0,0,0,0,,,,,7.0,,,
Dominick Mazotti,TE,2024,college_data,18.0,0,183.0,1.0,0,0,0,0,0,,0,0,0,0,0,,,,,10.166666666666666,,,
Dominique Dafney,TE,2020,nflreadpy,2.0,2,26.0,1.0,0,0,16,10,2,1.9794949038187042,0,2,0,0,0,2.6666666666666665,0.020833333333333332,0.023108831983276717,4.0,13.0,6.5,10.6,2.65
Dominique Dafney,TE,2021,nflreadpy,2.0,6,34.0,0.0,0,0,44,31,2,-0.1492313011432998,0,1,1,1,0,0.4,0.027137584424450783,0.027269403089230454,7.0,17.0,4.857142857142857,5.4,0.7714285714285715
Donald Parham,TE,2020,nflreadpy,10.0,20,159.0,3.0,0,0,175,56,8,0.25807918824721127,0,7,5,4,0,0.9704398345489564,0.050136690892690634,0.06072082566336703,11.0,15.9,14.454545454545455,43.9,3.9909090909090907
Donald Parham,TE,2021,nflreadpy,20.0,27,190.0,3.0,0,0,121,138,13,0.595421390742568,1,10,4,1,0,2.695699317738791,0.05557723601802925,0.03385725782007466,13.0,9.5,14.615384615384615,59.0,4.538461538461538
Donald Parham,TE,2022,nflreadpy,14.0,17,153.0,1.0,0,0,158,44,6,1.172914556373748,0,6,4,2,0,0.931844737895158,0.06103182127921395,0.08469182730126217,7.0,10.928571428571429,21.857142857142858,35.3,5.042857142857143
Donald Parham,TE,2023,nflreadpy,27.0,41,285.0,4.0,0,0,306,126,22,1.4068959727578467,0,15,7,2,0,1.2426137390953271,0.08038355549698817,0.07421073378174411,14.0,10.555555555555555,20.357142857142858,79.5,5.678571428571429
Donovan Green,TE,2025,college_data,2.0,0,40.0,0.0,0,0,0,0,0,,0,0,0,0,0,,,,,20.0,,,
Donovan Payne,TE,2024,college_data,5.0,0,43.0,2.0,0,0,0,0,0,,0,0,0,0,0,,,,,8.6,,,
Donovan Payne,TE,2025,college_data,12.0,0,152.0,1.0,0,0,0,0,0,,0,0,0,0,0,,,,,12.666666666666666,,,
Donovan Price,TE,2024,college_data,4.0,0,56.0,1.0,0,0,0,0,0,,0,0,0,0,0,,,,,14.0,,,
Donovan Price,TE,2025,college_data,6.0,0,61.0,0.0,0,0,0,0,0,,0,0,0,0,0,,,,,10.166666666666666,,,
Donovan Weatherly,TE,2024,college_data,6.0,0,94.0,2.0,0,0,0,0,0,,0,0,0,0,0,,,,,15.666666666666666,,,
Donovan Weatherly,TE,2025,college_data,17.0,0,239.0,5.0,0,0,0,0,0,,0,0,0,0,0,,,,,14.058823529411764,,,
Dorian Fleming,TE,2024,college_data,49.0,0,558.0,6.0,0,0,0,0,0,,0,0,0,0,0,,,,,11.387755102040817,,,
Dorian Fleming,TE,2025,college_data,40.0,0,351.0,3.0,0,0,0,0,0,,0,0,0,0,0,,,,,8.775,,,
Dorian Thomas,TE,2025,college_data,56.0,0,560.0,4.0,0,0,0,0,0,,0,0,0,0,0,,,,,10.0,,,
Drake Dabney,TE,2024,college_data,19.0,0,193.0,0.0,0,0,0,0,0,,0,0,0,0,0,,,,,10.157894736842104,,,
Drake Dabney,TE,2025,nflreadpy,1.0,2,3.0,0.0,0,0,10,0,0,-0.8417506969999522,0,0,0,0,0,0.3,0.2,0.37037037037037035,1.0,3.0,3.0,1.3,1.3
Drake Martinez,TE,2024,college_data,16.0,0,142.0,2.0,0,0,0,0,0,,0,0,0,0,0,,,,,8.875,,,
Drake Martinez,TE,2025,college_data,18.0,0,124.0,1.0,0,0,0,0,0,,0,0,0,0,0,,,,,6.888888888888889,,,
Drew Biber,TE,2024,college_data,13.0,0,113.0,0.0,0,0,0,0,0,,0,0,0,0,0,,,,,8.692307692307692,,,
Drew Biber,TE,2025,college_data,18.0,0,136.0,0.0,0,0,0,0,0,,0,0,0,0,0,,,,,7.555555555555555,,,
Drew Cassens,TE,2024,college_data,10.0,0,126.0,0.0,0,0,0,0,0,,0,0,0,0,0,,,,,12.6,,,
Drew Cassens,TE,2025,college_data,5.0,0,55.0,1.0,0,0,0,0,0,,0,0,0,0,0,,,,,11.0,,,
Drew Danson,TE,2024,college_data,5.0,0,33.0,1.0,0,0,0,0,0,,0,0,0,0,0,,,,,6.6,,,
Drew Danson,TE,2025,college_data,6.0,0,39.0,0.0,0,0,0,0,0,,0,0,0,0,0,,,,,6.5,,,
Drew Sample,TE,2019,nflreadpy,5.0,6,30.0,0.0,0,0,42,13,1,-0.1074890309246257,0,1,1,1,0,0.6644736842105263,0.031349576177162386,0.02682751570344699,5.0,6.0,6.0,8.0,1.6
Drew Sample,TE,2020,nflreadpy,40.0,53,349.0,1.0,1,1,222,198,16,0.14769109198095975,0,12,5,1,0,2.7824798363401304,0.09656907203961072,0.04902260430865613,16.0,8.725,21.8125,78.9,4.93125
Drew Sample,TE,2021,nflreadpy,12.0,17,85.0,0.0,0,0,46,82,3,-0.05700882132967106,0,3,1,0,0,2.9035353535353536,0.04524886883958424,0.015476429842124124,11.0,7.083333333333333,7.7272727272727275,20.5,1.8636363636363635
Drew Sample,TE,2022,nflreadpy,2.0,2,-2.0,0.0,0,0,-2,0,0,-1.5079821709343668,0,0,0,0,0,0.5,0.02371967654986523,-0.007262076713208152,2.0,-1.0,-1.0,1.8,0.9
Drew Sample,TE,2023,nflreadpy,22.0,27,163.0,2.0,0,0,29,173,9,0.03543217745438259,0,7,2,1,0,0.4112698412698413,0.05734019669691378,-0.0007446664604872118,14.0,7.409090909090909,11.642857142857142,50.3,3.5928571428571425
Drew Sample,TE,2024,nflreadpy,20.0,22,109.0,1.0,1,0,34,81,8,0.4330914498476142,0,3,0,0,0,1.6979437229437229,0.05336706766786382,0.010673590890132156,11.0,5.45,9.909090909090908,34.9,3.1727272727272724
Drew Sample,TE,2025,nflreadpy,15.0,20,106.0,1.0,0,0,-7,109,5,0.24107336881570518,0,3,2,1,0,1.7474747474747474,0.04871357480279014,0.0009412069246590413,12.0,7.066666666666666,8.833333333333334,31.6,2.6333333333333333
Drew Sample,TE,2026,nflreadpy,4.0,5,19.0,0.0,0,0,3,22,1,-0.07131627993658185,0,1,0,0,0,0.0,0.07114467408585057,0.005791505791505791,2.0,4.75,9.5,5.9,2.95
Duane Martin,TE,2024,college_data,2.0,0,17.0,0.0,0,0,0,0,0,,0,0,0,0,0,,,,,8.5,,,
Duke Olges,TE,2024,college_data,1.0,0,6.0,0.0,0,0,0,0,0,,0,0,0,0,0,,,,,6.0,,,
Dupree Fuller,TE,2024,college_data,27.0,0,348.0,2.0,0,0,0,0,0,,0,0,0,0,0,,,,,12.88888888888889,,,
Dupree Fuller,TE,2025,college_data,13.0,0,159.0,1.0,0,0,0,0,0,,0,0,0,0,0,,,,,12.23076923076923,,,
Durham Smythe,TE,2018,nflreadpy,6.0,11,50.0,0.0,0,0,47,7,2,-1.2286180453957058,0,1,1,1,0,0.5244444444444445,0.05156385281385281,0.03843533635456579,8.0,8.333333333333334,6.25,11.0,1.375
Durham Smythe,TE,2019,nflreadpy,7.0,14,65.0,0.0,0,0,138,10,2,-0.4967127309901116,0,2,1,1,0,0.5296743697478992,0.028747218595629075,0.028992505499589923,12.0,9.285714285714286,5.416666666666667,13.5,1.125
Durham Smythe,TE,2020,nflreadpy,26.0,29,208.0,2.0,0,0,114,122,13,1.0783741959149156,0,9,2,0,0,1.9729881229881228,0.06981415274080692,0.03755540190281075,13.0,8.0,16.0,58.8,4.523076923076923
Durham Smythe,TE,2021,nflreadpy,34.0,41,357.0,0.0,0,0,260,160,15,0.9978855845887059,0,15,9,5,0,2.062777336159689,0.07542392250626648,0.06484605414114078,16.0,10.5,22.3125,69.7,4.35625
Durham Smythe,TE,2022,nflreadpy,16.0,21,149.0,1.0,0,0,91,55,8,0.05457480417748367,0,5,3,2,0,1.229861111111111,0.05206183386812824,0.023942511127782364,14.0,9.3125,10.642857142857142,36.9,2.6357142857142857
Durham Smythe,TE,2023,nflreadpy,38.0,47,378.0,0.0,0,0,292,142,22,1.3125770897805553,0,16,7,3,0,1.4780250155865695,0.09991566893151484,0.08196643556596409,14.0,9.947368421052632,27.0,75.80000000000001,5.4142857142857155
Durham Smythe,TE,2024,nflreadpy,9.0,17,53.0,0.0,0,0,94,16,1,-0.27958018033396104,0,0,0,0,0,0.7879120879120879,0.035328774256343884,0.02939993338270293,14.0,5.888888888888889,3.7857142857142856,14.3,1.0214285714285716
Durham Smythe,TE,2025,nflreadpy,6.0,9,36.0,0.0,0,0,52,15,1,-0.03647899909022575,0,1,0,0,0,0.909219001610306,0.029902142945621206,0.013297527862963465,9.0,6.0,4.0,9.6,1.0666666666666667
Durham Smythe,TE,2026,nflreadpy,1.0,2,4.0,0.0,0,0,1,0,0,-0.37450428918236867,0,0,0,0,0,0.5,0.02538314176245211,0.0018413646944376888,3.0,4.0,1.3333333333333333,1.4,0.4666666666666666
Dwayne Allen,TE,2018,nflreadpy,3.0,4,27.0,0.0,0,0,32,28,2,-0.16731769267547256,0,2,1,1,0,4.561728395061729,0.027678571428571427,0.028224239917788305,4.0,9.0,6.75,5.7,1.425
Dylan Burk,TE,2025,college_data,6.0,0,55.0,0.0,0,0,0,0,0,,0,0,0,0,0,,,,,9.166666666666666,,,
Dylan Lawson,TE,2025,college_data,1.0,0,7.0,0.0,0,0,0,0,0,,0,0,0,0,0,,,,,7.0,,,
Dylan Magazu,TE,2024,college_data,10.0,0,72.0,1.0,0,0,0,0,0,,0,0,0,0,0,,,,,7.2,,,
Dylan Magazu,TE,2025,college_data,11.0,0,168.0,2.0,0,0,0,0,0,,0,0,0,0,0,,,,,15.272727272727273,,,
Dylan Wade,TE,2024,college_data,29.0,0,374.0,2.0,0,0,0,0,0,,0,0,0,0,0,,,,,12.89655172413793,,,
Dylan Wade,TE,2025,college_data,43.0,0,523.0,5.0,0,0,0,0,0,,0,0,0,0,0,,,,,12.162790697674419,,,
Dylan Walker,TE,2024,college_data,1.0,0,13.0,0.0,0,0,0,0,0,,0,0,0,0,0,,,,,13.0,,,
E'Shawn Mayes,TE,2024,college_data,1.0,0,14.0,0.0,0,0,0,0,0,,0,0,0,0,0,,,,,14.0,,,
E.J. Jenkins,TE,2024,nflreadpy,1.0,2,7.0,1.0,0,0,9,3,1,0.3998030585353263,0,0,0,0,0,0.875,0.039972899728997285,0.020360775283055077,2.0,7.0,3.5,7.7,3.85
EJ Core,TE,2024,college_data,12.0,0,99.0,0.0,0,0,0,0,0,,0,0,0,0,0,,,,,8.25,,,
EJ Core,TE,2025,college_data,8.0,0,92.0,0.0,0,0,0,0,0,,0,0,0,0,0,,,,,11.5,,,
Ed Dickson,TE,2018,nflreadpy,16.0,18,185.0,3.0,0,0,95,99,8,1.7052617856760046,0,6,4,3,1,3.5320335863814125,0.07242885444942504,0.04266486150922175,10.0,11.5625,18.5,52.5,5.25
Eli Finley,TE,2024,college_data,25.0,0,314.0,2.0,0,0,0,0,0,,0,0,0,0,0,,,,,12.56,,,
Eli Finley,TE,2025,college_data,38.0,0,445.0,0.0,0,0,0,0,0,,0,0,0,0,0,,,,,11.710526315789474,,,
Eli Jacon-Duffy,TE,2025,college_data,1.0,0,22.0,0.0,0,0,0,0,0,,0,0,0,0,0,,,,,22.0,,,
Eli Mahan,TE,2024,college_data,2.0,0,12.0,0.0,0,0,0,0,0,,0,0,0,0,0,,,,,6.0,,,
Eli Mahan,TE,2025,college_data,3.0,0,14.0,1.0,0,0,0,0,0,,0,0,0,0,0,,,,,4.666666666666667,,,
Eli Raridon,TE,2024,college_data,11.0,0,90.0,2.0,0,0,0,0,0,,0,0,0,0,0,,,,,8.181818181818182,,,
Eli Raridon,TE,2025,college_data,32.0,0,482.0,0.0,0,0,0,0,0,,0,0,0,0,0,,,,,15.0625,,,
Eli Raridon,TE,2026,nflreadpy,3.0,4,44.0,1.0,0,0,41,5,3,1.2215194539069973,0,2,1,1,0,1.019047619047619,0.0451442225635774,0.05828405342801265,3.0,14.666666666666666,14.666666666666666,13.4,4.466666666666667
Eli Stewart,TE,2024,college_data,1.0,0,8.0,0.0,0,0,0,0,0,,0,0,0,0,0,,,,,8.0,,,
Eli Stowers,TE,2024,college_data,49.0,0,638.0,5.0,0,0,0,0,0,,0,0,0,0,0,,,,,13.020408163265307,,,
Eli Stowers,TE,2025,college_data,61.0,0,765.0,4.0,0,0,0,0,0,,0,0,0,0,0,,,,,12.540983606557377,,,
Eli Wilson,TE,2024,college_data,25.0,0,292.0,5.0,0,0,0,0,0,,0,0,0,0,0,,,,,11.68,,,
Elias Spence,TE,2024,college_data,3.0,0,21.0,0.0,0,0,0,0,0,,0,0,0,0,0,,,,,7.0,,,
Elija Lofton,TE,2024,college_data,9.0,0,150.0,1.0,0,0,0,0,0,,0,0,0,0,0,,,,,16.666666666666668,,,
Elija Lofton,TE,2025,college_data,23.0,0,218.0,3.0,0,0,0,0,0,,0,0,0,0,0,,,,,9.478260869565217,,,
Elija Walton,TE,2024,college_data,1.0,0,2.0,1.0,0,0,0,0,0,,0,0,0,0,0,,,,,2.0,,,
Elijah Arroyo,TE,2024,college_data,35.0,0,590.0,7.0,0,0,0,0,0,,0,0,0,0,0,,,,,16.857142857142858,,,
Elijah Arroyo,TE,2025,nflreadpy,15.0,26,179.0,1.0,1,1,220,78,7,-1.2491466376182683,0,6,4,4,0,1.242006722848536,0.07860428250938879,0.08401611272725643,13.0,11.933333333333334,13.76923076923077,36.900000000000006,2.838461538461539
Elijah Arroyo,TE,2026,nflreadpy,1.0,1,17.0,0.0,0,0,14,3,1,1.3631682861596346,0,1,1,0,0,1.2142857142857142,0.038461538461538464,0.06167400881057269,1.0,17.0,17.0,2.7,2.7
Elijah Boyd,TE,2024,college_data,1.0,0,3.0,0.0,0,0,0,0,0,,0,0,0,0,0,,,,,3.0,,,
Elijah Brown,TE,2024,college_data,1.0,0,22.0,0.0,0,0,0,0,0,,0,0,0,0,0,,,,,22.0,,,
Elijah Higgins,TE,2023,nflreadpy,14.0,19,163.0,1.0,0,0,128,67,9,1.1373654585622717,0,7,4,3,0,3.087883369990225,0.053069414954879074,0.05234170520125627,11.0,11.642857142857142,14.818181818181818,36.3,3.3
Elijah Higgins,TE,2024,nflreadpy,20.0,24,172.0,2.0,0,0,108,90,10,0.6807855666681591,0,7,3,1,0,1.9629251700680272,0.05594594066736769,0.03811841536940403,15.0,8.6,11.466666666666667,49.2,3.2800000000000002
Elijah Higgins,TE,2025,nflreadpy,30.0,37,301.0,0.0,1,1,148,209,15,0.09517888644865403,0,12,8,4,0,1.4890299823633157,0.06658403221327504,0.03487491815704861,17.0,10.033333333333333,17.705882352941178,58.1,3.4176470588235297
Elijah Higgins,TE,2026,nflreadpy,5.0,5,39.0,1.0,0,0,10,29,3,1.8798255793808494,0,1,1,0,0,6.0,0.039047619047619046,0.01123474708380369,3.0,7.8,13.0,14.9,4.966666666666667
Elijah Lagg,TE,2025,college_data,20.0,0,164.0,0.0,0,0,0,0,0,,0,0,0,0,0,,,,,8.2,,,
Elijah Mojarro,TE,2024,college_data,22.0,0,215.0,3.0,0,0,0,0,0,,0,0,0,0,0,,,,,9.772727272727273,,,
Elijah Sessoms,TE,2024,college_data,6.0,0,40.0,0.0,0,0,0,0,0,,0,0,0,0,0,,,,,6.666666666666667,,,
Elijah Sessoms,TE,2025,college_data,22.0,0,190.0,2.0,0,0,0,0,0,,0,0,0,0,0,,,,,8.636363636363637,,,
Elijah Smalls,TE,2025,college_data,12.0,0,148.0,1.0,0,0,0,0,0,,0,0,0,0,0,,,,,12.333333333333334,,,
Elijah Sohn,TE,2024,college_data,14.0,0,113.0,0.0,0,0,0,0,0,,0,0,0,0,0,,,,,8.071428571428571,,,
Elijah Washington-Baker,TE,2025,college_data,1.0,0,17.0,1.0,0,0,0,0,0,,0,0,0,0,0,,,,,17.0,,,
Elvin Fofanah,TE,2024,college_data,2.0,0,9.0,0.0,0,0,0,0,0,,0,0,0,0,0,,,,,4.5,,,
Elvin Fofanah,TE,2025,college_data,3.0,0,63.0,1.0,0,0,0,0,0,,0,0,0,0,0,,,,,21.0,,,
Elyiss Williams,TE,2025,college_data,7.0,0,117.0,1.0,0,0,0,0,0,,0,0,0,0,0,,,,,16.714285714285715,,,
Emanuel Goffe,TE,2024,college_data,1.0,0,0.0,0.0,0,0,0,0,0,,0,0,0,0,0,,,,,0.0,,,
Emaree Winston,TE,2025,college_data,2.0,0,47.0,0.0,0,0,0,0,0,,0,0,0,0,0,,,,,23.5,,,
Emmanuel Stevenson,TE,2024,college_data,28.0,0,203.0,1.0,0,0,0,0,0,,0,0,0,0,0,,,,,7.25,,,
Eni Falayi,TE,2024,college_data,29.0,0,352.0,5.0,0,0,0,0,0,,0,0,0,0,0,,,,,12.137931034482758,,,
Eni Falayi,TE,2025,college_data,21.0,0,228.0,2.0,0,0,0,0,0,,0,0,0,0,0,,,,,10.857142857142858,,,
Eric Ebron,TE,2018,nflreadpy,74.0,125,827.0,14.0,0,0,1195,269,44,2.0422734933756046,0,36,15,8,1,0.7551719982136402,0.173949773752027,0.22348599212078465,18.0,11.175675675675675,45.94444444444444,240.7,13.372222222222222
Eric Ebron,TE,2019,nflreadpy,31.0,52,375.0,3.0,0,0,495,155,20,-0.2622170750088917,0,13,6,4,1,0.9969949989181892,0.15612129416477244,0.1790268277182279,11.0,12.096774193548388,34.09090909090909,86.5,7.863636363636363
Eric Ebron,TE,2020,nflreadpy,63.0,102,620.0,6.0,1,1,707,228,35,0.1400369135491134,1,27,12,6,0,0.8397942232054645,0.14760090831471276,0.1572623835631222,16.0,9.841269841269842,38.75,161.0,10.0625
Eric Ebron,TE,2021,nflreadpy,12.0,18,84.0,1.0,0,0,116,21,6,0.21717146808077814,0,2,2,0,0,0.9847092822636301,0.056973298150945935,0.05297422728511129,8.0,7.0,10.5,26.4,3.3
Eric Olsen,TE,2024,college_data,17.0,0,255.0,1.0,0,0,0,0,0,,0,0,0,0,0,,,,,15.0,,,
Eric Olsen,TE,2025,college_data,51.0,0,566.0,2.0,0,0,0,0,0,,0,0,0,0,0,,,,,11.098039215686274,,,
Eric Saubert,TE,2018,nflreadpy,5.0,9,48.0,0.0,0,0,48,13,2,-1.1266443312866614,0,1,1,0,0,3.5786324786324784,0.029786786509475582,0.022516160876666087,7.0,9.6,6.857142857142857,9.8,1.4000000000000001
Eric Saubert,TE,2019,nflreadpy,2.0,3,21.0,0.0,0,0,9,18,1,-0.7829894194583176,0,2,0,0,0,0.55,0.04458874458874459,0.01584536958368734,2.0,10.5,10.5,4.1,2.05
Eric Saubert,TE,2020,nflreadpy,3.0,4,16.0,0.0,0,0,13,7,0,-1.1850808412127662,0,0,0,0,0,1.3125,0.016683572911795907,0.006384360284351852,6.0,5.333333333333333,2.6666666666666665,4.6,0.7666666666666666
Eric Saubert,TE,2021,nflreadpy,8.0,12,47.0,1.0,0,0,40,29,2,-0.0754505971396741,0,1,0,0,0,1.3359788359788358,0.034415325308867505,0.01188737194980707,10.0,5.875,4.7,18.7,1.8699999999999999
Eric Saubert,TE,2022,nflreadpy,15.0,24,148.0,1.0,0,0,202,75,6,-0.2616262816916059,0,5,3,3,0,1.0270274542044877,0.05123851422157187,0.0599733521105021,14.0,9.866666666666667,10.571428571428571,35.8,2.557142857142857
Eric Saubert,TE,2023,nflreadpy,3.0,3,12.0,0.0,0,0,6,6,1,0.17749699484556913,0,0,0,0,0,0.75,0.03591888000490151,0.00481693676137718,3.0,4.0,4.0,4.2,1.4000000000000001
Eric Saubert,TE,2024,nflreadpy,11.0,14,97.0,1.0,1,0,94,35,5,0.23827904391124397,0,5,2,1,0,0.9836309523809523,0.034618082462910045,0.028195372490308557,12.0,8.818181818181818,8.083333333333334,24.700000000000003,2.0583333333333336
Eric Saubert,TE,2025,nflreadpy,4.0,7,31.0,0.0,0,0,28,16,2,0.5100697879718357,1,1,0,0,0,1.0625,0.027261072261072262,0.01795512024885879,10.0,7.75,3.1,9.1,0.9099999999999999
Eric Saubert,TE,2026,nflreadpy,2.0,3,3.0,1.0,1,0,-4,9,1,-0.08986877877032384,0,1,0,0,0,1.0833333333333333,0.02072649572649573,-0.005840802065927389,4.0,1.5,0.75,6.300000000000001,1.5750000000000002
Eric Tomlinson,TE,2018,nflreadpy,8.0,14,72.0,0.0,0,0,45,89,3,-0.984061229793312,0,4,1,1,0,0.5717086834733894,0.038411323023004665,0.013335143736601246,12.0,9.0,6.0,15.2,1.2666666666666666
Eric Tomlinson,TE,2019,nflreadpy,1.0,1,1.0,0.0,0,0,0,1,0,-0.5001105787232518,0,0,0,0,0,0.0,0.011904761904761904,0.0,2.0,1.0,0.5,1.1,0.55
Eric Tomlinson,TE,2021,nflreadpy,1.0,1,7.0,0.0,0,0,3,4,0,0.30538763641379774,0,0,0,0,0,2.3333333333333335,0.003484320557491289,0.001326846528084918,7.0,7.0,1.0,1.7000000000000002,0.24285714285714288
Eric Tomlinson,TE,2022,nflreadpy,9.0,13,79.0,2.0,0,0,59,44,5,0.9077928409096785,0,3,2,0,0,1.5729166666666665,0.0434886784623577,0.025915941145801098,9.0,8.777777777777779,8.777777777777779,28.9,3.211111111111111
Eric Tomlinson,TE,2024,nflreadpy,2.0,4,9.0,0.0,0,0,8,12,0,-0.456783421629194,0,0,0,0,0,0.0,0.03029069555385345,0.009602330293819655,5.0,4.5,1.8,2.9,0.58
Erick All,TE,2024,nflreadpy,20.0,22,158.0,0.0,0,0,72,87,8,0.6560308068146696,0,5,3,1,0,2.7668650793650795,0.08615458252732786,0.03921126571167182,8.0,7.9,19.75,35.8,4.475
Erick All,TE,2026,nflreadpy,2.0,3,5.0,0.0,0,0,-1,5,0,-0.9677332163555548,0,0,0,0,0,0.0,0.0967741935483871,-0.005780346820809248,1.0,2.5,5.0,2.5,2.5
Erik Barker,TE,2024,college_data,11.0,0,103.0,3.0,0,0,0,0,0,,0,0,0,0,0,,,,,9.363636363636363,,,
Erik Swoope,TE,2018,nflreadpy,8.0,10,87.0,3.0,0,0,94,17,5,0.9116443284562722,0,4,2,1,0,1.3798185941043084,0.03293796846413425,0.048604661127120107,7.0,10.875,12.428571428571429,34.7,4.957142857142857
Ethan Conner,TE,2024,college_data,12.0,0,115.0,0.0,0,0,0,0,0,,0,0,0,0,0,,,,,9.583333333333334,,,
Ethan Conner,TE,2025,college_data,31.0,0,397.0,3.0,0,0,0,0,0,,0,0,0,0,0,,,,,12.806451612903226,,,
Ethan Davis,TE,2024,college_data,13.0,0,100.0,2.0,0,0,0,0,0,,0,0,0,0,0,,,,,7.6923076923076925,,,
Ethan Davis,TE,2025,college_data,21.0,0,257.0,2.0,0,0,0,0,0,,0,0,0,0,0,,,,,12.238095238095237,,,
Ethan Hall,TE,2024,college_data,5.0,0,34.0,0.0,0,0,0,0,0,,0,0,0,0,0,,,,,6.8,,,
Ethan Hosak,TE,2024,college_data,9.0,0,65.0,3.0,0,0,0,0,0,,0,0,0,0,0,,,,,7.222222222222222,,,
Ethan Hosak,TE,2025,college_data,15.0,0,158.0,2.0,0,0,0,0,0,,0,0,0,0,0,,,,,10.533333333333333,,,
Ethan John,TE,2024,college_data,9.0,0,95.0,0.0,0,0,0,0,0,,0,0,0,0,0,,,,,10.555555555555555,,,
Ethan John,TE,2025,college_data,12.0,0,230.0,1.0,0,0,0,0,0,,0,0,0,0,0,,,,,19.166666666666668,,,
Ethan Malafa,TE,2025,college_data,6.0,0,66.0,1.0,0,0,0,0,0,,0,0,0,0,0,,,,,11.0,,,
Ethan Wolf,TE,2021,nflreadpy,2.0,2,8.0,0.0,0,0,2,6,0,-0.39093501633033156,0,0,0,0,0,4.0,0.1111111111111111,0.02631578947368421,1.0,4.0,8.0,2.8,2.8
Evan Chieca,TE,2025,college_data,31.0,0,255.0,4.0,0,0,0,0,0,,0,0,0,0,0,,,,,8.225806451612904,,,
Evan Dangler,TE,2025,college_data,1.0,0,1.0,1.0,0,0,0,0,0,,0,0,0,0,0,,,,,1.0,,,
Evan Engram,TE,2018,nflreadpy,45.0,64,577.0,3.0,0,0,339,388,22,1.869136502455555,1,18,11,8,2,2.219360654363708,0.1611214390521218,0.11734097453140091,11.0,12.822222222222223,52.45454545454545,122.7,11.154545454545454
Evan Engram,TE,2019,nflreadpy,44.0,68,467.0,3.0,0,0,397,252,23,0.40538586502236973,0,17,7,4,1,1.303680132717249,0.22082041543341702,0.16715238655468798,8.0,10.613636363636363,58.375,108.7,13.5875
Evan Engram,TE,2020,nflreadpy,63.0,109,654.0,1.0,1,1,785,287,32,-1.3493203189703504,0,26,10,6,2,0.8705282051426239,0.215507035573291,0.20010330980872632,16.0,10.380952380952381,40.875,132.4,8.275
Evan Engram,TE,2021,nflreadpy,46.0,73,408.0,3.0,1,1,366,185,21,-0.7165380890000546,0,16,7,2,0,2.547194502167545,0.1520837128740133,0.09774860757932796,15.0,8.869565217391305,27.2,102.80000000000001,6.853333333333334
Evan Engram,TE,2022,nflreadpy,85.0,115,890.0,5.0,0,0,679,553,42,1.8763043549693417,1,36,19,12,0,1.3538903428970441,0.17137928763872806,0.13975808342432391,19.0,10.470588235294118,46.8421052631579,206.0,10.842105263157896
Evan Engram,TE,2023,nflreadpy,114.0,143,963.0,4.0,3,2,716,516,47,0.6026671933923841,0,40,13,9,0,1.8390049019509573,0.2354726695311682,0.1450706582596582,17.0,8.447368421052632,56.64705882352941,228.3,13.429411764705883
Evan Engram,TE,2024,nflreadpy,47.0,64,365.0,1.0,1,1,360,150,17,-0.0981959416152376,1,15,4,2,0,1.289601325998372,0.2546087440824283,0.1549974916748902,9.0,7.76595744680851,40.55555555555556,89.5,9.944444444444445
Evan Engram,TE,2025,nflreadpy,53.0,82,487.0,1.0,0,0,348,319,20,-0.15133217442864277,0,18,6,4,1,4.935227600818022,0.131818077685655,0.134276437532126,18.0,9.18867924528302,27.055555555555557,107.7,5.983333333333333
Evan Engram,TE,2026,nflreadpy,6.0,13,66.0,1.0,0,0,61,15,5,0.04253217866062187,0,2,2,0,0,0.9072222222222222,0.10394075505163848,0.09954506367788424,4.0,11.0,16.5,18.6,4.65
Evan Jernegan,TE,2024,college_data,9.0,0,77.0,0.0,0,0,0,0,0,,0,0,0,0,0,,,,,8.555555555555555,,,
Evan King,TE,2024,college_data,2.0,0,15.0,0.0,0,0,0,0,0,,0,0,0,0,0,,,,,7.5,,,
Evan King,TE,2025,college_data,9.0,0,68.0,0.0,0,0,0,0,0,,0,0,0,0,0,,,,,7.555555555555555,,,
Evan Morris,TE,2024,college_data,2.0,0,10.0,0.0,0,0,0,0,0,,0,0,0,0,0,,,,,5.0,,,
Evan Poticher,TE,2024,college_data,6.0,0,45.0,0.0,0,0,0,0,0,,0,0,0,0,0,,,,,7.5,,,
Evan Poticher,TE,2025,college_data,1.0,0,5.0,0.0,0,0,0,0,0,,0,0,0,0,0,,,,,5.0,,,
Evan Shafer,TE,2024,college_data,6.0,0,61.0,0.0,0,0,0,0,0,,0,0,0,0,0,,,,,10.166666666666666,,,
Evan Shafer,TE,2025,college_data,14.0,0,137.0,2.0,0,0,0,0,0,,0,0,0,0,0,,,,,9.785714285714286,,,
Evan Stein,TE,2025,college_data,2.0,0,6.0,0.0,0,0,0,0,0,,0,0,0,0,0,,,,,3.0,,,
Evan Svoboda,TE,2025,college_data,11.0,0,92.0,1.0,0,0,0,0,0,,0,0,0,0,0,,,,,8.363636363636363,,,
Everett Hunter,TE,2025,college_data,24.0,0,283.0,3.0,0,0,0,0,0,,0,0,0,0,0,,,,,11.791666666666666,,,
Exavious Reed,TE,2024,college_data,1.0,0,11.0,0.0,0,0,0,0,0,,0,0,0,0,0,,,,,11.0,,,
Feleipe Franks,TE,2024,nflreadpy,1.0,3,12.0,0.0,0,0,49,0,1,-0.9585419784222419,0,1,0,0,0,0.3333333333333333,0.008662408052651956,0.015394258981048535,9.0,12.0,1.3333333333333333,2.2,0.24444444444444446
Fernando Garza,TE,2024,college_data,1.0,0,2.0,0.0,0,0,0,0,0,,0,0,0,0,0,,,,,2.0,,,
Finn Diggins,TE,2025,college_data,8.0,0,89.0,0.0,0,0,0,0,0,,0,0,0,0,0,,,,,11.125,,,
Fisher Clements,TE,2024,college_data,2.0,0,13.0,1.0,0,0,0,0,0,,0,0,0,0,0,,,,,6.5,,,
Fisher Clements,TE,2025,college_data,4.0,0,27.0,0.0,0,0,0,0,0,,0,0,0,0,0,,,,,6.75,,,
Foster Moreau,TE,2019,nflreadpy,21.0,25,174.0,5.0,0,0,110,97,14,1.175228595675435,0,8,3,1,0,1.511105561105561,0.07766262736937224,0.05595141817273523,11.0,8.285714285714286,15.818181818181818,68.4,6.218181818181819
Foster Moreau,TE,2020,nflreadpy,7.0,9,140.0,2.0,0,0,109,51,5,1.4536155775588537,0,4,4,4,1,1.068745275888133,0.03337141630789032,0.054582592073961385,8.0,20.0,17.5,33.0,4.125
Foster Moreau,TE,2021,nflreadpy,30.0,47,373.0,3.0,1,0,346,189,16,-0.21047993199850412,0,16,9,6,1,1.4826370019464647,0.08406746150881493,0.08504201471302893,16.0,12.433333333333334,23.3125,83.30000000000001,5.206250000000001
Foster Moreau,TE,2022,nflreadpy,33.0,54,420.0,2.0,0,0,451,237,24,0.6011055302411218,0,21,12,7,0,1.2857350155552945,0.11373457345173535,0.10359653510588254,14.0,12.727272727272727,30.0,87.0,6.214285714285714
Foster Moreau,TE,2023,nflreadpy,21.0,25,193.0,1.0,0,0,122,96,9,0.764128653691694,0,8,4,1,0,2.1293266245665046,0.05771996543783722,0.034796445777745426,13.0,9.19047619047619,14.846153846153847,46.3,3.5615384615384613
Foster Moreau,TE,2024,nflreadpy,32.0,43,413.0,5.0,0,0,397,158,21,1.3278011367258202,0,15,11,7,1,1.1720463676758028,0.08954602645047675,0.09873290543216116,16.0,12.90625,25.8125,103.30000000000001,6.456250000000001
Foster Moreau,TE,2025,nflreadpy,7.0,10,59.0,0.0,0,0,10,44,2,-0.5336721436386662,0,2,1,0,0,1.657142857142857,0.04674315613658397,0.010334699668587086,7.0,8.428571428571429,8.428571428571429,12.9,1.842857142857143
Foster Moreau,TE,2026,nflreadpy,7.0,9,57.0,1.0,0,0,30,36,3,0.5864447610620118,0,1,1,1,0,1.2774725274725274,0.07312889812889814,0.019907293601238066,4.0,8.142857142857142,14.25,18.7,4.675
Francis Sherman,TE,2024,college_data,2.0,0,22.0,0.0,0,0,0,0,0,,0,0,0,0,0,,,,,11.0,,,
Francisco Pratts III,TE,2025,college_data,1.0,0,5.0,0.0,0,0,0,0,0,,0,0,0,0,0,,,,,5.0,,,
Frank Bierman,TE,2024,college_data,1.0,0,13.0,0.0,0,0,0,0,0,,0,0,0,0,0,,,,,13.0,,,
Frank Bierman,TE,2025,college_data,4.0,0,18.0,0.0,0,0,0,0,0,,0,0,0,0,0,,,,,4.5,,,
Gabe Burkle,TE,2024,college_data,26.0,0,296.0,1.0,0,0,0,0,0,,0,0,0,0,0,,,,,11.384615384615385,,,
Gabe Burkle,TE,2025,college_data,26.0,0,302.0,1.0,0,0,0,0,0,,0,0,0,0,0,,,,,11.615384615384615,,,
Gabe Hoffmann,TE,2025,college_data,1.0,0,19.0,0.0,0,0,0,0,0,,0,0,0,0,0,,,,,19.0,,,
Gabe Milbourn,TE,2025,college_data,17.0,0,185.0,1.0,0,0,0,0,0,,0,0,0,0,0,,,,,10.882352941176471,,,
Garrett Celek,TE,2018,nflreadpy,5.0,8,90.0,2.0,0,0,90,43,5,-0.5254052713620089,0,4,2,2,1,0.960858585858586,0.03479545817369093,0.051244152288654685,8.0,18.0,11.25,26.0,3.25
Garrett Griffin,TE,2018,nflreadpy,2.0,2,12.0,1.0,0,0,0,12,1,1.224203224061057,0,0,0,0,0,0.0,0.05128205128205128,0.0,1.0,6.0,12.0,9.2,9.2
Garrett Griffin,TE,2021,nflreadpy,4.0,4,39.0,0.0,1,0,12,27,2,1.131224762299098,0,2,0,0,0,3.166666666666667,0.022020905923344946,0.011578604044357468,5.0,9.75,7.8,5.9,1.1800000000000002
Garrett Guess,TE,2025,college_data,3.0,0,28.0,1.0,0,0,0,0,0,,0,0,0,0,0,,,,,9.333333333333334,,,
Garrett Harrold,TE,2025,college_data,8.0,0,41.0,1.0,0,0,0,0,0,,0,0,0,0,0,,,,,5.125,,,
Garrett Oakley,TE,2024,college_data,22.0,0,236.0,5.0,0,0,0,0,0,,0,0,0,0,0,,,,,10.727272727272727,,,
Garrett Oakley,TE,2025,college_data,38.0,0,389.0,6.0,0,0,0,0,0,,0,0,0,0,0,,,,,10.236842105263158,,,
Garrison Curry,TE,2024,college_data,1.0,0,2.0,0.0,0,0,0,0,0,,0,0,0,0,0,,,,,2.0,,,
Garrison Curry,TE,2025,college_data,4.0,0,26.0,1.0,0,0,0,0,0,,0,0,0,0,0,,,,,6.5,,,
Gary Clinton,TE,2024,college_data,6.0,0,52.0,0.0,0,0,0,0,0,,0,0,0,0,0,,,,,8.666666666666666,,,
Gavin Bartholomew,TE,2024,college_data,38.0,0,329.0,4.0,0,0,0,0,0,,0,0,0,0,0,,,,,8.657894736842104,,,
Gavin Bartholomew,TE,2026,nflreadpy,1.0,1,4.0,0.0,0,0,4,0,0,0.12477534776553512,0,0,0,0,0,1.0,0.030303030303030304,0.02247191011235955,1.0,4.0,4.0,1.4,1.4
Gavin Grover,TE,2025,college_data,4.0,0,58.0,0.0,0,0,0,0,0,,0,0,0,0,0,,,,,14.5,,,
Gavin Harris,TE,2024,college_data,11.0,0,173.0,1.0,0,0,0,0,0,,0,0,0,0,0,,,,,15.727272727272727,,,
Gavin Harris,TE,2025,college_data,36.0,0,514.0,1.0,0,0,0,0,0,,0,0,0,0,0,,,,,14.277777777777779,,,
Gavin Jack,TE,2025,college_data,1.0,0,6.0,0.0,0,0,0,0,0,,0,0,0,0,0,,,,,6.0,,,
Gavin Nelson,TE,2025,college_data,5.0,0,70.0,0.0,0,0,0,0,0,,0,0,0,0,0,,,,,14.0,,,
Gavin Yates,TE,2024,college_data,5.0,0,48.0,0.0,0,0,0,0,0,,0,0,0,0,0,,,,,9.6,,,
Gavin Yohn,TE,2025,college_data,1.0,0,5.0,0.0,0,0,0,0,0,,0,0,0,0,0,,,,,5.0,,,
Gavyn Hays,TE,2025,college_data,1.0,0,15.0,0.0,0,0,0,0,0,,0,0,0,0,0,,,,,15.0,,,
Gee Scott Jr.,TE,2024,college_data,27.0,0,253.0,2.0,0,0,0,0,0,,0,0,0,0,0,,,,,9.37037037037037,,,
Geoff Swaim,TE,2018,nflreadpy,26.0,32,242.0,1.0,0,0,139,164,11,0.7129729747862266,0,9,4,3,1,1.2741822002923977,0.11591823183410968,0.06818579199527494,9.0,9.307692307692308,26.88888888888889,56.2,6.2444444444444445
Geoff Swaim,TE,2019,nflreadpy,13.0,17,65.0,0.0,0,0,60,41,1,-0.9888669359900039,0,0,0,0,0,2.192279942279942,0.0888608305274972,0.03912241587188486,6.0,5.0,10.833333333333334,19.5,3.25
Geoff Swaim,TE,2020,nflreadpy,10.0,13,88.0,1.0,0,0,84,35,6,0.6082536269636226,0,4,1,0,0,2.6598639455782314,0.06005748874005104,0.04749775693666304,8.0,8.8,11.0,24.8,3.1
Geoff Swaim,TE,2021,nflreadpy,31.0,40,210.0,3.0,0,0,146,139,12,0.5782537304257858,0,5,3,2,0,1.5585281765725314,0.09091378859236002,0.04782221435143006,16.0,6.774193548387097,13.125,70.0,4.375
Geoff Swaim,TE,2022,nflreadpy,12.0,16,58.0,1.0,0,0,34,43,4,-0.1665758246063805,0,1,0,0,0,1.121212121212121,0.04878954502917626,0.015097417747540295,12.0,4.833333333333333,4.833333333333333,23.8,1.9833333333333334
Geoff Swaim,TE,2023,nflreadpy,10.0,11,94.0,0.0,0,0,60,30,4,0.9487088414649146,0,3,1,1,0,1.3844877344877344,0.0460142372948235,0.029900740592628882,8.0,9.4,11.75,19.4,2.425
Geoff Swaim,TE,2024,nflreadpy,1.0,1,7.0,0.0,0,0,2,5,0,0.3116975899320096,0,0,0,0,0,3.5,0.008130081300813009,0.0016220600162206002,3.0,7.0,2.3333333333333335,1.7000000000000002,0.5666666666666668
George Burhenn,TE,2024,college_data,1.0,0,3.0,0.0,0,0,0,0,0,,0,0,0,0,0,,,,,3.0,,,
George Burhenn,TE,2025,college_data,9.0,0,94.0,0.0,0,0,0,0,0,,0,0,0,0,0,,,,,10.444444444444445,,,
George Kittle,TE,2018,nflreadpy,88.0,136,1377.0,5.0,0,0,996,870,60,4.084407976816266,1,50,28,20,6,1.9617120494008573,0.26792182381595586,0.25668521728678395,16.0,15.647727272727273,86.0625,257.70000000000005,16.106250000000003
George Kittle,TE,2019,nflreadpy,93.0,120,1124.0,5.0,1,0,678,656,57,3.412899544047453,0,49,23,16,2,1.9731314722055828,0.2685321935222065,0.24425376328666584,17.0,12.086021505376344,66.11764705882354,233.4,13.729411764705883
George Kittle,TE,2020,nflreadpy,48.0,63,634.0,2.0,0,0,460,297,32,4.526642485880474,0,30,12,8,2,1.3647649084006226,0.24230164779326363,0.2708201335116952,8.0,13.208333333333334,79.25,123.4,15.425
George Kittle,TE,2021,nflreadpy,78.0,108,1018.0,7.0,2,1,918,489,49,1.4765142635220514,0,45,24,14,1,1.2714570782560546,0.22158956901959048,0.24951928862348502,17.0,13.051282051282051,59.88235294117647,217.8,12.811764705882354
George Kittle,TE,2022,nflreadpy,70.0,97,929.0,11.0,1,1,659,440,43,2.861806683040532,1,35,22,16,1,1.5202507760785569,0.19414359337987133,0.17884205186625365,18.0,13.271428571428572,51.611111111111114,228.9,12.716666666666667
George Kittle,TE,2023,nflreadpy,73.0,103,1132.0,7.0,0,0,995,539,46,3.542396440048192,0,43,28,21,3,1.185696554431657,0.18462013207342554,0.21362695027328807,19.0,15.506849315068493,59.578947368421055,228.2,12.010526315789473
George Kittle,TE,2024,nflreadpy,78.0,94,1106.0,8.0,0,0,800,522,50,4.529661849613017,0,45,25,21,2,1.491261345287151,0.20740292737996072,0.19888307497718907,15.0,14.179487179487179,73.73333333333333,236.60000000000002,15.773333333333335
George Kittle,TE,2025,nflreadpy,58.0,71,634.0,7.0,0,0,476,254,38,3.8207054636883115,0,30,13,9,0,1.3868104981711988,0.20221858609263044,0.17452673930446747,12.0,10.931034482758621,52.833333333333336,163.4,13.616666666666667
George Kittle,TE,2026,nflreadpy,16.0,22,244.0,4.0,0,0,184,142,10,3.747046377247898,0,10,5,4,2,1.275243664717349,0.20341558374012733,0.22045978373029357,4.0,15.25,61.0,64.4,16.1
Gerald Everett,TE,2018,nflreadpy,35.0,57,370.0,3.0,0,0,377,169,19,0.6244654352561743,1,14,6,5,1,0.782579046021432,0.09263122018555921,0.07189588833524202,18.0,10.571428571428571,20.555555555555557,92.0,5.111111111111111
Gerald Everett,TE,2019,nflreadpy,37.0,60,408.0,2.0,0,0,487,178,22,0.4888479560441677,0,16,7,6,0,1.061072276199156,0.13040362175009454,0.12959054453420296,12.0,11.027027027027026,34.0,89.80000000000001,7.483333333333334
Gerald Everett,TE,2020,nflreadpy,41.0,64,417.0,1.0,1,1,401,243,24,-0.20822040940695097,0,21,10,3,1,1.3529355456977137,0.1045709070931332,0.09419541352942051,17.0,10.170731707317072,24.529411764705884,86.7,5.1000000000000005
Gerald Everett,TE,2021,nflreadpy,48.0,63,478.0,4.0,2,2,330,249,26,0.7242436257955555,0,19,7,5,1,1.7105872297637004,0.1466894450776737,0.08228999695391857,15.0,9.958333333333334,31.866666666666667,115.80000000000001,7.720000000000001
Gerald Everett,TE,2022,nflreadpy,64.0,95,664.0,5.0,0,0,538,401,34,0.8382776489946566,1,30,17,8,0,1.414309424306678,0.1390794769636124,0.12176338401212737,16.0,10.375,41.5,162.4,10.15
Gerald Everett,TE,2023,nflreadpy,51.0,70,411.0,3.0,3,0,282,275,25,0.5088657781947404,0,16,5,4,0,1.594580240491999,0.13180196273429948,0.0676541068779635,15.0,8.058823529411764,27.4,104.1,6.9399999999999995
Gerald Everett,TE,2024,nflreadpy,8.0,13,36.0,0.0,0,0,35,41,1,-0.16367546419173273,0,1,1,0,0,1.0166666666666666,0.04419459344662184,0.00932339752507457,10.0,4.5,3.6,11.6,1.16
Gerard Bullock,TE,2024,college_data,23.0,0,226.0,1.0,0,0,0,0,0,,0,0,0,0,0,,,,,9.826086956521738,,,
Gerard Bullock,TE,2025,college_data,23.0,0,157.0,1.0,0,0,0,0,0,,0,0,0,0,0,,,,,6.826086956521739,,,
Gerard Edimo,TE,2025,college_data,5.0,0,118.0,1.0,0,0,0,0,0,,0,0,0,0,0,,,,,23.6,,,
Gerard Grewe,TE,2025,college_data,2.0,0,24.0,0.0,0,0,0,0,0,,0,0,0,0,0,,,,,12.0,,,
Giovanni Ricci,TE,2022,nflreadpy,8.0,9,100.0,0.0,0,0,55,52,3,0.6237151865306875,0,4,2,1,0,1.762685680332739,0.02940561529271207,0.018498704624734838,11.0,12.5,9.090909090909092,18.0,1.6363636363636365
Giovanni Ricci,TE,2023,nflreadpy,1.0,1,2.0,0.0,0,0,-1,3,0,-0.48964928975328803,0,0,0,0,0,0.0,0.016129032258064516,-0.0017793594306049821,2.0,2.0,1.0,1.2,0.6
Graham Smith,TE,2025,college_data,9.0,0,76.0,2.0,0,0,0,0,0,,0,0,0,0,0,,,,,8.444444444444445,,,
Graham Walker,TE,2024,college_data,24.0,0,252.0,0.0,0,0,0,0,0,,0,0,0,0,0,,,,,10.5,,,
Grant Calcaterra,TE,2022,nflreadpy,5.0,9,81.0,0.0,0,0,81,41,3,0.415599341206948,0,4,2,1,1,0.8319444444444445,0.04646897771635613,0.0333480798136356,6.0,16.2,13.5,13.1,2.183333333333333
Grant Calcaterra,TE,2023,nflreadpy,4.0,4,39.0,0.0,0,0,7,32,3,1.5412503303959966,0,2,0,0,0,7.05,0.03872053872053872,0.00783231819736731,3.0,9.75,13.0,7.9,2.6333333333333333
Grant Calcaterra,TE,2024,nflreadpy,25.0,31,302.0,1.0,0,0,224,126,15,1.1083897750359029,0,11,7,6,0,1.368108547766933,0.0839254434356652,0.06863680032338179,16.0,12.08,18.875,61.2,3.825
Grant Calcaterra,TE,2025,nflreadpy,9.0,13,76.0,1.0,0,0,85,31,4,0.12172816188831348,0,3,1,0,0,1.353422619047619,0.05479187960006374,0.03897202247846209,9.0,8.444444444444445,8.444444444444445,22.6,2.511111111111111
Grant Hollier,TE,2025,college_data,21.0,0,288.0,4.0,0,0,0,0,0,,0,0,0,0,0,,,,,13.714285714285714,,,
Grant Norberg,TE,2025,college_data,1.0,0,4.0,0.0,0,0,0,0,0,,0,0,0,0,0,,,,,4.0,,,
Grant Romfo,TE,2025,college_data,4.0,0,34.0,0.0,0,0,0,0,0,,0,0,0,0,0,,,,,8.5,,,
Grant Stec,TE,2025,college_data,5.0,0,52.0,0.0,0,0,0,0,0,,0,0,0,0,0,,,,,10.4,,,
Grayson Barnes,TE,2024,college_data,31.0,0,338.0,4.0,0,0,0,0,0,,0,0,0,0,0,,,,,10.903225806451612,,,
Grayson Barnes,TE,2025,college_data,21.0,0,232.0,2.0,0,0,0,0,0,,0,0,0,0,0,,,,,11.047619047619047,,,
Grayson Brousseau,TE,2025,college_data,7.0,0,45.0,0.0,0,0,0,0,0,,0,0,0,0,0,,,,,6.428571428571429,,,
Greg Dulcich,TE,2022,nflreadpy,33.0,55,411.0,2.0,0,0,624,155,18,0.046830821826852366,0,15,9,6,0,0.9516945770286285,0.1766409310593647,0.20861733243450833,10.0,12.454545454545455,41.1,86.1,8.61
Greg Dulcich,TE,2023,nflreadpy,3.0,4,25.0,0.0,0,0,23,5,2,-2.0787805774307344,0,1,0,0,0,0.9539473684210527,0.07670454545454546,0.08643708278744774,2.0,8.333333333333334,12.5,5.5,2.75
Greg Dulcich,TE,2024,nflreadpy,5.0,12,28.0,0.0,0,0,71,15,0,-2.5348580494173802,0,0,0,0,0,0.876984126984127,0.08846320346320347,0.056037296037296035,4.0,5.6,7.0,7.800000000000001,1.9500000000000002
Greg Dulcich,TE,2025,nflreadpy,26.0,33,335.0,1.0,1,1,155,199,14,1.9456875879372626,0,14,9,7,0,2.587788671023965,0.15424819562750597,0.09212443957780798,9.0,12.884615384615385,37.22222222222222,63.5,7.055555555555555
Greg Dulcich,TE,2026,nflreadpy,9.0,12,90.0,0.0,0,0,68,54,3,0.8805895442492329,0,3,1,1,1,6.888304093567251,0.13483628556092322,0.06914867050891998,3.0,10.0,30.0,18.0,6.0
Greg Olsen,TE,2018,nflreadpy,27.0,38,291.0,4.0,0,0,337,84,18,2.4225940646027535,0,15,6,2,0,0.8553742995183303,0.14001783846938506,0.18691205832826652,9.0,10.777777777777779,32.333333333333336,80.1,8.899999999999999
Greg Olsen,TE,2019,nflreadpy,52.0,82,597.0,2.0,0,0,738,201,34,0.6622892922682232,0,24,14,6,1,0.7964437234195553,0.16278377320705825,0.16541156746302635,14.0,11.48076923076923,42.642857142857146,123.7,8.835714285714285
Greg Olsen,TE,2020,nflreadpy,24.0,37,239.0,1.0,0,0,289,49,16,0.19339784839063545,0,12,4,3,0,0.8253504845754818,0.09668831029951307,0.08068093363685525,11.0,9.958333333333334,21.727272727272727,53.900000000000006,4.9
Gregory Perkins,TE,2024,college_data,4.0,0,31.0,1.0,0,0,0,0,0,,0,0,0,0,0,,,,,7.75,,,
Greyson Labiad,TE,2025,college_data,1.0,0,6.0,0.0,0,0,0,0,0,,0,0,0,0,0,,,,,6.0,,,
Greyton Gannon,TE,2024,college_data,9.0,0,113.0,1.0,0,0,0,0,0,,0,0,0,0,0,,,,,12.555555555555555,,,
Greyton Gannon,TE,2025,college_data,33.0,0,372.0,3.0,0,0,0,0,0,,0,0,0,0,0,,,,,11.272727272727273,,,
Griffin Reimer,TE,2025,college_data,1.0,0,7.0,0.0,0,0,0,0,0,,0,0,0,0,0,,,,,7.0,,,
Gunnar Greenwald,TE,2024,college_data,1.0,0,2.0,0.0,0,0,0,0,0,,0,0,0,0,0,,,,,2.0,,,
Gunnar Helm,TE,2024,college_data,60.0,0,786.0,7.0,0,0,0,0,0,,0,0,0,0,0,,,,,13.1,,,
Gunnar Helm,TE,2025,nflreadpy,44.0,55,357.0,2.0,0,0,303,159,17,0.23965492660923,0,14,4,2,0,1.327627687026269,0.1065032358486985,0.08049233703402799,16.0,8.113636363636363,22.3125,91.7,5.73125
Gunnar Helm,TE,2026,nflreadpy,9.0,12,60.0,0.0,0,0,45,44,3,-0.5163584151616549,1,2,0,0,0,0.5324543610547667,0.11155462184873949,0.05238095238095238,4.0,6.666666666666667,15.0,17.0,4.25
Gus McGee,TE,2024,college_data,2.0,0,9.0,0.0,0,0,0,0,0,,0,0,0,0,0,,,,,4.5,,,
Gus McGee,TE,2025,college_data,14.0,0,127.0,1.0,0,0,0,0,0,,0,0,0,0,0,,,,,9.071428571428571,,,
Hakeem Valles,TE,2018,nflreadpy,2.0,3,11.0,0.0,0,0,25,1,0,-0.28177020815201104,0,0,0,0,0,0.725,0.03647214854111406,0.035827111640668555,2.0,5.5,5.5,3.1,1.55
Hale Hentges,TE,2019,nflreadpy,8.0,14,103.0,1.0,0,0,106,47,6,-0.11422318124966697,0,6,3,2,0,0.3907692307692308,0.08741795366795366,0.07913469828069138,5.0,12.875,20.6,24.3,4.86
Hank Gibbs,TE,2025,college_data,2.0,0,26.0,0.0,0,0,0,0,0,,0,0,0,0,0,,,,,13.0,,,
Harold Fannin,TE,2024,college_data,117.0,0,1550.0,10.0,0,0,0,0,0,,0,0,0,0,0,,,,,13.247863247863247,,,
Harold Fannin Jr.,TE,2025,nflreadpy,72.0,107,731.0,6.0,0,0,646,352,32,0.0875094102886862,0,30,18,8,0,1.9898824515553153,0.21843375399367118,0.18652515282571022,16.0,10.152777777777779,45.6875,181.10000000000002,11.318750000000001
Harold Fannin Jr.,TE,2026,nflreadpy,17.0,23,153.0,3.0,0,0,140,88,9,3.116036708423053,0,7,1,1,0,1.475241935483871,0.19696969696969696,0.20640858976713844,4.0,9.0,38.25,50.3,12.575
Harrison Bryant,TE,2020,nflreadpy,24.0,39,238.0,3.0,2,2,306,117,14,-0.8200025822798558,0,12,2,1,0,1.1603864232493997,0.09580481799343432,0.0793497741871318,13.0,9.916666666666666,18.307692307692307,61.8,4.753846153846154
Harrison Bryant,TE,2021,nflreadpy,21.0,28,233.0,3.0,0,0,258,79,14,0.8624303073385545,0,8,5,4,1,1.104233753123883,0.06883891291318246,0.08310048666903287,15.0,11.095238095238095,15.533333333333333,62.3,4.153333333333333
Harrison Bryant,TE,2022,nflreadpy,31.0,42,239.0,1.0,0,0,238,113,12,0.20563402874613854,0,8,1,1,0,1.2019963630613535,0.09960238582612532,0.06579138131998714,14.0,7.709677419354839,17.071428571428573,60.900000000000006,4.3500000000000005
Harrison Bryant,TE,2023,nflreadpy,17.0,26,146.0,3.0,0,0,127,71,6,-0.49107643974571885,0,3,2,2,1,0.6971571906354515,0.047226237704802325,0.024976995946886068,15.0,8.588235294117647,9.733333333333333,49.6,3.3066666666666666
Harrison Bryant,TE,2024,nflreadpy,9.0,12,86.0,0.0,0,0,41,71,5,-0.05552806984633207,0,4,1,0,0,4.4192307692307695,0.060981517231517235,0.02890244735403333,6.0,9.555555555555555,14.333333333333334,17.6,2.9333333333333336
Harrison Bryant,TE,2025,nflreadpy,5.0,12,28.0,0.0,0,0,91,10,2,-0.7586147958179936,0,0,0,0,0,0.38282828282828285,0.05315426066514869,0.04957964086211569,6.0,5.6,4.666666666666667,7.800000000000001,1.3
Harrison Hamsley,TE,2025,college_data,1.0,0,2.0,0.0,0,0,0,0,0,,0,0,0,0,0,,,,,2.0,,,
Harrison Saint Germain,TE,2024,college_data,4.0,0,25.0,0.0,0,0,0,0,0,,0,0,0,0,0,,,,,6.25,,,
Harrison Saint Germain,TE,2025,college_data,4.0,0,28.0,0.0,0,0,0,0,0,,0,0,0,0,0,,,,,7.0,,,
Harry Lodge,TE,2024,college_data,12.0,0,110.0,0.0,0,0,0,0,0,,0,0,0,0,0,,,,,9.166666666666666,,,
Haven Mullins,TE,2025,college_data,4.0,0,32.0,1.0,0,0,0,0,0,,0,0,0,0,0,,,,,8.0,,,
Hayden Daugherty,TE,2025,college_data,11.0,0,87.0,0.0,0,0,0,0,0,,0,0,0,0,0,,,,,7.909090909090909,,,
Hayden Erickson,TE,2024,college_data,1.0,0,38.0,0.0,0,0,0,0,0,,0,0,0,0,0,,,,,38.0,,,
Hayden Erickson,TE,2025,college_data,2.0,0,16.0,0.0,0,0,0,0,0,,0,0,0,0,0,,,,,8.0,,,
Hayden George,TE,2025,college_data,13.0,0,120.0,0.0,0,0,0,0,0,,0,0,0,0,0,,,,,9.23076923076923,,,
Hayden Hagler,TE,2025,college_data,2.0,0,16.0,0.0,0,0,0,0,0,,0,0,0,0,0,,,,,8.0,,,
Hayden Hansen,TE,2024,college_data,15.0,0,207.0,1.0,0,0,0,0,0,,0,0,0,0,0,,,,,13.8,,,
Hayden Hansen,TE,2025,college_data,30.0,0,254.0,2.0,0,0,0,0,0,,0,0,0,0,0,,,,,8.466666666666667,,,
Hayden Hurst,TE,2018,nflreadpy,13.0,24,163.0,1.0,0,0,177,74,8,0.27687775408267046,0,6,4,3,0,0.8688995726495726,0.08512121549878987,0.07213628806315849,10.0,12.538461538461538,16.3,35.3,3.53
Hayden Hurst,TE,2019,nflreadpy,34.0,45,402.0,3.0,0,0,414,167,19,1.6008420568222472,0,18,6,4,1,1.2478146892093174,0.09488142124085103,0.09125183229209945,17.0,11.823529411764707,23.647058823529413,92.2,5.423529411764706
Hayden Hurst,TE,2020,nflreadpy,56.0,88,571.0,6.0,0,0,594,245,35,0.9155641268170034,0,24,10,5,1,0.9435707221508433,0.14821797525858751,0.11723161045379585,16.0,10.196428571428571,35.6875,149.1,9.31875
Hayden Hurst,TE,2021,nflreadpy,26.0,31,221.0,3.0,3,1,205,89,11,0.22060910011930127,0,8,4,1,0,1.0921560217842499,0.07679003468654007,0.060196315746636066,12.0,8.5,18.416666666666668,60.099999999999994,5.008333333333333
Hayden Hurst,TE,2022,nflreadpy,65.0,85,555.0,3.0,1,1,443,246,32,1.5966244944264807,0,18,9,5,0,2.1488946169474152,0.14750514158592323,0.12078849166665524,16.0,8.538461538461538,34.6875,136.5,8.53125
Hayden Hurst,TE,2023,nflreadpy,18.0,32,184.0,1.0,0,0,242,67,7,-0.42019794614882106,0,5,2,1,1,0.8059776091591837,0.103742920561057,0.10686669299675818,9.0,10.222222222222221,20.444444444444443,42.400000000000006,4.711111111111112
Hayden Hurst,TE,2024,nflreadpy,8.0,13,73.0,0.0,0,0,62,20,2,-0.6916509922261217,0,1,1,1,0,1.0235023041474653,0.08128397917871602,0.049851068586198186,7.0,9.125,10.428571428571429,15.3,2.185714285714286
Hayden Large,TE,2024,college_data,3.0,0,18.0,0.0,0,0,0,0,0,,0,0,0,0,0,,,,,6.0,,,
Hayden Large,TE,2025,college_data,8.0,0,52.0,0.0,0,0,0,0,0,,0,0,0,0,0,,,,,6.5,,,
Haydn Stay,TE,2024,college_data,2.0,0,12.0,0.0,0,0,0,0,0,,0,0,0,0,0,,,,,6.0,,,
Haydn Stay,TE,2025,college_data,6.0,0,73.0,1.0,0,0,0,0,0,,0,0,0,0,0,,,,,12.166666666666666,,,
Heinrich Haarberg,TE,2024,college_data,2.0,0,16.0,0.0,0,0,0,0,0,,0,0,0,0,0,,,,,8.0,,,
Heinrich Haarberg,TE,2025,college_data,8.0,0,52.0,1.0,0,0,0,0,0,,0,0,0,0,0,,,,,6.5,,,
Henry Boyer,TE,2025,college_data,5.0,0,62.0,0.0,0,0,0,0,0,,0,0,0,0,0,,,,,12.4,,,
Henry Delp,TE,2024,college_data,2.0,0,18.0,0.0,0,0,0,0,0,,0,0,0,0,0,,,,,9.0,,,
Henry Dryden,TE,2025,college_data,8.0,0,70.0,0.0,0,0,0,0,0,,0,0,0,0,0,,,,,8.75,,,
Hogan Hansen,TE,2024,college_data,7.0,0,78.0,1.0,0,0,0,0,0,,0,0,0,0,0,,,,,11.142857142857142,,,
Hogan Hansen,TE,2025,college_data,6.0,0,74.0,0.0,0,0,0,0,0,,0,0,0,0,0,,,,,12.333333333333334,,,
Holden Staes,TE,2024,college_data,15.0,0,131.0,1.0,0,0,0,0,0,,0,0,0,0,0,,,,,8.733333333333333,,,
Holden Staes,TE,2025,college_data,7.0,0,62.0,2.0,0,0,0,0,0,,0,0,0,0,0,,,,,8.857142857142858,,,
Holden Willis,TE,2024,college_data,53.0,0,871.0,6.0,0,0,0,0,0,,0,0,0,0,0,,,,,16.433962264150942,,,
Houston Thomas,TE,2024,college_data,34.0,0,470.0,3.0,0,0,0,0,0,,0,0,0,0,0,,,,,13.823529411764707,,,
Houston Thomas,TE,2025,college_data,34.0,0,347.0,2.0,0,0,0,0,0,,0,0,0,0,0,,,,,10.205882352941176,,,
Hudson Cedarland,TE,2025,college_data,2.0,0,5.0,1.0,0,0,0,0,0,,0,0,0,0,0,,,,,2.5,,,
Hudson Habermehl,TE,2025,college_data,20.0,0,138.0,0.0,0,0,0,0,0,,0,0,0,0,0,,,,,6.9,,,
Hunter Andrews,TE,2025,college_data,10.0,0,65.0,0.0,0,0,0,0,0,,0,0,0,0,0,,,,,6.5,,,
Hunter Barnhart,TE,2024,college_data,6.0,0,65.0,1.0,0,0,0,0,0,,0,0,0,0,0,,,,,10.833333333333334,,,
Hunter Brown,TE,2024,college_data,9.0,0,90.0,0.0,0,0,0,0,0,,0,0,0,0,0,,,,,10.0,,,
Hunter Bryant,TE,2020,nflreadpy,1.0,3,44.0,0.0,0,0,67,12,1,0.8291726466268301,0,1,1,1,1,0.4,0.02877070619006103,0.06096513385215833,3.0,44.0,14.666666666666666,5.4,1.8
Hunter Ditrano,TE,2025,college_data,5.0,0,32.0,1.0,0,0,0,0,0,,0,0,0,0,0,,,,,6.4,,,
Hunter Green,TE,2025,college_data,1.0,0,15.0,0.0,0,0,0,0,0,,0,0,0,0,0,,,,,15.0,,,
Hunter Henry,TE,2019,nflreadpy,55.0,76,652.0,5.0,1,1,779,159,36,2.0449230992659224,1,32,16,8,0,0.8532549194672211,0.18546006762010225,0.2115486892463243,12.0,11.854545454545455,54.333333333333336,150.2,12.516666666666666
Hunter Henry,TE,2020,nflreadpy,60.0,93,613.0,4.0,0,0,741,226,35,1.2969772884900739,0,29,10,5,0,1.1310351704434478,0.17853143022663964,0.17547237181505512,14.0,10.216666666666667,43.785714285714285,145.3,10.37857142857143
Hunter Henry,TE,2021,nflreadpy,51.0,79,633.0,9.0,0,0,783,151,35,1.8106630654616556,0,26,13,9,0,0.858561799727594,0.1451267988815574,0.1953273447232803,17.0,12.411764705882353,37.23529411764706,168.3,9.9
Hunter Henry,TE,2022,nflreadpy,41.0,59,509.0,2.0,0,0,454,203,23,0.8540373956218339,0,18,11,10,0,1.364565726261495,0.12395972921740932,0.13846779989314908,16.0,12.414634146341463,31.8125,103.9,6.49375
Hunter Henry,TE,2023,nflreadpy,42.0,61,419.0,6.0,1,0,538,78,29,1.4204315169889858,0,16,4,2,0,0.775702765527958,0.14677125957807535,0.19028412082395055,13.0,9.976190476190476,32.23076923076923,117.9,9.069230769230769
Hunter Henry,TE,2024,nflreadpy,66.0,97,674.0,2.0,0,0,682,268,40,1.5124159364380503,0,31,7,4,0,1.0967026976683132,0.20363373622869757,0.1893545868939549,16.0,10.212121212121213,42.125,145.4,9.0875
Hunter Henry,TE,2025,nflreadpy,69.0,102,880.0,8.0,0,0,844,370,46,2.039003681680693,0,41,22,12,0,1.5931425574795803,0.16643994905206277,0.1463508045350463,21.0,12.753623188405797,41.904761904761905,205.0,9.761904761904763
Hunter Henry,TE,2026,nflreadpy,12.0,15,133.0,0.0,0,0,119,64,6,0.019766934114159085,0,6,2,2,0,1.2432957393483708,0.1351062467997952,0.12054496211337329,4.0,11.083333333333334,33.25,25.3,6.325
Hunter Herring,TE,2025,college_data,4.0,0,17.0,0.0,0,0,0,0,0,,0,0,0,0,0,,,,,4.25,,,
Hunter Long,TE,2021,nflreadpy,1.0,3,8.0,0.0,0,0,10,4,0,-2.3352930394855016,0,0,0,0,0,0.6666666666666666,0.02804279270288611,0.011737026826540894,3.0,8.0,2.6666666666666665,1.8,0.6
Hunter Long,TE,2024,nflreadpy,8.0,11,73.0,0.0,0,0,80,30,3,0.32955902972025797,0,2,1,0,0,1.4724489795918367,0.03114816887195404,0.03169800257747001,12.0,9.125,6.083333333333333,15.3,1.2750000000000001
Hunter Long,TE,2025,nflreadpy,12.0,17,85.0,2.0,1,0,66,31,5,1.1098197697595293,0,2,0,0,0,1.5022435897435897,0.06851393951620674,0.03557249594419499,7.0,7.083333333333333,12.142857142857142,30.5,4.357142857142857
Hunter Long,TE,2026,nflreadpy,2.0,2,15.0,0.0,0,0,14,1,1,0.5528537038480863,0,1,0,0,0,1.0555555555555556,0.012142857142857143,0.013546202225447508,4.0,7.5,3.75,3.5,0.875
Hunter Provience,TE,2024,college_data,8.0,0,118.0,1.0,0,0,0,0,0,,0,0,0,0,0,,,,,14.75,,,
Hunter Provience,TE,2025,college_data,11.0,0,135.0,1.0,0,0,0,0,0,,0,0,0,0,0,,,,,12.272727272727273,,,
Hunter Talley,TE,2024,college_data,3.0,0,34.0,0.0,0,0,0,0,0,,0,0,0,0,0,,,,,11.333333333333334,,,
Hunter Tipton,TE,2024,college_data,5.0,0,23.0,0.0,0,0,0,0,0,,0,0,0,0,0,,,,,4.6,,,
Hunter Tipton,TE,2025,college_data,39.0,0,411.0,2.0,0,0,0,0,0,,0,0,0,0,0,,,,,10.538461538461538,,,
Hunter Welcing,TE,2024,college_data,1.0,0,20.0,0.0,0,0,0,0,0,,0,0,0,0,0,,,,,20.0,,,
Hunter Welcing,TE,2025,college_data,28.0,0,296.0,2.0,0,0,0,0,0,,0,0,0,0,0,,,,,10.571428571428571,,,
Huseyin Simsir,TE,2025,college_data,5.0,0,41.0,0.0,0,0,0,0,0,,0,0,0,0,0,,,,,8.2,,,
Hyatt Timosciek,TE,2025,college_data,18.0,0,181.0,0.0,0,0,0,0,0,,0,0,0,0,0,,,,,10.055555555555555,,,
Ian Schieffelin,TE,2025,college_data,2.0,0,10.0,0.0,0,0,0,0,0,,0,0,0,0,0,,,,,5.0,,,
Ian Simpson,TE,2024,college_data,16.0,0,185.0,3.0,0,0,0,0,0,,0,0,0,0,0,,,,,11.5625,,,
Ian Simpson,TE,2025,college_data,31.0,0,425.0,3.0,0,0,0,0,0,,0,0,0,0,0,,,,,13.709677419354838,,,
Ian Thomas,TE,2018,nflreadpy,36.0,49,333.0,2.0,0,0,303,158,20,-0.10191921601577913,0,11,6,4,0,1.1237234987234987,0.14145370654144712,0.09964291654917379,10.0,9.25,33.3,81.30000000000001,8.13
Ian Thomas,TE,2019,nflreadpy,16.0,30,136.0,1.0,0,0,204,77,10,-0.43258296159127285,0,7,2,0,0,0.8110952409972018,0.07312463702908674,0.055322884141615,10.0,8.5,13.6,35.6,3.56
Ian Thomas,TE,2020,nflreadpy,20.0,31,145.0,1.0,1,0,196,78,11,-0.423032332807242,0,4,1,1,0,1.0534081967632398,0.07214386710993045,0.05994422742574112,13.0,7.25,11.153846153846153,38.5,2.9615384615384617
Ian Thomas,TE,2021,nflreadpy,18.0,30,188.0,0.0,0,0,183,92,6,-1.1271141854106514,0,6,4,3,1,0.975218644404691,0.06583407215793699,0.051186854583089136,14.0,10.444444444444445,13.428571428571429,36.8,2.6285714285714286
Ian Thomas,TE,2022,nflreadpy,21.0,30,197.0,0.0,0,0,69,182,8,0.3083336238476197,0,6,2,1,1,1.7939872627372624,0.0905583465173306,0.007880253926862328,13.0,9.380952380952381,15.153846153846153,40.7,3.130769230769231
Ian Thomas,TE,2023,nflreadpy,5.0,9,56.0,0.0,0,0,78,33,1,-1.0965602690869543,0,1,1,1,0,1.43937575030012,0.04130527025794428,0.061859238627169105,8.0,11.2,7.0,10.600000000000001,1.3250000000000002
Ian Thomas,TE,2024,nflreadpy,3.0,6,7.0,0.0,0,0,24,6,1,-1.7081711616095465,0,0,0,0,0,0.5,0.07957604663487017,0.02873947285711992,3.0,2.3333333333333335,2.3333333333333335,3.7,1.2333333333333334
Ian Thomas,TE,2025,nflreadpy,13.0,13,114.0,0.0,0,0,42,72,5,0.7247637053951621,0,4,1,1,0,4.015686274509804,0.043432180159868945,0.02436243938622343,9.0,8.76923076923077,12.666666666666666,24.4,2.711111111111111
Ian Thomas,TE,2026,nflreadpy,3.0,3,43.0,1.0,0,0,26,17,3,2.145839189295657,0,2,1,1,0,6.14,0.03807471264367816,0.029179065154051203,2.0,14.333333333333334,21.5,13.3,6.65
Ikeem Wright,TE,2024,college_data,2.0,0,16.0,0.0,0,0,0,0,0,,0,0,0,0,0,,,,,8.0,,,
Ikeem Wright,TE,2025,college_data,12.0,0,130.0,1.0,0,0,0,0,0,,0,0,0,0,0,,,,,10.833333333333334,,,
Irv Smith,TE,2019,nflreadpy,39.0,50,350.0,2.0,1,0,293,147,18,0.8205231324348983,0,15,6,6,0,1.1669572673603361,0.11480198230290925,0.09279813852716812,15.0,8.974358974358974,23.333333333333332,84.0,5.6
Irv Smith,TE,2020,nflreadpy,30.0,43,365.0,5.0,0,0,346,126,22,2.403573486756649,1,18,7,6,0,1.143611770042029,0.11094106503717488,0.12721384841868308,13.0,12.166666666666666,28.076923076923077,98.5,7.576923076923077
Irv Smith,TE,2022,nflreadpy,26.0,38,185.0,3.0,1,0,167,91,10,-0.4590846655836213,0,8,1,0,0,1.008804687944473,0.11820759596297231,0.07099466427886332,9.0,7.115384615384615,20.555555555555557,60.5,6.722222222222222
Irv Smith,TE,2023,nflreadpy,18.0,26,115.0,1.0,1,1,105,66,5,-1.724584916669304,0,4,0,0,0,2.5222431077694236,0.07541344676828547,0.042097531469538985,10.0,6.388888888888889,11.5,33.5,3.35
Irv Smith,TE,2024,nflreadpy,1.0,1,2.0,0.0,0,0,2,0,0,-0.3595790392719209,0,0,0,0,0,1.0,0.03571428571428571,0.007407407407407408,1.0,2.0,2.0,1.2,1.2
Isaac Nauta,TE,2019,nflreadpy,2.0,3,13.0,0.0,0,0,4,8,1,0.2644643634557724,0,1,0,0,0,3.25,0.036413708690330476,0.0065701771091220725,2.0,6.5,6.5,3.3,1.65
Isaac Nauta,TE,2020,nflreadpy,1.0,2,3.0,0.0,0,0,3,0,0,-0.7323579596704803,0,0,0,0,0,1.0,0.03125,0.004451038575667656,2.0,3.0,1.5,1.3,0.65
Isaac Schoenfeld,TE,2024,college_data,1.0,0,7.0,0.0,0,0,0,0,0,,0,0,0,0,0,,,,,7.0,,,
Isaac Schoenfeld,TE,2025,college_data,1.0,0,8.0,0.0,0,0,0,0,0,,0,0,0,0,0,,,,,8.0,,,
Isaiah Gerena,TE,2024,college_data,13.0,0,110.0,0.0,0,0,0,0,0,,0,0,0,0,0,,,,,8.461538461538462,,,
Isaiah Grimes,TE,2024,college_data,4.0,0,29.0,1.0,0,0,0,0,0,,0,0,0,0,0,,,,,7.25,,,
Isaiah Grimes,TE,2025,college_data,23.0,0,200.0,3.0,0,0,0,0,0,,0,0,0,0,0,,,,,8.695652173913043,,,
Isaiah Likely,TE,2022,nflreadpy,36.0,60,373.0,3.0,0,0,405,151,18,-0.38237374691896026,0,17,8,4,0,0.7843697122412917,0.14826255955185977,0.1183237442837266,14.0,10.36111111111111,26.642857142857142,91.30000000000001,6.521428571428572
Isaiah Likely,TE,2023,nflreadpy,34.0,46,461.0,6.0,0,0,316,239,18,2.1112845897926236,0,19,11,6,1,2.468611054177769,0.10227380249758766,0.0887731092918976,16.0,13.558823529411764,28.8125,116.1,7.25625
Isaiah Likely,TE,2024,nflreadpy,49.0,67,603.0,7.0,1,1,590,297,30,2.092952526119838,0,22,12,7,2,3.8306037305709215,0.14167288448782342,0.15160586905507367,17.0,12.306122448979592,35.470588235294116,149.3,8.782352941176471
Isaiah Likely,TE,2025,nflreadpy,27.0,36,307.0,1.0,2,1,287,117,11,0.49049275158623035,0,11,4,4,1,1.1818989262574429,0.11997037649051716,0.12003379261315689,12.0,11.37037037037037,25.583333333333332,59.7,4.9750000000000005
Isaiah Likely,TE,2026,nflreadpy,22.0,35,190.0,2.0,1,0,245,51,13,1.4133691533355228,0,8,2,1,0,0.7786458333333334,0.3100626026272578,0.22343702885881767,4.0,8.636363636363637,47.5,51.0,12.75
Ismael Smith Flores,TE,2025,college_data,19.0,0,227.0,6.0,0,0,0,0,0,,0,0,0,0,0,,,,,11.947368421052632,,,
Ivan Drobocky,TE,2024,college_data,14.0,0,77.0,0.0,0,0,0,0,0,,0,0,0,0,0,,,,,5.5,,,
Izayah Cummings,TE,2024,college_data,3.0,0,33.0,0.0,0,0,0,0,0,,0,0,0,0,0,,,,,11.0,,,
Izayah Cummings,TE,2025,college_data,37.0,0,374.0,1.0,0,0,0,0,0,,0,0,0,0,0,,,,,10.108108108108109,,,
J.C. Sivley,TE,2024,college_data,1.0,0,9.0,0.0,0,0,0,0,0,,0,0,0,0,0,,,,,9.0,,,
J.C. Sivley,TE,2025,college_data,6.0,0,59.0,0.0,0,0,0,0,0,,0,0,0,0,0,,,,,9.833333333333334,,,
J.P. Holtz,TE,2019,nflreadpy,7.0,8,91.0,0.0,0,0,16,79,4,1.1057969729881734,0,4,3,1,0,3.2133333333333334,0.030505865102639296,0.010633752832521633,8.0,13.0,11.375,16.1,2.0125
J.P. Murphy,TE,2024,college_data,4.0,0,51.0,1.0,0,0,0,0,0,,0,0,0,0,0,,,,,12.75,,,
J.T. Byrne,TE,2025,college_data,6.0,0,42.0,2.0,0,0,0,0,0,,0,0,0,0,0,,,,,7.0,,,
J.T. Seagreaves,TE,2024,college_data,4.0,0,44.0,0.0,0,0,0,0,0,,0,0,0,0,0,,,,,11.0,,,
JJ Galbreath,TE,2024,college_data,32.0,0,469.0,4.0,0,0,0,0,0,,0,0,0,0,0,,,,,14.65625,,,
JP Mikhael,TE,2025,college_data,2.0,0,7.0,0.0,0,0,0,0,0,,0,0,0,0,0,,,,,3.5,,,
Ja'Ricous Hairston,TE,2025,college_data,12.0,0,112.0,3.0,0,0,0,0,0,,0,0,0,0,0,,,,,9.333333333333334,,,
Ja'Tavion Sanders,TE,2024,nflreadpy,33.0,43,342.0,1.0,1,0,268,190,13,0.7767041252030589,0,13,7,6,1,2.0853394480972107,0.1030362658807554,0.09131566812513907,15.0,10.363636363636363,22.8,71.2,4.746666666666667
Ja'Tavion Sanders,TE,2025,nflreadpy,29.0,34,190.0,1.0,0,0,164,86,8,0.4015449823965062,0,5,1,0,0,2.89298384542287,0.0915680000100193,0.05343641961402524,12.0,6.551724137931035,15.833333333333334,54.0,4.5
JaCorey Hyder,TE,2024,college_data,13.0,0,180.0,1.0,0,0,0,0,0,,0,0,0,0,0,,,,,13.846153846153847,,,
JaCorey Hyder,TE,2025,college_data,16.0,0,221.0,2.0,0,0,0,0,0,,0,0,0,0,0,,,,,13.8125,,,
Jabari Bush,TE,2025,college_data,10.0,0,70.0,0.0,0,0,0,0,0,,0,0,0,0,0,,,,,7.0,,,
Jace Henry,TE,2024,college_data,7.0,0,49.0,2.0,0,0,0,0,0,,0,0,0,0,0,,,,,7.0,,,
Jace Henry,TE,2025,college_data,7.0,0,43.0,0.0,0,0,0,0,0,,0,0,0,0,0,,,,,6.142857142857143,,,
Jace Sternberger,TE,2019,nflreadpy,3.0,4,15.0,1.0,0,0,22,6,2,1.0998185105757632,0,0,0,0,0,0.43333333333333335,0.027309127309127313,0.016999381517716544,5.0,5.0,3.0,10.5,2.1
Jace Sternberger,TE,2020,nflreadpy,12.0,15,114.0,1.0,0,0,103,66,6,0.41775262260592816,0,5,2,2,0,1.8365079365079366,0.05574110968808753,0.03825060793694035,8.0,9.5,14.25,29.4,3.675
Jack Bohm-Squicciarini,TE,2025,college_data,5.0,0,42.0,0.0,0,0,0,0,0,,0,0,0,0,0,,,,,8.4,,,
Jack Coldiron,TE,2024,college_data,13.0,0,139.0,0.0,0,0,0,0,0,,0,0,0,0,0,,,,,10.692307692307692,,,
Jack Comeau,TE,2024,college_data,2.0,0,28.0,0.0,0,0,0,0,0,,0,0,0,0,0,,,,,14.0,,,
Jack Donnelly,TE,2025,college_data,5.0,0,68.0,0.0,0,0,0,0,0,,0,0,0,0,0,,,,,13.6,,,
Jack Doyle,TE,2018,nflreadpy,26.0,33,245.0,2.0,1,1,179,108,14,0.1277073225065163,0,11,3,1,0,1.4684980404645156,0.15218598337634107,0.13029463359607854,6.0,9.423076923076923,40.833333333333336,60.5,10.083333333333334
Jack Doyle,TE,2019,nflreadpy,43.0,72,448.0,4.0,1,0,491,216,29,0.16746909213502556,0,21,10,4,0,1.562549071801042,0.1433267586120847,0.11409291299278031,16.0,10.418604651162791,28.0,109.80000000000001,6.862500000000001
Jack Doyle,TE,2020,nflreadpy,30.0,42,321.0,4.0,1,1,300,101,17,1.2575047471682939,1,14,6,3,0,1.2338072340406732,0.08487617406204881,0.07181500857699954,14.0,10.7,22.928571428571427,86.1,6.1499999999999995
Jack Doyle,TE,2021,nflreadpy,29.0,43,302.0,3.0,0,0,285,125,18,0.7890644360443259,1,15,4,3,0,0.8998512475569438,0.09527006400791721,0.08356801984884075,15.0,10.413793103448276,20.133333333333333,79.2,5.28
Jack Endries,TE,2024,college_data,56.0,0,623.0,2.0,0,0,0,0,0,,0,0,0,0,0,,,,,11.125,,,
Jack Endries,TE,2025,college_data,33.0,0,346.0,3.0,0,0,0,0,0,,0,0,0,0,0,,,,,10.484848484848484,,,
Jack Ewell,TE,2025,college_data,2.0,0,15.0,0.0,0,0,0,0,0,,0,0,0,0,0,,,,,7.5,,,
Jack Ihry,TE,2024,college_data,1.0,0,23.0,0.0,0,0,0,0,0,,0,0,0,0,0,,,,,23.0,,,
Jack Larsen,TE,2024,college_data,2.0,0,17.0,0.0,0,0,0,0,0,,0,0,0,0,0,,,,,8.5,,,
Jack Larsen,TE,2025,college_data,3.0,0,30.0,0.0,0,0,0,0,0,,0,0,0,0,0,,,,,10.0,,,
Jack Neri,TE,2024,college_data,32.0,0,329.0,5.0,0,0,0,0,0,,0,0,0,0,0,,,,,10.28125,,,
Jack Neri,TE,2025,college_data,13.0,0,119.0,4.0,0,0,0,0,0,,0,0,0,0,0,,,,,9.153846153846153,,,
Jack Nickel,TE,2024,college_data,1.0,0,6.0,0.0,0,0,0,0,0,,0,0,0,0,0,,,,,6.0,,,
Jack Pedersen,TE,2024,college_data,12.0,0,126.0,1.0,0,0,0,0,0,,0,0,0,0,0,,,,,10.5,,,
Jack Pedersen,TE,2025,college_data,11.0,0,72.0,0.0,0,0,0,0,0,,0,0,0,0,0,,,,,6.545454545454546,,,
Jack Perozek,TE,2024,college_data,1.0,0,15.0,0.0,0,0,0,0,0,,0,0,0,0,0,,,,,15.0,,,
Jack Perozek,TE,2025,college_data,2.0,0,15.0,0.0,0,0,0,0,0,,0,0,0,0,0,,,,,7.5,,,
Jack Sammarco,TE,2024,college_data,1.0,0,4.0,0.0,0,0,0,0,0,,0,0,0,0,0,,,,,4.0,,,
Jack Stanton,TE,2025,college_data,7.0,0,35.0,0.0,0,0,0,0,0,,0,0,0,0,0,,,,,5.0,,,
Jack Stoll,TE,2021,nflreadpy,4.0,5,22.0,0.0,0,0,14,20,0,-0.17050608934627945,0,0,0,0,0,0.7083333333333334,0.0339035964035964,0.0058242723546402825,7.0,5.5,3.142857142857143,6.2,0.8857142857142858
Jack Stoll,TE,2022,nflreadpy,12.0,15,128.0,0.0,0,0,95,49,5,0.7790027653245488,0,5,2,2,0,1.8486015325670497,0.0466588054742012,0.031742327123823286,11.0,10.666666666666666,11.636363636363637,24.8,2.2545454545454544
Jack Stoll,TE,2023,nflreadpy,5.0,8,38.0,0.0,0,0,25,25,2,-0.4390873364522122,0,2,0,0,0,2.1666666666666665,0.04725405313640607,0.014446850435622135,6.0,7.6,6.333333333333333,8.8,1.4666666666666668
Jack Stoll,TE,2024,nflreadpy,2.0,3,10.0,0.0,0,0,12,2,0,-0.3213478690304328,0,0,0,0,0,0.8857142857142857,0.024319419237749544,0.010780346820809248,5.0,5.0,2.0,3.0,0.6
Jack Stoll,TE,2025,nflreadpy,6.0,11,46.0,1.0,0,0,34,17,2,-0.6292666318186093,0,1,0,0,0,1.1972222222222222,0.034832874020269466,0.00837032117037518,9.0,7.666666666666667,5.111111111111111,16.6,1.8444444444444446
Jack Van Dorselaer,TE,2025,college_data,5.0,0,23.0,1.0,0,0,0,0,0,,0,0,0,0,0,,,,,4.6,,,
Jack Velling,TE,2024,college_data,36.0,0,411.0,1.0,0,0,0,0,0,,0,0,0,0,0,,,,,11.416666666666666,,,
Jack Velling,TE,2025,college_data,36.0,0,359.0,3.0,0,0,0,0,0,,0,0,0,0,0,,,,,9.972222222222221,,,
Jack Westover,TE,2025,nflreadpy,2.0,3,8.0,0.0,0,0,8,2,1,0.0567124760709703,0,0,0,0,0,0.6666666666666666,0.024303959131545337,0.0056711590296495955,5.0,4.0,1.6,2.8,0.5599999999999999
Jack Young Jr.,TE,2024,college_data,1.0,0,-4.0,0.0,0,0,0,0,0,,0,0,0,0,0,,,,,-4.0,,,
Jackson Acker,TE,2024,college_data,5.0,0,29.0,0.0,0,0,0,0,0,,0,0,0,0,0,,,,,5.8,,,
Jackson Acker,TE,2025,college_data,8.0,0,66.0,1.0,0,0,0,0,0,,0,0,0,0,0,,,,,8.25,,,
Jackson Blee,TE,2024,college_data,3.0,0,36.0,0.0,0,0,0,0,0,,0,0,0,0,0,,,,,12.0,,,
Jackson Blee,TE,2025,college_data,25.0,0,311.0,3.0,0,0,0,0,0,,0,0,0,0,0,,,,,12.44,,,
Jackson Canaan,TE,2024,college_data,28.0,0,314.0,2.0,0,0,0,0,0,,0,0,0,0,0,,,,,11.214285714285714,,,
Jackson Canaan,TE,2025,college_data,33.0,0,315.0,0.0,0,0,0,0,0,,0,0,0,0,0,,,,,9.545454545454545,,,
Jackson Conners-McCarthy,TE,2024,college_data,48.0,0,428.0,2.0,0,0,0,0,0,,0,0,0,0,0,,,,,8.916666666666666,,,
Jackson Conners-McCarthy,TE,2025,college_data,14.0,0,78.0,0.0,0,0,0,0,0,,0,0,0,0,0,,,,,5.571428571428571,,,
Jackson Ford,TE,2025,college_data,10.0,0,86.0,1.0,0,0,0,0,0,,0,0,0,0,0,,,,,8.6,,,
Jackson Gister,TE,2025,college_data,1.0,0,11.0,0.0,0,0,0,0,0,,0,0,0,0,0,,,,,11.0,,,
Jackson Hawes,TE,2024,college_data,16.0,0,195.0,0.0,0,0,0,0,0,,0,0,0,0,0,,,,,12.1875,,,
Jackson Hawes,TE,2025,nflreadpy,16.0,19,187.0,3.0,0,0,139,91,13,1.1410199450687146,0,8,5,2,0,1.755448717948718,0.05248091941414923,0.04588200875271298,14.0,11.6875,13.357142857142858,52.7,3.7642857142857147
Jackson Head,TE,2024,college_data,15.0,0,102.0,1.0,0,0,0,0,0,,0,0,0,0,0,,,,,6.8,,,
Jackson Head,TE,2025,college_data,15.0,0,171.0,1.0,0,0,0,0,0,,0,0,0,0,0,,,,,11.4,,,
Jackson Kostmayer,TE,2025,college_data,4.0,0,35.0,0.0,0,0,0,0,0,,0,0,0,0,0,,,,,8.75,,,
Jackson Lowe,TE,2024,college_data,7.0,0,68.0,3.0,0,0,0,0,0,,0,0,0,0,0,,,,,9.714285714285714,,,
Jackson Lowe,TE,2025,college_data,11.0,0,77.0,1.0,0,0,0,0,0,,0,0,0,0,0,,,,,7.0,,,
Jackson Manning,TE,2024,college_data,1.0,0,6.0,0.0,0,0,0,0,0,,0,0,0,0,0,,,,,6.0,,,
Jackson Pryor,TE,2024,college_data,14.0,0,223.0,2.0,0,0,0,0,0,,0,0,0,0,0,,,,,15.928571428571429,,,
Jackson Pryor,TE,2025,college_data,4.0,0,50.0,1.0,0,0,0,0,0,,0,0,0,0,0,,,,,12.5,,,
Jackson Verdugo,TE,2025,college_data,10.0,0,101.0,1.0,0,0,0,0,0,,0,0,0,0,0,,,,,10.1,,,
Jackson West,TE,2025,college_data,8.0,0,80.0,1.0,0,0,0,0,0,,0,0,0,0,0,,,,,10.0,,,
Jackson Willette,TE,2024,college_data,5.0,0,43.0,0.0,0,0,0,0,0,,0,0,0,0,0,,,,,8.6,,,
Jackson Worley,TE,2024,college_data,4.0,0,31.0,1.0,0,0,0,0,0,,0,0,0,0,0,,,,,7.75,,,
Jackson Worley,TE,2025,college_data,7.0,0,57.0,1.0,0,0,0,0,0,,0,0,0,0,0,,,,,8.142857142857142,,,
Jacob Barrick,TE,2024,college_data,6.0,0,70.0,0.0,0,0,0,0,0,,0,0,0,0,0,,,,,11.666666666666666,,,
Jacob Barrick,TE,2025,college_data,9.0,0,69.0,0.0,0,0,0,0,0,,0,0,0,0,0,,,,,7.666666666666667,,,
Jacob Coleman,TE,2024,college_data,2.0,0,17.0,0.0,0,0,0,0,0,,0,0,0,0,0,,,,,8.5,,,
Jacob Harris,TE,2024,college_data,2.0,0,5.0,0.0,0,0,0,0,0,,0,0,0,0,0,,,,,2.5,,,
Jacob Harris,TE,2025,college_data,19.0,0,182.0,5.0,0,0,0,0,0,,0,0,0,0,0,,,,,9.578947368421053,,,
Jacob Hollister,TE,2018,nflreadpy,4.0,5,52.0,0.0,0,0,41,16,2,0.8331583956023678,0,2,2,1,0,1.2330917874396135,0.045238095238095244,0.05308775731310942,3.0,13.0,17.333333333333332,9.2,3.0666666666666664
Jacob Hollister,TE,2019,nflreadpy,48.0,69,412.0,3.0,0,0,398,192,18,-0.36536564817542977,0,16,8,3,0,0.9290675494933524,0.18365794010840816,0.1090942226514705,12.0,8.583333333333334,34.333333333333336,107.2,8.933333333333334
Jacob Hollister,TE,2020,nflreadpy,25.0,45,209.0,3.0,0,0,298,80,14,0.2060102690667387,1,9,4,1,0,1.2297915168777538,0.09852114757058729,0.06956325729892651,14.0,8.36,14.928571428571429,65.9,4.707142857142857
Jacob Hollister,TE,2021,nflreadpy,9.0,14,55.0,1.0,0,0,66,31,2,-2.0762934841986667,0,1,0,0,0,4.153483992467043,0.06273577612863326,0.03699276465189284,7.0,6.111111111111111,7.857142857142857,20.5,2.9285714285714284
Jacob Jenkins,TE,2024,college_data,10.0,0,99.0,2.0,0,0,0,0,0,,0,0,0,0,0,,,,,9.9,,,
Jacob Jenkins,TE,2025,college_data,14.0,0,191.0,2.0,0,0,0,0,0,,0,0,0,0,0,,,,,13.642857142857142,,,
Jacob Newell,TE,2024,college_data,35.0,0,254.0,2.0,0,0,0,0,0,,0,0,0,0,0,,,,,7.257142857142857,,,
Jacob Newell,TE,2025,college_data,4.0,0,14.0,0.0,0,0,0,0,0,,0,0,0,0,0,,,,,3.5,,,
Jacob Orlando,TE,2024,college_data,11.0,0,101.0,2.0,0,0,0,0,0,,0,0,0,0,0,,,,,9.181818181818182,,,
Jacob Petersen,TE,2024,college_data,33.0,0,482.0,6.0,0,0,0,0,0,,0,0,0,0,0,,,,,14.606060606060606,,,
Jacob Petersen,TE,2025,college_data,25.0,0,335.0,3.0,0,0,0,0,0,,0,0,0,0,0,,,,,13.4,,,
Jacob Ritchie,TE,2025,college_data,6.0,0,68.0,1.0,0,0,0,0,0,,0,0,0,0,0,,,,,11.333333333333334,,,
Jacob Simpson,TE,2024,college_data,1.0,0,4.0,0.0,0,0,0,0,0,,0,0,0,0,0,,,,,4.0,,,
Jacob Stewart,TE,2024,college_data,34.0,0,287.0,3.0,0,0,0,0,0,,0,0,0,0,0,,,,,8.441176470588236,,,
Jacob Stewart,TE,2025,college_data,4.0,0,70.0,1.0,0,0,0,0,0,,0,0,0,0,0,,,,,17.5,,,
Jaden Allen,TE,2024,college_data,1.0,0,4.0,0.0,0,0,0,0,0,,0,0,0,0,0,,,,,4.0,,,
Jaden Allen,TE,2025,college_data,19.0,0,187.0,1.0,0,0,0,0,0,,0,0,0,0,0,,,,,9.842105263157896,,,
Jaden Fowler,TE,2025,college_data,5.0,0,45.0,0.0,0,0,0,0,0,,0,0,0,0,0,,,,,9.0,,,
Jaden Norby,TE,2024,college_data,4.0,0,19.0,0.0,0,0,0,0,0,,0,0,0,0,0,,,,,4.75,,,
Jaden Platt,TE,2025,college_data,21.0,0,296.0,2.0,0,0,0,0,0,,0,0,0,0,0,,,,,14.095238095238095,,,
Jaden Reddell,TE,2024,college_data,2.0,0,18.0,0.0,0,0,0,0,0,,0,0,0,0,0,,,,,9.0,,,
Jaden Reddell,TE,2025,college_data,1.0,0,9.0,0.0,0,0,0,0,0,,0,0,0,0,0,,,,,9.0,,,
Jaeden Graham,TE,2019,nflreadpy,9.0,10,149.0,1.0,0,0,86,73,7,2.301388665859122,0,7,4,3,1,3.667960439307688,0.023717828903877372,0.02256564470621209,10.0,16.555555555555557,14.9,29.9,2.9899999999999998
Jaeden Graham,TE,2020,nflreadpy,3.0,5,25.0,0.0,0,0,18,14,1,-0.011433823587140068,0,1,0,0,0,2.34375,0.01761281370656371,0.008540012169953858,8.0,8.333333333333334,3.125,5.5,0.6875
Jaelyn Lay,TE,2024,college_data,2.0,0,17.0,0.0,0,0,0,0,0,,0,0,0,0,0,,,,,8.5,,,
Jaheim Bell,TE,2024,nflreadpy,2.0,3,20.0,0.0,0,0,23,5,1,-0.0017081267239215474,0,1,1,0,0,0.37254901960784315,0.022095584595584597,0.021356538276416655,4.0,10.0,5.0,4.0,1.0
Jaiden Dozier,TE,2025,college_data,14.0,0,144.0,1.0,0,0,0,0,0,,0,0,0,0,0,,,,,10.285714285714286,,,
Jake Appleget,TE,2024,college_data,4.0,0,45.0,0.0,0,0,0,0,0,,0,0,0,0,0,,,,,11.25,,,
Jake Appleget,TE,2025,college_data,7.0,0,57.0,1.0,0,0,0,0,0,,0,0,0,0,0,,,,,8.142857142857142,,,
Jake Boust,TE,2024,college_data,4.0,0,30.0,0.0,0,0,0,0,0,,0,0,0,0,0,,,,,7.5,,,
Jake Briningstool,TE,2024,college_data,49.0,0,530.0,7.0,0,0,0,0,0,,0,0,0,0,0,,,,,10.816326530612244,,,
Jake Briningstool,TE,2026,nflreadpy,1.0,2,9.0,0.0,0,0,10,5,0,0.10612160632445011,0,0,0,0,0,1.125,0.02782608695652174,0.022447422905088808,3.0,9.0,3.0,1.9,0.6333333333333333
Jake Bruno,TE,2024,college_data,2.0,0,3.0,0.0,0,0,0,0,0,,0,0,0,0,0,,,,,1.5,,,
Jake Bruno,TE,2025,college_data,8.0,0,78.0,2.0,0,0,0,0,0,,0,0,0,0,0,,,,,9.75,,,
Jake Butt,TE,2018,nflreadpy,8.0,13,85.0,0.0,0,0,97,44,4,-2.6124921967081414,0,3,2,2,0,0.843073593073593,0.12242332830568126,0.10140722472073117,3.0,10.625,28.333333333333332,16.5,5.5
Jake Butt,TE,2020,nflreadpy,2.0,4,5.0,0.0,0,0,7,2,0,-1.834609566295209,0,0,0,0,0,0.625,0.03113251879699248,0.006292041417882246,4.0,2.5,1.25,2.5,0.625
Jake Clemons,TE,2024,college_data,2.0,0,-1.0,0.0,0,0,0,0,0,,0,0,0,0,0,,,,,-0.5,,,
Jake Cox,TE,2024,college_data,4.0,0,48.0,2.0,0,0,0,0,0,,0,0,0,0,0,,,,,12.0,,,
Jake Cox,TE,2025,college_data,10.0,0,99.0,2.0,0,0,0,0,0,,0,0,0,0,0,,,,,9.9,,,
Jake Ferguson,TE,2022,nflreadpy,20.0,23,208.0,2.0,0,0,79,156,9,0.8594279897410159,0,7,4,4,0,2.7898526077097507,0.06065469154435723,0.02227150440470682,12.0,10.4,17.333333333333332,52.8,4.3999999999999995
Jake Ferguson,TE,2023,nflreadpy,81.0,114,854.0,8.0,0,0,589,452,47,2.394714573613971,0,41,13,9,1,2.490691116153454,0.1704115169256312,0.10548668402789566,18.0,10.54320987654321,47.44444444444444,214.4,11.911111111111111
Jake Ferguson,TE,2024,nflreadpy,59.0,86,494.0,0.0,4,2,360,309,18,-0.9079332297908392,0,18,10,6,0,1.46951605071274,0.1737511880793369,0.09164892488782235,14.0,8.372881355932204,35.285714285714285,100.4,7.171428571428572
Jake Ferguson,TE,2025,nflreadpy,82.0,102,600.0,8.0,3,2,475,307,30,1.1211874656147653,1,23,9,2,0,1.252200401223094,0.16479808966849088,0.08937816070585188,17.0,7.317073170731708,35.294117647058826,186.0,10.941176470588236
Jake Ferguson,TE,2026,nflreadpy,12.0,15,83.0,3.0,1,1,65,30,5,0.37689644106285414,0,4,1,0,0,1.2526340996168583,0.10343054513628407,0.06290458775853539,4.0,6.916666666666667,20.75,36.3,9.075
Jake Johnson,TE,2024,college_data,2.0,0,21.0,0.0,0,0,0,0,0,,0,0,0,0,0,,,,,10.5,,,
Jake Johnson,TE,2025,college_data,16.0,0,149.0,1.0,0,0,0,0,0,,0,0,0,0,0,,,,,9.3125,,,
Jake Kucera,TE,2025,college_data,2.0,0,20.0,1.0,0,0,0,0,0,,0,0,0,0,0,,,,,10.0,,,
Jake Norris,TE,2024,college_data,4.0,0,53.0,0.0,0,0,0,0,0,,0,0,0,0,0,,,,,13.25,,,
Jake Norris,TE,2025,college_data,1.0,0,23.0,0.0,0,0,0,0,0,,0,0,0,0,0,,,,,23.0,,,
Jake Olson,TE,2024,college_data,3.0,0,18.0,1.0,0,0,0,0,0,,0,0,0,0,0,,,,,6.0,,,
Jake Olson,TE,2025,college_data,1.0,0,1.0,1.0,0,0,0,0,0,,0,0,0,0,0,,,,,1.0,,,
Jake Overman,TE,2024,college_data,17.0,0,160.0,1.0,0,0,0,0,0,,0,0,0,0,0,,,,,9.411764705882353,,,
Jake Overman,TE,2025,college_data,10.0,0,78.0,1.0,0,0,0,0,0,,0,0,0,0,0,,,,,7.8,,,
Jake Roberts,TE,2024,college_data,12.0,0,112.0,2.0,0,0,0,0,0,,0,0,0,0,0,,,,,9.333333333333334,,,
Jake Scobey,TE,2025,college_data,2.0,0,9.0,0.0,0,0,0,0,0,,0,0,0,0,0,,,,,4.5,,,
Jake Tarwater,TE,2024,college_data,5.0,0,20.0,0.0,0,0,0,0,0,,0,0,0,0,0,,,,,4.0,,,
Jake Tarwater,TE,2025,college_data,5.0,0,52.0,0.0,0,0,0,0,0,,0,0,0,0,0,,,,,10.4,,,
Jake Taylor,TE,2024,college_data,11.0,0,74.0,0.0,0,0,0,0,0,,0,0,0,0,0,,,,,6.7272727272727275,,,
Jake Taylor,TE,2025,college_data,2.0,0,20.0,0.0,0,0,0,0,0,,0,0,0,0,0,,,,,10.0,,,
Jake Tonges,TE,2025,nflreadpy,40.0,55,366.0,5.0,1,1,320,172,26,1.0792007642303398,0,18,5,2,0,1.3798932669387216,0.12833885174748302,0.09396601543447458,12.0,9.15,30.5,104.6,8.716666666666667
Jake Vickers,TE,2024,college_data,5.0,0,44.0,0.0,0,0,0,0,0,,0,0,0,0,0,,,,,8.8,,,
Jake Woods,TE,2024,college_data,19.0,0,161.0,3.0,0,0,0,0,0,,0,0,0,0,0,,,,,8.473684210526315,,,
Jake Woods,TE,2025,college_data,2.0,0,30.0,0.0,0,0,0,0,0,,0,0,0,0,0,,,,,15.0,,,
Jake Young,TE,2024,college_data,27.0,0,303.0,2.0,0,0,0,0,0,,0,0,0,0,0,,,,,11.222222222222221,,,
Jake Young,TE,2025,college_data,4.0,0,30.0,0.0,0,0,0,0,0,,0,0,0,0,0,,,,,7.5,,,
Jakobie Hughes,TE,2025,college_data,6.0,0,56.0,1.0,0,0,0,0,0,,0,0,0,0,0,,,,,9.333333333333334,,,
Jaleel Skinner,TE,2024,college_data,1.0,0,4.0,0.0,0,0,0,0,0,,0,0,0,0,0,,,,,4.0,,,
Jaleel Skinner,TE,2025,college_data,21.0,0,204.0,2.0,0,0,0,0,0,,0,0,0,0,0,,,,,9.714285714285714,,,
Jalen Butler,TE,2025,college_data,9.0,0,59.0,1.0,0,0,0,0,0,,0,0,0,0,0,,,,,6.555555555555555,,,
Jalen Williams,TE,2025,college_data,18.0,0,137.0,1.0,0,0,0,0,0,,0,0,0,0,0,,,,,7.611111111111111,,,
Jalin Conyers,TE,2024,college_data,25.0,0,271.0,5.0,0,0,0,0,0,,0,0,0,0,0,,,,,10.84,,,
Jamari Johnson,TE,2024,college_data,13.0,0,158.0,1.0,0,0,0,0,0,,0,0,0,0,0,,,,,12.153846153846153,,,
Jamari Johnson,TE,2025,college_data,32.0,0,510.0,3.0,0,0,0,0,0,,0,0,0,0,0,,,,,15.9375,,,
Jamauri Chislom,TE,2024,college_data,1.0,0,3.0,1.0,0,0,0,0,0,,0,0,0,0,0,,,,,3.0,,,
Jamauri Chislom,TE,2025,college_data,14.0,0,98.0,0.0,0,0,0,0,0,,0,0,0,0,0,,,,,7.0,,,
James Bomba,TE,2024,college_data,1.0,0,2.0,0.0,0,0,0,0,0,,0,0,0,0,0,,,,,2.0,,,
James Della Pesca,TE,2024,college_data,14.0,0,131.0,0.0,0,0,0,0,0,,0,0,0,0,0,,,,,9.357142857142858,,,
James Falk,TE,2025,college_data,3.0,0,30.0,0.0,0,0,0,0,0,,0,0,0,0,0,,,,,10.0,,,
James Miller,TE,2024,college_data,1.0,0,9.0,0.0,0,0,0,0,0,,0,0,0,0,0,,,,,9.0,,,
James Mitchell,TE,2022,nflreadpy,11.0,11,113.0,1.0,0,0,51,62,7,1.251216485958139,0,4,2,2,0,2.0454545454545454,0.043506702651992815,0.03183580081394783,8.0,10.272727272727273,14.125,28.3,3.5375
James Mitchell,TE,2023,nflreadpy,2.0,2,28.0,0.0,0,0,16,12,1,0.6693745111334137,0,1,1,1,0,2.8,0.031754032258064516,0.0314442850310856,2.0,14.0,14.0,4.800000000000001,2.4000000000000004
James Mitchell,TE,2025,nflreadpy,3.0,4,28.0,0.0,0,0,10,21,2,-0.41105196842302877,0,1,0,0,0,4.611111111111112,0.04218802135468802,0.014156097502257901,3.0,9.333333333333334,9.333333333333334,5.800000000000001,1.9333333333333336
James O'Shaughnessy,TE,2018,nflreadpy,24.0,38,214.0,0.0,0,0,228,122,10,-0.3119163917525349,0,10,4,0,0,1.0228736549824082,0.08584343506779221,0.06614521098229664,14.0,8.916666666666666,15.285714285714286,45.400000000000006,3.2428571428571433
James O'Shaughnessy,TE,2019,nflreadpy,14.0,20,153.0,2.0,0,0,121,81,7,1.4822206700973468,0,5,3,1,0,2.937205651491366,0.11954545454545455,0.07588883232791142,5.0,10.928571428571429,30.6,41.3,8.26
James O'Shaughnessy,TE,2020,nflreadpy,28.0,38,262.0,0.0,0,0,274,94,12,0.6198661095647142,0,11,3,3,0,1.1920766795116067,0.06955969718618808,0.05592455547898167,15.0,9.357142857142858,17.466666666666665,54.2,3.6133333333333337
James O'Shaughnessy,TE,2021,nflreadpy,24.0,34,244.0,0.0,0,0,226,114,10,0.34391401579323516,1,8,5,5,0,1.1237716306681824,0.13058556452284675,0.11816498625504443,7.0,10.166666666666666,34.857142857142854,50.400000000000006,7.200000000000001
James Welde,TE,2024,college_data,1.0,0,5.0,1.0,0,0,0,0,0,,0,0,0,0,0,,,,,5.0,,,
Jameson Geers,TE,2024,college_data,27.0,0,286.0,4.0,0,0,0,0,0,,0,0,0,0,0,,,,,10.592592592592593,,,
Jameson Geers,TE,2025,college_data,26.0,0,206.0,4.0,0,0,0,0,0,,0,0,0,0,0,,,,,7.923076923076923,,,
Jared Casey,TE,2024,college_data,18.0,0,203.0,2.0,0,0,0,0,0,,0,0,0,0,0,,,,,11.277777777777779,,,
Jared Cook,TE,2018,nflreadpy,68.0,101,896.0,6.0,0,0,840,343,46,1.726828889237892,0,39,22,15,1,1.4275986826134535,0.18372883445636523,0.2080825681369305,16.0,13.176470588235293,56.0,193.60000000000002,12.100000000000001
Jared Cook,TE,2019,nflreadpy,48.0,70,759.0,9.0,0,0,705,275,36,2.646120856289159,0,30,23,15,2,1.2107371435269025,0.13620871666713605,0.20094607554716135,15.0,15.8125,50.6,177.9,11.860000000000001
Jared Cook,TE,2020,nflreadpy,46.0,74,572.0,7.0,2,2,804,147,29,1.00157955876963,0,24,12,6,3,0.7262427523854443,0.13347240928038237,0.24532459567154696,17.0,12.434782608695652,33.64705882352941,141.2,8.305882352941175
Jared Cook,TE,2021,nflreadpy,48.0,83,564.0,4.0,0,0,685,238,31,0.3923707321830929,2,28,12,7,1,0.941448724206818,0.1329995378618899,0.13881020243060951,16.0,11.75,35.25,132.4,8.275
Jared Dunn,TE,2024,college_data,18.0,0,187.0,0.0,0,0,0,0,0,,0,0,0,0,0,,,,,10.38888888888889,,,
Jared Gibble,TE,2025,college_data,1.0,0,2.0,0.0,0,0,0,0,0,,0,0,0,0,0,,,,,2.0,,,
Jared Wiley,TE,2024,nflreadpy,1.0,1,7.0,0.0,0,0,4,3,0,-0.145088373683393,0,0,0,0,0,1.75,0.043478260869565216,0.038461538461538464,1.0,7.0,7.0,1.7000000000000002,1.7000000000000002
Jared Wiley,TE,2025,nflreadpy,1.0,1,4.0,0.0,0,0,-4,8,1,2.5656458348967135,0,0,0,0,0,0.0,0.015625,-0.008333333333333333,2.0,4.0,2.0,1.4,0.7
Jaren Bowling,TE,2024,college_data,3.0,0,24.0,0.0,0,0,0,0,0,,0,0,0,0,0,,,,,8.0,,,
Jaren Bowling,TE,2025,college_data,6.0,0,29.0,0.0,0,0,0,0,0,,0,0,0,0,0,,,,,4.833333333333333,,,
Jaren Kanak,TE,2025,college_data,44.0,0,533.0,0.0,0,0,0,0,0,,0,0,0,0,0,,,,,12.113636363636363,,,
Jaron Kelley,TE,2025,college_data,12.0,0,133.0,2.0,0,0,0,0,0,,0,0,0,0,0,,,,,11.083333333333334,,,
Jase Skoglund,TE,2025,college_data,8.0,0,98.0,0.0,0,0,0,0,0,,0,0,0,0,0,,,,,12.25,,,
Jason Croom,TE,2018,nflreadpy,22.0,35,259.0,1.0,2,2,267,137,10,-1.53145493206962,0,11,6,5,0,0.9828589696545933,0.07846814661898427,0.05972337044813662,15.0,11.772727272727273,17.266666666666666,49.900000000000006,3.326666666666667
Jason Croom,TE,2020,nflreadpy,1.0,1,3.0,1.0,0,0,3,0,1,1.2357237681862898,0,0,0,0,0,1.0,0.02564102564102564,0.008130081300813009,1.0,3.0,3.0,7.3,7.3
Jason Fowler,TE,2025,college_data,2.0,0,14.0,0.0,0,0,0,0,0,,0,0,0,0,0,,,,,7.0,,,
Jason Hoath Jr.,TE,2024,college_data,9.0,0,106.0,0.0,0,0,0,0,0,,0,0,0,0,0,,,,,11.777777777777779,,,
Jason Hoath Jr.,TE,2025,college_data,2.0,0,8.0,0.0,0,0,0,0,0,,0,0,0,0,0,,,,,4.0,,,
Jason Weir,TE,2024,college_data,3.0,0,39.0,0.0,0,0,0,0,0,,0,0,0,0,0,,,,,13.0,,,
Jason Witten,TE,2019,nflreadpy,63.0,83,529.0,4.0,1,1,546,162,27,1.2092311816454557,1,15,6,2,0,1.2443908661851737,0.14715730255566298,0.10668923471847627,16.0,8.396825396825397,33.0625,139.9,8.74375
Jason Witten,TE,2020,nflreadpy,13.0,17,69.0,2.0,0,0,91,20,8,0.24071779592057235,0,3,0,0,0,0.7333333333333333,0.05612074926379758,0.037852276018417494,10.0,5.3076923076923075,6.9,31.9,3.19
Javon Charles,TE,2024,college_data,12.0,0,88.0,1.0,0,0,0,0,0,,0,0,0,0,0,,,,,7.333333333333333,,,
Javon Charles,TE,2025,college_data,19.0,0,168.0,3.0,0,0,0,0,0,,0,0,0,0,0,,,,,8.842105263157896,,,
Javonte Vereen,TE,2025,college_data,21.0,0,305.0,5.0,0,0,0,0,0,,0,0,0,0,0,,,,,14.523809523809524,,,
Jax Markovich,TE,2025,college_data,7.0,0,38.0,0.0,0,0,0,0,0,,0,0,0,0,0,,,,,5.428571428571429,,,
Jaxson Davis,TE,2024,college_data,30.0,0,366.0,1.0,0,0,0,0,0,,0,0,0,0,0,,,,,12.2,,,
Jaxson Isaac,TE,2024,college_data,15.0,0,107.0,1.0,0,0,0,0,0,,0,0,0,0,0,,,,,7.133333333333334,,,
Jaxson Isaac,TE,2025,college_data,6.0,0,49.0,1.0,0,0,0,0,0,,0,0,0,0,0,,,,,8.166666666666666,,,
Jaxxon Warren,TE,2025,college_data,7.0,0,95.0,1.0,0,0,0,0,0,,0,0,0,0,0,,,,,13.571428571428571,,,
Jay Gibson,TE,2024,college_data,13.0,0,102.0,1.0,0,0,0,0,0,,0,0,0,0,0,,,,,7.846153846153846,,,
Jay Lindsey,TE,2024,college_data,1.0,0,5.0,0.0,0,0,0,0,0,,0,0,0,0,0,,,,,5.0,,,
Jay Lindsey,TE,2025,college_data,2.0,0,7.0,0.0,0,0,0,0,0,,0,0,0,0,0,,,,,3.5,,,
Jay McEuen,TE,2024,college_data,16.0,0,97.0,0.0,0,0,0,0,0,,0,0,0,0,0,,,,,6.0625,,,
Jayce Medlock,TE,2024,college_data,11.0,0,83.0,0.0,0,0,0,0,0,,0,0,0,0,0,,,,,7.545454545454546,,,
Jayden O'Rourke,TE,2025,college_data,2.0,0,25.0,0.0,0,0,0,0,0,,0,0,0,0,0,,,,,12.5,,,
Jayden Savoury,TE,2025,college_data,1.0,0,16.0,0.0,0,0,0,0,0,,0,0,0,0,0,,,,,16.0,,,
Jayden York,TE,2024,college_data,5.0,0,31.0,0.0,0,0,0,0,0,,0,0,0,0,0,,,,,6.2,,,
Jaylin Mobley,TE,2025,college_data,2.0,0,3.0,0.0,0,0,0,0,0,,0,0,0,0,0,,,,,1.5,,,
Jayvontay Conner,TE,2024,college_data,1.0,0,2.0,1.0,0,0,0,0,0,,0,0,0,0,0,,,,,2.0,,,
Jayvontay Conner,TE,2025,college_data,23.0,0,333.0,3.0,0,0,0,0,0,,0,0,0,0,0,,,,,14.478260869565217,,,
Jed Castles,TE,2024,college_data,15.0,0,223.0,4.0,0,0,0,0,0,,0,0,0,0,0,,,,,14.866666666666667,,,
Jed Castles,TE,2025,college_data,19.0,0,154.0,1.0,0,0,0,0,0,,0,0,0,0,0,,,,,8.105263157894736,,,
Jeff Ciccio,TE,2024,college_data,6.0,0,75.0,1.0,0,0,0,0,0,,0,0,0,0,0,,,,,12.5,,,
Jeff Heuerman,TE,2018,nflreadpy,31.0,48,281.0,2.0,0,0,238,150,14,-0.4741022073233915,0,12,2,2,0,1.2611138411138412,0.12360937335515838,0.07927233179576161,11.0,9.064516129032258,25.545454545454547,71.1,6.463636363636363
Jeff Heuerman,TE,2019,nflreadpy,14.0,20,114.0,1.0,0,0,108,42,9,0.48718144094891613,0,4,1,1,0,1.5021630138892783,0.08462179070598255,0.07891246955714998,8.0,8.142857142857142,14.25,31.4,3.925
Jeffrey Johnson,TE,2024,college_data,2.0,0,13.0,0.0,0,0,0,0,0,,0,0,0,0,0,,,,,6.5,,,
Jeffrey Johnson,TE,2025,college_data,3.0,0,30.0,0.0,0,0,0,0,0,,0,0,0,0,0,,,,,10.0,,,
Jelani Thurman,TE,2024,college_data,4.0,0,42.0,1.0,0,0,0,0,0,,0,0,0,0,0,,,,,10.5,,,
Jelani Thurman,TE,2025,college_data,7.0,0,84.0,1.0,0,0,0,0,0,,0,0,0,0,0,,,,,12.0,,,
Jelani Woods,TE,2022,nflreadpy,25.0,40,312.0,3.0,1,0,398,120,16,0.43910879438961775,0,14,8,4,0,1.2466900502472311,0.1017120063960835,0.14667299899698075,12.0,12.48,26.0,72.2,6.016666666666667
Jelani Woods,TE,2025,nflreadpy,1.0,3,4.0,0.0,0,0,6,1,0,-1.2729136841662694,0,0,0,0,0,0.6666666666666666,0.04503676470588235,0.019202453987730062,2.0,4.0,2.0,1.4,0.7
Jelani Woods,TE,2026,nflreadpy,2.0,2,31.0,0.0,0,0,21,10,1,1.0988861677178647,0,2,1,1,0,3.276315789473684,0.04722222222222222,0.04025579376210513,2.0,15.5,15.5,5.1,2.55
Jency Riley,TE,2025,college_data,16.0,0,164.0,1.0,0,0,0,0,0,,0,0,0,0,0,,,,,10.25,,,
Jere Getzinger Jr.,TE,2024,college_data,13.0,0,91.0,2.0,0,0,0,0,0,,0,0,0,0,0,,,,,7.0,,,
Jeremiah Franklin,TE,2024,college_data,27.0,0,311.0,3.0,0,0,0,0,0,,0,0,0,0,0,,,,,11.518518518518519,,,
Jeremiah Franklin,TE,2025,college_data,48.0,0,489.0,2.0,0,0,0,0,0,,0,0,0,0,0,,,,,10.1875,,,
Jeremiah Hasley,TE,2024,college_data,3.0,0,11.0,1.0,0,0,0,0,0,,0,0,0,0,0,,,,,3.6666666666666665,,,
Jeremiah Hasley,TE,2025,college_data,40.0,0,454.0,6.0,0,0,0,0,0,,0,0,0,0,0,,,,,11.35,,,
Jeremiah Pruitte,TE,2024,college_data,10.0,0,115.0,1.0,0,0,0,0,0,,0,0,0,0,0,,,,,11.5,,,
Jeremiah Scoby,TE,2025,college_data,1.0,0,9.0,0.0,0,0,0,0,0,,0,0,0,0,0,,,,,9.0,,,
Jeremiah Valdry,TE,2025,college_data,1.0,0,5.0,0.0,0,0,0,0,0,,0,0,0,0,0,,,,,5.0,,,
Jeremy Ruckert,TE,2022,nflreadpy,1.0,2,8.0,0.0,0,0,7,1,0,0.02393055340507999,0,0,0,0,0,1.1428571428571428,0.027252906976744186,0.0125,2.0,8.0,4.0,1.8,0.9
Jeremy Ruckert,TE,2023,nflreadpy,16.0,22,151.0,0.0,0,0,139,51,6,0.44712526685325427,0,5,3,1,0,0.8883630952380953,0.06539136517077694,0.06050306747858747,10.0,9.4375,15.1,31.1,3.1100000000000003
Jeremy Ruckert,TE,2024,nflreadpy,18.0,28,105.0,0.0,0,0,96,84,6,-0.12070750469042825,0,4,0,0,0,1.8311993436427825,0.062163323681211045,0.02712062900836373,14.0,5.833333333333333,7.5,28.5,2.0357142857142856
Jeremy Ruckert,TE,2025,nflreadpy,23.0,29,179.0,1.0,0,0,102,99,8,0.34970115499947074,0,8,1,1,0,2.0575044613506153,0.0730259196442444,0.029235191124067465,14.0,7.782608695652174,12.785714285714286,46.900000000000006,3.3500000000000005
Jeremy Ruckert,TE,2026,nflreadpy,8.0,8,48.0,1.0,0,0,6,42,3,1.1172002696548589,0,1,1,0,0,2.1999999999999997,0.07930756843800323,0.004231864811286255,3.0,6.0,16.0,18.8,6.266666666666667
Jeremy Sprinkle,TE,2018,nflreadpy,5.0,9,41.0,1.0,0,0,58,21,3,0.18303322600133742,0,1,0,0,0,1.181578947368421,0.046096943515421776,0.027773739155249458,8.0,8.2,5.125,15.100000000000001,1.8875000000000002
Jeremy Sprinkle,TE,2019,nflreadpy,26.0,40,241.0,1.0,1,0,258,91,13,-0.059017953145659226,0,10,4,2,0,1.737601727539475,0.09127136753533857,0.08253100308243859,16.0,9.26923076923077,15.0625,54.1,3.38125
Jeremy Sprinkle,TE,2020,nflreadpy,2.0,4,14.0,0.0,0,0,8,9,0,-0.12633583357091993,0,0,0,0,0,1.5,0.01777579198205775,0.005515508484503847,8.0,7.0,1.75,3.4000000000000004,0.42500000000000004
Jeremy Sprinkle,TE,2021,nflreadpy,3.0,3,31.0,0.0,0,0,12,19,2,1.3026391127496026,0,3,0,0,0,2.5833333333333335,0.014961389961389961,0.008678790617116608,6.0,10.333333333333334,5.166666666666667,6.1,1.0166666666666666
Jermaine Gresham,TE,2018,nflreadpy,9.0,12,94.0,0.0,1,1,24,75,6,0.32843554262217367,0,4,2,1,0,0.6279987373737375,0.057312371360043635,0.009078596675263804,8.0,10.444444444444445,11.75,16.4,2.05
Jermaine Minor Jr.,TE,2024,college_data,17.0,0,212.0,1.0,0,0,0,0,0,,0,0,0,0,0,,,,,12.470588235294118,,,
Jermaine Minor Jr.,TE,2025,college_data,4.0,0,52.0,0.0,0,0,0,0,0,,0,0,0,0,0,,,,,13.0,,,
Jermaine Terry II,TE,2024,college_data,23.0,0,375.0,1.0,0,0,0,0,0,,0,0,0,0,0,,,,,16.304347826086957,,,
Jeron Askren,TE,2025,college_data,19.0,0,224.0,5.0,0,0,0,0,0,,0,0,0,0,0,,,,,11.789473684210526,,,
Jerry Cross,TE,2025,college_data,1.0,0,9.0,0.0,0,0,0,0,0,,0,0,0,0,0,,,,,9.0,,,
Jerry Lydiatt,TE,2024,college_data,7.0,0,39.0,1.0,0,0,0,0,0,,0,0,0,0,0,,,,,5.571428571428571,,,
Jesper Horsted,TE,2019,nflreadpy,8.0,10,87.0,1.0,0,0,66,30,4,0.9563084174300689,0,3,2,1,0,0.9575187969924812,0.05400826434873394,0.0461540450715502,5.0,10.875,17.4,22.700000000000003,4.540000000000001
Jesper Horsted,TE,2021,nflreadpy,2.0,3,21.0,2.0,0,0,31,0,2,1.7402939879866084,0,1,1,0,0,0.6666666666666666,0.027508960573476703,0.030792384915131102,4.0,10.5,5.25,16.1,4.025
Jesper Horsted,TE,2022,nflreadpy,3.0,4,19.0,0.0,0,0,26,6,0,0.013341855665203184,0,0,0,0,0,0.7307692307692307,0.027350427350427347,0.01641701856425783,5.0,6.333333333333333,3.8,4.9,0.9800000000000001
Jesper Horsted,TE,2023,nflreadpy,1.0,1,4.0,0.0,0,0,2,2,0,-0.21012102178065106,0,0,0,0,0,2.0,0.0044444444444444444,0.001238390092879257,5.0,4.0,0.8,1.4,0.27999999999999997
Jesse James,TE,2018,nflreadpy,30.0,39,423.0,2.0,0,0,300,185,17,1.4972146933966317,0,13,8,8,2,1.727332334448931,0.060929786189473416,0.057922466850812857,15.0,14.1,28.2,84.30000000000001,5.620000000000001
Jesse James,TE,2019,nflreadpy,16.0,27,142.0,0.0,0,0,141,65,8,0.03702711573998908,0,6,1,1,0,1.1142517738671585,0.0585822528202158,0.03324755784209296,13.0,8.875,10.923076923076923,30.200000000000003,2.3230769230769233
Jesse James,TE,2020,nflreadpy,14.0,22,129.0,2.0,0,0,118,76,6,-0.3399595852388302,0,5,2,2,0,0.8835978835978836,0.05029161591415722,0.03707293947542627,13.0,9.214285714285714,9.923076923076923,38.9,2.9923076923076923
Jesse James,TE,2021,nflreadpy,7.0,8,62.0,1.0,0,0,54,18,3,0.5137874769267988,0,2,1,0,0,1.139784946236559,0.053043072397911104,0.04012676584430721,5.0,8.857142857142858,12.4,19.2,3.84
Jesse Miller,TE,2025,college_data,20.0,0,158.0,1.0,0,0,0,0,0,,0,0,0,0,0,,,,,7.9,,,
Jeter Purdy,TE,2025,college_data,27.0,0,368.0,1.0,0,0,0,0,0,,0,0,0,0,0,,,,,13.62962962962963,,,
Jett Carpenter,TE,2024,college_data,8.0,0,60.0,1.0,0,0,0,0,0,,0,0,0,0,0,,,,,7.5,,,
Jett Carpenter,TE,2025,college_data,35.0,0,374.0,2.0,0,0,0,0,0,,0,0,0,0,0,,,,,10.685714285714285,,,
Jett Zabel,TE,2025,college_data,1.0,0,4.0,0.0,0,0,0,0,0,,0,0,0,0,0,,,,,4.0,,,
Jewlyen Roberts,TE,2025,college_data,3.0,0,15.0,1.0,0,0,0,0,0,,0,0,0,0,0,,,,,5.0,,,
Jimmy Casey,TE,2024,college_data,2.0,0,18.0,0.0,0,0,0,0,0,,0,0,0,0,0,,,,,9.0,,,
Jimmy Casey,TE,2025,college_data,5.0,0,48.0,2.0,0,0,0,0,0,,0,0,0,0,0,,,,,9.6,,,
Jimmy Graham,TE,2018,nflreadpy,55.0,89,636.0,2.0,0,0,847,261,32,0.8744761976676275,0,29,12,7,1,0.7365326524186627,0.13933897381818158,0.15570889155322093,16.0,11.563636363636364,39.75,130.6,8.1625
Jimmy Graham,TE,2019,nflreadpy,45.0,69,555.0,3.0,1,0,619,294,27,1.149007136234895,0,21,13,9,2,1.1610363199132356,0.11509790358192744,0.11279270874157306,18.0,12.333333333333334,30.833333333333332,116.5,6.472222222222222
Jimmy Graham,TE,2020,nflreadpy,52.0,78,481.0,9.0,1,0,540,202,33,0.7024288675274236,0,22,9,4,0,2.523585910245975,0.12157848206159534,0.10264407258476901,17.0,9.25,28.294117647058822,152.1,8.947058823529412
Jimmy Graham,TE,2021,nflreadpy,14.0,23,167.0,3.0,0,0,184,55,10,1.159498484974161,1,9,4,2,0,1.0831143662539011,0.06187892288393175,0.0544110424289161,11.0,11.928571428571429,15.181818181818182,50.7,4.609090909090909
Jimmy Graham,TE,2023,nflreadpy,6.0,7,39.0,4.0,0,0,42,3,6,1.6311949181254022,0,1,0,0,0,0.9,0.044372030944039055,0.04264273286983156,6.0,6.5,6.5,33.9,5.6499999999999995
Joe McNab,TE,2025,college_data,6.0,0,58.0,2.0,0,0,0,0,0,,0,0,0,0,0,,,,,9.666666666666666,,,
Joe Royer,TE,2024,college_data,51.0,0,532.0,3.0,0,0,0,0,0,,0,0,0,0,0,,,,,10.431372549019608,,,
Joe Royer,TE,2025,college_data,29.0,0,416.0,4.0,0,0,0,0,0,,0,0,0,0,0,,,,,14.344827586206897,,,
Joe Stoffel,TE,2024,college_data,28.0,0,316.0,5.0,0,0,0,0,0,,0,0,0,0,0,,,,,11.285714285714286,,,
Joey Bemis,TE,2025,college_data,2.0,0,20.0,0.0,0,0,0,0,0,,0,0,0,0,0,,,,,10.0,,,
Joey Schlaffer,TE,2025,college_data,1.0,0,19.0,1.0,0,0,0,0,0,,0,0,0,0,0,,,,,19.0,,,
Joey Wassler,TE,2024,college_data,4.0,0,26.0,0.0,0,0,0,0,0,,0,0,0,0,0,,,,,6.5,,,
Joey Wassler,TE,2025,college_data,12.0,0,103.0,0.0,0,0,0,0,0,,0,0,0,0,0,,,,,8.583333333333334,,,
Johans Bars,TE,2025,college_data,5.0,0,52.0,1.0,0,0,0,0,0,,0,0,0,0,0,,,,,10.4,,,
John Bates,TE,2021,nflreadpy,20.0,25,249.0,1.0,1,0,149,139,11,1.4315096083287657,0,11,6,4,0,1.8401793130241406,0.07403305519114343,0.06332885888467005,12.0,12.45,20.75,48.900000000000006,4.075
John Bates,TE,2022,nflreadpy,14.0,22,108.0,1.0,1,0,114,54,4,-0.31704062974960023,0,3,2,1,0,1.3619939827782965,0.07589061332433548,0.055438079426584436,9.0,7.714285714285714,12.0,28.8,3.2
John Bates,TE,2023,nflreadpy,19.0,28,151.0,0.0,0,0,175,65,6,-0.3976040060681823,0,5,2,1,0,1.0344512630226916,0.05336746352212884,0.046415949461468785,15.0,7.947368421052632,10.066666666666666,34.1,2.2733333333333334
John Bates,TE,2024,nflreadpy,11.0,18,115.0,0.0,1,1,89,54,5,0.0637251659130785,0,4,2,2,0,1.9490974167444757,0.03476108535423415,0.02165235136739796,16.0,10.454545454545455,7.1875,20.5,1.28125
John Bates,TE,2025,nflreadpy,11.0,16,103.0,1.0,0,0,48,68,6,0.8671915497850731,0,5,2,1,0,2.057454890788224,0.06849206069596192,0.029251474606414214,10.0,9.363636363636363,10.3,27.3,2.73
John Bates,TE,2026,nflreadpy,3.0,4,22.0,0.0,0,0,8,22,0,-0.44090078311995606,0,0,0,0,0,3.333333333333333,0.06839080459770115,0.01349598046199247,2.0,7.333333333333333,11.0,5.2,2.6
John Copenhaver,TE,2024,college_data,40.0,0,414.0,4.0,0,0,0,0,0,,0,0,0,0,0,,,,,10.35,,,
John FitzPatrick,TE,2023,nflreadpy,1.0,1,12.0,0.0,0,0,2,10,1,0.7121124425902963,0,1,0,0,0,6.0,0.00980392156862745,0.0032520325203252032,3.0,12.0,4.0,2.2,0.7333333333333334
John FitzPatrick,TE,2024,nflreadpy,1.0,1,2.0,0.0,0,0,2,0,0,-0.5207852334715426,0,0,0,0,0,1.0,0.022727272727272728,0.0035714285714285713,2.0,2.0,1.0,1.2,0.6
John FitzPatrick,TE,2025,nflreadpy,12.0,15,72.0,1.0,0,0,24,57,4,0.37618108466267586,0,1,0,0,0,2.9444444444444446,0.05014330595426411,0.014936460643932266,11.0,6.0,6.545454545454546,25.2,2.290909090909091
John Grant,TE,2025,college_data,2.0,0,8.0,0.0,0,0,0,0,0,,0,0,0,0,0,,,,,4.0,,,
John Locke,TE,2024,college_data,1.0,0,2.0,0.0,0,0,0,0,0,,0,0,0,0,0,,,,,2.0,,,
John McIntyre,TE,2024,college_data,12.0,0,145.0,1.0,0,0,0,0,0,,0,0,0,0,0,,,,,12.083333333333334,,,
John McIntyre,TE,2025,college_data,11.0,0,96.0,1.0,0,0,0,0,0,,0,0,0,0,0,,,,,8.727272727272727,,,
John Morris,TE,2025,college_data,6.0,0,41.0,0.0,0,0,0,0,0,,0,0,0,0,0,,,,,6.833333333333333,,,
John Phillips,TE,2018,nflreadpy,3.0,3,38.0,0.0,0,0,30,8,1,0.7223196594277397,0,1,1,1,0,1.48,0.04643206256109482,0.041118051498674334,2.0,12.666666666666666,19.0,6.800000000000001,3.4000000000000004
John Rogers,TE,2025,college_data,9.0,0,101.0,1.0,0,0,0,0,0,,0,0,0,0,0,,,,,11.222222222222221,,,
John Shenker,TE,2024,nflreadpy,1.0,1,7.0,0.0,0,0,4,3,0,0.3741023358888924,0,0,0,0,0,1.75,0.012345679012345678,0.00966183574879227,3.0,7.0,2.3333333333333335,1.7000000000000002,0.5666666666666668
Johncarlos Miller II,TE,2024,college_data,10.0,0,122.0,3.0,0,0,0,0,0,,0,0,0,0,0,,,,,12.2,,,
Johncarlos Miller II,TE,2025,college_data,9.0,0,77.0,0.0,0,0,0,0,0,,0,0,0,0,0,,,,,8.555555555555555,,,
Johnmichael Gyllenborg,TE,2024,college_data,30.0,0,425.0,3.0,0,0,0,0,0,,0,0,0,0,0,,,,,14.166666666666666,,,
Johnmichael Gyllenborg,TE,2025,college_data,24.0,0,217.0,1.0,0,0,0,0,0,,0,0,0,0,0,,,,,9.041666666666666,,,
Johnny Mundt,TE,2018,nflreadpy,1.0,1,5.0,0.0,0,0,0,5,0,-0.08875649864785373,0,0,0,0,0,0.0,0.018518518518518517,0.0,2.0,5.0,2.5,1.5,0.75
Johnny Mundt,TE,2019,nflreadpy,4.0,7,26.0,0.0,0,0,24,10,1,-0.28191669872030617,0,0,0,0,0,0.796875,0.026011059887447414,0.01339211717782722,6.0,6.5,4.333333333333333,6.6,1.0999999999999999
Johnny Mundt,TE,2020,nflreadpy,4.0,4,53.0,0.0,0,0,8,45,1,1.442288655671291,0,1,1,1,0,5.928571428571429,0.021337365591397848,0.005203573966900192,6.0,13.25,8.833333333333334,9.3,1.55
Johnny Mundt,TE,2021,nflreadpy,1.0,1,9.0,0.0,0,0,7,2,1,1.3462372607318684,0,0,0,0,0,1.2857142857142858,0.008130081300813009,0.006591337099811676,3.0,9.0,3.0,1.9,0.6333333333333333
Johnny Mundt,TE,2022,nflreadpy,20.0,22,152.0,1.0,0,0,29,129,10,0.44217546689852344,0,9,2,0,0,0.9849939975990397,0.04372739754885063,0.008155149535659358,14.0,7.6,10.857142857142858,41.2,2.942857142857143
Johnny Mundt,TE,2023,nflreadpy,17.0,23,172.0,1.0,0,0,114,94,8,0.30795444330735605,0,7,3,2,0,1.5626524638152546,0.0654830975063243,0.027557616895485283,10.0,10.117647058823529,17.2,40.2,4.0200000000000005
Johnny Mundt,TE,2024,nflreadpy,21.0,30,170.0,2.0,0,0,126,102,10,0.46934103474614525,0,6,3,2,0,2.7426343817472847,0.07254479622604401,0.03320527027760037,15.0,8.095238095238095,11.333333333333334,50.0,3.3333333333333335
Johnny Mundt,TE,2025,nflreadpy,9.0,19,111.0,0.0,0,0,100,76,6,0.36138341297522525,0,5,3,1,0,2.211881662474548,0.05134410236150564,0.030559281814415695,12.0,12.333333333333334,9.25,20.1,1.675
Johnny Mundt,TE,2026,nflreadpy,3.0,4,12.0,0.0,0,0,2,13,0,-1.462365957791917,0,0,0,0,0,0.5,0.04274509803921569,-0.003770805715127413,3.0,4.0,4.0,4.2,1.4000000000000001
Johnny Pascuzzi,TE,2024,college_data,1.0,0,40.0,0.0,0,0,0,0,0,,0,0,0,0,0,,,,,40.0,,,
Johnny Pascuzzi,TE,2025,college_data,12.0,0,158.0,1.0,0,0,0,0,0,,0,0,0,0,0,,,,,13.166666666666666,,,
Jonathan Burns,TE,2024,college_data,5.0,0,95.0,1.0,0,0,0,0,0,,0,0,0,0,0,,,,,19.0,,,
Jonathan Echols,TE,2024,college_data,1.0,0,59.0,1.0,0,0,0,0,0,,0,0,0,0,0,,,,,59.0,,,
Jonathan Echols,TE,2025,college_data,9.0,0,109.0,3.0,0,0,0,0,0,,0,0,0,0,0,,,,,12.11111111111111,,,
Jonnu Smith,TE,2018,nflreadpy,20.0,30,258.0,3.0,1,0,155,180,10,0.5839537625165305,0,8,4,3,1,3.910785722841059,0.08998206986621497,0.061451484367621045,12.0,12.9,21.5,61.8,5.1499999999999995
Jonnu Smith,TE,2019,nflreadpy,41.0,53,498.0,4.0,0,0,303,300,18,1.2207272223749897,0,16,12,9,2,1.717541772336221,0.11442551323285846,0.06649197701636614,18.0,12.146341463414634,27.666666666666668,114.80000000000001,6.377777777777778
Jonnu Smith,TE,2020,nflreadpy,43.0,68,457.0,8.0,0,0,368,240,25,0.921594846915421,0,17,8,4,1,1.7007798083846875,0.15870134234019975,0.10232467816590463,15.0,10.627906976744185,30.466666666666665,136.7,9.113333333333333
Jonnu Smith,TE,2021,nflreadpy,28.0,45,294.0,1.0,1,0,249,232,15,-0.6956183488257556,0,14,8,5,0,2.0402565938656165,0.10263672623386245,0.09126426355052539,16.0,10.5,18.375,61.400000000000006,3.8375000000000004
Jonnu Smith,TE,2022,nflreadpy,27.0,38,245.0,0.0,0,0,116,200,9,0.0450703100990116,0,7,3,3,1,2.5148581924897715,0.10360715714322118,0.03655630811038437,12.0,9.074074074074074,20.416666666666668,51.5,4.291666666666667
Jonnu Smith,TE,2023,nflreadpy,50.0,70,582.0,3.0,1,1,458,357,26,0.6004502202250646,0,25,9,4,2,1.935096487185654,0.12993893971943032,0.10532449679201873,17.0,11.64,34.23529411764706,124.2,7.305882352941176
Jonnu Smith,TE,2024,nflreadpy,88.0,111,884.0,8.0,2,1,542,510,55,3.5123040977596536,0,45,9,4,1,2.974083731830862,0.19332587261920434,0.14357884337474977,17.0,10.045454545454545,52.0,220.4,12.964705882352941
Jonnu Smith,TE,2025,nflreadpy,40.0,57,221.0,2.0,1,0,247,182,10,-0.0548293331853817,0,6,1,1,0,1.638808113967012,0.10561925459946084,0.06502286563698748,18.0,5.525,12.277777777777779,72.1,4.0055555555555555
Jonnu Smith,TE,2026,nflreadpy,5.0,7,85.0,0.0,0,0,56,40,2,0.753529142374949,0,2,2,1,1,1.4623256860098965,0.05571895424836601,0.0533690706410992,3.0,17.0,28.333333333333332,13.5,4.5
Jordan Akins,TE,2018,nflreadpy,19.0,28,233.0,0.0,0,0,186,132,12,0.7530691737192683,0,11,4,3,0,3.2288708645851503,0.05666413153618494,0.04431811643957706,15.0,12.263157894736842,15.533333333333333,42.3,2.82
Jordan Akins,TE,2019,nflreadpy,36.0,55,418.0,2.0,0,0,393,246,21,0.8257822127029043,0,19,7,4,1,2.7186867249106887,0.10289104957307976,0.07272139027401657,16.0,11.61111111111111,26.125,89.80000000000001,5.612500000000001
Jordan Akins,TE,2020,nflreadpy,37.0,49,403.0,1.0,0,0,369,172,20,1.2432467125939188,0,16,8,7,0,1.1809162593328684,0.11795830400683073,0.0974013585156693,13.0,10.891891891891891,31.0,83.30000000000001,6.407692307692309
Jordan Akins,TE,2021,nflreadpy,24.0,33,214.0,0.0,2,2,207,81,11,-0.7104769368950506,0,8,3,1,0,1.128772109144916,0.0864279313876088,0.06938864165020453,12.0,8.916666666666666,17.833333333333332,41.400000000000006,3.4500000000000006
Jordan Akins,TE,2022,nflreadpy,37.0,54,495.0,5.0,1,1,332,270,23,1.4309206769355574,1,20,11,8,1,1.730904766749169,0.10955500480491699,0.08557451088577202,15.0,13.378378378378379,33.0,116.5,7.766666666666667
Jordan Akins,TE,2023,nflreadpy,15.0,23,132.0,0.0,0,0,109,58,6,-0.07983389796796612,0,5,1,1,0,1.8097519147519148,0.057077404325044,0.033194560751157134,13.0,8.8,10.153846153846153,28.200000000000003,2.1692307692307695
Jordan Akins,TE,2024,nflreadpy,40.0,58,390.0,2.0,1,0,349,177,20,0.6870974889117094,0,18,6,3,0,0.9566804659595358,0.09920275306452113,0.07371491626946561,16.0,9.75,24.375,89.0,5.5625
Jordan Andrus,TE,2025,college_data,1.0,0,9.0,0.0,0,0,0,0,0,,0,0,0,0,0,,,,,9.0,,,
Jordan Collins,TE,2025,college_data,1.0,0,3.0,0.0,0,0,0,0,0,,0,0,0,0,0,,,,,3.0,,,
Jordan Dingle,TE,2024,college_data,9.0,0,71.0,1.0,0,0,0,0,0,,0,0,0,0,0,,,,,7.888888888888889,,,
Jordan Dingle,TE,2025,college_data,10.0,0,136.0,0.0,0,0,0,0,0,,0,0,0,0,0,,,,,13.6,,,
Jordan Franks,TE,2018,nflreadpy,2.0,3,37.0,0.0,0,0,46,14,1,-0.6804790967144072,0,1,1,1,0,0.463768115942029,0.021701388888888888,0.047215379413611556,4.0,18.5,9.25,5.7,1.425
Jordan Leggett,TE,2018,nflreadpy,14.0,25,114.0,1.0,0,0,161,49,6,0.2795668834453234,0,4,1,0,0,1.9769272680027827,0.06116503421570249,0.04245902583235639,13.0,8.142857142857142,8.76923076923077,31.4,2.4153846153846152
Jordan Matthews,TE,2018,nflreadpy,21.0,30,337.0,3.0,0,0,328,90,15,1.6591219823296666,0,15,7,4,1,1.0644489332813487,0.06930167505137258,0.09239923428805312,12.0,16.047619047619047,28.083333333333332,72.7,6.058333333333334
Jordan Matthews,TE,2019,nflreadpy,4.0,12,33.0,0.0,0,0,175,7,1,-4.147266376268755,0,1,0,0,0,0.1785996835443038,0.1456140350877193,0.27100489871574207,2.0,8.25,16.5,7.300000000000001,3.6500000000000004
Jordan Owens,TE,2024,college_data,15.0,0,125.0,1.0,0,0,0,0,0,,0,0,0,0,0,,,,,8.333333333333334,,,
Jordan Owens,TE,2025,college_data,6.0,0,39.0,1.0,0,0,0,0,0,,0,0,0,0,0,,,,,6.5,,,
Jordan Reed,TE,2018,nflreadpy,54.0,84,558.0,2.0,1,1,575,231,26,-0.09219656828987578,0,20,11,7,0,1.0021562815184253,0.20829055922806064,0.17206965552697198,13.0,10.333333333333334,42.92307692307692,119.80000000000001,9.215384615384616
Jordan Reed,TE,2020,nflreadpy,26.0,46,231.0,4.0,0,0,370,84,16,0.4329654768920044,0,11,3,1,0,0.8388276583034647,0.13527549201688369,0.1741647366956222,10.0,8.884615384615385,23.1,73.1,7.31
Jordan Springs,TE,2024,college_data,1.0,0,5.0,0.0,0,0,0,0,0,,0,0,0,0,0,,,,,5.0,,,
Jordan Washington,TE,2025,college_data,7.0,0,109.0,1.0,0,0,0,0,0,,0,0,0,0,0,,,,,15.571428571428571,,,
Jordan Williams,TE,2025,college_data,11.0,0,170.0,1.0,0,0,0,0,0,,0,0,0,0,0,,,,,15.454545454545455,,,
Jordon Harris,TE,2024,college_data,5.0,0,48.0,0.0,0,0,0,0,0,,0,0,0,0,0,,,,,9.6,,,
Jordon Harris,TE,2025,college_data,4.0,0,48.0,0.0,0,0,0,0,0,,0,0,0,0,0,,,,,12.0,,,
Joseph Bearns III,TE,2024,college_data,1.0,0,17.0,0.0,0,0,0,0,0,,0,0,0,0,0,,,,,17.0,,,
Joseph Bearns III,TE,2025,college_data,9.0,0,44.0,1.0,0,0,0,0,0,,0,0,0,0,0,,,,,4.888888888888889,,,
Joseph Bongono,TE,2024,college_data,1.0,0,6.0,0.0,0,0,0,0,0,,0,0,0,0,0,,,,,6.0,,,
Joseph Fortson,TE,2021,nflreadpy,5.0,5,47.0,2.0,0,0,38,9,3,1.3379297280189348,0,2,1,1,0,1.4657738095238095,0.03460144927536232,0.029303235789377872,4.0,9.4,11.75,21.7,5.425
Joseph Fortson,TE,2022,nflreadpy,9.0,14,108.0,2.0,0,0,90,40,6,0.664693078185255,0,4,2,2,1,1.1402930402930402,0.038665929811029724,0.028730118515129553,11.0,12.0,9.818181818181818,31.8,2.890909090909091
Joseph Fortson,TE,2024,nflreadpy,1.0,3,5.0,0.0,0,0,4,2,1,-1.88907295690539,0,0,0,0,0,0.5555555555555556,0.032661064425770304,0.00574041339398161,3.0,5.0,1.6666666666666667,1.5,0.5
Joseph Marranca,TE,2024,college_data,1.0,0,6.0,0.0,0,0,0,0,0,,0,0,0,0,0,,,,,6.0,,,
Joseph Marranca,TE,2025,college_data,11.0,0,91.0,0.0,0,0,0,0,0,,0,0,0,0,0,,,,,8.272727272727273,,,
Joseph Moreland,TE,2024,college_data,8.0,0,88.0,0.0,0,0,0,0,0,,0,0,0,0,0,,,,,11.0,,,
Joseph Moreland,TE,2025,college_data,13.0,0,127.0,0.0,0,0,0,0,0,,0,0,0,0,0,,,,,9.76923076923077,,,
Josh Altsman,TE,2025,college_data,6.0,0,51.0,1.0,0,0,0,0,0,,0,0,0,0,0,,,,,8.5,,,
Josh Beetham,TE,2024,college_data,3.0,0,29.0,0.0,0,0,0,0,0,,0,0,0,0,0,,,,,9.666666666666666,,,
Josh Beetham,TE,2025,college_data,6.0,0,134.0,2.0,0,0,0,0,0,,0,0,0,0,0,,,,,22.333333333333332,,,
Josh Cuevas,TE,2024,college_data,16.0,0,218.0,1.0,0,0,0,0,0,,0,0,0,0,0,,,,,13.625,,,
Josh Cuevas,TE,2025,college_data,37.0,0,411.0,4.0,0,0,0,0,0,,0,0,0,0,0,,,,,11.108108108108109,,,
Josh Cuevas,TE,2026,nflreadpy,1.0,1,14.0,0.0,0,0,3,11,1,1.1876998537336476,0,1,0,0,0,4.666666666666667,0.025,0.008287292817679558,2.0,14.0,7.0,2.4000000000000004,1.2000000000000002
Josh Ford,TE,2024,college_data,10.0,0,92.0,1.0,0,0,0,0,0,,0,0,0,0,0,,,,,9.2,,,
Josh Ford,TE,2025,college_data,3.0,0,45.0,1.0,0,0,0,0,0,,0,0,0,0,0,,,,,15.0,,,
Josh Gale,TE,2024,college_data,14.0,0,199.0,1.0,0,0,0,0,0,,0,0,0,0,0,,,,,14.214285714285714,,,
Josh Gale,TE,2025,college_data,16.0,0,192.0,3.0,0,0,0,0,0,,0,0,0,0,0,,,,,12.0,,,
Josh Hill,TE,2018,nflreadpy,20.0,28,216.0,1.0,0,0,65,209,13,0.5246120310143578,0,11,7,5,0,0.37275641025641026,0.05853215526597115,0.015795875681699694,14.0,10.8,15.428571428571429,47.6,3.4
Josh Hill,TE,2019,nflreadpy,27.0,38,229.0,3.0,0,0,176,159,13,0.4138350966116247,0,8,5,4,0,1.0622776346460558,0.07553754730430134,0.05718223640476323,15.0,8.481481481481481,15.266666666666667,67.9,4.526666666666667
Josh Hill,TE,2020,nflreadpy,9.0,11,43.0,1.0,1,0,38,41,4,0.15819804191899797,0,2,1,0,0,0.5481481481481482,0.031604764061615616,0.021905282296692356,10.0,4.777777777777778,4.3,17.3,1.73
Josh Kattus,TE,2024,college_data,6.0,0,77.0,2.0,0,0,0,0,0,,0,0,0,0,0,,,,,12.833333333333334,,,
Josh Kattus,TE,2025,college_data,17.0,0,195.0,2.0,0,0,0,0,0,,0,0,0,0,0,,,,,11.470588235294118,,,
Josh Oliver,TE,2019,nflreadpy,3.0,6,15.0,0.0,0,0,44,5,0,-2.0231138260666435,0,0,0,0,0,0.42658730158730157,0.04984628897672375,0.04756716245282034,3.0,5.0,5.0,4.5,1.5
Josh Oliver,TE,2021,nflreadpy,9.0,15,66.0,0.0,1,0,126,25,4,-0.3329060616903007,0,2,1,0,0,0.9941891891891892,0.03874830478070938,0.026701661661026225,11.0,7.333333333333333,6.0,13.600000000000001,1.2363636363636366
Josh Oliver,TE,2022,nflreadpy,16.0,27,175.0,2.0,0,0,223,90,9,0.539570330653181,0,7,3,1,1,1.2433732633732635,0.08219639837286895,0.07436597086475373,13.0,10.9375,13.461538461538462,45.5,3.5
Josh Oliver,TE,2023,nflreadpy,22.0,28,213.0,2.0,1,1,72,162,12,0.3521858949340337,0,11,5,3,0,2.2627200385821076,0.057608397342286025,0.02007499812077326,13.0,9.681818181818182,16.384615384615383,53.3,4.1
Josh Oliver,TE,2024,nflreadpy,23.0,29,263.0,3.0,0,0,216,136,14,1.4168745243853966,0,11,5,5,0,1.265500703000703,0.07262102600863382,0.06433170196276504,13.0,11.434782608695652,20.23076923076923,67.3,5.176923076923076
Josh Oliver,TE,2025,nflreadpy,15.0,19,160.0,4.0,0,0,64,102,9,0.8777874251427518,0,6,4,2,0,2.0513774104683193,0.06534156839064127,0.03705617908542682,12.0,10.666666666666666,13.333333333333334,55.0,4.583333333333333
Josh Oliver,TE,2026,nflreadpy,3.0,5,46.0,0.0,0,0,18,24,2,0.7892706223356072,0,2,1,1,0,3.246153846153846,0.07551487414187642,0.03523692337386605,3.0,15.333333333333334,15.333333333333334,7.6000000000000005,2.5333333333333337
Josh Perkins,TE,2018,nflreadpy,5.0,11,67.0,0.0,0,0,118,16,4,-1.0932345205898553,0,3,1,1,0,0.4287878787878788,0.044850169318254425,0.06736814149563938,6.0,13.4,11.166666666666666,11.7,1.95
Josh Perkins,TE,2019,nflreadpy,9.0,13,87.0,1.0,0,0,124,26,5,0.41208132373867556,0,3,1,1,0,0.6882716049382717,0.09999999999999999,0.14944754277113723,3.0,9.666666666666666,29.0,23.700000000000003,7.900000000000001
Josh Phifer,TE,2024,college_data,2.0,0,41.0,1.0,0,0,0,0,0,,0,0,0,0,0,,,,,20.5,,,
Josh Phifer,TE,2025,college_data,4.0,0,40.0,1.0,0,0,0,0,0,,0,0,0,0,0,,,,,10.0,,,
Josh Sapp,TE,2024,college_data,6.0,0,63.0,0.0,0,0,0,0,0,,0,0,0,0,0,,,,,10.5,,,
Josh Sapp,TE,2025,college_data,11.0,0,150.0,0.0,0,0,0,0,0,,0,0,0,0,0,,,,,13.636363636363637,,,
Josh Schuchts,TE,2025,college_data,21.0,0,232.0,3.0,0,0,0,0,0,,0,0,0,0,0,,,,,11.047619047619047,,,
Josh Smith,TE,2024,college_data,2.0,0,25.0,0.0,0,0,0,0,0,,0,0,0,0,0,,,,,12.5,,,
Josh Smith,TE,2025,college_data,11.0,0,95.0,2.0,0,0,0,0,0,,0,0,0,0,0,,,,,8.636363636363637,,,
Josh Sterzer,TE,2024,college_data,20.0,0,202.0,4.0,0,0,0,0,0,,0,0,0,0,0,,,,,10.1,,,
Josh Sterzer,TE,2025,college_data,7.0,0,56.0,1.0,0,0,0,0,0,,0,0,0,0,0,,,,,8.0,,,
Josh Whyle,TE,2023,nflreadpy,9.0,15,94.0,1.0,0,0,146,40,8,0.4728189797642699,0,5,2,1,0,0.947849025974026,0.05853968370308239,0.053041779724708416,9.0,10.444444444444445,10.444444444444445,24.4,2.711111111111111
Josh Whyle,TE,2024,nflreadpy,28.0,37,248.0,1.0,0,0,209,143,14,0.6441167637831179,1,9,3,3,0,3.396859023329611,0.08047919277567225,0.0540013896759715,15.0,8.857142857142858,16.533333333333335,60.8,4.053333333333333
Josh Whyle,TE,2025,nflreadpy,6.0,7,43.0,1.0,0,0,27,24,2,0.3619211975416202,0,1,1,1,0,0.8714285714285713,0.04741369379756953,0.005779926911869765,7.0,7.166666666666667,6.142857142857143,16.3,2.3285714285714287
Joshua Acord,TE,2024,college_data,18.0,0,145.0,0.0,0,0,0,0,0,,0,0,0,0,0,,,,,8.055555555555555,,,
Joshua Burrell,TE,2024,college_data,2.0,0,43.0,0.0,0,0,0,0,0,,0,0,0,0,0,,,,,21.5,,,
Joshua Burrell,TE,2025,college_data,36.0,0,290.0,2.0,0,0,0,0,0,,0,0,0,0,0,,,,,8.055555555555555,,,
Joshua Long,TE,2025,college_data,37.0,0,357.0,3.0,0,0,0,0,0,,0,0,0,0,0,,,,,9.64864864864865,,,
Joshua Pikl,TE,2025,college_data,7.0,0,52.0,1.0,0,0,0,0,0,,0,0,0,0,0,,,,,7.428571428571429,,,
Joshua Simon,TE,2024,college_data,41.0,0,512.0,7.0,0,0,0,0,0,,0,0,0,0,0,,,,,12.487804878048781,,,
Josiah Deguara,TE,2020,nflreadpy,1.0,2,12.0,0.0,0,0,24,11,1,0.43967515195254236,0,1,0,0,0,0.5,0.04878048780487805,0.061381074168797956,1.0,12.0,12.0,2.2,2.2
Josiah Deguara,TE,2021,nflreadpy,25.0,34,245.0,2.0,0,0,132,204,9,-0.0005513396182013758,0,8,3,3,1,1.1211086764310152,0.06657671333983795,0.033105983628778445,15.0,9.8,16.333333333333332,61.5,4.1
Josiah Deguara,TE,2022,nflreadpy,13.0,15,114.0,0.0,0,0,49,63,4,0.3860761914984323,0,4,1,1,0,2.011463844797178,0.04666617789349187,0.016896664932214533,9.0,8.76923076923077,12.666666666666666,24.4,2.711111111111111
Josiah Deguara,TE,2023,nflreadpy,8.0,8,65.0,0.0,0,0,26,39,3,0.2894353114825208,0,2,1,0,0,1.9848684210526315,0.027212981744421903,0.00919819480278612,10.0,8.125,6.5,14.5,1.45
Josiah Deguara,TE,2024,nflreadpy,3.0,3,14.0,0.0,0,0,2,12,0,-0.43789758641893667,0,0,0,0,0,2.0,0.011530066572083377,0.0008994077417029421,7.0,4.666666666666667,2.0,4.4,0.6285714285714287
Josiah Deguara,TE,2025,nflreadpy,3.0,5,21.0,1.0,0,0,23,5,2,0.3503065757395234,0,0,0,0,0,0.6409090909090909,0.021482533315902348,0.011417790864911211,7.0,7.0,3.0,11.1,1.5857142857142856
Josiah Miamen,TE,2024,college_data,10.0,0,120.0,0.0,0,0,0,0,0,,0,0,0,0,0,,,,,12.0,,,
Josiah Thomas,TE,2025,college_data,28.0,0,228.0,3.0,0,0,0,0,0,,0,0,0,0,0,,,,,8.142857142857142,,,
Juan Davis,TE,2024,college_data,9.0,0,54.0,0.0,0,0,0,0,0,,0,0,0,0,0,,,,,6.0,,,
Judah Ezinwa,TE,2025,college_data,4.0,0,76.0,0.0,0,0,0,0,0,,0,0,0,0,0,,,,,19.0,,,
Jude James,TE,2025,college_data,6.0,0,81.0,2.0,0,0,0,0,0,,0,0,0,0,0,,,,,13.5,,,
Jude Wolfe,TE,2024,college_data,18.0,0,161.0,2.0,0,0,0,0,0,,0,0,0,0,0,,,,,8.944444444444445,,,
Julian Hill,TE,2023,nflreadpy,6.0,9,48.0,0.0,1,1,29,30,2,-0.7355534262824027,0,2,1,0,0,1.3283730158730158,0.029079846079846077,0.011939350128636332,10.0,8.0,4.8,8.8,0.8800000000000001
Julian Hill,TE,2024,nflreadpy,12.0,19,100.0,0.0,1,0,120,58,5,0.27565959717201377,0,5,1,0,0,1.49008658008658,0.03990152652191691,0.038194790523133855,14.0,8.333333333333334,7.142857142857143,20.0,1.4285714285714286
Julian Hill,TE,2025,nflreadpy,15.0,20,140.0,0.0,0,0,66,111,6,0.10873290902564957,1,6,3,1,0,3.46,0.06668430499981302,0.025933293935844138,11.0,9.333333333333334,12.727272727272727,31.0,2.8181818181818183
Julian Johnson,TE,2025,college_data,1.0,0,5.0,0.0,0,0,0,0,0,,0,0,0,0,0,,,,,5.0,,,
Julian Nixon,TE,2024,college_data,9.0,0,91.0,1.0,0,0,0,0,0,,0,0,0,0,0,,,,,10.11111111111111,,,
Julian Nixon,TE,2025,college_data,15.0,0,151.0,1.0,0,0,0,0,0,,0,0,0,0,0,,,,,10.066666666666666,,,
Julien Randolph,TE,2025,college_data,3.0,0,77.0,1.0,0,0,0,0,0,,0,0,0,0,0,,,,,25.666666666666668,,,
Justin Ball,TE,2024,college_data,9.0,0,77.0,0.0,0,0,0,0,0,,0,0,0,0,0,,,,,8.555555555555555,,,
Justin Cayenne,TE,2024,college_data,9.0,0,57.0,1.0,0,0,0,0,0,,0,0,0,0,0,,,,,6.333333333333333,,,
Justin Cayenne,TE,2025,college_data,7.0,0,61.0,0.0,0,0,0,0,0,,0,0,0,0,0,,,,,8.714285714285714,,,
Justin Erb,TE,2025,college_data,3.0,0,18.0,1.0,0,0,0,0,0,,0,0,0,0,0,,,,,6.0,,,
Justin Fisher,TE,2024,college_data,1.0,0,16.0,0.0,0,0,0,0,0,,0,0,0,0,0,,,,,16.0,,,
Justin Holmes,TE,2024,college_data,1.0,0,11.0,0.0,0,0,0,0,0,,0,0,0,0,0,,,,,11.0,,,
Justin Holmes,TE,2025,college_data,28.0,0,301.0,4.0,0,0,0,0,0,,0,0,0,0,0,,,,,10.75,,,
Justin Joly,TE,2024,college_data,43.0,0,661.0,4.0,0,0,0,0,0,,0,0,0,0,0,,,,,15.372093023255815,,,
Justin Joly,TE,2025,college_data,49.0,0,489.0,7.0,0,0,0,0,0,,0,0,0,0,0,,,,,9.979591836734693,,,
Justin Leszynski,TE,2024,college_data,1.0,0,15.0,0.0,0,0,0,0,0,,0,0,0,0,0,,,,,15.0,,,
Justin Stephens,TE,2024,college_data,1.0,0,17.0,0.0,0,0,0,0,0,,0,0,0,0,0,,,,,17.0,,,
Justin Wolf,TE,2025,college_data,2.0,0,19.0,0.0,0,0,0,0,0,,0,0,0,0,0,,,,,9.5,,,
Justyn Reid,TE,2024,college_data,7.0,0,145.0,0.0,0,0,0,0,0,,0,0,0,0,0,,,,,20.714285714285715,,,
Justyn Reid,TE,2025,college_data,17.0,0,200.0,3.0,0,0,0,0,0,,0,0,0,0,0,,,,,11.764705882352942,,,
Juwan Johnson,TE,2020,nflreadpy,4.0,10,39.0,0.0,0,0,73,20,3,-0.7950726610260898,0,2,1,0,0,0.7966666666666666,0.05832138485628814,0.06020414314189917,5.0,9.75,7.8,7.9,1.58
Juwan Johnson,TE,2021,nflreadpy,13.0,22,159.0,4.0,0,0,240,42,12,1.2157685085565295,0,7,3,3,0,1.1089938122141512,0.06810877640319275,0.09220099925086521,13.0,12.23076923076923,12.23076923076923,52.9,4.069230769230769
Juwan Johnson,TE,2022,nflreadpy,42.0,65,508.0,7.0,0,0,600,166,25,0.9857689154138596,0,23,13,8,1,1.1502552987992951,0.14716021062336782,0.159746968912825,16.0,12.095238095238095,31.75,134.8,8.425
Juwan Johnson,TE,2023,nflreadpy,37.0,59,368.0,4.0,0,0,444,145,23,-0.34519137736581446,0,14,7,7,0,0.9268695151533544,0.13892183623167395,0.1358970244742283,13.0,9.945945945945946,28.307692307692307,97.80000000000001,7.523076923076924
Juwan Johnson,TE,2024,nflreadpy,50.0,66,548.0,3.0,2,0,547,212,27,1.1247047142281044,0,26,15,8,0,1.2683519938669963,0.1359815289521542,0.13239162481441025,15.0,10.96,36.53333333333333,118.80000000000001,7.920000000000001
Juwan Johnson,TE,2025,nflreadpy,77.0,102,889.0,3.0,2,2,773,362,41,2.0715541881925685,0,38,17,11,1,1.4325940467282852,0.17668354676965664,0.1553646136319327,17.0,11.545454545454545,52.294117647058826,179.9,10.58235294117647
Juwan Johnson,TE,2026,nflreadpy,21.0,27,232.0,3.0,1,1,162,116,13,3.00650219767834,0,10,7,5,0,2.808658008658009,0.15745703764320784,0.09594189185925428,4.0,11.047619047619047,58.0,60.2,15.05
Jyrin Johnson,TE,2024,college_data,26.0,0,271.0,0.0,0,0,0,0,0,,0,0,0,0,0,,,,,10.423076923076923,,,
Jyrin Johnson,TE,2025,college_data,37.0,0,466.0,2.0,0,0,0,0,0,,0,0,0,0,0,,,,,12.594594594594595,,,
Ka'Morreun Pimpton,TE,2024,college_data,6.0,0,79.0,0.0,0,0,0,0,0,,0,0,0,0,0,,,,,13.166666666666666,,,
Ka'Morreun Pimpton,TE,2025,college_data,1.0,0,3.0,1.0,0,0,0,0,0,,0,0,0,0,0,,,,,3.0,,,
Kache Kaio,TE,2025,college_data,2.0,0,10.0,0.0,0,0,0,0,0,,0,0,0,0,0,,,,,5.0,,,
Kade Eldridge,TE,2024,college_data,3.0,0,19.0,0.0,0,0,0,0,0,,0,0,0,0,0,,,,,6.333333333333333,,,
Kade Eldridge,TE,2025,college_data,1.0,0,6.0,0.0,0,0,0,0,0,,0,0,0,0,0,,,,,6.0,,,
Kaden Eggett,TE,2025,college_data,24.0,0,266.0,0.0,0,0,0,0,0,,0,0,0,0,0,,,,,11.083333333333334,,,
Kaden Feagin,TE,2024,college_data,5.0,0,37.0,0.0,0,0,0,0,0,,0,0,0,0,0,,,,,7.4,,,
Kaden Feagin,TE,2025,college_data,16.0,0,188.0,2.0,0,0,0,0,0,,0,0,0,0,0,,,,,11.75,,,
Kaden Helms,TE,2024,college_data,2.0,0,19.0,1.0,0,0,0,0,0,,0,0,0,0,0,,,,,9.5,,,
Kaden Helms,TE,2025,college_data,5.0,0,35.0,1.0,0,0,0,0,0,,0,0,0,0,0,,,,,7.0,,,
Kaden Smith,TE,2019,nflreadpy,31.0,42,268.0,3.0,2,0,241,91,12,1.414528925446234,0,10,4,3,0,1.1670508736546472,0.16286306103091605,0.09454357255180194,7.0,8.64516129032258,38.285714285714285,71.8,10.257142857142856
Kaden Smith,TE,2020,nflreadpy,18.0,21,112.0,0.0,0,0,41,89,8,0.469520395854488,0,5,1,0,0,4.429395604395604,0.04912946789136458,0.011899662421410927,15.0,6.222222222222222,7.466666666666667,29.200000000000003,1.9466666666666668
Kaden Smith,TE,2021,nflreadpy,3.0,3,33.0,0.0,0,0,22,11,1,0.8496294115320779,0,1,1,1,0,1.6058823529411765,0.022767857142857142,0.017090540951756748,4.0,11.0,8.25,6.300000000000001,1.5750000000000002
Kaden Zenzen,TE,2024,college_data,1.0,0,17.0,0.0,0,0,0,0,0,,0,0,0,0,0,,,,,17.0,,,
Kaden Zenzen,TE,2025,college_data,1.0,0,9.0,0.0,0,0,0,0,0,,0,0,0,0,0,,,,,9.0,,,
Kadinn Morris,TE,2024,college_data,2.0,0,19.0,0.0,0,0,0,0,0,,0,0,0,0,0,,,,,9.5,,,
Kadinn Morris,TE,2025,college_data,15.0,0,183.0,2.0,0,0,0,0,0,,0,0,0,0,0,,,,,12.2,,,
Kaelan Chudzinski,TE,2025,college_data,24.0,0,313.0,4.0,0,0,0,0,0,,0,0,0,0,0,,,,,13.041666666666666,,,
Kahale Warring,TE,2020,nflreadpy,3.0,7,35.0,0.0,0,0,58,8,2,-0.45277826384408115,0,1,1,1,0,0.3881818181818182,0.053511489438262894,0.04293462413481726,4.0,11.666666666666666,8.75,6.5,1.625
Kahlil Brantley,TE,2024,college_data,7.0,0,79.0,2.0,0,0,0,0,0,,0,0,0,0,0,,,,,11.285714285714286,,,
Kahlil Overton,TE,2024,college_data,9.0,0,94.0,0.0,0,0,0,0,0,,0,0,0,0,0,,,,,10.444444444444445,,,
Kai Black,TE,2024,college_data,1.0,0,7.0,0.0,0,0,0,0,0,,0,0,0,0,0,,,,,7.0,,,
Kai Rios,TE,2024,college_data,7.0,0,61.0,1.0,0,0,0,0,0,,0,0,0,0,0,,,,,8.714285714285714,,,
Kai Rios,TE,2025,college_data,1.0,0,1.0,1.0,0,0,0,0,0,,0,0,0,0,0,,,,,1.0,,,
Kaiden Swortzel,TE,2024,college_data,1.0,0,11.0,0.0,0,0,0,0,0,,0,0,0,0,0,,,,,11.0,,,
Kaleb Costner,TE,2024,college_data,1.0,0,15.0,0.0,0,0,0,0,0,,0,0,0,0,0,,,,,15.0,,,
Kaleb Edwards,TE,2025,college_data,11.0,0,150.0,1.0,0,0,0,0,0,,0,0,0,0,0,,,,,13.636363636363637,,,
Kaleb Heatherly,TE,2024,college_data,5.0,0,9.0,1.0,0,0,0,0,0,,0,0,0,0,0,,,,,1.8,,,
Kaleb Heatherly,TE,2025,college_data,17.0,0,223.0,2.0,0,0,0,0,0,,0,0,0,0,0,,,,,13.117647058823529,,,
Kaleo Ballungay,TE,2024,college_data,17.0,0,152.0,6.0,0,0,0,0,0,,0,0,0,0,0,,,,,8.941176470588236,,,
Kamari Morales,TE,2024,college_data,28.0,0,325.0,6.0,0,0,0,0,0,,0,0,0,0,0,,,,,11.607142857142858,,,
Kameron Anthony,TE,2025,college_data,7.0,0,117.0,2.0,0,0,0,0,0,,0,0,0,0,0,,,,,16.714285714285715,,,
Kamrean Johnson,TE,2024,college_data,1.0,0,6.0,1.0,0,0,0,0,0,,0,0,0,0,0,,,,,6.0,,,
Kamrean Johnson,TE,2025,college_data,11.0,0,122.0,1.0,0,0,0,0,0,,0,0,0,0,0,,,,,11.090909090909092,,,
Kamron Beachem,TE,2024,college_data,8.0,0,71.0,1.0,0,0,0,0,0,,0,0,0,0,0,,,,,8.875,,,
Kamron Beachem,TE,2025,college_data,7.0,0,133.0,0.0,0,0,0,0,0,,0,0,0,0,0,,,,,19.0,,,
Kanen Hamlett,TE,2024,college_data,4.0,0,35.0,2.0,0,0,0,0,0,,0,0,0,0,0,,,,,8.75,,,
Kanen Hamlett,TE,2025,college_data,13.0,0,142.0,2.0,0,0,0,0,0,,0,0,0,0,0,,,,,10.923076923076923,,,
Karter Johnson,TE,2024,college_data,16.0,0,144.0,1.0,0,0,0,0,0,,0,0,0,0,0,,,,,9.0,,,
Kayden Stuit,TE,2025,college_data,3.0,0,14.0,0.0,0,0,0,0,0,,0,0,0,0,0,,,,,4.666666666666667,,,
Ke'Untae Mosley,TE,2024,college_data,4.0,0,85.0,1.0,0,0,0,0,0,,0,0,0,0,0,,,,,21.25,,,
Ke'Untae Mosley,TE,2025,college_data,12.0,0,120.0,2.0,0,0,0,0,0,,0,0,0,0,0,,,,,10.0,,,
Kealen Juniel,TE,2025,college_data,1.0,0,14.0,0.0,0,0,0,0,0,,0,0,0,0,0,,,,,14.0,,,
Keanu Hill,TE,2024,college_data,12.0,0,108.0,1.0,0,0,0,0,0,,0,0,0,0,0,,,,,9.0,,,
Keayen Nead,TE,2024,college_data,8.0,0,45.0,1.0,0,0,0,0,0,,0,0,0,0,0,,,,,5.625,,,
Keleki Latu,TE,2024,college_data,40.0,0,371.0,1.0,0,0,0,0,0,,0,0,0,0,0,,,,,9.275,,,
Keleki Latu,TE,2025,nflreadpy,4.0,4,35.0,0.0,0,0,12,23,3,2.659625777392648,0,2,0,0,0,2.4375,0.046825396825396826,0.017253899555581376,3.0,8.75,11.666666666666666,7.5,2.5
Keller Gammons,TE,2024,college_data,1.0,0,1.0,0.0,0,0,0,0,0,,0,0,0,0,0,,,,,1.0,,,
Kelsey Johnson,TE,2025,college_data,3.0,0,33.0,0.0,0,0,0,0,0,,0,0,0,0,0,,,,,11.0,,,
Kendall Blanton,TE,2021,nflreadpy,11.0,14,112.0,1.0,1,0,62,69,7,0.8210411019196423,0,4,2,2,0,2.058150183150183,0.0552785015839203,0.03148814058711478,7.0,10.181818181818182,16.0,26.200000000000003,3.7428571428571433
Kendall Blanton,TE,2022,nflreadpy,2.0,2,35.0,0.0,0,0,12,23,1,0.9727643832447939,0,1,1,1,0,2.916666666666667,0.030416666666666668,0.025494071146245058,2.0,17.5,17.5,5.5,2.75
Kendall Karr,TE,2024,college_data,13.0,0,234.0,1.0,0,0,0,0,0,,0,0,0,0,0,,,,,18.0,,,
Kendrick Rucker,TE,2024,college_data,1.0,0,11.0,0.0,0,0,0,0,0,,0,0,0,0,0,,,,,11.0,,,
Kenny Fletcher,TE,2024,college_data,20.0,0,137.0,2.0,0,0,0,0,0,,0,0,0,0,0,,,,,6.85,,,
Kenny Fletcher,TE,2025,college_data,26.0,0,236.0,0.0,0,0,0,0,0,,0,0,0,0,0,,,,,9.076923076923077,,,
Kenny Yeboah,TE,2021,nflreadpy,2.0,3,36.0,0.0,0,0,48,3,2,1.418266693566693,0,2,1,1,0,0.5454545454545454,0.03148148148148148,0.06259473188316743,3.0,18.0,12.0,5.6,1.8666666666666665
Kenny Yeboah,TE,2023,nflreadpy,2.0,4,28.0,0.0,0,0,19,20,1,-1.3281002699804958,0,1,1,1,0,1.0,0.030134680134680136,0.04026078358670127,3.0,14.0,9.333333333333334,4.800000000000001,1.6000000000000003
Kenny Yeboah,TE,2024,nflreadpy,5.0,8,47.0,1.0,0,0,37,34,3,0.4530906178309427,0,3,0,0,0,3.08974358974359,0.034500614129765565,0.029963870191574173,7.0,9.4,6.714285714285714,15.7,2.242857142857143
Kenyon Sadiq,TE,2024,college_data,24.0,0,308.0,2.0,0,0,0,0,0,,0,0,0,0,0,,,,,12.833333333333334,,,
Kenyon Sadiq,TE,2025,college_data,51.0,0,560.0,8.0,0,0,0,0,0,,0,0,0,0,0,,,,,10.980392156862745,,,
Kenyon Sadiq,TE,2026,nflreadpy,12.0,18,143.0,1.0,0,0,97,83,4,0.8841083140432602,0,4,2,2,1,0.8677884615384616,0.17566425120772947,0.09809702617433824,4.0,11.916666666666666,35.75,32.3,8.075
Keshawn Toney,TE,2024,college_data,29.0,0,319.0,3.0,0,0,0,0,0,,0,0,0,0,0,,,,,11.0,,,
Kevin Bauman,TE,2024,college_data,1.0,0,8.0,1.0,0,0,0,0,0,,0,0,0,0,0,,,,,8.0,,,
Kevin Rader,TE,2021,nflreadpy,2.0,3,8.0,0.0,0,0,8,4,0,-0.5191377754381392,0,0,0,0,0,0.35,0.02821869488536155,0.010736504113987558,3.0,4.0,2.6666666666666665,2.8,0.9333333333333332
Kevin Rader,TE,2023,nflreadpy,1.0,3,6.0,0.0,0,0,32,4,0,-0.560662368661724,0,0,0,0,0,1.5,0.016703296703296705,0.03155733155733156,7.0,6.0,0.8571428571428571,1.6,0.2285714285714286
Kevin Schaeffer,TE,2025,college_data,2.0,0,58.0,2.0,0,0,0,0,0,,0,0,0,0,0,,,,,29.0,,,
Keyan Burnett,TE,2024,college_data,18.0,0,217.0,1.0,0,0,0,0,0,,0,0,0,0,0,,,,,12.055555555555555,,,
Keyan Burnett,TE,2025,college_data,2.0,0,11.0,0.0,0,0,0,0,0,,0,0,0,0,0,,,,,5.5,,,
Khaioz Watford,TE,2025,college_data,4.0,0,58.0,1.0,0,0,0,0,0,,0,0,0,0,0,,,,,14.5,,,
Khalil Dinkins,TE,2024,college_data,14.0,0,122.0,2.0,0,0,0,0,0,,0,0,0,0,0,,,,,8.714285714285714,,,
Khalil Dinkins,TE,2025,college_data,14.0,0,167.0,2.0,0,0,0,0,0,,0,0,0,0,0,,,,,11.928571428571429,,,
Khamari Anderson,TE,2024,college_data,5.0,0,29.0,0.0,0,0,0,0,0,,0,0,0,0,0,,,,,5.8,,,
Khamari Anderson,TE,2025,college_data,5.0,0,24.0,1.0,0,0,0,0,0,,0,0,0,0,0,,,,,4.8,,,
Khari Lee,TE,2018,nflreadpy,1.0,1,5.0,0.0,0,0,-1,6,0,-0.10997770959511399,0,0,0,0,0,0.0,0.030303030303030304,-0.003257328990228013,1.0,5.0,5.0,1.5,1.5
Kheagian Heckaman,TE,2024,college_data,1.0,0,4.0,0.0,0,0,0,0,0,,0,0,0,0,0,,,,,4.0,,,
Kheagian Heckaman,TE,2025,college_data,4.0,0,97.0,2.0,0,0,0,0,0,,0,0,0,0,0,,,,,24.25,,,
Ko Kieft,TE,2022,nflreadpy,7.0,11,80.0,1.0,0,0,59,31,5,0.44685903248480624,0,4,2,0,0,1.2652777777777777,0.01582810322665142,0.012998221099735955,14.0,11.428571428571429,5.714285714285714,21.0,1.5
Ko Kieft,TE,2023,nflreadpy,1.0,5,2.0,1.0,0,0,61,2,1,-0.44477618479868397,0,0,0,0,0,0.0,0.015024526877975154,0.0216106037660808,11.0,2.0,0.18181818181818182,7.2,0.6545454545454545
Koby Gross,TE,2024,college_data,22.0,0,226.0,3.0,0,0,0,0,0,,0,0,0,0,0,,,,,10.272727272727273,,,
Koby Gross,TE,2025,college_data,10.0,0,141.0,1.0,0,0,0,0,0,,0,0,0,0,0,,,,,14.1,,,
Koby Keenan,TE,2024,college_data,9.0,0,62.0,0.0,0,0,0,0,0,,0,0,0,0,0,,,,,6.888888888888889,,,
Koby Keenan,TE,2025,college_data,13.0,0,128.0,2.0,0,0,0,0,0,,0,0,0,0,0,,,,,9.846153846153847,,,
Kolby Howard,TE,2024,college_data,2.0,0,-10.0,0.0,0,0,0,0,0,,0,0,0,0,0,,,,,-5.0,,,
Kole Taylor,TE,2024,college_data,43.0,0,448.0,3.0,0,0,0,0,0,,0,0,0,0,0,,,,,10.418604651162791,,,
Kole Williams,TE,2025,college_data,4.0,0,22.0,0.0,0,0,0,0,0,,0,0,0,0,0,,,,,5.5,,,
Konner Fox,TE,2024,college_data,14.0,0,143.0,1.0,0,0,0,0,0,,0,0,0,0,0,,,,,10.214285714285714,,,
Kordell Rodgers,TE,2025,college_data,19.0,0,172.0,3.0,0,0,0,0,0,,0,0,0,0,0,,,,,9.052631578947368,,,
Kristian Ingman,TE,2025,college_data,23.0,0,342.0,0.0,0,0,0,0,0,,0,0,0,0,0,,,,,14.869565217391305,,,
Kyi Wright,TE,2024,college_data,1.0,0,1.0,1.0,0,0,0,0,0,,0,0,0,0,0,,,,,1.0,,,
Kyirin Heath,TE,2024,college_data,15.0,0,210.0,2.0,0,0,0,0,0,,0,0,0,0,0,,,,,14.0,,,
Kyirin Heath,TE,2025,college_data,19.0,0,228.0,3.0,0,0,0,0,0,,0,0,0,0,0,,,,,12.0,,,
Kylan Fox,TE,2024,college_data,3.0,0,22.0,0.0,0,0,0,0,0,,0,0,0,0,0,,,,,7.333333333333333,,,
Kylan Fox,TE,2025,college_data,16.0,0,137.0,1.0,0,0,0,0,0,,0,0,0,0,0,,,,,8.5625,,,
Kyle Doney,TE,2025,college_data,1.0,0,4.0,0.0,0,0,0,0,0,,0,0,0,0,0,,,,,4.0,,,
Kyle Fontes,TE,2024,college_data,2.0,0,17.0,0.0,0,0,0,0,0,,0,0,0,0,0,,,,,8.5,,,
Kyle Frendt,TE,2025,college_data,2.0,0,25.0,0.0,0,0,0,0,0,,0,0,0,0,0,,,,,12.5,,,
Kyle Koontz,TE,2025,college_data,7.0,0,71.0,1.0,0,0,0,0,0,,0,0,0,0,0,,,,,10.142857142857142,,,
Kyle Morgan,TE,2024,college_data,2.0,0,41.0,0.0,0,0,0,0,0,,0,0,0,0,0,,,,,20.5,,,
Kyle Morgan,TE,2025,college_data,6.0,0,47.0,1.0,0,0,0,0,0,,0,0,0,0,0,,,,,7.833333333333333,,,
Kyle Morlock,TE,2024,college_data,13.0,0,149.0,0.0,0,0,0,0,0,,0,0,0,0,0,,,,,11.461538461538462,,,
Kyle Pitts,TE,2021,nflreadpy,68.0,110,1026.0,1.0,0,0,1193,313,43,1.5488891138046554,0,41,27,16,2,0.8695440970804347,0.20341600033250887,0.29650590459900195,17.0,15.088235294117647,60.35294117647059,176.60000000000002,10.38823529411765
Kyle Pitts,TE,2022,nflreadpy,28.0,59,356.0,2.0,0,0,812,130,20,0.33775945608854246,0,15,10,5,0,0.6491528570102147,0.27923934790123733,0.31053890399704775,10.0,12.714285714285714,35.6,75.6,7.56
Kyle Pitts,TE,2023,nflreadpy,53.0,90,667.0,3.0,0,0,1029,134,35,1.0222092231921622,0,32,16,7,0,0.7146490473430884,0.18013688414038195,0.26436317888528377,17.0,12.584905660377359,39.23529411764706,137.7,8.1
Kyle Pitts,TE,2024,nflreadpy,47.0,74,602.0,4.0,0,0,623,272,21,0.4084415426871454,0,21,9,7,3,1.450214089050985,0.13905010663994358,0.15204469050963373,17.0,12.808510638297872,35.411764705882355,131.2,7.717647058823529
Kyle Pitts,TE,2025,nflreadpy,88.0,118,928.0,5.0,0,0,869,400,51,1.446114844451156,0,43,17,12,0,1.3427600007675358,0.22682102537608195,0.2161630737607579,17.0,10.545454545454545,54.588235294117645,210.8,12.4
Kyle Pitts,TE,2026,nflreadpy,5.0,9,67.0,0.0,0,0,68,43,3,-1.5148646099987673,0,3,1,1,0,1.7692307692307692,0.09659057355872148,0.1541035217368002,4.0,13.4,16.75,11.7,2.925
Kyle Rudolph,TE,2018,nflreadpy,64.0,82,634.0,4.0,0,0,521,249,32,1.5134117553116702,0,26,13,6,1,1.4996073869467528,0.14267121242207648,0.1154753121326313,16.0,9.90625,39.625,151.4,9.4625
Kyle Rudolph,TE,2019,nflreadpy,45.0,58,402.0,7.0,0,0,373,210,26,1.2854675159716802,1,17,6,3,0,1.5085615676517492,0.11701732776947067,0.08709277689629569,17.0,8.933333333333334,23.647058823529413,129.2,7.6
Kyle Rudolph,TE,2020,nflreadpy,28.0,37,334.0,1.0,1,1,261,164,16,0.6437534618568658,0,15,8,5,0,2.4408924774056353,0.10637513246167322,0.07613811907324317,12.0,11.928571428571429,27.833333333333332,65.4,5.45
Kyle Rudolph,TE,2021,nflreadpy,26.0,39,257.0,1.0,0,0,240,137,12,0.5488176940975676,1,8,3,3,1,1.1407113034734517,0.08779331147544543,0.08236158246112033,15.0,9.884615384615385,17.133333333333333,59.7,3.98
Kyle Rudolph,TE,2022,nflreadpy,3.0,5,28.0,1.0,0,0,44,3,2,0.3878433996345848,0,1,0,0,0,0.72,0.023989177489177487,0.03376331021621606,5.0,9.333333333333334,5.6,11.8,2.3600000000000003
Kylen Granson,TE,2021,nflreadpy,11.0,15,106.0,0.0,0,0,59,76,4,0.42832140205025765,0,4,1,1,0,3.308931623931624,0.051853919466070986,0.03137269932389396,10.0,9.636363636363637,10.6,21.6,2.16
Kylen Granson,TE,2022,nflreadpy,31.0,40,302.0,0.0,1,0,259,127,17,-0.05568549612366825,0,14,7,3,0,1.1641749698910042,0.08770318899058621,0.08609899434249121,13.0,9.741935483870968,23.23076923076923,59.2,4.553846153846154
Kylen Granson,TE,2023,nflreadpy,30.0,50,368.0,1.0,0,0,402,128,19,0.7640294051689572,0,14,7,5,2,1.1453290915402072,0.10550523434468279,0.10732981136030983,15.0,12.266666666666667,24.533333333333335,72.80000000000001,4.853333333333334
Kylen Granson,TE,2024,nflreadpy,14.0,31,182.0,0.0,0,0,352,109,8,-0.6012885945796992,0,7,4,3,1,0.8677881297446515,0.06551862804038101,0.06637297814324522,16.0,13.0,11.375,32.2,2.0125
Kylen Granson,TE,2025,nflreadpy,7.0,9,40.0,0.0,0,0,68,13,3,-0.4661488145720796,0,1,0,0,0,0.6880139152435167,0.026562662101877788,0.01606888929755566,12.0,5.714285714285714,3.3333333333333335,11.0,0.9166666666666666
Lafayette Kaiuway,TE,2025,college_data,3.0,0,33.0,1.0,0,0,0,0,0,,0,0,0,0,0,,,,,11.0,,,
Lake McRee,TE,2024,college_data,24.0,0,245.0,0.0,0,0,0,0,0,,0,0,0,0,0,,,,,10.208333333333334,,,
Lake McRee,TE,2025,college_data,30.0,0,450.0,4.0,0,0,0,0,0,,0,0,0,0,0,,,,,15.0,,,
Lakota Dippre,TE,2025,college_data,17.0,0,192.0,3.0,0,0,0,0,0,,0,0,0,0,0,,,,,11.294117647058824,,,
Lance Kendricks,TE,2018,nflreadpy,19.0,25,170.0,1.0,0,0,141,112,9,0.5706720385754195,0,6,4,2,0,2.610119047619048,0.04760118968039053,0.03043119633752827,14.0,8.947368421052632,12.142857142857142,42.0,3.0
Lance Kendricks,TE,2019,nflreadpy,3.0,7,50.0,0.0,0,0,74,7,3,0.21318680889089592,0,3,1,1,0,0.3818655303030303,0.04936886395511922,0.06031077623904314,4.0,16.666666666666668,12.5,8.0,2.0
Lance Mason,TE,2024,college_data,32.0,0,569.0,6.0,0,0,0,0,0,,0,0,0,0,0,,,,,17.78125,,,
Lance Mason,TE,2025,college_data,30.0,0,398.0,4.0,0,0,0,0,0,,0,0,0,0,0,,,,,13.266666666666667,,,
Lance Rees,TE,2024,college_data,7.0,0,37.0,1.0,0,0,0,0,0,,0,0,0,0,0,,,,,5.285714285714286,,,
Lance Rees,TE,2025,college_data,16.0,0,109.0,0.0,0,0,0,0,0,,0,0,0,0,0,,,,,6.8125,,,
Landen King,TE,2024,college_data,3.0,0,54.0,1.0,0,0,0,0,0,,0,0,0,0,0,,,,,18.0,,,
Landen King,TE,2025,college_data,15.0,0,203.0,4.0,0,0,0,0,0,,0,0,0,0,0,,,,,13.533333333333333,,,
Landen Lucas,TE,2024,college_data,17.0,0,197.0,0.0,0,0,0,0,0,,0,0,0,0,0,,,,,11.588235294117647,,,
Landen Lucas,TE,2025,college_data,13.0,0,76.0,0.0,0,0,0,0,0,,0,0,0,0,0,,,,,5.846153846153846,,,
Landen Thomas,TE,2024,college_data,14.0,0,173.0,1.0,0,0,0,0,0,,0,0,0,0,0,,,,,12.357142857142858,,,
Landen Thomas,TE,2025,college_data,3.0,0,35.0,2.0,0,0,0,0,0,,0,0,0,0,0,,,,,11.666666666666666,,,
Landon Cooper,TE,2025,college_data,22.0,0,239.0,2.0,0,0,0,0,0,,0,0,0,0,0,,,,,10.863636363636363,,,
Landon Morris,TE,2024,college_data,16.0,0,251.0,1.0,0,0,0,0,0,,0,0,0,0,0,,,,,15.6875,,,
Landon Morris,TE,2025,college_data,7.0,0,94.0,2.0,0,0,0,0,0,,0,0,0,0,0,,,,,13.428571428571429,,,
Landon Sauers,TE,2024,college_data,9.0,0,74.0,1.0,0,0,0,0,0,,0,0,0,0,0,,,,,8.222222222222221,,,
Landon Strickland,TE,2025,college_data,6.0,0,69.0,1.0,0,0,0,0,0,,0,0,0,0,0,,,,,11.5,,,
Lane Wadle,TE,2025,college_data,9.0,0,92.0,0.0,0,0,0,0,0,,0,0,0,0,0,,,,,10.222222222222221,,,
Langston Green,TE,2024,college_data,1.0,0,21.0,0.0,0,0,0,0,0,,0,0,0,0,0,,,,,21.0,,,
Langston Green,TE,2025,college_data,9.0,0,96.0,3.0,0,0,0,0,0,,0,0,0,0,0,,,,,10.666666666666666,,,
Lavar Lindo,TE,2024,college_data,5.0,0,62.0,1.0,0,0,0,0,0,,0,0,0,0,0,,,,,12.4,,,
Lavar Lindo,TE,2025,college_data,1.0,0,7.0,0.0,0,0,0,0,0,,0,0,0,0,0,,,,,7.0,,,
Lawrence Cager,TE,2020,nflreadpy,2.0,6,35.0,0.0,0,0,84,14,2,-6.591165624704445,0,2,2,0,0,0.4861111111111111,0.1001788908765653,0.15357080277353624,2.0,17.5,17.5,5.5,2.75
Lawrence Cager,TE,2022,nflreadpy,15.0,22,138.0,1.0,0,0,133,80,9,-0.6578397049456888,0,7,3,1,0,0.4726190476190476,0.08420499925432522,0.06535924221927969,8.0,9.2,17.25,34.8,4.35
Lawrence Cager,TE,2023,nflreadpy,4.0,5,36.0,1.0,0,0,21,27,2,1.084960670559667,0,1,0,0,0,3.6714285714285713,0.03506007177406772,0.023808940890541388,5.0,9.0,7.2,13.6,2.7199999999999998
Lawson Albright,TE,2025,college_data,9.0,0,78.0,1.0,0,0,0,0,0,,0,0,0,0,0,,,,,8.666666666666666,,,
Lawson Luckie,TE,2024,college_data,24.0,0,348.0,3.0,0,0,0,0,0,,0,0,0,0,0,,,,,14.5,,,
Lawson Luckie,TE,2025,college_data,15.0,0,158.0,4.0,0,0,0,0,0,,0,0,0,0,0,,,,,10.533333333333333,,,
Layne Pryor,TE,2024,college_data,30.0,0,242.0,2.0,0,0,0,0,0,,0,0,0,0,0,,,,,8.066666666666666,,,
Lee Negrotto,TE,2024,college_data,11.0,0,93.0,2.0,0,0,0,0,0,,0,0,0,0,0,,,,,8.454545454545455,,,
Lee Smith,TE,2018,nflreadpy,10.0,11,73.0,3.0,0,0,20,55,5,1.5059734084061347,0,2,1,1,0,2.6,0.032449251199251204,0.007065454326975511,9.0,7.3,8.11111111111111,35.3,3.922222222222222
Lee Smith,TE,2019,nflreadpy,5.0,6,39.0,1.0,0,0,33,16,2,0.6597401961237969,0,0,0,0,0,2.638888888888889,0.02177932812306923,0.01573447209635611,9.0,7.8,4.333333333333333,14.9,1.6555555555555557
Lee Smith,TE,2020,nflreadpy,4.0,6,35.0,2.0,0,0,22,20,3,-0.02725468254648149,0,1,1,1,0,1.276923076923077,0.03577821242294926,0.01273794577733162,5.0,8.75,7.0,19.5,3.9
Lee Smith,TE,2021,nflreadpy,9.0,11,65.0,1.0,0,0,38,31,3,0.45160116722884897,0,2,1,1,0,2.240740740740741,0.029248575498575496,0.01344465275340583,10.0,7.222222222222222,6.5,21.5,2.15
Leon Haughton Jr.,TE,2024,college_data,2.0,0,11.0,0.0,0,0,0,0,0,,0,0,0,0,0,,,,,5.5,,,
Leon Haughton Jr.,TE,2025,college_data,4.0,0,43.0,1.0,0,0,0,0,0,,0,0,0,0,0,,,,,10.75,,,
Levi Gazarek,TE,2024,college_data,8.0,0,63.0,2.0,0,0,0,0,0,,0,0,0,0,0,,,,,7.875,,,
Levi Linowes,TE,2024,college_data,9.0,0,89.0,1.0,0,0,0,0,0,,0,0,0,0,0,,,,,9.88888888888889,,,
Levi Linowes,TE,2025,college_data,19.0,0,239.0,1.0,0,0,0,0,0,,0,0,0,0,0,,,,,12.578947368421053,,,
Levi Wilkins,TE,2024,college_data,3.0,0,32.0,0.0,0,0,0,0,0,,0,0,0,0,0,,,,,10.666666666666666,,,
Levi Wilkins,TE,2025,college_data,4.0,0,64.0,0.0,0,0,0,0,0,,0,0,0,0,0,,,,,16.0,,,
Levine Toilolo,TE,2018,nflreadpy,21.0,24,263.0,1.0,0,0,180,110,16,1.801376254096712,0,13,8,2,0,1.7256657483930211,0.06957144214197507,0.07118574585277664,11.0,12.523809523809524,23.90909090909091,53.3,4.845454545454545
Levine Toilolo,TE,2019,nflreadpy,2.0,2,10.0,0.0,0,0,-3,13,0,0.13851410345523618,0,0,0,0,0,1.0,0.027419354838709678,-0.0074128711045546745,3.0,5.0,3.3333333333333335,3.0,1.0
Levine Toilolo,TE,2020,nflreadpy,5.0,6,46.0,0.0,0,0,26,26,3,0.38838923384901136,0,3,0,0,0,2.378354978354978,0.025139220535562,0.012912011733475686,7.0,9.2,6.571428571428571,9.600000000000001,1.3714285714285717
Leyton Cure,TE,2025,college_data,4.0,0,63.0,1.0,0,0,0,0,0,,0,0,0,0,0,,,,,15.75,,,
Linkon Cure,TE,2025,college_data,6.0,0,37.0,0.0,0,0,0,0,0,,0,0,0,0,0,,,,,6.166666666666667,,,
Lofton Howard,TE,2025,college_data,3.0,0,10.0,0.0,0,0,0,0,0,,0,0,0,0,0,,,,,3.3333333333333335,,,
Logan Blake,TE,2024,college_data,2.0,0,6.0,0.0,0,0,0,0,0,,0,0,0,0,0,,,,,3.0,,,
Logan Blake,TE,2025,college_data,1.0,0,6.0,0.0,0,0,0,0,0,,0,0,0,0,0,,,,,6.0,,,
Logan Brooking,TE,2025,college_data,1.0,0,4.0,1.0,0,0,0,0,0,,0,0,0,0,0,,,,,4.0,,,
Logan Compton,TE,2024,college_data,17.0,0,210.0,3.0,0,0,0,0,0,,0,0,0,0,0,,,,,12.352941176470589,,,
Logan Compton,TE,2025,college_data,4.0,0,36.0,0.0,0,0,0,0,0,,0,0,0,0,0,,,,,9.0,,,
Logan Kyle,TE,2024,college_data,11.0,0,132.0,1.0,0,0,0,0,0,,0,0,0,0,0,,,,,12.0,,,
Logan Kyle,TE,2025,college_data,12.0,0,139.0,1.0,0,0,0,0,0,,0,0,0,0,0,,,,,11.583333333333334,,,
Logan Lyson,TE,2024,college_data,5.0,0,28.0,1.0,0,0,0,0,0,,0,0,0,0,0,,,,,5.6,,,
Logan Lyson,TE,2025,college_data,6.0,0,51.0,0.0,0,0,0,0,0,,0,0,0,0,0,,,,,8.5,,,
Logan Mauldin,TE,2024,college_data,14.0,0,155.0,1.0,0,0,0,0,0,,0,0,0,0,0,,,,,11.071428571428571,,,
Logan Mauldin,TE,2025,college_data,26.0,0,341.0,2.0,0,0,0,0,0,,0,0,0,0,0,,,,,13.115384615384615,,,
Logan Paulsen,TE,2018,nflreadpy,9.0,9,91.0,1.0,0,0,33,58,6,1.0902183963168812,0,5,2,0,0,2.3843537414965987,0.029251683159787,0.01168552812009877,8.0,10.11111111111111,11.375,24.1,3.0125
Logan Reaska,TE,2025,college_data,10.0,0,114.0,2.0,0,0,0,0,0,,0,0,0,0,0,,,,,11.4,,,
Logan Thomas,TE,2018,nflreadpy,12.0,17,77.0,0.0,0,0,135,34,3,0.25274081338284304,0,1,1,1,0,0.46931438127090297,0.053097049954921864,0.04410328376003551,9.0,6.416666666666667,8.555555555555555,19.7,2.1888888888888887
Logan Thomas,TE,2019,nflreadpy,16.0,28,173.0,1.0,0,0,214,77,10,-0.08940375041521083,0,10,1,0,0,1.0982226107226107,0.057175754604940364,0.047245206335599615,15.0,10.8125,11.533333333333333,39.3,2.6199999999999997
Logan Thomas,TE,2020,nflreadpy,77.0,119,744.0,6.0,0,0,877,317,39,0.2842221026682142,0,29,12,7,0,0.8878251996083045,0.1948600153650694,0.20769944829463483,17.0,9.662337662337663,43.76470588235294,187.4,11.023529411764706
Logan Thomas,TE,2021,nflreadpy,18.0,25,196.0,3.0,1,1,249,67,10,0.9149519007478375,0,9,2,2,0,1.0281702420310928,0.1637789661319073,0.2419736668031655,5.0,10.88888888888889,39.2,53.6,10.72
Logan Thomas,TE,2022,nflreadpy,39.0,61,323.0,1.0,0,0,430,126,15,-0.6561833962637343,0,13,5,2,0,0.7462489773130506,0.15516123929769604,0.11478234328220695,13.0,8.282051282051283,24.846153846153847,77.30000000000001,5.946153846153847
Logan Thomas,TE,2023,nflreadpy,55.0,78,496.0,4.0,2,2,471,229,21,-0.30242982687716224,1,17,7,3,0,0.9723868636840017,0.1313668371858027,0.10433010800512407,16.0,9.018181818181818,31.0,126.6,7.9125
Logan Wilcox,TE,2024,college_data,1.0,0,8.0,0.0,0,0,0,0,0,,0,0,0,0,0,,,,,8.0,,,
Lonnie Shinn,TE,2025,college_data,11.0,0,143.0,0.0,0,0,0,0,0,,0,0,0,0,0,,,,,13.0,,,
Louis Hansen,TE,2024,college_data,24.0,0,236.0,4.0,0,0,0,0,0,,0,0,0,0,0,,,,,9.833333333333334,,,
Louis Hansen,TE,2025,college_data,20.0,0,194.0,0.0,0,0,0,0,0,,0,0,0,0,0,,,,,9.7,,,
Luca Puccinelli,TE,2025,college_data,3.0,0,24.0,0.0,0,0,0,0,0,,0,0,0,0,0,,,,,8.0,,,
Lucas Krull,TE,2023,nflreadpy,8.0,14,95.0,1.0,0,0,133,50,5,0.2794951264189224,0,3,2,1,0,0.4463768115942029,0.06342950973492846,0.07456031961567919,7.0,11.875,13.571428571428571,23.5,3.357142857142857
Lucas Krull,TE,2024,nflreadpy,20.0,24,154.0,0.0,0,0,120,67,7,0.4070141677564772,0,7,1,1,0,1.6385073260073257,0.07179621045433336,0.05399655645062735,11.0,7.7,14.0,35.4,3.2181818181818183
Lucas Krull,TE,2025,nflreadpy,2.0,4,15.0,0.0,0,0,20,4,0,-1.1916669710772112,0,0,0,0,0,0.7424242424242424,0.07050528789659224,0.04157285721765537,2.0,7.5,7.5,3.5,1.75
Luka Gilbert,TE,2025,college_data,2.0,0,37.0,0.0,0,0,0,0,0,,0,0,0,0,0,,,,,18.5,,,
Lukas Ungar,TE,2025,college_data,3.0,0,14.0,0.0,0,0,0,0,0,,0,0,0,0,0,,,,,4.666666666666667,,,
Luke Bracey,TE,2024,college_data,8.0,0,86.0,1.0,0,0,0,0,0,,0,0,0,0,0,,,,,10.75,,,
Luke Bracey,TE,2025,college_data,8.0,0,53.0,1.0,0,0,0,0,0,,0,0,0,0,0,,,,,6.625,,,
Luke Carter,TE,2025,college_data,7.0,0,39.0,0.0,0,0,0,0,0,,0,0,0,0,0,,,,,5.571428571428571,,,
Luke Clyburn,TE,2025,college_data,10.0,0,88.0,0.0,0,0,0,0,0,,0,0,0,0,0,,,,,8.8,,,
Luke Deal,TE,2024,college_data,3.0,0,6.0,1.0,0,0,0,0,0,,0,0,0,0,0,,,,,2.0,,,
Luke Farrell,TE,2021,nflreadpy,7.0,11,56.0,0.0,1,0,73,28,3,-0.45300840576237533,0,2,1,1,0,1.0665064102564104,0.0431294110981611,0.03301152239878663,8.0,8.0,7.0,10.600000000000001,1.3250000000000002
Luke Farrell,TE,2022,nflreadpy,4.0,4,40.0,0.0,0,0,4,36,3,-0.17233742681855801,0,3,0,0,0,4.875,0.03618077324973877,0.0007817560384270499,4.0,10.0,10.0,8.0,2.0
Luke Farrell,TE,2023,nflreadpy,13.0,15,155.0,0.0,0,0,71,96,5,0.8902613050433703,0,4,3,2,1,3.3102657004830918,0.04425237681812016,0.02428163853941281,10.0,11.923076923076923,15.5,28.5,2.85
Luke Farrell,TE,2024,nflreadpy,12.0,17,67.0,0.0,0,0,82,30,4,-0.4639005192555487,0,1,0,0,0,0.7921593818368011,0.04594866858169356,0.02345569714382245,12.0,5.583333333333333,5.583333333333333,18.7,1.5583333333333333
Luke Farrell,TE,2025,nflreadpy,12.0,17,86.0,2.0,1,1,43,52,6,-0.2785498519449241,0,3,0,0,0,1.2521645021645023,0.034842833396194095,0.012802147776582758,15.0,7.166666666666667,5.733333333333333,30.6,2.04
Luke Farrell,TE,2026,nflreadpy,2.0,3,19.0,0.0,0,0,29,16,1,0.48314146522898227,0,1,0,0,0,3.1666666666666665,0.024321266968325792,0.02714240058439483,4.0,9.5,4.75,3.9000000000000004,0.9750000000000001
Luke Foster,TE,2024,college_data,3.0,0,27.0,2.0,0,0,0,0,0,,0,0,0,0,0,,,,,9.0,,,
Luke Harpring,TE,2024,college_data,3.0,0,43.0,0.0,0,0,0,0,0,,0,0,0,0,0,,,,,14.333333333333334,,,
Luke Harpring,TE,2025,college_data,13.0,0,158.0,0.0,0,0,0,0,0,,0,0,0,0,0,,,,,12.153846153846153,,,
Luke Hasz,TE,2024,college_data,26.0,0,324.0,4.0,0,0,0,0,0,,0,0,0,0,0,,,,,12.461538461538462,,,
Luke Hasz,TE,2025,college_data,3.0,0,28.0,1.0,0,0,0,0,0,,0,0,0,0,0,,,,,9.333333333333334,,,
Luke Lachey,TE,2024,college_data,28.0,0,231.0,0.0,0,0,0,0,0,,0,0,0,0,0,,,,,8.25,,,
Luke Lindenmeyer,TE,2024,college_data,5.0,0,50.0,0.0,0,0,0,0,0,,0,0,0,0,0,,,,,10.0,,,
Luke Lindenmeyer,TE,2025,college_data,29.0,0,312.0,2.0,0,0,0,0,0,,0,0,0,0,0,,,,,10.758620689655173,,,
Luke Mcgary,TE,2024,college_data,17.0,0,231.0,1.0,0,0,0,0,0,,0,0,0,0,0,,,,,13.588235294117647,,,
Luke Mcgary,TE,2025,college_data,3.0,0,13.0,0.0,0,0,0,0,0,,0,0,0,0,0,,,,,4.333333333333333,,,
Luke Musgrave,TE,2023,nflreadpy,40.0,53,418.0,2.0,0,0,403,198,19,1.427695632813786,0,13,8,6,0,1.2373888804559967,0.12904291106509558,0.11049717399298233,13.0,10.45,32.15384615384615,93.80000000000001,7.215384615384616
Luke Musgrave,TE,2024,nflreadpy,7.0,10,45.0,0.0,0,0,66,18,2,-0.6853740766146917,0,1,1,0,0,1.4081632653061225,0.0513042867262468,0.033692006995536865,7.0,6.428571428571429,6.428571428571429,11.5,1.6428571428571428
Luke Musgrave,TE,2025,nflreadpy,25.0,33,261.0,0.0,1,0,292,73,11,0.7341802956902289,0,8,6,5,0,1.1704734493431623,0.0826683158839543,0.06941474388097323,14.0,10.44,18.642857142857142,49.1,3.507142857142857
Luke Pecovic,TE,2024,college_data,4.0,0,36.0,0.0,0,0,0,0,0,,0,0,0,0,0,,,,,9.0,,,
Luke Reynolds,TE,2024,college_data,9.0,0,111.0,1.0,0,0,0,0,0,,0,0,0,0,0,,,,,12.333333333333334,,,
Luke Reynolds,TE,2025,college_data,26.0,0,257.0,0.0,0,0,0,0,0,,0,0,0,0,0,,,,,9.884615384615385,,,
Luke Schoonmaker,TE,2023,nflreadpy,9.0,16,72.0,2.0,0,0,83,32,5,-0.31981513397179523,0,4,1,0,0,1.3941798941798942,0.03359281656305373,0.023711009940805175,13.0,8.0,5.538461538461538,28.2,2.169230769230769
Luke Schoonmaker,TE,2024,nflreadpy,27.0,36,241.0,1.0,0,0,199,97,11,0.9405915061652195,0,9,3,3,0,1.5603710967158895,0.07515681513611688,0.055070694900489374,12.0,8.925925925925926,20.083333333333332,57.1,4.758333333333334
Luke Schoonmaker,TE,2025,nflreadpy,14.0,23,132.0,0.0,0,0,165,82,7,0.2600111893552821,0,7,1,1,0,2.0390010316480907,0.04581444675955386,0.040391868089700696,14.0,9.428571428571429,9.428571428571429,27.200000000000003,1.942857142857143
Luke Schoonmaker,TE,2026,nflreadpy,2.0,2,21.0,0.0,0,0,18,3,0,0.8360196250723675,0,1,0,0,0,1.25,0.029166666666666667,0.030446887492861223,2.0,10.5,10.5,4.1,2.05
Luke Schuler,TE,2024,college_data,1.0,0,6.0,0.0,0,0,0,0,0,,0,0,0,0,0,,,,,6.0,,,
Luke Schuler,TE,2025,college_data,7.0,0,137.0,2.0,0,0,0,0,0,,0,0,0,0,0,,,,,19.571428571428573,,,
Luke Smith,TE,2025,college_data,1.0,0,3.0,0.0,0,0,0,0,0,,0,0,0,0,0,,,,,3.0,,,
Luke Stocker,TE,2018,nflreadpy,15.0,21,165.0,2.0,0,0,163,64,10,1.0636739484519542,0,9,2,2,0,1.171063196063196,0.06839323541723986,0.0772223798608966,12.0,11.0,13.75,43.5,3.625
Luke Stocker,TE,2019,nflreadpy,8.0,14,53.0,0.0,1,0,60,36,2,-1.1067875669845804,0,2,1,0,0,1.5474999999999999,0.02978052061094155,0.015247464412312423,12.0,6.625,4.416666666666667,11.3,0.9416666666666668
Luke Stocker,TE,2020,nflreadpy,7.0,11,63.0,0.0,0,0,21,52,4,0.11713282868731767,0,3,1,1,0,3.43125,0.024854835378319482,0.005526464789120615,11.0,9.0,5.7272727272727275,13.3,1.2090909090909092
Luke Stocker,TE,2021,nflreadpy,2.0,2,12.0,0.0,0,0,6,6,0,0.18263980926712975,0,0,0,0,0,4.0,0.011002886002886002,0.004416005767844268,6.0,6.0,2.0,3.2,0.5333333333333333
Luke Voorhees,TE,2025,college_data,1.0,0,7.0,0.0,0,0,0,0,0,,0,0,0,0,0,,,,,7.0,,,
Luke Willson,TE,2018,nflreadpy,13.0,19,87.0,0.0,0,0,71,58,5,-0.7891122392727994,0,3,0,0,0,1.2993434343434345,0.056164258050667784,0.02923022895996712,10.0,6.6923076923076925,8.7,21.700000000000003,2.1700000000000004
Luke Willson,TE,2019,nflreadpy,9.0,11,87.0,0.0,0,0,71,47,5,0.650395762798975,0,4,2,0,0,0.8400621118012422,0.04647754032794577,0.031534108010773026,8.0,9.666666666666666,10.875,17.700000000000003,2.2125000000000004
Luke Willson,TE,2020,nflreadpy,1.0,3,12.0,0.0,0,0,13,2,0,-2.346106859680731,0,1,0,0,0,0.6,0.08496732026143791,0.064220901126408,2.0,12.0,6.0,2.2,1.1
Luvens Valcin,TE,2025,college_data,4.0,0,38.0,1.0,0,0,0,0,0,,0,0,0,0,0,,,,,9.5,,,
Mac Busteed,TE,2024,college_data,1.0,0,0.0,0.0,0,0,0,0,0,,0,0,0,0,0,,,,,0.0,,,
Maddox Lassiter,TE,2025,college_data,1.0,0,2.0,0.0,0,0,0,0,0,,0,0,0,0,0,,,,,2.0,,,
Maddox McKim,TE,2025,college_data,6.0,0,35.0,0.0,0,0,0,0,0,,0,0,0,0,0,,,,,5.833333333333333,,,
Maika Heck,TE,2024,college_data,1.0,0,15.0,0.0,0,0,0,0,0,,0,0,0,0,0,,,,,15.0,,,
Maika Heck,TE,2025,college_data,6.0,0,55.0,0.0,0,0,0,0,0,,0,0,0,0,0,,,,,9.166666666666666,,,
Malachi Thomas,TE,2024,college_data,2.0,0,22.0,1.0,0,0,0,0,0,,0,0,0,0,0,,,,,11.0,,,
Malachi Thomas,TE,2025,college_data,13.0,0,192.0,2.0,0,0,0,0,0,,0,0,0,0,0,,,,,14.76923076923077,,,
Malik Jackson,TE,2024,college_data,2.0,0,24.0,0.0,0,0,0,0,0,,0,0,0,0,0,,,,,12.0,,,
Malik Simmons,TE,2025,college_data,11.0,0,129.0,4.0,0,0,0,0,0,,0,0,0,0,0,,,,,11.727272727272727,,,
Maliq Carr,TE,2024,college_data,19.0,0,186.0,1.0,0,0,0,0,0,,0,0,0,0,0,,,,,9.789473684210526,,,
Manny Adebi,TE,2025,college_data,1.0,0,7.0,0.0,0,0,0,0,0,,0,0,0,0,0,,,,,7.0,,,
Manny Thompson,TE,2025,college_data,2.0,0,23.0,2.0,0,0,0,0,0,,0,0,0,0,0,,,,,11.5,,,
Marc Taglieri Jr.,TE,2024,college_data,20.0,0,230.0,2.0,0,0,0,0,0,,0,0,0,0,0,,,,,11.5,,,
Marcedes Lewis,TE,2018,nflreadpy,3.0,4,39.0,0.0,0,0,5,31,1,0.48969011681037955,0,1,1,1,0,4.0,0.025105969008408037,0.004380752717652325,5.0,13.0,7.8,6.9,1.3800000000000001
Marcedes Lewis,TE,2019,nflreadpy,17.0,21,170.0,1.0,0,0,107,98,9,0.5254136211879086,0,8,3,2,0,0.7367521367521367,0.04904078013464382,0.027550559558351704,13.0,10.0,13.076923076923077,40.0,3.076923076923077
Marcedes Lewis,TE,2020,nflreadpy,13.0,20,135.0,3.0,0,0,123,73,7,0.5649611456002194,0,4,2,1,0,1.399306086070792,0.051914945168714095,0.03790903853939451,12.0,10.384615384615385,11.25,44.5,3.7083333333333335
Marcedes Lewis,TE,2021,nflreadpy,24.0,29,214.0,0.0,2,1,102,145,10,0.23495476397718967,0,10,5,3,0,1.674467122739012,0.06272227895720035,0.027561034506105107,14.0,8.916666666666666,15.285714285714286,41.400000000000006,2.9571428571428577
Marcedes Lewis,TE,2022,nflreadpy,6.0,7,66.0,2.0,0,0,58,14,5,1.336766216581377,1,3,2,1,0,0.903968253968254,0.03749196709723025,0.0322328576784373,6.0,11.0,11.0,26.6,4.433333333333334
Marcedes Lewis,TE,2023,nflreadpy,4.0,5,29.0,1.0,0,0,9,29,2,0.4972165246028453,0,1,1,0,0,0.8400000000000001,0.03133314971302228,0.018652203435039625,6.0,7.25,4.833333333333333,12.9,2.15
Marcedes Lewis,TE,2024,nflreadpy,1.0,1,2.0,0.0,0,0,1,1,1,0.06460474291816354,0,0,0,0,0,2.0,0.007692307692307693,0.0018867924528301887,5.0,2.0,0.4,1.2,0.24
Marcus Baugh,TE,2020,nflreadpy,1.0,1,2.0,0.0,0,0,0,2,0,-0.29497580497991294,0,0,0,0,0,0.0,0.030303030303030304,0.0,1.0,2.0,2.0,1.2,1.2
Marcus Middleton,TE,2024,college_data,14.0,0,165.0,2.0,0,0,0,0,0,,0,0,0,0,0,,,,,11.785714285714286,,,
Marcus Middleton,TE,2025,college_data,13.0,0,149.0,0.0,0,0,0,0,0,,0,0,0,0,0,,,,,11.461538461538462,,,
Marcus Velez,TE,2024,college_data,19.0,0,152.0,0.0,0,0,0,0,0,,0,0,0,0,0,,,,,8.0,,,
Marcus Velez,TE,2025,college_data,6.0,0,40.0,0.0,0,0,0,0,0,,0,0,0,0,0,,,,,6.666666666666667,,,
Marcus Vinson,TE,2024,college_data,12.0,0,113.0,2.0,0,0,0,0,0,,0,0,0,0,0,,,,,9.416666666666666,,,
Mareyohn Hrabowski,TE,2024,college_data,3.0,0,39.0,1.0,0,0,0,0,0,,0,0,0,0,0,,,,,13.0,,,
Mareyohn Hrabowski,TE,2025,college_data,1.0,0,4.0,1.0,0,0,0,0,0,,0,0,0,0,0,,,,,4.0,,,
Mariano Birdno,TE,2024,college_data,1.0,0,3.0,0.0,0,0,0,0,0,,0,0,0,0,0,,,,,3.0,,,
Mariano Birdno,TE,2025,college_data,5.0,0,76.0,1.0,0,0,0,0,0,,0,0,0,0,0,,,,,15.2,,,
Mark Andrews,TE,2018,nflreadpy,37.0,57,583.0,3.0,0,0,588,203,29,2.1515885113228306,0,23,12,8,2,1.112171634797023,0.10813206286073962,0.13855376115070364,17.0,15.756756756756756,34.294117647058826,113.30000000000001,6.6647058823529415
Mark Andrews,TE,2019,nflreadpy,68.0,105,891.0,10.0,2,1,1103,298,47,2.474028702601018,0,31,23,16,1,0.9046759848309003,0.24035502824911967,0.29083131440360865,16.0,13.102941176470589,55.6875,213.10000000000002,13.318750000000001
Mark Andrews,TE,2020,nflreadpy,66.0,105,770.0,7.0,2,0,1017,207,40,1.3704001430682602,0,34,14,10,0,0.8325007062926509,0.2528511762867834,0.2671497902871343,16.0,11.666666666666666,48.125,181.0,11.3125
Mark Andrews,TE,2021,nflreadpy,107.0,153,1361.0,9.0,1,0,1574,450,75,3.2983397996643085,2,61,29,20,2,0.975599549973382,0.25778350343890855,0.3228984258594523,17.0,12.719626168224298,80.05882352941177,299.1,17.594117647058823
Mark Andrews,TE,2022,nflreadpy,78.0,123,920.0,5.0,1,0,1204,267,51,1.4609153147889766,1,42,26,9,0,0.7658872309872512,0.29170522315727054,0.32818101792026344,16.0,11.794871794871796,57.5,200.0,12.5
Mark Andrews,TE,2023,nflreadpy,47.0,63,559.0,6.0,1,0,458,217,27,3.0856045497851237,0,23,11,8,0,1.3242055923874105,0.1996099667774754,0.17764182761155253,11.0,11.893617021276595,50.81818181818182,136.9,12.445454545454545
Mark Andrews,TE,2024,nflreadpy,62.0,79,761.0,11.0,1,1,812,220,44,2.6389985978136097,0,35,16,7,1,1.0657332029817714,0.15691810469717127,0.17949776015951854,19.0,12.274193548387096,40.05263157894737,202.10000000000002,10.63684210526316
Mark Andrews,TE,2025,nflreadpy,48.0,70,422.0,5.0,1,0,508,101,24,0.09103804390266453,0,15,7,3,0,0.8163438666476628,0.17068131790216545,0.16348348628656031,17.0,8.791666666666666,24.823529411764707,118.2,6.952941176470588
Mark Andrews,TE,2026,nflreadpy,18.0,24,149.0,1.0,0,0,172,33,9,1.8070119195399457,0,6,1,0,0,0.8541388521960654,0.23706896551724138,0.1829068767382884,4.0,8.277777777777779,37.25,38.9,9.725
Mark Redman,TE,2024,college_data,23.0,0,251.0,3.0,0,0,0,0,0,,0,0,0,0,0,,,,,10.91304347826087,,,
Mark Redman,TE,2026,nflreadpy,2.0,2,29.0,0.0,0,0,22,7,1,1.6961097088642418,0,1,1,1,0,1.3181818181818181,0.06666666666666667,0.10232558139534884,1.0,14.5,29.0,4.9,4.9
Markeston Douglas,TE,2024,college_data,1.0,0,3.0,0.0,0,0,0,0,0,,0,0,0,0,0,,,,,3.0,,,
Markeston Douglas,TE,2025,college_data,2.0,0,24.0,0.0,0,0,0,0,0,,0,0,0,0,0,,,,,12.0,,,
Marlin Klein,TE,2024,college_data,13.0,0,108.0,0.0,0,0,0,0,0,,0,0,0,0,0,,,,,8.307692307692308,,,
Marlin Klein,TE,2025,college_data,24.0,0,248.0,1.0,0,0,0,0,0,,0,0,0,0,0,,,,,10.333333333333334,,,
Marlin Klein,TE,2026,nflreadpy,1.0,1,16.0,0.0,0,0,14,2,1,1.0455206637270749,0,1,1,0,0,1.1428571428571428,0.02702702702702703,0.043478260869565216,1.0,16.0,16.0,2.6,2.6
Marquis Harris,TE,2024,college_data,6.0,0,145.0,1.0,0,0,0,0,0,,0,0,0,0,0,,,,,24.166666666666668,,,
Marshall Lang,TE,2024,college_data,11.0,0,115.0,1.0,0,0,0,0,0,,0,0,0,0,0,,,,,10.454545454545455,,,
Marshall Pritchett,TE,2025,college_data,7.0,0,57.0,0.0,0,0,0,0,0,,0,0,0,0,0,,,,,8.142857142857142,,,
Martavious Collins,TE,2025,college_data,3.0,0,19.0,0.0,0,0,0,0,0,,0,0,0,0,0,,,,,6.333333333333333,,,
Marvin Landy,TE,2024,college_data,17.0,0,235.0,3.0,0,0,0,0,0,,0,0,0,0,0,,,,,13.823529411764707,,,
Marvin Landy,TE,2025,college_data,1.0,0,15.0,0.0,0,0,0,0,0,,0,0,0,0,0,,,,,15.0,,,
Mason Cowgill,TE,2025,college_data,1.0,0,3.0,0.0,0,0,0,0,0,,0,0,0,0,0,,,,,3.0,,,
Mason Gilbert,TE,2024,college_data,12.0,0,163.0,1.0,0,0,0,0,0,,0,0,0,0,0,,,,,13.583333333333334,,,
Mason Graham,TE,2025,college_data,5.0,0,30.0,0.0,0,0,0,0,0,,0,0,0,0,0,,,,,6.0,,,
Mason McSweeney,TE,2024,college_data,1.0,0,4.0,0.0,0,0,0,0,0,,0,0,0,0,0,,,,,4.0,,,
Mason McSweeney,TE,2025,college_data,2.0,0,11.0,0.0,0,0,0,0,0,,0,0,0,0,0,,,,,5.5,,,
Mason Mini,TE,2024,college_data,5.0,0,61.0,0.0,0,0,0,0,0,,0,0,0,0,0,,,,,12.2,,,
Mason Mini,TE,2025,college_data,35.0,0,387.0,4.0,0,0,0,0,0,,0,0,0,0,0,,,,,11.057142857142857,,,
Mason Mozo,TE,2024,college_data,2.0,0,4.0,0.0,0,0,0,0,0,,0,0,0,0,0,,,,,2.0,,,
Mason Mozo,TE,2025,college_data,4.0,0,26.0,1.0,0,0,0,0,0,,0,0,0,0,0,,,,,6.5,,,
Mason Schreck,TE,2022,nflreadpy,2.0,2,6.0,0.0,0,0,6,0,0,-0.32775051664793864,0,0,0,0,0,0.75,0.03511904761904762,0.019057765151515152,2.0,3.0,3.0,2.6,1.3
Mason South,TE,2024,college_data,1.0,0,12.0,0.0,0,0,0,0,0,,0,0,0,0,0,,,,,12.0,,,
Mason South,TE,2025,college_data,6.0,0,56.0,0.0,0,0,0,0,0,,0,0,0,0,0,,,,,9.333333333333334,,,
Mason Taylor,TE,2024,college_data,55.0,0,546.0,2.0,0,0,0,0,0,,0,0,0,0,0,,,,,9.927272727272728,,,
Mason Taylor,TE,2025,nflreadpy,44.0,65,369.0,1.0,0,0,375,133,23,0.7458500562632077,1,17,2,2,0,0.9647996842825045,0.17204700111027654,0.1379465183317632,13.0,8.386363636363637,28.384615384615383,88.9,6.838461538461539
Mason Taylor,TE,2026,nflreadpy,2.0,3,-2.0,0.0,0,0,1,0,0,-2.3824068266549148,0,0,0,0,0,-2.0,0.13043478260869565,0.005952380952380952,1.0,-1.0,-2.0,1.8,1.8
Mason Tharp,TE,2024,college_data,12.0,0,139.0,2.0,0,0,0,0,0,,0,0,0,0,0,,,,,11.583333333333334,,,
Mason Thueson,TE,2025,college_data,2.0,0,19.0,0.0,0,0,0,0,0,,0,0,0,0,0,,,,,9.5,,,
Mason Williams,TE,2024,college_data,19.0,0,211.0,2.0,0,0,0,0,0,,0,0,0,0,0,,,,,11.105263157894736,,,
Mason Williams,TE,2025,college_data,27.0,0,285.0,3.0,0,0,0,0,0,,0,0,0,0,0,,,,,10.555555555555555,,,
Mata'ava Ta'ase,TE,2024,college_data,9.0,0,91.0,3.0,0,0,0,0,0,,0,0,0,0,0,,,,,10.11111111111111,,,
Matt Adcock,TE,2025,college_data,12.0,0,70.0,3.0,0,0,0,0,0,,0,0,0,0,0,,,,,5.833333333333333,,,
Matt Buron,TE,2024,college_data,15.0,0,125.0,0.0,0,0,0,0,0,,0,0,0,0,0,,,,,8.333333333333334,,,
Matt Buron,TE,2025,college_data,4.0,0,77.0,0.0,0,0,0,0,0,,0,0,0,0,0,,,,,19.25,,,
Matt Byrnes,TE,2025,college_data,2.0,0,24.0,0.0,0,0,0,0,0,,0,0,0,0,0,,,,,12.0,,,
Matt Carlino,TE,2024,college_data,2.0,0,4.0,0.0,0,0,0,0,0,,0,0,0,0,0,,,,,2.0,,,
Matt Flanagan,TE,2018,nflreadpy,1.0,1,14.0,0.0,0,0,7,7,1,0.7513248587492853,0,1,0,0,0,2.0,0.037037037037037035,0.026515151515151516,1.0,14.0,14.0,2.4000000000000004,2.4000000000000004
Matt Flanders,TE,2025,college_data,15.0,0,92.0,0.0,0,0,0,0,0,,0,0,0,0,0,,,,,6.133333333333334,,,
Matt Gallehdari,TE,2025,college_data,1.0,0,31.0,0.0,0,0,0,0,0,,0,0,0,0,0,,,,,31.0,,,
Matt Gower,TE,2025,college_data,3.0,0,8.0,0.0,0,0,0,0,0,,0,0,0,0,0,,,,,2.6666666666666665,,,
Matt LaCosse,TE,2018,nflreadpy,24.0,37,250.0,1.0,0,0,202,143,11,0.6300742503461572,0,10,3,1,1,2.232810396125614,0.07831177725539279,0.04837371285637017,13.0,10.416666666666666,19.23076923076923,55.0,4.230769230769231
Matt LaCosse,TE,2019,nflreadpy,13.0,19,131.0,1.0,0,0,134,46,6,0.06539823594357586,0,5,3,3,0,0.9647505553945717,0.06769593253968254,0.06376639045974711,8.0,10.076923076923077,16.375,32.1,4.0125
Matt Lauter,TE,2024,college_data,48.0,0,629.0,7.0,0,0,0,0,0,,0,0,0,0,0,,,,,13.104166666666666,,,
Matt Lauter,TE,2025,college_data,37.0,0,330.0,2.0,0,0,0,0,0,,0,0,0,0,0,,,,,8.91891891891892,,,
Matt Lengel,TE,2018,nflreadpy,3.0,8,17.0,1.0,0,0,40,7,2,-0.04755102731481505,0,0,0,0,0,0.875,0.03266594516594517,0.018040164538887342,7.0,5.666666666666667,2.4285714285714284,10.7,1.5285714285714285
Matt Lowe,TE,2024,college_data,4.0,0,45.0,0.0,0,0,0,0,0,,0,0,0,0,0,,,,,11.25,,,
Matt Lowe,TE,2025,college_data,6.0,0,46.0,1.0,0,0,0,0,0,,0,0,0,0,0,,,,,7.666666666666667,,,
Matt Ragan,TE,2024,college_data,1.0,0,11.0,0.0,0,0,0,0,0,,0,0,0,0,0,,,,,11.0,,,
Matt Robbert,TE,2024,college_data,24.0,0,252.0,1.0,0,0,0,0,0,,0,0,0,0,0,,,,,10.5,,,
Matt Smith,TE,2024,college_data,3.0,0,38.0,0.0,0,0,0,0,0,,0,0,0,0,0,,,,,12.666666666666666,,,
Matt Smith,TE,2025,college_data,3.0,0,13.0,1.0,0,0,0,0,0,,0,0,0,0,0,,,,,4.333333333333333,,,
Matt Wagner,TE,2024,college_data,9.0,0,98.0,0.0,0,0,0,0,0,,0,0,0,0,0,,,,,10.88888888888889,,,
Matt Wagner,TE,2025,college_data,23.0,0,246.0,1.0,0,0,0,0,0,,0,0,0,0,0,,,,,10.695652173913043,,,
Matthew Hibner,TE,2024,college_data,24.0,0,368.0,4.0,0,0,0,0,0,,0,0,0,0,0,,,,,15.333333333333334,,,
Matthew Hibner,TE,2025,college_data,31.0,0,436.0,4.0,0,0,0,0,0,,0,0,0,0,0,,,,,14.064516129032258,,,
Matthew Hibner,TE,2026,nflreadpy,5.0,5,70.0,1.0,0,0,25,45,4,2.228591311373748,0,3,2,2,0,6.463157894736842,0.07021072796934866,0.041341569446830866,3.0,14.0,23.333333333333332,18.0,6.0
Matthew Klopfenstein,TE,2024,college_data,6.0,0,62.0,1.0,0,0,0,0,0,,0,0,0,0,0,,,,,10.333333333333334,,,
Matthew Klopfenstein,TE,2025,college_data,8.0,0,73.0,1.0,0,0,0,0,0,,0,0,0,0,0,,,,,9.125,,,
Matthew Ogunniyi,TE,2025,college_data,1.0,0,3.0,0.0,0,0,0,0,0,,0,0,0,0,0,,,,,3.0,,,
Matthew Pilc,TE,2024,college_data,3.0,0,18.0,0.0,0,0,0,0,0,,0,0,0,0,0,,,,,6.0,,,
Maurice Brown II,TE,2024,college_data,1.0,0,1.0,1.0,0,0,0,0,0,,0,0,0,0,0,,,,,1.0,,,
Maurice Brown II,TE,2025,college_data,2.0,0,24.0,0.0,0,0,0,0,0,,0,0,0,0,0,,,,,12.0,,,
Maurice Veney,TE,2025,college_data,2.0,0,12.0,0.0,0,0,0,0,0,,0,0,0,0,0,,,,,6.0,,,
Max Bredeson,TE,2024,college_data,3.0,0,24.0,0.0,0,0,0,0,0,,0,0,0,0,0,,,,,8.0,,,
Max Bredeson,TE,2025,college_data,2.0,0,11.0,0.0,0,0,0,0,0,,0,0,0,0,0,,,,,5.5,,,
Max Carter,TE,2024,college_data,3.0,0,10.0,0.0,0,0,0,0,0,,0,0,0,0,0,,,,,3.3333333333333335,,,
Max Carter,TE,2025,college_data,1.0,0,18.0,0.0,0,0,0,0,0,,0,0,0,0,0,,,,,18.0,,,
Max Dowling,TE,2024,college_data,23.0,0,278.0,5.0,0,0,0,0,0,,0,0,0,0,0,,,,,12.08695652173913,,,
Max Dowling,TE,2025,college_data,20.0,0,199.0,3.0,0,0,0,0,0,,0,0,0,0,0,,,,,9.95,,,
Max Drag,TE,2024,college_data,1.0,0,11.0,1.0,0,0,0,0,0,,0,0,0,0,0,,,,,11.0,,,
Max Drag,TE,2025,college_data,3.0,0,19.0,0.0,0,0,0,0,0,,0,0,0,0,0,,,,,6.333333333333333,,,
Max Klare,TE,2024,college_data,51.0,0,685.0,4.0,0,0,0,0,0,,0,0,0,0,0,,,,,13.431372549019608,,,
Max Klare,TE,2025,college_data,43.0,0,448.0,2.0,0,0,0,0,0,,0,0,0,0,0,,,,,10.418604651162791,,,
Max Lopacienski,TE,2025,college_data,3.0,0,52.0,0.0,0,0,0,0,0,,0,0,0,0,0,,,,,17.333333333333332,,,
Max McCormick,TE,2024,college_data,9.0,0,43.0,1.0,0,0,0,0,0,,0,0,0,0,0,,,,,4.777777777777778,,,
Max McCormick,TE,2025,college_data,3.0,0,10.0,0.0,0,0,0,0,0,,0,0,0,0,0,,,,,3.3333333333333335,,,
Max Reese,TE,2024,college_data,27.0,0,232.0,2.0,0,0,0,0,0,,0,0,0,0,0,,,,,8.592592592592593,,,
Max Reese,TE,2025,college_data,2.0,0,1.0,0.0,0,0,0,0,0,,0,0,0,0,0,,,,,0.5,,,
Max Whisner,TE,2025,college_data,4.0,0,36.0,1.0,0,0,0,0,0,,0,0,0,0,0,,,,,9.0,,,
Max Ziebarth,TE,2024,college_data,1.0,0,7.0,0.0,0,0,0,0,0,,0,0,0,0,0,,,,,7.0,,,
Max Ziebarth,TE,2025,college_data,1.0,0,2.0,1.0,0,0,0,0,0,,0,0,0,0,0,,,,,2.0,,,
Maximilian Mang,TE,2024,college_data,1.0,0,5.0,0.0,0,0,0,0,0,,0,0,0,0,0,,,,,5.0,,,
Maximus Webster,TE,2024,college_data,1.0,0,9.0,0.0,0,0,0,0,0,,0,0,0,0,0,,,,,9.0,,,
Maximus Webster,TE,2025,college_data,4.0,0,37.0,0.0,0,0,0,0,0,,0,0,0,0,0,,,,,9.25,,,
Maxx Williams,TE,2018,nflreadpy,17.0,18,151.0,1.0,0,0,43,108,7,1.4709745231666602,0,5,4,3,0,1.6304032976827094,0.0451135941453717,0.011105476247345729,11.0,8.882352941176471,13.727272727272727,38.1,3.463636363636364
Maxx Williams,TE,2019,nflreadpy,15.0,19,202.0,1.0,0,0,137,104,11,0.32338586014408904,0,8,5,5,0,1.6168984861292552,0.04726533454051349,0.05153413833161369,13.0,13.466666666666667,15.538461538461538,41.2,3.1692307692307695
Maxx Williams,TE,2020,nflreadpy,8.0,10,102.0,1.0,0,0,38,66,4,0.3737878504568168,0,2,2,2,1,2.943478260869565,0.04869136670607258,0.024339475421356088,6.0,12.75,17.0,24.200000000000003,4.033333333333334
Maxx Williams,TE,2021,nflreadpy,16.0,17,193.0,1.0,0,0,90,125,9,3.014294840081129,0,7,4,3,0,1.5195116168800378,0.10669914517531151,0.06747593760371721,5.0,12.0625,38.6,41.3,8.26
Maxx Williams,TE,2022,nflreadpy,3.0,3,18.0,0.0,0,0,12,6,0,0.3653177465312183,0,0,0,0,0,1.777777777777778,0.026984126984126982,0.01664887228079541,3.0,6.0,6.0,4.8,1.5999999999999999
Messiah Jones,TE,2024,college_data,1.0,0,7.0,0.0,0,0,0,0,0,,0,0,0,0,0,,,,,7.0,,,
Micah Barnett,TE,2024,college_data,3.0,0,14.0,0.0,0,0,0,0,0,,0,0,0,0,0,,,,,4.666666666666667,,,
Micah Barnett,TE,2025,college_data,2.0,0,33.0,0.0,0,0,0,0,0,,0,0,0,0,0,,,,,16.5,,,
Micah Riley-Ducker,TE,2024,college_data,1.0,0,3.0,1.0,0,0,0,0,0,,0,0,0,0,0,,,,,3.0,,,
Michael Brescia,TE,2024,college_data,3.0,0,14.0,0.0,0,0,0,0,0,,0,0,0,0,0,,,,,4.666666666666667,,,
Michael Brescia,TE,2025,college_data,12.0,0,119.0,2.0,0,0,0,0,0,,0,0,0,0,0,,,,,9.916666666666666,,,
Michael Frogge,TE,2024,college_data,2.0,0,9.0,1.0,0,0,0,0,0,,0,0,0,0,0,,,,,4.5,,,
Michael Harrison,TE,2024,college_data,18.0,0,150.0,0.0,0,0,0,0,0,,0,0,0,0,0,,,,,8.333333333333334,,,
Michael Hegarty,TE,2025,college_data,7.0,0,49.0,0.0,0,0,0,0,0,,0,0,0,0,0,,,,,7.0,,,
Michael Kirch,TE,2025,college_data,15.0,0,159.0,3.0,0,0,0,0,0,,0,0,0,0,0,,,,,10.6,,,
Michael Masunas,TE,2024,college_data,4.0,0,37.0,0.0,0,0,0,0,0,,0,0,0,0,0,,,,,9.25,,,
Michael Masunas,TE,2025,college_data,19.0,0,232.0,3.0,0,0,0,0,0,,0,0,0,0,0,,,,,12.210526315789474,,,
Michael Mayer,TE,2023,nflreadpy,27.0,40,304.0,2.0,0,0,227,164,19,1.4814490307879558,1,15,7,2,0,1.264296627742006,0.10025121555040081,0.07433710250702383,13.0,11.25925925925926,23.384615384615383,71.4,5.492307692307692
Michael Mayer,TE,2024,nflreadpy,21.0,32,156.0,0.0,0,0,197,61,8,-0.0012736208616205987,0,5,1,1,0,0.8710841613041143,0.08140536831393609,0.062088713311041085,11.0,7.428571428571429,14.181818181818182,36.6,3.3272727272727276
Michael Mayer,TE,2025,nflreadpy,35.0,50,328.0,1.0,1,0,240,196,18,-0.8201531884956997,0,17,5,3,0,1.5991489197945805,0.13716569304386328,0.13076171399323216,13.0,9.371428571428572,25.23076923076923,71.80000000000001,5.523076923076924
Michael Mayer,TE,2026,nflreadpy,20.0,24,169.0,1.0,0,0,116,94,12,1.5853700609467305,0,9,2,0,0,1.6252736726874657,0.17191091954022988,0.08966176800115108,4.0,8.45,42.25,42.900000000000006,10.725000000000001
Michael Otterstedt,TE,2024,college_data,3.0,0,53.0,1.0,0,0,0,0,0,,0,0,0,0,0,,,,,17.666666666666668,,,
Michael Otterstedt,TE,2025,college_data,2.0,0,50.0,0.0,0,0,0,0,0,,0,0,0,0,0,,,,,25.0,,,
Michael Roberts,TE,2018,nflreadpy,9.0,20,100.0,3.0,0,0,129,23,5,-1.3923339801656052,0,4,1,1,0,0.6182539682539682,0.07792278931984814,0.08938111286070928,8.0,11.11111111111111,12.5,37.0,4.625
Michael Smith,TE,2024,college_data,10.0,0,106.0,1.0,0,0,0,0,0,,0,0,0,0,0,,,,,10.6,,,
Michael Smith,TE,2025,college_data,2.0,0,20.0,0.0,0,0,0,0,0,,0,0,0,0,0,,,,,10.0,,,
Michael Stevenson,TE,2025,college_data,1.0,0,2.0,1.0,0,0,0,0,0,,0,0,0,0,0,,,,,2.0,,,
Michael Trigg,TE,2024,college_data,30.0,0,395.0,3.0,0,0,0,0,0,,0,0,0,0,0,,,,,13.166666666666666,,,
Michael Trigg,TE,2025,college_data,50.0,0,694.0,6.0,0,0,0,0,0,,0,0,0,0,0,,,,,13.88,,,
Micheal Manna,TE,2025,college_data,5.0,0,30.0,0.0,0,0,0,0,0,,0,0,0,0,0,,,,,6.0,,,
Mike Darcy,TE,2025,college_data,9.0,0,78.0,0.0,0,0,0,0,0,,0,0,0,0,0,,,,,8.666666666666666,,,
Mike Fraraccio,TE,2024,college_data,1.0,0,6.0,1.0,0,0,0,0,0,,0,0,0,0,0,,,,,6.0,,,
Mike Gesicki,TE,2018,nflreadpy,22.0,32,202.0,0.0,1,1,275,96,9,-0.557000651628894,0,10,5,1,0,0.8330900302704815,0.08155071001426019,0.08451113365586814,14.0,9.181818181818182,14.428571428571429,40.2,2.8714285714285714
Mike Gesicki,TE,2019,nflreadpy,51.0,89,570.0,5.0,1,1,885,175,25,0.057277946718176945,0,27,10,7,0,0.7541345345242932,0.1512057273903155,0.1704143953386245,15.0,11.176470588235293,38.0,136.0,9.066666666666666
Mike Gesicki,TE,2020,nflreadpy,53.0,85,703.0,6.0,0,0,940,167,36,1.3614249782026107,0,29,19,10,1,0.7015096449951597,0.1616908462795008,0.23532630037038313,15.0,13.264150943396226,46.86666666666667,159.3,10.620000000000001
Mike Gesicki,TE,2021,nflreadpy,73.0,112,780.0,2.0,0,0,1048,221,39,1.1150010322657686,1,29,17,12,1,0.8567789805564078,0.1839647649157602,0.22480571162663787,17.0,10.684931506849315,45.88235294117647,165.0,9.705882352941176
Mike Gesicki,TE,2022,nflreadpy,34.0,58,377.0,6.0,0,0,570,100,21,0.00918785037260624,0,16,9,5,0,0.5888371643373455,0.09387518430087372,0.09776900040462394,18.0,11.088235294117647,20.944444444444443,107.7,5.983333333333333
Mike Gesicki,TE,2023,nflreadpy,29.0,45,244.0,2.0,0,0,383,88,11,-0.20736873266692576,0,11,2,0,0,0.8259195691615047,0.09600224140635105,0.10628447277152935,15.0,8.413793103448276,16.266666666666666,65.4,4.36
Mike Gesicki,TE,2024,nflreadpy,65.0,83,665.0,2.0,1,1,615,245,38,2.110473466017834,0,29,11,5,1,0.8560624573506422,0.13174583460301087,0.14512870605759295,16.0,10.23076923076923,41.5625,141.5,8.84375
Mike Gesicki,TE,2025,nflreadpy,28.0,42,307.0,2.0,0,0,418,63,19,0.36539168384843895,0,16,3,2,0,0.8133694648041394,0.10343074985386352,0.13106222968674006,12.0,10.964285714285714,25.583333333333332,70.7,5.891666666666667
Mike Gesicki,TE,2026,nflreadpy,11.0,15,155.0,3.0,0,0,156,28,8,5.077328403354234,0,7,5,3,0,1.016694314337757,0.12710101888792233,0.17792623424680185,3.0,14.090909090909092,51.666666666666664,44.5,14.833333333333334
Mike Higgins,TE,2024,college_data,5.0,0,36.0,0.0,0,0,0,0,0,,0,0,0,0,0,,,,,7.2,,,
Mike Martinez,TE,2024,college_data,10.0,0,93.0,2.0,0,0,0,0,0,,0,0,0,0,0,,,,,9.3,,,
Mike Tyler,TE,2025,college_data,1.0,0,13.0,0.0,0,0,0,0,0,,0,0,0,0,0,,,,,13.0,,,
Mikey Henderson,TE,2024,college_data,13.0,0,108.0,1.0,0,0,0,0,0,,0,0,0,0,0,,,,,8.307692307692308,,,
Miki Suguturaga,TE,2024,college_data,1.0,0,3.0,0.0,0,0,0,0,0,,0,0,0,0,0,,,,,3.0,,,
Miles Campbell,TE,2025,college_data,21.0,0,305.0,2.0,0,0,0,0,0,,0,0,0,0,0,,,,,14.523809523809524,,,
Miles Kitselman,TE,2024,college_data,22.0,0,301.0,4.0,0,0,0,0,0,,0,0,0,0,0,,,,,13.681818181818182,,,
Miles Kitselman,TE,2025,college_data,26.0,0,253.0,2.0,0,0,0,0,0,,0,0,0,0,0,,,,,9.73076923076923,,,
Miles Marshall,TE,2024,college_data,2.0,0,7.0,0.0,0,0,0,0,0,,0,0,0,0,0,,,,,3.5,,,
Miles Marshall,TE,2025,college_data,5.0,0,55.0,2.0,0,0,0,0,0,,0,0,0,0,0,,,,,11.0,,,
Miller McCrumby,TE,2024,college_data,11.0,0,79.0,0.0,0,0,0,0,0,,0,0,0,0,0,,,,,7.181818181818182,,,
Miller McCrumby,TE,2025,college_data,15.0,0,128.0,0.0,0,0,0,0,0,,0,0,0,0,0,,,,,8.533333333333333,,,
Mitch Bartol,TE,2024,college_data,19.0,0,180.0,2.0,0,0,0,0,0,,0,0,0,0,0,,,,,9.473684210526315,,,
Mitchell Dixon,TE,2024,college_data,10.0,0,87.0,0.0,0,0,0,0,0,,0,0,0,0,0,,,,,8.7,,,
Mitchell Dixon,TE,2025,college_data,18.0,0,202.0,2.0,0,0,0,0,0,,0,0,0,0,0,,,,,11.222222222222221,,,
Mitchell Evans,TE,2024,college_data,43.0,0,421.0,3.0,0,0,0,0,0,,0,0,0,0,0,,,,,9.790697674418604,,,
Mitchell Evans,TE,2025,nflreadpy,19.0,26,171.0,2.0,0,0,88,108,9,0.17080750999074162,0,6,3,2,0,1.7763834241830703,0.0619093796827176,0.03143561591559237,15.0,9.0,11.4,48.1,3.2066666666666666
Mitchell Evans,TE,2026,nflreadpy,6.0,7,66.0,0.0,0,0,33,37,2,0.6382205686095404,0,3,1,0,0,1.0294117647058822,0.046785781620340444,0.020785315137319783,4.0,11.0,16.5,12.600000000000001,3.1500000000000004
Mitchell Wilcox,TE,2021,nflreadpy,3.0,5,16.0,0.0,0,0,19,8,0,-1.8508235491462983,0,0,0,0,0,0.8421052631578947,0.04310344827586207,0.028963414634146343,4.0,5.333333333333333,4.0,4.6,1.15
Mitchell Wilcox,TE,2022,nflreadpy,19.0,22,158.0,1.0,0,0,92,92,7,0.8398763621860946,0,7,2,0,0,1.683630564013339,0.052557466913714504,0.03348482309677984,11.0,8.31578947368421,14.363636363636363,40.8,3.709090909090909
Mitchell Wilcox,TE,2023,nflreadpy,9.0,12,56.0,0.0,0,0,12,48,2,0.022545955192375306,0,3,0,0,0,1.1041666666666667,0.028515045460463878,0.0014689494060490694,12.0,6.222222222222222,4.666666666666667,14.600000000000001,1.2166666666666668
Mo Alie-Cox,TE,2018,nflreadpy,7.0,14,133.0,2.0,0,0,157,50,6,0.19237706199038762,0,5,5,4,0,1.6550538822879248,0.04493330797887569,0.0627559672922726,9.0,19.0,14.777777777777779,32.3,3.5888888888888886
Mo Alie-Cox,TE,2019,nflreadpy,8.0,11,93.0,0.0,0,0,48,60,5,0.5707138124918048,0,5,2,1,0,1.990740740740741,0.03788563288563289,0.02075106641600363,10.0,11.625,9.3,17.3,1.73
Mo Alie-Cox,TE,2020,nflreadpy,35.0,43,426.0,2.0,1,1,288,190,21,1.06038495922888,0,18,10,6,1,1.6972364034432998,0.08787387437400648,0.08461452588227208,15.0,12.17142857142857,28.4,87.6,5.84
Mo Alie-Cox,TE,2021,nflreadpy,24.0,45,316.0,4.0,1,0,442,150,14,0.5246948945094367,0,12,9,5,0,1.413801228913141,0.09337752916939851,0.10397178590388956,17.0,13.166666666666666,18.58823529411765,77.6,4.564705882352941
Mo Alie-Cox,TE,2022,nflreadpy,19.0,28,189.0,3.0,1,1,151,99,9,-0.11324557297093264,0,8,2,1,0,1.370212542087542,0.061547438803126645,0.04708518632944574,14.0,9.947368421052632,13.5,53.900000000000006,3.8500000000000005
Mo Alie-Cox,TE,2023,nflreadpy,13.0,22,161.0,3.0,0,0,222,80,9,0.5817377339356944,1,8,4,2,0,0.7471568056126879,0.05845232033067505,0.06741396622929048,14.0,12.384615384615385,11.5,49.1,3.507142857142857
Mo Alie-Cox,TE,2024,nflreadpy,12.0,22,147.0,1.0,0,0,211,49,7,0.5778891231792491,0,7,4,2,0,0.6525941034274367,0.0702600194960127,0.05691816661930759,12.0,12.25,12.25,32.7,2.725
Mo Alie-Cox,TE,2025,nflreadpy,13.0,20,117.0,1.0,0,0,93,77,4,-0.07811543575107036,0,3,3,1,0,2.022222222222222,0.05647971818969897,0.03399448920352981,11.0,9.0,10.636363636363637,30.700000000000003,2.790909090909091
Mo Alie-Cox,TE,2026,nflreadpy,1.0,1,16.0,0.0,0,0,0,16,1,0.984243179904297,0,1,1,0,0,0.0,0.02857142857142857,0.0,1.0,16.0,16.0,2.6,2.6
Moliki Matavao,TE,2024,college_data,41.0,0,506.0,2.0,0,0,0,0,0,,0,0,0,0,0,,,,,12.341463414634147,,,
Moliki Matavao,TE,2025,nflreadpy,2.0,2,10.0,0.0,0,0,5,5,0,0.18636916647665203,0,0,0,0,0,2.0,0.07407407407407407,0.01773049645390071,1.0,5.0,10.0,3.0,3.0
Montavious Brini,TE,2024,college_data,4.0,0,20.0,0.0,0,0,0,0,0,,0,0,0,0,0,,,,,5.0,,,
Montrell Martin,TE,2025,college_data,2.0,0,5.0,0.0,0,0,0,0,0,,0,0,0,0,0,,,,,2.5,,,
Montrell Walker,TE,2024,college_data,1.0,0,5.0,1.0,0,0,0,0,0,,0,0,0,0,0,,,,,5.0,,,
Montrell Walker,TE,2025,college_data,10.0,0,154.0,1.0,0,0,0,0,0,,0,0,0,0,0,,,,,15.4,,,
Morgan McPhaul,TE,2024,college_data,14.0,0,74.0,1.0,0,0,0,0,0,,0,0,0,0,0,,,,,5.285714285714286,,,
Morgan McPhaul,TE,2025,college_data,15.0,0,174.0,1.0,0,0,0,0,0,,0,0,0,0,0,,,,,11.6,,,
Morgan Sampson,TE,2024,college_data,2.0,0,17.0,0.0,0,0,0,0,0,,0,0,0,0,0,,,,,8.5,,,
Morgan Sampson,TE,2025,college_data,4.0,0,16.0,0.0,0,0,0,0,0,,0,0,0,0,0,,,,,4.0,,,
MyCole Pruitt,TE,2018,nflreadpy,9.0,11,102.0,1.0,0,0,106,28,6,0.7049875435593214,0,4,3,1,0,1.542857142857143,0.06419014518714669,0.08169102071519094,7.0,11.333333333333334,14.571428571428571,25.200000000000003,3.6000000000000005
MyCole Pruitt,TE,2019,nflreadpy,10.0,12,118.0,1.0,0,0,37,86,5,0.790750271197693,0,5,2,2,1,4.4129901960784315,0.04785986322138283,0.012956298466997739,12.0,11.8,9.833333333333334,27.8,2.316666666666667
MyCole Pruitt,TE,2020,nflreadpy,5.0,8,49.0,2.0,0,0,67,13,4,0.6074901259387844,0,3,1,1,0,0.8214646464646466,0.04892618875377496,0.04486564247211945,5.0,9.8,9.8,21.9,4.38
MyCole Pruitt,TE,2021,nflreadpy,14.0,18,145.0,3.0,0,0,118,59,10,0.9896136147828773,1,7,2,2,0,1.0364045584045585,0.06205480696552125,0.0634713095596686,10.0,10.357142857142858,14.5,48.5,4.85
MyCole Pruitt,TE,2022,nflreadpy,16.0,21,150.0,4.0,0,0,118,75,10,0.8150616070022807,0,5,3,2,0,1.634781446175308,0.08578259216132214,0.054809424007588856,10.0,9.375,15.0,55.0,5.5
MyCole Pruitt,TE,2023,nflreadpy,9.0,12,110.0,1.0,1,0,62,51,6,0.9151209700665075,0,6,3,2,0,1.262962962962963,0.034396933432924146,0.019764241755624183,10.0,12.222222222222221,11.0,24.0,2.4
MyCole Pruitt,TE,2024,nflreadpy,6.0,10,40.0,1.0,0,0,33,16,2,-1.3334333186263898,0,2,1,0,0,1.0411255411255411,0.05261867761867762,0.023620668497390362,7.0,6.666666666666667,5.714285714285714,16.0,2.2857142857142856
Myles Morales,TE,2025,college_data,13.0,0,159.0,1.0,0,0,0,0,0,,0,0,0,0,0,,,,,12.23076923076923,,,
N'Keal Harry,TE,2019,nflreadpy,14.0,31,126.0,2.0,0,0,291,45,9,-0.2023220066920307,0,6,1,0,0,0.3945099221153518,0.11649433839627805,0.13475696769949255,8.0,9.0,15.75,38.6,4.825
N'Keal Harry,TE,2020,nflreadpy,33.0,57,309.0,2.0,1,1,457,105,15,-0.444588808892296,0,13,3,2,0,0.6946308110770529,0.16061235155632664,0.19736876201349055,13.0,9.363636363636363,23.76923076923077,73.9,5.684615384615385
N'Keal Harry,TE,2021,nflreadpy,12.0,22,184.0,0.0,0,0,327,25,7,0.8581915886510009,0,7,3,3,1,0.7066375269863642,0.0661502785639408,0.10808917085324085,10.0,15.333333333333334,18.4,30.400000000000002,3.04
N'Keal Harry,TE,2022,nflreadpy,7.0,9,116.0,1.0,0,0,153,16,4,1.4307051921593181,0,4,3,1,1,0.9576839826839826,0.06304654551031362,0.10410831367253327,6.0,16.571428571428573,19.333333333333332,24.6,4.1000000000000005
Nader Chirchi,TE,2025,college_data,3.0,0,45.0,0.0,0,0,0,0,0,,0,0,0,0,0,,,,,15.0,,,
Nason Coleman,TE,2025,college_data,2.0,0,7.0,1.0,0,0,0,0,0,,0,0,0,0,0,,,,,3.5,,,
Nate Adkins,TE,2023,nflreadpy,4.0,5,22.0,0.0,0,0,-5,24,1,0.38631992823502515,0,1,0,0,0,2.75,0.036680911680911685,-0.0055475654214380945,5.0,5.5,4.4,6.2,1.24
Nate Adkins,TE,2024,nflreadpy,14.0,15,115.0,3.0,0,0,62,76,6,0.7567429154296406,0,5,1,0,0,2.1265151515151515,0.03183257194136758,0.018630084598757833,15.0,8.214285714285714,7.666666666666667,43.5,2.9
Nate Adkins,TE,2025,nflreadpy,7.0,12,49.0,1.0,0,0,36,26,3,-0.17092086693238734,0,2,1,0,0,0.7442977190876351,0.04570565817238399,0.02305803900496558,7.0,7.0,7.0,17.9,2.557142857142857
Nate Adkins,TE,2026,nflreadpy,4.0,5,40.0,2.0,0,0,30,12,4,2.6386320375604555,0,1,1,0,0,1.3333333333333333,0.05598813496477567,0.040661557079467524,3.0,10.0,13.333333333333334,20.0,6.666666666666667
Nate Boerkircher,TE,2024,college_data,6.0,0,102.0,0.0,0,0,0,0,0,,0,0,0,0,0,,,,,17.0,,,
Nate Boerkircher,TE,2025,college_data,20.0,0,204.0,3.0,0,0,0,0,0,,0,0,0,0,0,,,,,10.2,,,
Nate Boerkircher,TE,2026,nflreadpy,2.0,4,24.0,0.0,0,0,15,20,1,0.2940914310941783,0,1,0,0,0,2.055555555555556,0.05720420213173836,0.028680746862565044,3.0,12.0,8.0,4.4,1.4666666666666668
Nate Kurisky,TE,2024,college_data,13.0,0,117.0,3.0,0,0,0,0,0,,0,0,0,0,0,,,,,9.0,,,
Nate Kurisky,TE,2025,college_data,20.0,0,157.0,2.0,0,0,0,0,0,,0,0,0,0,0,,,,,7.85,,,
Nate Roberts,TE,2025,college_data,4.0,0,30.0,0.0,0,0,0,0,0,,0,0,0,0,0,,,,,7.5,,,
Nate Sullivan Jr.,TE,2024,college_data,14.0,0,133.0,0.0,0,0,0,0,0,,0,0,0,0,0,,,,,9.5,,,
Nate Sullivan Jr.,TE,2025,college_data,6.0,0,48.0,0.0,0,0,0,0,0,,0,0,0,0,0,,,,,8.0,,,
Nathan Hebb,TE,2024,college_data,4.0,0,23.0,0.0,0,0,0,0,0,,0,0,0,0,0,,,,,5.75,,,
Nathan Hromadka,TE,2025,college_data,8.0,0,84.0,3.0,0,0,0,0,0,,0,0,0,0,0,,,,,10.5,,,
Nathan Jones,TE,2024,college_data,1.0,0,10.0,0.0,0,0,0,0,0,,0,0,0,0,0,,,,,10.0,,,
Nathan Jones,TE,2025,college_data,1.0,0,4.0,0.0,0,0,0,0,0,,0,0,0,0,0,,,,,4.0,,,
Nathan Levicki,TE,2024,college_data,13.0,0,291.0,5.0,0,0,0,0,0,,0,0,0,0,0,,,,,22.384615384615383,,,
Nathan Levicki,TE,2025,college_data,33.0,0,478.0,6.0,0,0,0,0,0,,0,0,0,0,0,,,,,14.484848484848484,,,
Nathan Lhotsky,TE,2024,college_data,9.0,0,105.0,0.0,0,0,0,0,0,,0,0,0,0,0,,,,,11.666666666666666,,,
Nathan Lhotsky,TE,2025,college_data,5.0,0,44.0,0.0,0,0,0,0,0,,0,0,0,0,0,,,,,8.8,,,
Nathan Schillinger,TE,2024,college_data,3.0,0,44.0,0.0,0,0,0,0,0,,0,0,0,0,0,,,,,14.666666666666666,,,
Nathan Schillinger,TE,2025,college_data,10.0,0,85.0,0.0,0,0,0,0,0,,0,0,0,0,0,,,,,8.5,,,
Nathanial Clark,TE,2024,college_data,5.0,0,76.0,1.0,0,0,0,0,0,,0,0,0,0,0,,,,,15.2,,,
Nathanial Clark,TE,2025,college_data,3.0,0,26.0,0.0,0,0,0,0,0,,0,0,0,0,0,,,,,8.666666666666666,,,
Nathaniel Eberly-Rodriguez,TE,2024,college_data,2.0,0,18.0,0.0,0,0,0,0,0,,0,0,0,0,0,,,,,9.0,,,
Nathaniel Eberly-Rodriguez,TE,2025,college_data,5.0,0,51.0,1.0,0,0,0,0,0,,0,0,0,0,0,,,,,10.2,,,
Neal Sterling,TE,2018,nflreadpy,6.0,8,47.0,0.0,0,0,31,29,2,0.6682338788959896,0,2,0,0,0,2.105952380952381,0.07664614121510673,0.028852039079875366,4.0,7.833333333333333,11.75,10.7,2.675
Nebanye Moore,TE,2025,college_data,24.0,0,248.0,0.0,0,0,0,0,0,,0,0,0,0,0,,,,,10.333333333333334,,,
Nic Sani,TE,2025,college_data,2.0,0,24.0,0.0,0,0,0,0,0,,0,0,0,0,0,,,,,12.0,,,
Nicholas Brown,TE,2024,college_data,2.0,0,89.0,1.0,0,0,0,0,0,,0,0,0,0,0,,,,,44.5,,,
Nicholas Brown,TE,2025,college_data,7.0,0,59.0,0.0,0,0,0,0,0,,0,0,0,0,0,,,,,8.428571428571429,,,
Nicholas Dobson,TE,2024,college_data,19.0,0,127.0,0.0,0,0,0,0,0,,0,0,0,0,0,,,,,6.684210526315789,,,
Nick Boyle,TE,2018,nflreadpy,23.0,37,213.0,0.0,0,0,120,140,10,-0.3875290764344969,0,8,5,1,0,2.175805152979066,0.09423716632132718,0.03148583723644211,12.0,9.26086956521739,17.75,44.3,3.6916666666666664
Nick Boyle,TE,2019,nflreadpy,31.0,45,321.0,2.0,0,0,299,160,13,0.6945249831659087,0,12,5,4,0,1.0164036943448709,0.10403435186397027,0.07507215211499303,16.0,10.35483870967742,20.0625,75.1,4.69375
Nick Boyle,TE,2020,nflreadpy,14.0,17,113.0,2.0,0,0,93,34,8,0.6909740231284458,0,4,2,1,0,1.0201408673630896,0.0734817178863783,0.06418855985712944,9.0,8.071428571428571,12.555555555555555,37.3,4.144444444444444
Nick Boyle,TE,2021,nflreadpy,1.0,2,2.0,0.0,0,0,3,0,0,-1.0385543098964263,0,0,0,0,0,0.5,0.031130268199233715,0.006303669008587041,2.0,2.0,1.0,1.2,0.6
Nick Elksnis,TE,2025,college_data,12.0,0,145.0,2.0,0,0,0,0,0,,0,0,0,0,0,,,,,12.083333333333334,,,
Nick Harris,TE,2025,college_data,1.0,0,12.0,0.0,0,0,0,0,0,,0,0,0,0,0,,,,,12.0,,,
Nick Kallerup,TE,2024,college_data,9.0,0,117.0,0.0,0,0,0,0,0,,0,0,0,0,0,,,,,13.0,,,
Nick Keizer,TE,2020,nflreadpy,6.0,10,63.0,0.0,1,1,85,40,2,-0.7271649829344824,0,3,1,1,0,0.7135416666666667,0.023882574433096104,0.020355609022365054,12.0,10.5,5.25,10.3,0.8583333333333334
Nick Miles,TE,2024,college_data,9.0,0,60.0,0.0,0,0,0,0,0,,0,0,0,0,0,,,,,6.666666666666667,,,
Nick Muse,TE,2023,nflreadpy,1.0,1,22.0,0.0,0,0,12,10,1,1.3513400424271822,0,1,1,1,0,1.8333333333333333,0.023255813953488372,0.03,1.0,22.0,22.0,3.2,3.2
Nick O'Leary,TE,2018,nflreadpy,8.0,10,86.0,1.0,0,0,39,65,6,1.480558166722767,0,4,1,0,0,3.875,0.05215378421900161,0.022809082138667197,6.0,10.75,14.333333333333334,22.6,3.766666666666667
Nick O'Leary,TE,2019,nflreadpy,13.0,18,109.0,1.0,1,0,95,39,4,0.22068690961168613,0,4,1,0,0,1.056713564213564,0.05963973428270604,0.04584518037081582,8.0,8.384615384615385,13.625,27.9,3.4875
Nick Townsend,TE,2025,college_data,2.0,0,7.0,0.0,0,0,0,0,0,,0,0,0,0,0,,,,,3.5,,,
Nick True,TE,2025,college_data,1.0,0,3.0,1.0,0,0,0,0,0,,0,0,0,0,0,,,,,3.0,,,
Nick Vannett,TE,2018,nflreadpy,30.0,45,274.0,3.0,1,0,281,142,17,0.5635337690509914,0,13,3,1,0,2.313682521263947,0.11111693162784224,0.0738811385040419,16.0,9.133333333333333,17.125,73.4,4.5875
Nick Vannett,TE,2019,nflreadpy,17.0,22,166.0,0.0,0,0,140,66,5,0.4183234990341589,0,8,2,0,0,1.7256065871450486,0.051138952733985936,0.05374765379088346,14.0,9.764705882352942,11.857142857142858,33.6,2.4
Nick Vannett,TE,2020,nflreadpy,14.0,21,95.0,1.0,0,0,93,64,6,-0.4302952085629487,0,3,1,0,0,1.9551150603782184,0.07041229968861548,0.03330479558569785,11.0,6.785714285714286,8.636363636363637,29.5,2.6818181818181817
Nick Vannett,TE,2021,nflreadpy,9.0,15,133.0,1.0,0,0,83,92,7,0.959538882473816,0,7,4,2,0,1.0823529411764707,0.08368587732017516,0.07104371740141395,7.0,14.777777777777779,19.0,28.3,4.042857142857143
Nick Vannett,TE,2022,nflreadpy,6.0,9,55.0,0.0,0,0,31,32,1,0.2583190914534498,0,2,0,0,0,2.751904761904762,0.05201417004048583,0.03152492491738281,5.0,9.166666666666666,11.0,11.5,2.3
Nick Vannett,TE,2023,nflreadpy,1.0,1,3.0,0.0,0,0,3,0,1,0.17008013278245926,0,0,0,0,0,1.0,0.022222222222222223,0.00974025974025974,1.0,3.0,3.0,1.3,1.3
Nick Vannett,TE,2024,nflreadpy,17.0,20,135.0,3.0,0,0,22,110,7,0.15220474517263938,0,3,2,1,0,0.709375,0.05338288321751988,0.006086112826687531,12.0,7.9411764705882355,11.25,48.5,4.041666666666667
Nick Williams,TE,2024,college_data,3.0,0,39.0,0.0,0,0,0,0,0,,0,0,0,0,0,,,,,13.0,,,
Nicky Dalmolin,TE,2024,college_data,11.0,0,166.0,2.0,0,0,0,0,0,,0,0,0,0,0,,,,,15.090909090909092,,,
Niles Paul,TE,2018,nflreadpy,10.0,13,98.0,0.0,0,0,107,32,5,0.4745191597758094,0,4,2,1,0,0.9784833288153971,0.04220047759737147,0.04533710382440167,6.0,9.8,16.333333333333332,19.8,3.3000000000000003
Noah Bennee,TE,2024,college_data,6.0,0,44.0,1.0,0,0,0,0,0,,0,0,0,0,0,,,,,7.333333333333333,,,
Noah Bennee,TE,2025,college_data,23.0,0,264.0,0.0,0,0,0,0,0,,0,0,0,0,0,,,,,11.478260869565217,,,
Noah Canty,TE,2024,college_data,1.0,0,4.0,1.0,0,0,0,0,0,,0,0,0,0,0,,,,,4.0,,,
Noah Canty,TE,2025,college_data,6.0,0,72.0,0.0,0,0,0,0,0,,0,0,0,0,0,,,,,12.0,,,
Noah Fant,TE,2019,nflreadpy,40.0,66,562.0,3.0,1,1,503,330,23,-0.024874197634641493,0,21,15,10,3,1.1342036429491058,0.14045317383726158,0.13473690236573224,16.0,14.05,35.125,112.2,7.0125
Noah Fant,TE,2020,nflreadpy,62.0,93,673.0,3.0,0,0,626,377,34,0.828556282568989,1,27,13,8,0,1.7319042882059017,0.20134111869281915,0.16483740678425188,14.0,10.85483870967742,48.07142857142857,149.3,10.664285714285715
Noah Fant,TE,2021,nflreadpy,68.0,90,670.0,4.0,0,0,540,319,29,0.9522482179601328,0,25,10,7,0,1.3393026202795093,0.1784950115790509,0.12951099219936374,16.0,9.852941176470589,41.875,159.0,9.9375
Noah Fant,TE,2022,nflreadpy,51.0,65,497.0,4.0,0,0,416,232,25,1.0977235676806814,0,21,9,4,1,2.180762860198344,0.1135934713030836,0.10480598851707748,18.0,9.745098039215685,27.61111111111111,124.7,6.927777777777778
Noah Fant,TE,2023,nflreadpy,32.0,43,414.0,0.0,0,0,298,177,16,0.8374621122451832,0,15,9,7,1,1.5710833762882979,0.08602754514285357,0.08046853370429725,15.0,12.9375,27.6,73.4,4.8933333333333335
Noah Fant,TE,2024,nflreadpy,48.0,64,500.0,1.0,0,0,339,277,25,0.4652666042272068,0,25,8,3,0,1.137116107704343,0.14544788954243795,0.1017921106730421,14.0,10.416666666666666,35.714285714285715,104.0,7.428571428571429
Noah Fant,TE,2025,nflreadpy,34.0,41,288.0,3.0,3,3,137,174,13,-0.9064457711000542,0,10,4,3,0,3.1154295186640826,0.09154413371330539,0.036679122631039604,13.0,8.470588235294118,22.153846153846153,74.8,5.753846153846154
Noah Fant,TE,2026,nflreadpy,8.0,12,66.0,3.0,0,0,61,35,4,-1.9326908912917133,0,2,1,0,0,1.6129807692307692,0.0846153846153846,0.047059841691464786,3.0,8.25,22.0,32.6,10.866666666666667
Noah Fox-Flores,TE,2025,college_data,1.0,0,4.0,1.0,0,0,0,0,0,,0,0,0,0,0,,,,,4.0,,,
Noah Gray,TE,2021,nflreadpy,9.0,14,50.0,1.0,0,0,45,23,3,-0.0020662870309833023,0,0,0,0,0,0.9172839506172838,0.04117751172037496,0.022422873276144062,9.0,5.555555555555555,5.555555555555555,20.0,2.2222222222222223
Noah Gray,TE,2022,nflreadpy,31.0,38,336.0,1.0,0,0,199,202,15,0.7048180139638134,0,16,5,4,0,2.0396869707353575,0.053067154146362074,0.035098033272969745,20.0,10.838709677419354,16.8,70.6,3.53
Noah Gray,TE,2023,nflreadpy,36.0,52,371.0,2.0,0,0,343,168,18,0.2397264431772065,0,16,8,5,0,1.4219232473179841,0.07857728582270028,0.07665654426470786,20.0,10.305555555555555,18.55,85.1,4.255
Noah Gray,TE,2024,nflreadpy,44.0,53,452.0,5.0,0,0,320,214,25,1.1990738408817885,0,21,6,6,0,1.227312371048781,0.09054740636275951,0.07424126171565175,18.0,10.272727272727273,25.11111111111111,119.2,6.622222222222223
Noah Gray,TE,2025,nflreadpy,21.0,37,178.0,0.0,0,0,239,107,9,-0.5272553589121508,0,9,3,1,0,0.9078987126498439,0.08156845125253073,0.060443718338398275,14.0,8.476190476190476,12.714285714285714,38.8,2.7714285714285714
Noah Gray,TE,2026,nflreadpy,6.0,8,61.0,0.0,0,0,51,26,3,0.3049095620800939,0,3,1,1,0,1.020104895104895,0.07620042691832378,0.06375766266725162,4.0,10.166666666666666,15.25,12.100000000000001,3.0250000000000004
Noah Meyers,TE,2024,college_data,7.0,0,123.0,1.0,0,0,0,0,0,,0,0,0,0,0,,,,,17.571428571428573,,,
Noah Meyers,TE,2025,college_data,32.0,0,357.0,3.0,0,0,0,0,0,,0,0,0,0,0,,,,,11.15625,,,
Noah Moeaki,TE,2025,college_data,2.0,0,16.0,1.0,0,0,0,0,0,,0,0,0,0,0,,,,,8.0,,,
Noah Schaffner,TE,2024,college_data,1.0,0,3.0,0.0,0,0,0,0,0,,0,0,0,0,0,,,,,3.0,,,
Noah West-Baranco,TE,2024,college_data,1.0,0,5.0,0.0,0,0,0,0,0,,0,0,0,0,0,,,,,5.0,,,
Noah West-Baranco,TE,2025,college_data,4.0,0,89.0,2.0,0,0,0,0,0,,0,0,0,0,0,,,,,22.25,,,
Nolan Albright,TE,2025,college_data,3.0,0,30.0,0.0,0,0,0,0,0,,0,0,0,0,0,,,,,10.0,,,
Nolan Clayton,TE,2024,college_data,1.0,0,3.0,0.0,0,0,0,0,0,,0,0,0,0,0,,,,,3.0,,,
Nolan Clayton,TE,2025,college_data,3.0,0,33.0,0.0,0,0,0,0,0,,0,0,0,0,0,,,,,11.0,,,
Nolan Reed,TE,2025,college_data,11.0,0,66.0,0.0,0,0,0,0,0,,0,0,0,0,0,,,,,6.0,,,
O.J. Howard,TE,2018,nflreadpy,34.0,48,565.0,5.0,0,0,567,209,28,2.556503975882703,0,25,17,11,1,1.0576993129349048,0.11464536020248473,0.1300980782675168,10.0,16.61764705882353,56.5,120.5,12.05
O.J. Howard,TE,2019,nflreadpy,34.0,53,459.0,1.0,1,1,528,150,23,0.7820908606399873,0,23,11,8,0,1.3833662070886155,0.09640364656005318,0.08753834463679584,14.0,13.5,32.785714285714285,83.9,5.992857142857143
O.J. Howard,TE,2020,nflreadpy,11.0,19,146.0,2.0,0,0,226,17,8,0.9819073369144462,0,6,3,2,0,0.6396158246787538,0.12665732959850606,0.17436442326990756,4.0,13.272727272727273,36.5,37.6,9.4
O.J. Howard,TE,2021,nflreadpy,16.0,23,145.0,1.0,0,0,143,86,11,0.39169752547759445,0,7,1,1,0,1.1829598901021703,0.04560753659609678,0.03551547578743781,12.0,9.0625,12.083333333333334,36.5,3.0416666666666665
O.J. Howard,TE,2022,nflreadpy,10.0,23,145.0,2.0,0,0,253,60,6,-0.18572938403681383,0,6,5,4,0,0.7699641103297229,0.0650572914049145,0.09780299084389599,11.0,14.5,13.181818181818182,36.5,3.3181818181818183
Oakie Salave'a,TE,2024,college_data,1.0,0,8.0,0.0,0,0,0,0,0,,0,0,0,0,0,,,,,8.0,,,
Oliver Stuart,TE,2024,college_data,3.0,0,21.0,0.0,0,0,0,0,0,,0,0,0,0,0,,,,,7.0,,,
Olsen Patt-Henry,TE,2024,college_data,9.0,0,121.0,3.0,0,0,0,0,0,,0,0,0,0,0,,,,,13.444444444444445,,,
Olsen Patt-Henry,TE,2025,college_data,16.0,0,126.0,0.0,0,0,0,0,0,,0,0,0,0,0,,,,,7.875,,,
Oronde Gadsden II,TE,2024,college_data,72.0,0,922.0,7.0,0,0,0,0,0,,0,0,0,0,0,,,,,12.805555555555555,,,
Oronde Gadsden II,TE,2025,nflreadpy,52.0,72,694.0,3.0,1,1,639,236,30,1.2128241900883516,0,27,13,11,2,1.197125449697277,0.1414597041419689,0.1604466869086225,16.0,13.346153846153847,43.375,137.4,8.5875
Oronde Gadsden II,TE,2026,nflreadpy,9.0,15,86.0,1.0,0,0,94,37,4,-1.447528444456086,0,2,1,1,0,1.612369337979094,0.12499268950881853,0.09287041225672699,4.0,9.555555555555555,21.5,23.6,5.9
Orson Charles,TE,2018,nflreadpy,3.0,5,23.0,0.0,0,0,17,24,0,0.07036320554325357,0,0,0,0,0,2.0,0.01673147949159688,0.0035421084791246032,10.0,7.666666666666667,2.3,5.300000000000001,0.53
Oscar Cardenas,TE,2024,college_data,13.0,0,141.0,3.0,0,0,0,0,0,,0,0,0,0,0,,,,,10.846153846153847,,,
Oscar Delp,TE,2024,college_data,21.0,0,248.0,4.0,0,0,0,0,0,,0,0,0,0,0,,,,,11.80952380952381,,,
Oscar Delp,TE,2025,college_data,20.0,0,261.0,1.0,0,0,0,0,0,,0,0,0,0,0,,,,,13.05,,,
Oscar Delp,TE,2026,nflreadpy,1.0,1,8.0,0.0,0,0,7,1,0,0.6397642833180726,0,0,0,0,0,1.1428571428571428,0.015625,0.01643192488262911,2.0,8.0,4.0,1.8,0.9
Oscar Hammond,TE,2024,college_data,19.0,0,238.0,1.0,0,0,0,0,0,,0,0,0,0,0,,,,,12.526315789473685,,,
Otto Tia,TE,2024,college_data,44.0,0,434.0,7.0,0,0,0,0,0,,0,0,0,0,0,,,,,9.863636363636363,,,
Otto Tia,TE,2025,college_data,2.0,0,38.0,0.0,0,0,0,0,0,,0,0,0,0,0,,,,,19.0,,,
Owen Anderson,TE,2024,college_data,2.0,0,13.0,1.0,0,0,0,0,0,,0,0,0,0,0,,,,,6.5,,,
Owen Anderson,TE,2025,college_data,3.0,0,31.0,1.0,0,0,0,0,0,,0,0,0,0,0,,,,,10.333333333333334,,,
Parker Hesse,TE,2021,nflreadpy,5.0,6,43.0,0.0,0,0,22,21,3,0.47313179705815855,0,2,1,0,0,1.7115384615384617,0.05970142089093702,0.030416498628871875,4.0,8.6,10.75,9.3,2.325
Parker Hesse,TE,2022,nflreadpy,9.0,11,89.0,0.0,0,0,65,36,6,0.9519904371312199,0,2,2,1,0,1.2095235737392602,0.03570073818057689,0.024426022232705888,12.0,9.88888888888889,7.416666666666667,17.9,1.4916666666666665
Parker Olthoff,TE,2024,college_data,22.0,0,204.0,3.0,0,0,0,0,0,,0,0,0,0,0,,,,,9.272727272727273,,,
Parker Poloskey,TE,2024,college_data,1.0,0,4.0,0.0,0,0,0,0,0,,0,0,0,0,0,,,,,4.0,,,
Parker Poloskey,TE,2025,college_data,4.0,0,54.0,1.0,0,0,0,0,0,,0,0,0,0,0,,,,,13.5,,,
Pat Conroy,TE,2024,college_data,37.0,0,523.0,5.0,0,0,0,0,0,,0,0,0,0,0,,,,,14.135135135135135,,,
Pat Freiermuth,TE,2021,nflreadpy,64.0,84,522.0,7.0,1,1,446,268,35,1.5640200218153615,1,21,4,2,0,1.2951523550677098,0.12876522447010838,0.1033674722271426,17.0,8.15625,30.705882352941178,158.2,9.305882352941175
Pat Freiermuth,TE,2022,nflreadpy,63.0,98,732.0,2.0,0,0,821,281,37,0.5926965251002866,0,31,13,9,1,0.9082565405434282,0.20166704298383947,0.19258617657074673,15.0,11.619047619047619,48.8,148.2,9.879999999999999
Pat Freiermuth,TE,2023,nflreadpy,37.0,55,384.0,2.0,1,0,375,179,20,1.031378954357918,1,14,5,4,0,1.0210855551808236,0.15362098242523983,0.1290213403374126,12.0,10.378378378378379,32.0,87.4,7.283333333333334
Pat Freiermuth,TE,2024,nflreadpy,68.0,82,668.0,7.0,2,1,491,284,32,1.8218429505220743,0,24,12,7,0,1.5847628575391397,0.16862451099848194,0.12827088471964695,18.0,9.823529411764707,37.111111111111114,172.8,9.600000000000001
Pat Freiermuth,TE,2025,nflreadpy,42.0,57,504.0,4.0,0,0,388,257,22,1.1567126755820523,0,20,11,6,1,4.568185505266837,0.11185836003972749,0.13189862808826516,16.0,12.0,31.5,116.4,7.275
Pat Freiermuth,TE,2026,nflreadpy,14.0,19,125.0,2.0,0,0,155,63,6,0.8214671343448572,0,3,2,1,0,0.9826966784413593,0.13187691413497865,0.12117307920189105,4.0,8.928571428571429,31.25,38.5,9.625
Patrick Gurd,TE,2024,college_data,1.0,0,6.0,0.0,0,0,0,0,0,,0,0,0,0,0,,,,,6.0,,,
Patrick Gurd,TE,2025,college_data,3.0,0,46.0,0.0,0,0,0,0,0,,0,0,0,0,0,,,,,15.333333333333334,,,
Patrick Herbert,TE,2024,college_data,10.0,0,97.0,0.0,0,0,0,0,0,,0,0,0,0,0,,,,,9.7,,,
Patrick Overmyer,TE,2024,college_data,31.0,0,283.0,3.0,0,0,0,0,0,,0,0,0,0,0,,,,,9.129032258064516,,,
Patrick Overmyer,TE,2025,college_data,27.0,0,344.0,5.0,0,0,0,0,0,,0,0,0,0,0,,,,,12.74074074074074,,,
Patrick Wagner,TE,2024,college_data,20.0,0,197.0,1.0,0,0,0,0,0,,0,0,0,0,0,,,,,9.85,,,
Patrick Wagner,TE,2025,college_data,27.0,0,390.0,3.0,0,0,0,0,0,,0,0,0,0,0,,,,,14.444444444444445,,,
Patrick Williams II,TE,2025,college_data,7.0,0,40.0,1.0,0,0,0,0,0,,0,0,0,0,0,,,,,5.714285714285714,,,
Pax Hughes,TE,2025,college_data,5.0,0,28.0,0.0,0,0,0,0,0,,0,0,0,0,0,,,,,5.6,,,
Payne Durham,TE,2023,nflreadpy,6.0,8,76.0,0.0,0,0,76,27,4,0.6857815164507234,0,3,2,1,0,1.3151927437641722,0.026755764369207364,0.03421286964483542,8.0,12.666666666666666,9.5,13.600000000000001,1.7000000000000002
Payne Durham,TE,2024,nflreadpy,11.0,14,115.0,2.0,1,0,124,24,5,2.079330280330032,0,3,2,2,0,1.5485022945348352,0.04820502000500125,0.05539250329967173,8.0,10.454545454545455,14.375,32.5,4.0625
Payne Durham,TE,2025,nflreadpy,1.0,4,11.0,0.0,0,0,16,11,1,-0.29893310865736566,0,1,0,0,0,0.0,0.016868709455918757,0.01261305820176753,8.0,11.0,1.375,2.1,0.2625
Payten Singletary,TE,2024,college_data,17.0,0,197.0,2.0,0,0,0,0,0,,0,0,0,0,0,,,,,11.588235294117647,,,
Pearson Baldwin,TE,2024,college_data,2.0,0,31.0,0.0,0,0,0,0,0,,0,0,0,0,0,,,,,15.5,,,
Pearson Baldwin,TE,2025,college_data,26.0,0,302.0,2.0,0,0,0,0,0,,0,0,0,0,0,,,,,11.615384615384615,,,
Peter Clarke,TE,2024,college_data,3.0,0,16.0,2.0,0,0,0,0,0,,0,0,0,0,0,,,,,5.333333333333333,,,
Peter Clarke,TE,2025,college_data,30.0,0,483.0,6.0,0,0,0,0,0,,0,0,0,0,0,,,,,16.1,,,
Peter Cleary,TE,2024,college_data,10.0,0,99.0,1.0,0,0,0,0,0,,0,0,0,0,0,,,,,9.9,,,
Peter Cleary,TE,2025,college_data,24.0,0,322.0,1.0,0,0,0,0,0,,0,0,0,0,0,,,,,13.416666666666666,,,
Peter Knudson,TE,2024,college_data,9.0,0,63.0,1.0,0,0,0,0,0,,0,0,0,0,0,,,,,7.0,,,
Peter Montini,TE,2024,college_data,5.0,0,42.0,0.0,0,0,0,0,0,,0,0,0,0,0,,,,,8.4,,,
Peyton Faulkner,TE,2025,college_data,6.0,0,34.0,0.0,0,0,0,0,0,,0,0,0,0,0,,,,,5.666666666666667,,,
Peyton Hendershot,TE,2022,nflreadpy,11.0,16,103.0,2.0,0,0,109,47,8,-0.39750061951053794,0,6,2,2,0,0.4950980392156863,0.038910953488814654,0.027799399130613425,13.0,9.363636363636363,7.923076923076923,33.3,2.5615384615384613
Peyton Hendershot,TE,2023,nflreadpy,4.0,7,38.0,0.0,0,0,27,28,1,-0.23472484846327765,0,1,1,1,0,1.05,0.026600506756756757,0.01561695144761605,8.0,9.5,4.75,7.800000000000001,0.9750000000000001
Peyton Hendershot,TE,2024,nflreadpy,5.0,5,51.0,0.0,0,0,19,32,2,0.6690090730699012,0,3,0,0,0,1.03125,0.03974292942983645,0.022982456140350875,5.0,10.2,10.2,10.100000000000001,2.0200000000000005
Peyton Smith,TE,2024,college_data,14.0,0,116.0,2.0,0,0,0,0,0,,0,0,0,0,0,,,,,8.285714285714286,,,
Peyton Smith,TE,2025,college_data,20.0,0,151.0,0.0,0,0,0,0,0,,0,0,0,0,0,,,,,7.55,,,
Peyton Strickland,TE,2024,college_data,1.0,0,16.0,0.0,0,0,0,0,0,,0,0,0,0,0,,,,,16.0,,,
Peyton Strickland,TE,2025,college_data,24.0,0,226.0,4.0,0,0,0,0,0,,0,0,0,0,0,,,,,9.416666666666666,,,
Pharaoh Brown,TE,2019,nflreadpy,2.0,3,27.0,0.0,0,0,27,14,1,0.37305878962312516,0,1,1,0,0,1.357142857142857,0.013040834613415259,0.012686564666932281,7.0,13.5,3.857142857142857,4.7,0.6714285714285715
Pharaoh Brown,TE,2020,nflreadpy,14.0,16,163.0,2.0,0,0,127,76,9,1.3651342331068008,0,7,4,2,0,1.3691282434026242,0.04512367135325393,0.04163747225965097,10.0,11.642857142857142,16.3,42.3,4.2299999999999995
Pharaoh Brown,TE,2021,nflreadpy,23.0,34,171.0,0.0,1,1,146,106,6,-0.8652866641740206,0,5,2,2,0,2.444277481777482,0.09416219878446117,0.04752900869745109,13.0,7.434782608695652,13.153846153846153,38.1,2.930769230769231
Pharaoh Brown,TE,2022,nflreadpy,12.0,20,117.0,0.0,0,0,128,83,6,-0.3555350880328538,0,6,3,1,0,0.737121650279545,0.07296157989943569,0.04756208270698491,8.0,9.75,14.625,23.700000000000003,2.9625000000000004
Pharaoh Brown,TE,2023,nflreadpy,13.0,15,208.0,1.0,1,1,104,121,8,0.6077504089852381,0,7,5,5,1,2.2673979214226896,0.04770709556582749,0.05050479363556734,11.0,16.0,18.90909090909091,37.8,3.436363636363636
Pharaoh Brown,TE,2024,nflreadpy,8.0,12,65.0,0.0,1,1,51,30,2,-0.8089095115672613,0,2,1,0,0,0.9544507575757576,0.03681238518583997,0.022422819826535236,10.0,8.125,6.5,12.5,1.25
Pharaoh Brown,TE,2025,nflreadpy,2.0,2,1.0,0.0,0,0,1,0,0,-0.885376922233263,0,0,0,0,0,1.0,0.010526315789473684,0.00078125,5.0,0.5,0.2,2.1,0.42000000000000004
Pierce Walsh,TE,2025,college_data,2.0,0,17.0,0.0,0,0,0,0,0,,0,0,0,0,0,,,,,8.5,,,
Preston Daniel,TE,2024,college_data,2.0,0,12.0,0.0,0,0,0,0,0,,0,0,0,0,0,,,,,6.0,,,
Preston Daniels,TE,2024,college_data,2.0,0,18.0,0.0,0,0,0,0,0,,0,0,0,0,0,,,,,9.0,,,
Preston Douglas,TE,2025,college_data,1.0,0,18.0,0.0,0,0,0,0,0,,0,0,0,0,0,,,,,18.0,,,
Preston Howard,TE,2024,college_data,24.0,0,189.0,0.0,0,0,0,0,0,,0,0,0,0,0,,,,,7.875,,,
Preston Howard,TE,2025,college_data,10.0,0,84.0,0.0,0,0,0,0,0,,0,0,0,0,0,,,,,8.4,,,
Preston Kilgore,TE,2025,college_data,7.0,0,48.0,0.0,0,0,0,0,0,,0,0,0,0,0,,,,,6.857142857142857,,,
Preston Ross,TE,2025,college_data,1.0,0,0.0,0.0,0,0,0,0,0,,0,0,0,0,0,,,,,0.0,,,
Quentin Moore,TE,2024,college_data,1.0,0,14.0,0.0,0,0,0,0,0,,0,0,0,0,0,,,,,14.0,,,
Quentin Moore,TE,2025,college_data,5.0,0,83.0,1.0,0,0,0,0,0,,0,0,0,0,0,,,,,16.6,,,
Quintin Morris,TE,2022,nflreadpy,10.0,14,102.0,1.0,1,1,77,50,7,0.057072407144374726,0,5,1,1,0,1.4846813725490196,0.032546658243252674,0.017092548066459844,11.0,10.2,9.272727272727273,24.200000000000003,2.2
Quintin Morris,TE,2023,nflreadpy,2.0,3,26.0,1.0,0,0,33,5,1,0.8764554174130663,0,2,0,0,0,0.8055555555555556,0.034482758620689655,0.04525518341307815,3.0,13.0,8.666666666666666,10.6,3.533333333333333
Quintin Morris,TE,2024,nflreadpy,5.0,8,36.0,1.0,0,0,74,22,3,0.26687762506367163,0,1,0,0,0,1.0303030303030303,0.02757184179085707,0.03453736792492649,10.0,7.2,3.6,14.6,1.46
Quintin Morris,TE,2025,nflreadpy,6.0,9,55.0,1.0,0,0,45,21,4,-0.12364280626061372,0,3,0,0,0,1.7281918564527259,0.03169288189816049,0.01755779860898932,11.0,9.166666666666666,5.0,17.5,1.5909090909090908
Quintin Morris,TE,2026,nflreadpy,1.0,2,7.0,0.0,0,0,5,4,0,-0.006826101822228203,0,0,0,0,0,1.1666666666666667,0.027777777777777776,0.006066079214784814,3.0,7.0,2.3333333333333335,1.7000000000000002,0.5666666666666668
Quinton Stewart,TE,2025,college_data,4.0,0,62.0,0.0,0,0,0,0,0,,0,0,0,0,0,,,,,15.5,,,
R.J. Maryland,TE,2024,college_data,24.0,0,359.0,4.0,0,0,0,0,0,,0,0,0,0,0,,,,,14.958333333333334,,,
R.J. Maryland,TE,2025,college_data,27.0,0,322.0,2.0,0,0,0,0,0,,0,0,0,0,0,,,,,11.925925925925926,,,
Randy Pittman,TE,2024,college_data,32.0,0,416.0,2.0,0,0,0,0,0,,0,0,0,0,0,,,,,13.0,,,
Randy Pittman,TE,2025,college_data,23.0,0,208.0,2.0,0,0,0,0,0,,0,0,0,0,0,,,,,9.043478260869565,,,
Rayfield Lotten,TE,2025,college_data,3.0,0,54.0,0.0,0,0,0,0,0,,0,0,0,0,0,,,,,18.0,,,
Reece Adkins,TE,2025,college_data,9.0,0,133.0,1.0,0,0,0,0,0,,0,0,0,0,0,,,,,14.777777777777779,,,
Reece Wilder,TE,2025,college_data,1.0,0,4.0,0.0,0,0,0,0,0,,0,0,0,0,0,,,,,4.0,,,
Reed Boyd,TE,2024,college_data,2.0,0,8.0,0.0,0,0,0,0,0,,0,0,0,0,0,,,,,4.0,,,
Reed Boyd,TE,2025,college_data,5.0,0,60.0,1.0,0,0,0,0,0,,0,0,0,0,0,,,,,12.0,,,
Reed Jesiolowski,TE,2024,college_data,8.0,0,98.0,0.0,0,0,0,0,0,,0,0,0,0,0,,,,,12.25,,,
Reese Brooks,TE,2025,college_data,1.0,0,17.0,0.0,0,0,0,0,0,,0,0,0,0,0,,,,,17.0,,,
Reese Clark,TE,2024,college_data,1.0,0,4.0,0.0,0,0,0,0,0,,0,0,0,0,0,,,,,4.0,,,
Reese Clark,TE,2025,college_data,10.0,0,125.0,1.0,0,0,0,0,0,,0,0,0,0,0,,,,,12.5,,,
Reggie Brown,TE,2024,college_data,4.0,0,52.0,2.0,0,0,0,0,0,,0,0,0,0,0,,,,,13.0,,,
Reid Mikeska,TE,2025,college_data,1.0,0,3.0,0.0,0,0,0,0,0,,0,0,0,0,0,,,,,3.0,,,
Reis Kessel,TE,2025,college_data,15.0,0,335.0,1.0,0,0,0,0,0,,0,0,0,0,0,,,,,22.333333333333332,,,
Rhett Ellison,TE,2018,nflreadpy,25.0,34,272.0,1.0,0,0,215,130,13,1.0409174595203474,1,13,7,2,0,2.898896915903365,0.07416567996911184,0.060101991975977535,13.0,10.88,20.923076923076923,60.2,4.630769230769231
Rhett Ellison,TE,2019,nflreadpy,18.0,28,167.0,1.0,0,0,146,83,4,-0.7337418622881986,0,4,4,3,0,1.8912913000977518,0.08021903872228223,0.05235746769532094,10.0,9.277777777777779,16.7,40.7,4.07
Rhett Guidry,TE,2024,college_data,1.0,0,16.0,0.0,0,0,0,0,0,,0,0,0,0,0,,,,,16.0,,,
Richard Ransom,TE,2025,college_data,19.0,0,261.0,2.0,0,0,0,0,0,,0,0,0,0,0,,,,,13.736842105263158,,,
Richard Rodgers,TE,2018,nflreadpy,1.0,1,7.0,0.0,0,0,-2,9,1,0.45875125541351736,0,0,0,0,0,0.0,0.01020408163265306,-0.002551020408163265,2.0,7.0,3.5,1.7000000000000002,0.8500000000000001
Richard Rodgers,TE,2020,nflreadpy,24.0,31,345.0,2.0,0,0,305,95,16,2.700914471321099,0,15,12,5,0,1.6065478326084373,0.10496163329735783,0.12755078402716025,8.0,14.375,43.125,70.5,8.8125
Richard Rodgers,TE,2021,nflreadpy,2.0,2,11.0,0.0,0,0,1,10,0,0.06639155221637338,0,0,0,0,0,11.0,0.058823529411764705,0.004545454545454545,1.0,5.5,11.0,3.1,3.1
Richard Rodgers,TE,2022,nflreadpy,1.0,4,4.0,0.0,0,0,-4,3,0,-0.9633856663228167,0,0,0,0,0,1.3333333333333333,0.03483160706142922,-0.005280071985286077,3.0,4.0,1.3333333333333333,1.4,0.4666666666666666
Richie Anderson,TE,2024,college_data,17.0,0,147.0,0.0,0,0,0,0,0,,0,0,0,0,0,,,,,8.647058823529411,,,
Richie Anderson,TE,2025,college_data,31.0,0,300.0,3.0,0,0,0,0,0,,0,0,0,0,0,,,,,9.67741935483871,,,
Ricky Seals-Jones,TE,2018,nflreadpy,34.0,69,343.0,1.0,0,0,680,97,14,-1.7589638875177054,0,11,6,5,1,0.6087950067757283,0.15610633858717152,0.18756324486627834,15.0,10.088235294117647,22.866666666666667,74.30000000000001,4.953333333333334
Ricky Seals-Jones,TE,2019,nflreadpy,14.0,22,229.0,4.0,1,1,253,95,10,1.0859624263631609,0,8,5,5,1,1.2773540024702816,0.07235717845300388,0.10138280934654492,9.0,16.357142857142858,25.444444444444443,58.900000000000006,6.544444444444445
Ricky Seals-Jones,TE,2021,nflreadpy,30.0,49,271.0,2.0,0,0,268,152,14,-0.5648952666272378,0,11,4,1,0,0.9418964257571963,0.12650478297732765,0.09406070738053943,11.0,9.033333333333333,24.636363636363637,69.1,6.281818181818181
Rico Gathers,TE,2018,nflreadpy,3.0,8,45.0,0.0,0,0,72,27,2,-0.16658400780775237,0,2,1,1,0,1.217687074829932,0.034607342006465265,0.03558613633728407,8.0,15.0,5.625,7.5,0.9375
Rico Walker,TE,2025,college_data,9.0,0,100.0,0.0,0,0,0,0,0,,0,0,0,0,0,,,,,11.11111111111111,,,
Riley Engelhard,TE,2025,college_data,2.0,0,21.0,1.0,0,0,0,0,0,,0,0,0,0,0,,,,,10.5,,,
Riley Nowakowski,TE,2024,college_data,11.0,0,74.0,0.0,0,0,0,0,0,,0,0,0,0,0,,,,,6.7272727272727275,,,
Riley Nowakowski,TE,2025,college_data,32.0,0,387.0,2.0,0,0,0,0,0,,0,0,0,0,0,,,,,12.09375,,,
Riley Williams,TE,2024,college_data,7.0,0,115.0,0.0,0,0,0,0,0,,0,0,0,0,0,,,,,16.428571428571427,,,
Riley Williams,TE,2025,college_data,1.0,0,15.0,0.0,0,0,0,0,0,,0,0,0,0,0,,,,,15.0,,,
Rivaldo Fairweather,TE,2024,college_data,31.0,0,372.0,2.0,0,0,0,0,0,,0,0,0,0,0,,,,,12.0,,,
River Helms,TE,2024,college_data,19.0,0,228.0,2.0,0,0,0,0,0,,0,0,0,0,0,,,,,12.0,,,
River Helms,TE,2025,college_data,1.0,0,4.0,1.0,0,0,0,0,0,,0,0,0,0,0,,,,,4.0,,,
Rob Gronkowski,TE,2018,nflreadpy,60.0,91,873.0,3.0,1,1,1063,264,42,2.0252825750320445,0,40,20,11,1,1.0574225739341914,0.15924712263773108,0.2381634300227782,16.0,14.55,54.5625,163.3,10.20625
Rob Gronkowski,TE,2020,nflreadpy,53.0,91,733.0,9.0,1,0,970,322,35,1.4316051303164048,0,26,20,12,2,0.6555116324855358,0.12553517356436095,0.1501412895616547,20.0,13.830188679245284,36.65,178.3,8.915000000000001
Rob Gronkowski,TE,2021,nflreadpy,64.0,106,918.0,7.0,0,0,1086,419,39,2.267419294841464,0,39,23,18,2,0.8637583152387628,0.17287088769877965,0.23152454984152485,14.0,14.34375,65.57142857142857,197.8,14.12857142857143
Robbie Ouzts,TE,2024,college_data,8.0,0,108.0,2.0,0,0,0,0,0,,0,0,0,0,0,,,,,13.5,,,
Robby Preckel,TE,2025,college_data,1.0,0,4.0,0.0,0,0,0,0,0,,0,0,0,0,0,,,,,4.0,,,
Robert Tonyan,TE,2018,nflreadpy,4.0,6,77.0,1.0,0,0,83,10,3,0.982945873530116,0,2,1,1,1,0.9137735849056604,0.023296129338744826,0.03347568581792953,7.0,19.25,11.0,17.7,2.5285714285714285
Robert Tonyan,TE,2019,nflreadpy,10.0,15,100.0,1.0,0,0,158,26,4,0.18660449995271242,0,4,2,2,0,1.0001728895219415,0.04459322210474284,0.05298941789943168,10.0,10.0,10.0,26.0,2.6
Robert Tonyan,TE,2020,nflreadpy,60.0,67,668.0,12.0,0,0,494,268,37,2.8897018770766274,0,24,14,10,1,1.594439309714927,0.1232095728222089,0.1122606941209286,17.0,11.133333333333333,39.294117647058826,198.8,11.694117647058825
Robert Tonyan,TE,2021,nflreadpy,18.0,29,204.0,2.0,0,0,262,104,10,1.351457087449766,0,8,5,4,0,1.3507092700068566,0.11574072933181093,0.13182563660679805,8.0,11.333333333333334,25.5,50.400000000000006,6.300000000000001
Robert Tonyan,TE,2022,nflreadpy,53.0,67,470.0,2.0,0,0,390,230,20,0.2271702508038205,0,17,9,6,0,1.0437698365434123,0.11972569513851801,0.0826942851508456,17.0,8.867924528301886,27.647058823529413,112.0,6.588235294117647
Robert Tonyan,TE,2023,nflreadpy,11.0,17,112.0,0.0,0,0,145,57,6,0.3406683995060369,0,5,1,1,0,1.7912920412920412,0.05168473552984423,0.043995744806062505,12.0,10.181818181818182,9.333333333333334,22.200000000000003,1.8500000000000003
Robert Tonyan,TE,2025,nflreadpy,1.0,1,1.0,0.0,0,0,1,0,0,-0.5185336319264024,0,0,0,0,0,1.0,0.011627906976744186,0.0015432098765432098,2.0,1.0,0.5,1.1,0.55
Robert Tonyan,TE,2026,nflreadpy,1.0,1,2.0,0.0,0,0,0,2,0,-0.4374872571788728,0,0,0,0,0,0.0,0.03225806451612903,0.0,1.0,2.0,2.0,1.2,1.2
Rocco Ciocca,TE,2024,college_data,3.0,0,13.0,0.0,0,0,0,0,0,,0,0,0,0,0,,,,,4.333333333333333,,,
Rocco Ciocca,TE,2025,college_data,7.0,0,48.0,0.0,0,0,0,0,0,,0,0,0,0,0,,,,,6.857142857142857,,,
Rocky Beers,TE,2024,college_data,4.0,0,18.0,1.0,0,0,0,0,0,,0,0,0,0,0,,,,,4.5,,,
Rocky Beers,TE,2025,college_data,31.0,0,388.0,7.0,0,0,0,0,0,,0,0,0,0,0,,,,,12.516129032258064,,,
Rocky Lencioni,TE,2025,college_data,19.0,0,206.0,6.0,0,0,0,0,0,,0,0,0,0,0,,,,,10.842105263157896,,,
Rod Gibbs,TE,2024,college_data,1.0,0,4.0,0.0,0,0,0,0,0,,0,0,0,0,0,,,,,4.0,,,
Rod Gibbs,TE,2025,college_data,6.0,0,52.0,1.0,0,0,0,0,0,,0,0,0,0,0,,,,,8.666666666666666,,,
Rodney Lesane,TE,2025,college_data,2.0,0,15.0,1.0,0,0,0,0,0,,0,0,0,0,0,,,,,7.5,,,
Roger Saleapaga,TE,2025,college_data,3.0,0,26.0,1.0,0,0,0,0,0,,0,0,0,0,0,,,,,8.666666666666666,,,
Rohan Jones,TE,2024,college_data,30.0,0,469.0,9.0,0,0,0,0,0,,0,0,0,0,0,,,,,15.633333333333333,,,
Rohan Jones,TE,2025,college_data,19.0,0,519.0,4.0,0,0,0,0,0,,0,0,0,0,0,,,,,27.31578947368421,,,
Ross Dwelley,TE,2018,nflreadpy,2.0,2,14.0,0.0,0,0,13,1,0,0.290942167310277,0,0,0,0,0,1.1,0.025252525252525252,0.026990843673049797,3.0,7.0,4.666666666666667,3.4000000000000004,1.1333333333333335
Ross Dwelley,TE,2019,nflreadpy,15.0,22,91.0,2.0,0,0,117,40,8,0.6387830312305596,0,3,1,1,0,0.7387425983977708,0.07991262366262367,0.05930102655282755,8.0,6.066666666666666,11.375,36.1,4.5125
Ross Dwelley,TE,2020,nflreadpy,19.0,24,245.0,1.0,0,0,182,107,10,1.6528869240370114,0,12,6,3,0,1.6647002058828684,0.05436029731821219,0.05951274368424326,12.0,12.894736842105264,20.416666666666668,49.5,4.125
Ross Dwelley,TE,2021,nflreadpy,4.0,5,51.0,1.0,0,0,59,5,2,0.5211053016246296,0,3,1,1,0,0.8281979458450047,0.04278591778591778,0.05296220470748515,4.0,12.75,12.75,15.100000000000001,3.7750000000000004
Ross Dwelley,TE,2022,nflreadpy,3.0,5,105.0,1.0,0,0,69,43,3,2.0857122544257436,0,3,2,2,1,1.1770833333333335,0.03941025641025641,0.07272660011630726,5.0,35.0,21.0,19.5,3.9
Ross Dwelley,TE,2023,nflreadpy,1.0,2,12.0,0.0,0,0,17,12,1,0.2861301285447553,0,1,0,0,0,0.0,0.03807471264367816,0.034,2.0,12.0,6.0,2.2,1.1
Ross Dwelley,TE,2024,nflreadpy,1.0,1,5.0,0.0,0,0,1,4,0,0.13682030281051993,0,0,0,0,0,5.0,0.008620689655172414,0.0010822510822510823,4.0,5.0,1.25,1.5,0.375
Ross Dwelley,TE,2025,nflreadpy,2.0,5,7.0,0.0,0,0,1,7,0,-0.8547652688769934,0,0,0,0,0,1.5,0.043654793906810034,0.0014705882352941176,4.0,3.5,1.75,2.7,0.675
Ross Travis,TE,2019,nflreadpy,4.0,6,51.0,0.0,1,1,22,31,1,-1.1156589411548339,0,2,2,1,0,1.2215909090909092,0.06432861432861432,0.0245022368285996,3.0,12.75,17.0,7.100000000000001,2.366666666666667
Ry Yates,TE,2024,college_data,4.0,0,57.0,1.0,0,0,0,0,0,,0,0,0,0,0,,,,,14.25,,,
Ryan Belk,TE,2024,college_data,3.0,0,25.0,1.0,0,0,0,0,0,,0,0,0,0,0,,,,,8.333333333333334,,,
Ryan Daly,TE,2024,college_data,1.0,0,13.0,0.0,0,0,0,0,0,,0,0,0,0,0,,,,,13.0,,,
Ryan Ghea,TE,2025,college_data,2.0,0,20.0,0.0,0,0,0,0,0,,0,0,0,0,0,,,,,10.0,,,
Ryan Griffin,TE,2018,nflreadpy,25.0,48,311.0,0.0,0,0,370,155,15,-0.3076842663802127,0,16,4,3,1,1.9314813912714548,0.1008240914851599,0.08992958801337436,14.0,12.44,22.214285714285715,56.1,4.007142857142857
Ryan Griffin,TE,2019,nflreadpy,34.0,41,320.0,5.0,0,0,223,182,19,1.3448696304896417,1,14,7,4,1,1.155048702235499,0.09662602348114914,0.057433344494704795,13.0,9.411764705882353,24.615384615384617,98.0,7.538461538461538
Ryan Griffin,TE,2020,nflreadpy,9.0,12,86.0,0.0,0,0,63,49,4,0.4517834543890785,0,3,2,1,0,2.3307692307692305,0.04069469290399523,0.025275172531997746,10.0,9.555555555555555,8.6,17.6,1.7600000000000002
Ryan Griffin,TE,2021,nflreadpy,27.0,42,261.0,2.0,1,0,223,149,14,0.21452757121942914,0,10,5,4,0,1.788185864531489,0.08547747472966434,0.06500433826265846,14.0,9.666666666666666,18.642857142857142,63.099999999999994,4.507142857142857
Ryan Griffin,TE,2022,nflreadpy,4.0,8,26.0,0.0,0,0,53,9,1,-1.1349028007576376,0,1,1,0,0,0.30357142857142855,0.04378113389878095,0.03458078875784577,10.0,6.5,2.6,6.6,0.6599999999999999
Ryan Hewitt,TE,2018,nflreadpy,1.0,3,1.0,1.0,0,0,7,0,1,-0.21332698657837076,0,0,0,0,0,0.3333333333333333,0.017721454173067076,0.008926862611073137,5.0,1.0,0.2,7.1,1.42
Ryan Hoerstkamp,TE,2024,college_data,1.0,0,1.0,0.0,0,0,0,0,0,,0,0,0,0,0,,,,,1.0,,,
Ryan Izzo,TE,2019,nflreadpy,6.0,9,114.0,1.0,0,0,78,50,4,2.055235559702851,0,5,3,3,1,2.1237745098039214,0.03747847393621642,0.04404942381906768,6.0,19.0,19.0,23.4,3.9
Ryan Izzo,TE,2020,nflreadpy,13.0,20,199.0,0.0,1,1,205,68,6,-0.65348396092013,0,8,5,3,1,1.46415620338089,0.07455937418565022,0.10728575221906436,10.0,15.307692307692308,19.9,30.900000000000006,3.0900000000000007
Ryan Lee,TE,2024,college_data,5.0,0,50.0,0.0,0,0,0,0,0,,0,0,0,0,0,,,,,10.0,,,
Ryan Lonergan,TE,2024,college_data,13.0,0,250.0,2.0,0,0,0,0,0,,0,0,0,0,0,,,,,19.23076923076923,,,
Ryan McConnell,TE,2025,college_data,2.0,0,22.0,0.0,0,0,0,0,0,,0,0,0,0,0,,,,,11.0,,,
Ryan Osborne,TE,2024,college_data,7.0,0,92.0,3.0,0,0,0,0,0,,0,0,0,0,0,,,,,13.142857142857142,,,
Ryan Osborne,TE,2025,college_data,10.0,0,229.0,3.0,0,0,0,0,0,,0,0,0,0,0,,,,,22.9,,,
Ryan Schwendeman,TE,2024,college_data,7.0,0,86.0,2.0,0,0,0,0,0,,0,0,0,0,0,,,,,12.285714285714286,,,
Ryan Schwendeman,TE,2025,college_data,15.0,0,191.0,2.0,0,0,0,0,0,,0,0,0,0,0,,,,,12.733333333333333,,,
Ryan Von Brandt,TE,2024,college_data,3.0,0,26.0,1.0,0,0,0,0,0,,0,0,0,0,0,,,,,8.666666666666666,,,
Ryan Ward,TE,2025,college_data,6.0,0,41.0,1.0,0,0,0,0,0,,0,0,0,0,0,,,,,6.833333333333333,,,
Ryan Wolfer,TE,2025,college_data,2.0,0,37.0,0.0,0,0,0,0,0,,0,0,0,0,0,,,,,18.5,,,
Ryder Kurtz,TE,2024,college_data,35.0,0,417.0,4.0,0,0,0,0,0,,0,0,0,0,0,,,,,11.914285714285715,,,
Ryder Kurtz,TE,2025,college_data,43.0,0,514.0,4.0,0,0,0,0,0,,0,0,0,0,0,,,,,11.953488372093023,,,
Ryder Kusch,TE,2025,college_data,13.0,0,60.0,3.0,0,0,0,0,0,,0,0,0,0,0,,,,,4.615384615384615,,,
Rylan Green,TE,2024,college_data,5.0,0,43.0,0.0,0,0,0,0,0,,0,0,0,0,0,,,,,8.6,,,
Rylan Green,TE,2025,college_data,4.0,0,50.0,1.0,0,0,0,0,0,,0,0,0,0,0,,,,,12.5,,,
Rylan Schlepp,TE,2024,college_data,8.0,0,129.0,2.0,0,0,0,0,0,,0,0,0,0,0,,,,,16.125,,,
Rylan Schlepp,TE,2025,college_data,8.0,0,43.0,0.0,0,0,0,0,0,,0,0,0,0,0,,,,,5.375,,,
Ryland Goede,TE,2024,college_data,6.0,0,70.0,1.0,0,0,0,0,0,,0,0,0,0,0,,,,,11.666666666666666,,,
Ryner Swanson,TE,2024,college_data,10.0,0,91.0,0.0,0,0,0,0,0,,0,0,0,0,0,,,,,9.1,,,
Sackett Wood Jr.,TE,2024,college_data,3.0,0,18.0,1.0,0,0,0,0,0,,0,0,0,0,0,,,,,6.0,,,
Sage Ennis,TE,2024,college_data,1.0,0,2.0,0.0,0,0,0,0,0,,0,0,0,0,0,,,,,2.0,,,
Sage Ennis,TE,2025,college_data,23.0,0,214.0,5.0,0,0,0,0,0,,0,0,0,0,0,,,,,9.304347826086957,,,
Sal Cannella,TE,2025,nflreadpy,2.0,5,11.0,0.0,0,0,55,5,1,-4.40975184738636,0,0,0,0,0,0.3055555555555556,0.11076604554865424,0.14200680272108843,2.0,5.5,5.5,3.1,1.55
Sam Albee,TE,2024,college_data,10.0,0,96.0,1.0,0,0,0,0,0,,0,0,0,0,0,,,,,9.6,,,
Sam Albee,TE,2025,college_data,9.0,0,131.0,2.0,0,0,0,0,0,,0,0,0,0,0,,,,,14.555555555555555,,,
Sam Hart,TE,2024,college_data,2.0,0,1.0,0.0,0,0,0,0,0,,0,0,0,0,0,,,,,0.5,,,
Sam Hedrick,TE,2024,college_data,4.0,0,98.0,1.0,0,0,0,0,0,,0,0,0,0,0,,,,,24.5,,,
Sam LaPorta,TE,2023,nflreadpy,107.0,147,1065.0,11.0,0,0,1021,453,59,2.47872956356174,2,42,15,8,2,1.6421207055660936,0.21665628943128423,0.20725645407248372,20.0,9.953271028037383,53.25,283.5,14.175
Sam LaPorta,TE,2024,nflreadpy,66.0,90,777.0,8.0,0,0,609,365,42,1.9415150640690952,0,33,16,11,1,2.3150446511909566,0.17540847971981366,0.17049936380144015,17.0,11.772727272727273,45.705882352941174,191.7,11.276470588235293
Sam LaPorta,TE,2025,nflreadpy,40.0,49,489.0,3.0,0,0,277,274,23,4.0475380347501,0,19,8,6,1,1.8362921668184826,0.1846946965301275,0.17484141305840686,9.0,12.225,54.333333333333336,106.9,11.877777777777778
Sam LaPorta,TE,2026,nflreadpy,22.0,32,228.0,2.0,0,0,188,98,12,4.6656732513889025,0,8,5,3,0,2.738024975876638,0.1933182375732061,0.13625722760005582,4.0,10.363636363636363,57.0,56.8,14.2
Sam Lee,TE,2025,college_data,2.0,0,40.0,0.0,0,0,0,0,0,,0,0,0,0,0,,,,,20.0,,,
Sam Olson,TE,2024,college_data,13.0,0,196.0,2.0,0,0,0,0,0,,0,0,0,0,0,,,,,15.076923076923077,,,
Sam Olson,TE,2025,college_data,17.0,0,135.0,2.0,0,0,0,0,0,,0,0,0,0,0,,,,,7.9411764705882355,,,
Sam Rodriguez,TE,2024,college_data,7.0,0,105.0,0.0,0,0,0,0,0,,0,0,0,0,0,,,,,15.0,,,
Sam Roush,TE,2024,college_data,40.0,0,334.0,2.0,0,0,0,0,0,,0,0,0,0,0,,,,,8.35,,,
Sam Roush,TE,2025,college_data,49.0,0,545.0,2.0,0,0,0,0,0,,0,0,0,0,0,,,,,11.122448979591837,,,
Sam Roush,TE,2026,nflreadpy,3.0,5,33.0,0.0,0,0,15,37,1,1.0130758111093503,0,1,1,0,0,1.9652777777777777,0.0538899430740038,0.02674360297290863,3.0,11.0,11.0,6.300000000000001,2.1
Sam West,TE,2024,college_data,1.0,0,37.0,0.0,0,0,0,0,0,,0,0,0,0,0,,,,,37.0,,,
Sam West,TE,2025,college_data,5.0,0,41.0,1.0,0,0,0,0,0,,0,0,0,0,0,,,,,8.2,,,
Samuel Cornett,TE,2025,college_data,4.0,0,0.0,0.0,0,0,0,0,0,,0,0,0,0,0,,,,,0.0,,,
Saul Diaz,TE,2024,college_data,5.0,0,44.0,1.0,0,0,0,0,0,,0,0,0,0,0,,,,,8.8,,,
Saul Diaz,TE,2025,college_data,1.0,0,7.0,0.0,0,0,0,0,0,,0,0,0,0,0,,,,,7.0,,,
Sav'ell Smalls,TE,2024,college_data,9.0,0,68.0,1.0,0,0,0,0,0,,0,0,0,0,0,,,,,7.555555555555555,,,
Sawyer Burt,TE,2024,college_data,4.0,0,71.0,1.0,0,0,0,0,0,,0,0,0,0,0,,,,,17.75,,,
Sawyer Burt,TE,2025,college_data,1.0,0,0.0,0.0,0,0,0,0,0,,0,0,0,0,0,,,,,0.0,,,
Scott Giuliano,TE,2024,college_data,4.0,0,33.0,1.0,0,0,0,0,0,,0,0,0,0,0,,,,,8.25,,,
Scott Moore,TE,2025,college_data,6.0,0,46.0,1.0,0,0,0,0,0,,0,0,0,0,0,,,,,7.666666666666667,,,
Scott Raymond,TE,2024,college_data,3.0,0,22.0,0.0,0,0,0,0,0,,0,0,0,0,0,,,,,7.333333333333333,,,
Scott Raymond,TE,2025,college_data,12.0,0,104.0,0.0,0,0,0,0,0,,0,0,0,0,0,,,,,8.666666666666666,,,
Scott Simonson,TE,2018,nflreadpy,9.0,14,86.0,1.0,0,0,66,31,6,-1.4108792945249746,0,3,1,1,0,1.259496442255063,0.03819822703616823,0.02397013651210402,10.0,9.555555555555555,8.6,23.6,2.3600000000000003
Scott Simonson,TE,2019,nflreadpy,2.0,2,11.0,0.0,0,0,8,3,1,0.5249835767317563,0,1,0,0,0,1.2142857142857144,0.021298174442190666,0.010626647362364036,3.0,5.5,3.6666666666666665,3.1,1.0333333333333334
Seamus Gilmartin,TE,2024,college_data,18.0,0,379.0,4.0,0,0,0,0,0,,0,0,0,0,0,,,,,21.055555555555557,,,
Seamus Gilmartin,TE,2025,college_data,28.0,0,366.0,5.0,0,0,0,0,0,,0,0,0,0,0,,,,,13.071428571428571,,,
Sean Brodnik,TE,2024,college_data,1.0,0,2.0,0.0,0,0,0,0,0,,0,0,0,0,0,,,,,2.0,,,
Sean Brodnik,TE,2025,college_data,1.0,0,4.0,1.0,0,0,0,0,0,,0,0,0,0,0,,,,,4.0,,,
Sean Brown,TE,2024,college_data,11.0,0,181.0,3.0,0,0,0,0,0,,0,0,0,0,0,,,,,16.454545454545453,,,
Sean Clarke,TE,2024,college_data,5.0,0,38.0,1.0,0,0,0,0,0,,0,0,0,0,0,,,,,7.6,,,
Sean Clarke,TE,2025,college_data,6.0,0,42.0,0.0,0,0,0,0,0,,0,0,0,0,0,,,,,7.0,,,
Sean Culkin,TE,2018,nflreadpy,1.0,1,24.0,0.0,0,0,24,0,1,2.2719660532602575,0,1,1,1,0,1.0,0.016129032258064516,0.09022556390977443,2.0,24.0,12.0,3.4000000000000004,1.7000000000000002
Sean Culkin,TE,2019,nflreadpy,1.0,2,12.0,0.0,0,0,19,0,1,0.35881927589070983,0,1,0,0,0,0.5,0.018357487922705314,0.02134744120752265,3.0,12.0,4.0,2.2,0.7333333333333334
Sean McElwain,TE,2024,college_data,20.0,0,361.0,5.0,0,0,0,0,0,,0,0,0,0,0,,,,,18.05,,,
Sean McElwain,TE,2025,college_data,12.0,0,186.0,3.0,0,0,0,0,0,,0,0,0,0,0,,,,,15.5,,,
Sean McKeon,TE,2021,nflreadpy,4.0,6,27.0,1.0,0,0,27,10,2,0.06077144423034042,0,2,0,0,0,1.6217948717948718,0.031394846288463306,0.020719613431488836,5.0,6.75,5.4,12.7,2.54
Sean McKeon,TE,2022,nflreadpy,2.0,3,11.0,0.0,0,0,1,7,1,0.07511899544624612,0,1,0,0,0,1.6666666666666667,0.01812039312039312,0.0008972728557298292,4.0,5.5,2.75,3.1,0.775
Sean O'Brien,TE,2024,college_data,7.0,0,110.0,0.0,0,0,0,0,0,,0,0,0,0,0,,,,,15.714285714285714,,,
Sean O'Brien,TE,2025,college_data,15.0,0,99.0,1.0,0,0,0,0,0,,0,0,0,0,0,,,,,6.6,,,
Sean Sallis,TE,2024,college_data,18.0,0,223.0,2.0,0,0,0,0,0,,0,0,0,0,0,,,,,12.38888888888889,,,
Sean Ward,TE,2024,college_data,6.0,0,66.0,1.0,0,0,0,0,0,,0,0,0,0,0,,,,,11.0,,,
Sean Ward,TE,2025,college_data,1.0,0,9.0,0.0,0,0,0,0,0,,0,0,0,0,0,,,,,9.0,,,
Sean Welde,TE,2025,college_data,1.0,0,6.0,0.0,0,0,0,0,0,,0,0,0,0,0,,,,,6.0,,,
Sebastien Saint-Louis,TE,2024,college_data,1.0,0,10.0,0.0,0,0,0,0,0,,0,0,0,0,0,,,,,10.0,,,
Semi Taulanga,TE,2025,college_data,2.0,0,3.0,0.0,0,0,0,0,0,,0,0,0,0,0,,,,,1.5,,,
Seth Adams,TE,2025,college_data,3.0,0,33.0,0.0,0,0,0,0,0,,0,0,0,0,0,,,,,11.0,,,
Seth DeValve,TE,2018,nflreadpy,5.0,7,74.0,1.0,0,0,87,15,3,0.14425438897162673,0,3,3,2,0,0.8607142857142858,0.026283883977536716,0.03559304106917004,7.0,14.8,10.571428571428571,18.4,2.6285714285714286
Seth DeValve,TE,2019,nflreadpy,12.0,18,140.0,0.0,0,0,109,61,7,0.5529989315088771,0,8,5,1,0,1.1529089861751152,0.07757471236733908,0.05801889028176878,7.0,11.666666666666666,20.0,26.0,3.7142857142857144
Seydou Traore,TE,2024,college_data,34.0,0,361.0,1.0,0,0,0,0,0,,0,0,0,0,0,,,,,10.617647058823529,,,
Seydou Traore,TE,2025,college_data,35.0,0,372.0,5.0,0,0,0,0,0,,0,0,0,0,0,,,,,10.628571428571428,,,
Shamar Easter,TE,2024,college_data,1.0,0,16.0,0.0,0,0,0,0,0,,0,0,0,0,0,,,,,16.0,,,
Shamar Easter,TE,2025,college_data,2.0,0,17.0,0.0,0,0,0,0,0,,0,0,0,0,0,,,,,8.5,,,
Shane Calhoun,TE,2024,college_data,3.0,0,57.0,0.0,0,0,0,0,0,,0,0,0,0,0,,,,,19.0,,,
Shane King,TE,2025,college_data,2.0,0,24.0,0.0,0,0,0,0,0,,0,0,0,0,0,,,,,12.0,,,
Shane Zylstra,TE,2021,nflreadpy,3.0,7,34.0,0.0,0,0,38,6,2,-2.7108930347474605,0,2,1,0,0,1.0606060606060606,0.06545209176788123,0.056496907736968326,3.0,11.333333333333334,11.333333333333334,6.4,2.1333333333333333
Shane Zylstra,TE,2022,nflreadpy,11.0,15,60.0,4.0,0,0,78,13,6,0.42949960140686017,0,2,0,0,0,0.846473311546841,0.05453137957500867,0.04210641744082299,8.0,5.454545454545454,7.5,41.0,5.125
Shane Zylstra,TE,2024,nflreadpy,1.0,1,22.0,0.0,0,0,9,13,1,1.243641886394471,0,1,1,1,0,2.4444444444444446,0.016129032258064516,0.018442622950819672,2.0,22.0,11.0,3.2,1.6
Shane Zylstra,TE,2025,nflreadpy,3.0,5,20.0,0.0,0,0,37,2,1,-1.8361170820426196,0,1,0,0,0,0.5405405405405406,0.09615384615384616,0.11746031746031746,1.0,6.666666666666667,20.0,5.0,5.0
Shaun Grayson,TE,2024,college_data,4.0,0,20.0,0.0,0,0,0,0,0,,0,0,0,0,0,,,,,5.0,,,
Simon Brackin,TE,2024,college_data,2.0,0,39.0,0.0,0,0,0,0,0,,0,0,0,0,0,,,,,19.5,,,
Simon Mapa,TE,2025,college_data,3.0,0,42.0,2.0,0,0,0,0,0,,0,0,0,0,0,,,,,14.0,,,
Spencer Mermans,TE,2025,college_data,1.0,0,4.0,1.0,0,0,0,0,0,,0,0,0,0,0,,,,,4.0,,,
Stephen Anderson,TE,2020,nflreadpy,8.0,11,106.0,0.0,0,0,44,80,7,1.7896420716618497,0,5,4,1,0,2.6108036890645585,0.045754245754245755,0.026525686247908468,7.0,13.25,15.142857142857142,18.6,2.6571428571428575
Stephen Anderson,TE,2021,nflreadpy,16.0,19,165.0,1.0,0,0,67,115,9,0.6554446508234832,0,7,3,3,0,1.9165289256198348,0.03578325015020974,0.01506060573838402,14.0,10.3125,11.785714285714286,38.5,2.75
Stephen Anderson,TE,2022,nflreadpy,3.0,7,9.0,0.0,0,0,36,6,0,-0.6591073479503393,0,0,0,0,0,2.0,0.018895231505506545,0.014377217326249655,9.0,3.0,1.0,3.9,0.43333333333333335
Stephen Carlson,TE,2019,nflreadpy,5.0,7,51.0,1.0,0,0,51,21,2,0.5789616835341476,0,1,1,1,0,2.4066666666666667,0.037657828282828286,0.03422302942771414,6.0,10.2,8.5,16.1,2.6833333333333336
Stephen Carlson,TE,2020,nflreadpy,1.0,2,11.0,0.0,0,0,0,11,1,-0.5007696672983002,0,1,0,0,0,0.0,0.009372637944066514,0.0,7.0,11.0,1.5714285714285714,2.1,0.3
Stephen Sullivan,TE,2022,nflreadpy,2.0,6,46.0,0.0,0,0,87,21,2,-0.6146458994480781,0,2,1,1,0,1.0,0.025888590203106333,0.05966131992727737,8.0,23.0,5.75,6.6000000000000005,0.8250000000000001
Stephen Sullivan,TE,2023,nflreadpy,12.0,24,125.0,0.0,0,0,255,8,5,-0.16298732738878616,0,5,2,1,0,0.6181472559698367,0.08247999827154806,0.09270680176166443,10.0,10.416666666666666,12.5,24.5,2.45
Steven Mahar Jr.,TE,2024,college_data,6.0,0,19.0,2.0,0,0,0,0,0,,0,0,0,0,0,,,,,3.1666666666666665,,,
Steven Mahar Jr.,TE,2025,college_data,8.0,0,107.0,2.0,0,0,0,0,0,,0,0,0,0,0,,,,,13.375,,,
Stevo Klotz,TE,2024,college_data,8.0,0,89.0,1.0,0,0,0,0,0,,0,0,0,0,0,,,,,11.125,,,
Stone Eby,TE,2024,college_data,1.0,0,6.0,0.0,0,0,0,0,0,,0,0,0,0,0,,,,,6.0,,,
Stone Eby,TE,2025,college_data,1.0,0,18.0,0.0,0,0,0,0,0,,0,0,0,0,0,,,,,18.0,,,
Stone Smartt,TE,2022,nflreadpy,4.0,5,17.0,0.0,0,0,23,7,1,-0.1336105278072258,0,0,0,0,0,1.2333333333333334,0.040660919540229885,0.02365121965766088,3.0,4.25,5.666666666666667,5.7,1.9000000000000001
Stone Smartt,TE,2023,nflreadpy,11.0,21,155.0,1.0,0,0,180,56,6,0.27692962146922157,0,4,4,3,1,0.8755450927371747,0.04963346505316411,0.051856310201524786,12.0,14.090909090909092,12.916666666666666,32.5,2.7083333333333335
Stone Smartt,TE,2024,nflreadpy,16.0,19,208.0,0.0,1,1,192,66,11,1.0742020606163092,0,8,5,4,0,1.2476552483521124,0.06784374752950949,0.07468985758764114,9.0,13.0,23.11111111111111,34.8,3.8666666666666663
Stone Smartt,TE,2025,nflreadpy,7.0,9,52.0,0.0,0,0,42,27,3,0.7958838576256918,0,2,1,0,0,1.3010101010101012,0.045343137254901966,0.03678686583499032,6.0,7.428571428571429,8.666666666666666,12.2,2.033333333333333
T.J. Hockenson,TE,2019,nflreadpy,32.0,59,367.0,2.0,0,0,455,200,19,0.7188679321172303,0,15,9,6,0,1.0628490748652897,0.13624612644522918,0.09860031737204737,12.0,11.46875,30.583333333333332,80.7,6.7250000000000005
T.J. Hockenson,TE,2020,nflreadpy,67.0,101,723.0,6.0,0,0,710,329,40,0.6179646102624139,1,33,13,6,1,1.1466336697284996,0.1776954508534847,0.15292302084708517,16.0,10.791044776119403,45.1875,177.3,11.08125
T.J. Hockenson,TE,2021,nflreadpy,61.0,84,583.0,4.0,0,0,616,199,32,0.45565436173002816,1,24,10,8,0,0.9096977034695524,0.20542173010237896,0.23261507722481725,12.0,9.557377049180328,48.583333333333336,145.3,12.108333333333334
T.J. Hockenson,TE,2022,nflreadpy,96.0,140,1043.0,6.0,0,0,1054,478,50,0.9084572354979746,2,42,19,7,2,1.1766596684510358,0.2059689496539743,0.1872039173041305,18.0,10.864583333333334,57.94444444444444,240.3,13.350000000000001
T.J. Hockenson,TE,2023,nflreadpy,95.0,127,960.0,5.0,1,1,976,336,48,2.1215258648682083,0,40,21,13,0,1.15204985354099,0.23994847129055674,0.24425985087552296,15.0,10.105263157894736,64.0,219.0,14.6
T.J. Hockenson,TE,2024,nflreadpy,46.0,67,519.0,1.0,0,0,553,176,33,1.4589449916964115,0,22,11,6,0,1.0124934799948768,0.17619917311611208,0.1692970008078201,11.0,11.282608695652174,47.18181818181818,103.9,9.445454545454545
T.J. Hockenson,TE,2025,nflreadpy,51.0,66,438.0,3.0,0,0,329,219,22,0.9396976971913705,0,19,4,3,0,1.670058866935185,0.1594303847541056,0.1019626852050062,15.0,8.588235294117647,29.2,112.80000000000001,7.5200000000000005
T.J. Hockenson,TE,2026,nflreadpy,22.0,26,195.0,1.0,0,0,176,68,12,4.120556503218648,0,6,4,2,0,1.1769079996456413,0.24546425351917342,0.23532696864412495,4.0,8.863636363636363,48.75,47.5,11.875
TJ Johnson,TE,2025,college_data,1.0,0,7.0,1.0,0,0,0,0,0,,0,0,0,0,0,,,,,7.0,,,
TK Paisant,TE,2024,college_data,9.0,0,111.0,0.0,0,0,0,0,0,,0,0,0,0,0,,,,,12.333333333333334,,,
TK Paisant,TE,2025,college_data,2.0,0,11.0,0.0,0,0,0,0,0,,0,0,0,0,0,,,,,5.5,,,
Taharin Sudderth,TE,2024,college_data,3.0,0,16.0,0.0,0,0,0,0,0,,0,0,0,0,0,,,,,5.333333333333333,,,
Taharin Sudderth,TE,2025,college_data,5.0,0,56.0,1.0,0,0,0,0,0,,0,0,0,0,0,,,,,11.2,,,
Tahmir Ellis,TE,2025,college_data,2.0,0,24.0,1.0,0,0,0,0,0,,0,0,0,0,0,,,,,12.0,,,
Taniela Tupou,TE,2025,college_data,2.0,0,26.0,0.0,0,0,0,0,0,,0,0,0,0,0,,,,,13.0,,,
Tanner Arkin,TE,2024,college_data,16.0,0,111.0,3.0,0,0,0,0,0,,0,0,0,0,0,,,,,6.9375,,,
Tanner Arkin,TE,2025,college_data,13.0,0,114.0,2.0,0,0,0,0,0,,0,0,0,0,0,,,,,8.76923076923077,,,
Tanner Beaman,TE,2024,college_data,21.0,0,257.0,1.0,0,0,0,0,0,,0,0,0,0,0,,,,,12.238095238095237,,,
Tanner Conner,TE,2024,nflreadpy,3.0,4,16.0,0.0,0,0,46,5,1,-0.4178994154499378,0,1,0,0,0,0.7638888888888888,0.039938556067588324,0.05789386584289497,4.0,5.333333333333333,4.0,4.6,1.15
Tanner Conner,TE,2025,nflreadpy,9.0,15,91.0,0.0,0,0,119,39,3,-0.9297643236849191,0,4,1,1,0,0.7953220931944337,0.06036203531459698,0.060854239373127776,8.0,10.11111111111111,11.375,18.1,2.2625
Tanner Hudson,TE,2019,nflreadpy,2.0,5,26.0,0.0,0,0,55,2,1,-0.389329966812511,0,2,0,0,0,0.3854166666666667,0.034692594145355,0.031061671004413767,4.0,13.0,6.5,4.6,1.15
Tanner Hudson,TE,2020,nflreadpy,3.0,8,41.0,0.0,0,0,127,12,3,-0.09684271676376496,0,2,1,1,0,0.5181250000000001,0.04116484440706476,0.0767661642385921,5.0,13.666666666666666,8.2,7.1000000000000005,1.4200000000000002
Tanner Hudson,TE,2022,nflreadpy,10.0,15,132.0,0.0,0,0,110,59,8,0.4742401208495721,0,7,4,1,0,1.0113358499321767,0.10563496023177532,0.10369673626788574,6.0,13.2,22.0,23.200000000000003,3.866666666666667
Tanner Hudson,TE,2023,nflreadpy,39.0,50,352.0,1.0,0,0,269,148,21,1.0222875935116118,0,15,5,3,0,1.2458711096768906,0.12407839863017517,0.09111871906788283,12.0,9.025641025641026,29.333333333333332,80.2,6.683333333333334
Tanner Hudson,TE,2024,nflreadpy,19.0,23,154.0,1.0,1,1,98,97,9,0.5977034730393853,0,6,1,0,0,2.339031339031339,0.06455315501964659,0.04055509278581256,9.0,8.105263157894736,17.11111111111111,38.4,4.266666666666667
Tanner Hudson,TE,2025,nflreadpy,19.0,24,168.0,2.0,0,0,119,83,8,0.05661477006975133,0,5,2,1,0,2.031935202728306,0.06413706839228661,0.037564300627050254,10.0,8.842105263157896,16.8,47.8,4.779999999999999
Tanner Hudson,TE,2026,nflreadpy,4.0,4,19.0,0.0,0,0,15,4,0,-0.14902304883192605,0,0,0,0,0,1.1481481481481481,0.0341112477627461,0.018919498206956247,3.0,4.75,6.333333333333333,5.9,1.9666666666666668
Tanner Koziol,TE,2024,college_data,94.0,0,839.0,8.0,0,0,0,0,0,,0,0,0,0,0,,,,,8.925531914893616,,,
Tanner Koziol,TE,2025,college_data,74.0,0,727.0,6.0,0,0,0,0,0,,0,0,0,0,0,,,,,9.824324324324325,,,
Tanner Lemaster,TE,2025,college_data,5.0,0,69.0,0.0,0,0,0,0,0,,0,0,0,0,0,,,,,13.8,,,
Tate Hoover,TE,2025,college_data,1.0,0,9.0,0.0,0,0,0,0,0,,0,0,0,0,0,,,,,9.0,,,
Tavarious Griffin,TE,2024,college_data,37.0,0,310.0,0.0,0,0,0,0,0,,0,0,0,0,0,,,,,8.378378378378379,,,
Taylor Thompson,TE,2024,college_data,33.0,0,448.0,6.0,0,0,0,0,0,,0,0,0,0,0,,,,,13.575757575757576,,,
Taysire Williams,TE,2025,college_data,1.0,0,21.0,0.0,0,0,0,0,0,,0,0,0,0,0,,,,,21.0,,,
Taysom Hill,TE,2018,nflreadpy,4.0,9,6.0,1.0,0,0,76,10,1,-0.47266529760478687,0,0,0,0,0,0.1111111111111111,0.01762029241061135,0.014677871624429125,17.0,1.5,0.35294117647058826,10.6,0.6235294117647059
Taysom Hill,TE,2019,nflreadpy,21.0,24,259.0,7.0,0,0,122,156,15,1.6685508749888724,0,8,6,6,1,1.619029293664268,0.0407200124094844,0.02900652215902349,17.0,12.333333333333334,15.235294117647058,88.9,5.229411764705882
Taysom Hill,TE,2020,nflreadpy,10.0,14,103.0,1.0,0,0,92,39,4,-0.057580486880158196,0,5,3,2,0,1.1355263157894737,0.02405934508243974,0.02384394873012967,17.0,10.3,6.0588235294117645,26.3,1.5470588235294118
Taysom Hill,TE,2021,nflreadpy,4.0,6,52.0,0.0,0,0,19,50,4,-0.9431811075968047,0,4,0,0,0,0.8694444444444445,0.017124542124542123,0.003730062142696805,12.0,13.0,4.333333333333333,9.2,0.7666666666666666
Taysom Hill,TE,2022,nflreadpy,9.0,13,77.0,2.0,0,0,75,37,5,0.2883780513167994,0,3,1,1,0,0.6448232323232324,0.028105931533241316,0.022680143192535907,16.0,8.555555555555555,4.8125,28.7,1.79375
Taysom Hill,TE,2023,nflreadpy,33.0,40,291.0,2.0,0,0,209,133,11,0.6719526312506687,0,10,6,2,0,1.9514308931682394,0.07008730781601909,0.04301978095639858,16.0,8.818181818181818,18.1875,74.1,4.63125
Taysom Hill,TE,2024,nflreadpy,23.0,31,187.0,0.0,1,1,108,137,8,0.17337645364958526,0,6,2,2,0,1.436190385245007,0.13651223647353677,0.057987563031623265,8.0,8.130434782608695,23.375,39.7,4.9625
Taysom Hill,TE,2025,nflreadpy,11.0,16,91.0,0.0,0,0,54,86,2,-0.05950079477422739,0,3,1,0,0,2.457142857142857,0.03602186929118546,0.01194174909306504,13.0,8.272727272727273,7.0,20.1,1.5461538461538462
Tayte Crable,TE,2025,college_data,2.0,0,21.0,0.0,0,0,0,0,0,,0,0,0,0,0,,,,,10.5,,,
Tayvion Galloway,TE,2025,college_data,2.0,0,22.0,0.0,0,0,0,0,0,,0,0,0,0,0,,,,,11.0,,,
Teagan Quitoriano,TE,2022,nflreadpy,7.0,14,113.0,2.0,0,0,175,53,5,0.31375627451676075,0,3,2,2,1,0.8579931972789117,0.0609145283195711,0.08122383103555388,7.0,16.142857142857142,16.142857142857142,30.3,4.328571428571428
Teagan Quitoriano,TE,2023,nflreadpy,2.0,3,33.0,0.0,0,0,15,18,2,0.6908898715628311,0,2,1,1,0,6.285714285714286,0.02966285752472601,0.01720924127067472,3.0,16.5,11.0,5.300000000000001,1.7666666666666668
Temarrick Hemingway,TE,2020,nflreadpy,1.0,2,10.0,0.0,0,0,7,6,1,-0.010822808952070773,0,1,0,0,0,1.25,0.027777777777777776,0.014668468271068427,3.0,10.0,3.3333333333333335,2.0,0.6666666666666666
Terik Mulder,TE,2025,college_data,19.0,0,198.0,4.0,0,0,0,0,0,,0,0,0,0,0,,,,,10.421052631578947,,,
Terrance Carter,TE,2024,college_data,48.0,0,689.0,4.0,0,0,0,0,0,,0,0,0,0,0,,,,,14.354166666666666,,,
Terrance Carter,TE,2025,college_data,55.0,0,624.0,5.0,0,0,0,0,0,,0,0,0,0,0,,,,,11.345454545454546,,,
Terrance Ferguson,TE,2024,college_data,43.0,0,591.0,3.0,0,0,0,0,0,,0,0,0,0,0,,,,,13.744186046511627,,,
Terrance Ferguson,TE,2025,nflreadpy,12.0,31,250.0,3.0,0,0,554,43,10,0.31527927584638754,0,9,9,7,0,0.3818321292143528,0.06648470500842851,0.1149990660358158,13.0,20.833333333333332,19.23076923076923,55.0,4.230769230769231
Terrance Ferguson,TE,2026,nflreadpy,7.0,12,63.0,1.0,0,0,79,38,3,-0.10184944488961871,0,1,1,1,0,3.3333333333333335,0.12595112118921642,0.08640809251958904,3.0,9.0,21.0,19.3,6.433333333333334
Terrell McDonald,TE,2024,college_data,15.0,0,202.0,0.0,0,0,0,0,0,,0,0,0,0,0,,,,,13.466666666666667,,,
Tevita Noa,TE,2024,college_data,1.0,0,40.0,0.0,0,0,0,0,0,,0,0,0,0,0,,,,,40.0,,,
Theo Johnson,TE,2024,nflreadpy,29.0,43,331.0,1.0,0,0,288,149,16,0.4542643655178836,0,15,5,4,0,1.4759313167132315,0.12270354846080268,0.11867515290202676,11.0,11.413793103448276,30.09090909090909,68.1,6.1909090909090905
Theo Johnson,TE,2025,nflreadpy,45.0,74,528.0,5.0,0,0,616,187,25,0.5888247441868841,0,24,10,8,2,0.8292619447894595,0.1722313233494775,0.16603658343004524,15.0,11.733333333333333,35.2,127.80000000000001,8.520000000000001
Theo Johnson,TE,2026,nflreadpy,2.0,6,20.0,1.0,0,0,68,7,1,-0.10901926349227627,0,1,0,0,0,1.8333333333333333,0.06465517241379311,0.0675287060024165,3.0,10.0,6.666666666666667,10.0,3.3333333333333335
Theo Melin Ohrstrom,TE,2024,college_data,10.0,0,184.0,2.0,0,0,0,0,0,,0,0,0,0,0,,,,,18.4,,,
Theo Melin Ohrstrom,TE,2025,college_data,19.0,0,168.0,1.0,0,0,0,0,0,,0,0,0,0,0,,,,,8.842105263157896,,,
Thomas Fidone Jr.,TE,2024,college_data,36.0,0,373.0,0.0,0,0,0,0,0,,0,0,0,0,0,,,,,10.36111111111111,,,
Thomas Gordon,TE,2024,college_data,27.0,0,252.0,1.0,0,0,0,0,0,,0,0,0,0,0,,,,,9.333333333333334,,,
Thomas Nance,TE,2024,college_data,28.0,0,337.0,2.0,0,0,0,0,0,,0,0,0,0,0,,,,,12.035714285714286,,,
Thomas Scully,TE,2024,college_data,1.0,0,20.0,0.0,0,0,0,0,0,,0,0,0,0,0,,,,,20.0,,,
Thomas Wadsworth,TE,2025,college_data,3.0,0,27.0,0.0,0,0,0,0,0,,0,0,0,0,0,,,,,9.0,,,
Tim Nesslage,TE,2024,college_data,7.0,0,39.0,0.0,0,0,0,0,0,,0,0,0,0,0,,,,,5.571428571428571,,,
Tip Reiman,TE,2024,nflreadpy,6.0,7,37.0,0.0,0,0,12,29,1,0.08257353622466326,0,1,0,0,0,1.1266666666666665,0.027459891288611628,0.006682776269894007,8.0,6.166666666666667,4.625,9.7,1.2125
Tip Reiman,TE,2025,nflreadpy,3.0,5,18.0,0.0,0,0,26,7,1,0.002225549522942553,0,1,0,0,0,0.8888888888888888,0.052017128690556684,0.04699309768471339,3.0,6.0,6.0,4.8,1.5999999999999999
Titus Lyons,TE,2024,college_data,5.0,0,39.0,0.0,0,0,0,0,0,,0,0,0,0,0,,,,,7.8,,,
Titus Lyons,TE,2025,college_data,12.0,0,94.0,3.0,0,0,0,0,0,,0,0,0,0,0,,,,,7.833333333333333,,,
Titus Rohrer,TE,2025,college_data,1.0,0,16.0,0.0,0,0,0,0,0,,0,0,0,0,0,,,,,16.0,,,
Toby Payne,TE,2024,college_data,17.0,0,168.0,6.0,0,0,0,0,0,,0,0,0,0,0,,,,,9.882352941176471,,,
Toby Payne,TE,2025,college_data,36.0,0,387.0,3.0,0,0,0,0,0,,0,0,0,0,0,,,,,10.75,,,
Tommy Hudson,TE,2021,nflreadpy,3.0,6,31.0,0.0,0,0,30,24,2,-1.3494821197018596,0,2,0,0,0,2.0416666666666665,0.04205528365192231,0.015386980301112612,4.0,10.333333333333334,7.75,6.1,1.525
Tommy Smith,TE,2024,college_data,28.0,0,421.0,3.0,0,0,0,0,0,,0,0,0,0,0,,,,,15.035714285714286,,,
Tommy Sweeney,TE,2019,nflreadpy,8.0,13,114.0,0.0,0,0,118,38,4,1.040153079375159,0,5,4,3,0,0.6099523809523809,0.07618737584254826,0.07749146625798528,5.0,14.25,22.8,19.4,3.88
Tommy Sweeney,TE,2021,nflreadpy,9.0,12,44.0,1.0,1,0,69,14,3,-0.5414579249086923,0,2,0,0,0,0.8979591836734694,0.04432928957246012,0.03610465549192525,7.0,4.888888888888889,6.285714285714286,17.4,2.4857142857142853
Tommy Sweeney,TE,2022,nflreadpy,1.0,1,7.0,0.0,0,0,-1,8,1,0.8010767865926027,0,0,0,0,0,0.0,0.013157894736842105,-0.001694915254237288,2.0,7.0,3.5,1.7000000000000002,0.8500000000000001
Tommy Tremble,TE,2021,nflreadpy,20.0,35,180.0,1.0,0,0,287,70,10,0.4541220202965196,1,6,3,1,0,1.0192055088571759,0.06993656078240508,0.07939545841740485,15.0,9.0,12.0,46.0,3.066666666666667
Tommy Tremble,TE,2022,nflreadpy,19.0,32,174.0,3.0,0,0,245,62,9,-0.11963518245026059,0,7,5,1,0,0.857071446055398,0.08565476928130478,0.07393761622667892,15.0,9.157894736842104,11.6,54.400000000000006,3.626666666666667
Tommy Tremble,TE,2023,nflreadpy,23.0,32,194.0,3.0,0,0,204,95,10,0.16194880206827433,0,8,3,2,0,1.8265442890442891,0.07169765303556049,0.046610574973532826,15.0,8.434782608695652,12.933333333333334,60.400000000000006,4.026666666666667
Tommy Tremble,TE,2024,nflreadpy,23.0,32,234.0,2.0,1,1,182,125,12,0.49892021841799367,0,9,4,2,0,1.3216508954008954,0.09823700134675745,0.07523518835123943,10.0,10.173913043478262,23.4,56.400000000000006,5.640000000000001
Tommy Tremble,TE,2025,nflreadpy,30.0,40,271.0,2.0,0,0,171,178,11,0.5511839017014359,0,7,3,1,1,3.306593688327098,0.09075081953197407,0.056029779265440935,16.0,9.033333333333333,16.9375,69.1,4.31875
Tommy Tremble,TE,2026,nflreadpy,11.0,15,82.0,0.0,1,0,70,49,5,-0.16739702460472472,0,4,1,0,0,1.734370709382151,0.10184025533290239,0.04728502901137719,4.0,7.454545454545454,20.5,17.200000000000003,4.300000000000001
Tony Forrest,TE,2024,college_data,1.0,0,-1.0,0.0,0,0,0,0,0,,0,0,0,0,0,,,,,-1.0,,,
Tony Livingston,TE,2024,college_data,10.0,0,109.0,2.0,0,0,0,0,0,,0,0,0,0,0,,,,,10.9,,,
Tony Livingston,TE,2025,college_data,11.0,0,119.0,2.0,0,0,0,0,0,,0,0,0,0,0,,,,,10.818181818181818,,,
Tony Terry,TE,2024,college_data,1.0,0,0.0,0.0,0,0,0,0,0,,0,0,0,0,0,,,,,0.0,,,
Trace Bruckler,TE,2024,college_data,22.0,0,138.0,2.0,0,0,0,0,0,,0,0,0,0,0,,,,,6.2727272727272725,,,
Trace Bruckler,TE,2025,college_data,5.0,0,64.0,1.0,0,0,0,0,0,,0,0,0,0,0,,,,,12.8,,,
Tracy Stephens,TE,2025,college_data,2.0,0,18.0,1.0,0,0,0,0,0,,0,0,0,0,0,,,,,9.0,,,
Trae Swartz,TE,2024,college_data,4.0,0,41.0,2.0,0,0,0,0,0,,0,0,0,0,0,,,,,10.25,,,
Trae Swartz,TE,2025,college_data,4.0,0,51.0,1.0,0,0,0,0,0,,0,0,0,0,0,,,,,12.75,,,
Travaunta Abner,TE,2024,college_data,4.0,0,57.0,0.0,0,0,0,0,0,,0,0,0,0,0,,,,,14.25,,,
Travaunta Abner,TE,2025,college_data,35.0,0,380.0,3.0,0,0,0,0,0,,0,0,0,0,0,,,,,10.857142857142858,,,
Traville Frederick Jr.,TE,2024,college_data,2.0,0,23.0,0.0,0,0,0,0,0,,0,0,0,0,0,,,,,11.5,,,
Traville Frederick Jr.,TE,2025,college_data,2.0,0,3.0,1.0,0,0,0,0,0,,0,0,0,0,0,,,,,1.5,,,
Travis Kelce,TE,2018,nflreadpy,113.0,166,1467.0,11.0,2,1,1520,634,75,4.270668791699152,0,63,38,19,2,1.0876730373281203,0.2639771170334255,0.25839633078203694,18.0,12.982300884955752,81.5,321.70000000000005,17.872222222222224
Travis Kelce,TE,2019,nflreadpy,116.0,158,1436.0,9.0,1,1,1370,494,79,4.448350369474159,0,66,36,17,3,1.160718134693352,0.24252070380633423,0.24913658609083025,19.0,12.379310344827585,75.57894736842105,311.6,16.400000000000002
Travis Kelce,TE,2020,nflreadpy,136.0,185,1776.0,14.0,1,1,1544,718,98,5.259168600096847,1,84,43,27,2,1.240746216845469,0.2604090096855376,0.26359457466989616,18.0,13.058823529411764,98.66666666666667,397.6,22.08888888888889
Travis Kelce,TE,2021,nflreadpy,115.0,161,1424.0,12.0,1,1,1196,700,80,3.814023240033368,0,61,28,17,3,1.3042541468839415,0.2229958427885339,0.22389220964881235,19.0,12.382608695652173,74.94736842105263,327.4,17.23157894736842
Travis Kelce,TE,2022,nflreadpy,137.0,183,1595.0,16.0,2,1,1270,756,93,4.423628206186459,1,67,35,21,2,1.3200981764679756,0.2584713917122129,0.2446113411091997,20.0,11.642335766423358,79.75,390.5,19.525
Travis Kelce,TE,2023,nflreadpy,125.0,158,1339.0,8.0,1,1,1050,628,70,4.085989185006986,0,54,24,17,2,1.0896610417009212,0.23606050911408397,0.22968567350551714,19.0,10.712,70.47368421052632,304.9,16.04736842105263
Travis Kelce,TE,2024,nflreadpy,110.0,151,998.0,4.0,2,1,999,426,54,1.6140134245276265,0,35,17,11,1,0.9963964217575558,0.23237908623343956,0.23657828692033175,19.0,9.072727272727272,52.526315789473685,229.8,12.094736842105263
Travis Kelce,TE,2025,nflreadpy,76.0,108,851.0,5.0,1,0,735,424,46,2.3772208099675463,1,40,16,9,1,1.2832294237957644,0.19995637527853072,0.18105872263917264,17.0,11.197368421052632,50.05882352941177,191.10000000000002,11.241176470588236
Travis Kelce,TE,2026,nflreadpy,16.0,22,246.0,2.0,0,0,132,168,12,4.090694402227703,0,11,5,2,2,1.7777886624869383,0.17272965584391267,0.16963638991818009,4.0,15.375,61.5,52.6,13.15
Travon Jones,TE,2024,college_data,3.0,0,26.0,0.0,0,0,0,0,0,,0,0,0,0,0,,,,,8.666666666666666,,,
Travon Jones,TE,2025,college_data,27.0,0,236.0,3.0,0,0,0,0,0,,0,0,0,0,0,,,,,8.74074074074074,,,
Tray Kuntz,TE,2025,college_data,2.0,0,4.0,1.0,0,0,0,0,0,,0,0,0,0,0,,,,,2.0,,,
Tre Watson,TE,2024,college_data,21.0,0,280.0,1.0,0,0,0,0,0,,0,0,0,0,0,,,,,13.333333333333334,,,
Tre Williams III,TE,2025,college_data,30.0,0,375.0,5.0,0,0,0,0,0,,0,0,0,0,0,,,,,12.5,,,
Tre' McKitty,TE,2021,nflreadpy,6.0,8,45.0,0.0,0,0,18,34,3,0.23445326084038243,0,1,0,0,0,1.6904761904761905,0.03653021806043686,0.01141255509138571,6.0,7.5,7.5,10.5,1.75
Tre' McKitty,TE,2022,nflreadpy,12.0,20,88.0,0.0,1,0,68,57,0,-0.5316157450239795,0,3,0,0,0,1.0614684794372296,0.039769804318123644,0.02198118155923299,14.0,7.333333333333333,6.285714285714286,18.8,1.342857142857143
Trent Thomas,TE,2024,college_data,1.0,0,5.0,0.0,0,0,0,0,0,,0,0,0,0,0,,,,,5.0,,,
Trent Thomas,TE,2025,college_data,4.0,0,34.0,0.0,0,0,0,0,0,,0,0,0,0,0,,,,,8.5,,,
Trevon Bradford,TE,2024,college_data,1.0,0,1.0,0.0,0,0,0,0,0,,0,0,0,0,0,,,,,1.0,,,
Trevon Wesco,TE,2019,nflreadpy,2.0,3,47.0,0.0,0,0,8,40,2,1.1394570415626124,0,2,1,1,0,0.625,0.01789001122334456,0.005160989126833528,6.0,23.5,7.833333333333333,6.7,1.1166666666666667
Trevon Wesco,TE,2020,nflreadpy,1.0,2,5.0,0.0,0,0,7,0,0,-0.12289151770528406,0,0,0,0,0,0.5,0.026625704045058884,0.009650256367501771,3.0,5.0,1.6666666666666667,1.5,0.5
Trevon Wesco,TE,2021,nflreadpy,3.0,5,35.0,0.0,0,0,3,29,2,-0.33726360781292897,0,2,1,0,0,3.888888888888889,0.017214761565550664,0.002199525385009256,8.0,11.666666666666666,4.375,6.5,0.8125
Trevon Wesco,TE,2022,nflreadpy,2.0,4,26.0,0.0,0,0,23,12,1,0.18166336850484366,1,1,1,1,0,1.511111111111111,0.03287037037037037,0.01832913804857479,6.0,13.0,4.333333333333333,6.6,1.0999999999999999
Trevon Wesco,TE,2023,nflreadpy,1.0,3,21.0,0.0,0,0,13,12,1,0.05341264784025649,0,1,1,1,0,1.1666666666666667,0.01689691027926322,0.008694613012480836,6.0,21.0,3.5,3.1,0.5166666666666667
Trevor Borland,TE,2024,college_data,2.0,0,8.0,2.0,0,0,0,0,0,,0,0,0,0,0,,,,,4.0,,,
Trevor Kardell,TE,2024,college_data,12.0,0,148.0,0.0,0,0,0,0,0,,0,0,0,0,0,,,,,12.333333333333334,,,
Trevor Wilson,TE,2024,college_data,6.0,0,33.0,0.0,0,0,0,0,0,,0,0,0,0,0,,,,,5.5,,,
Trevor Wilson,TE,2025,college_data,22.0,0,193.0,1.0,0,0,0,0,0,,0,0,0,0,0,,,,,8.772727272727273,,,
Trey Burton,TE,2018,nflreadpy,54.0,76,569.0,6.0,1,1,623,190,29,0.9041799528631673,1,21,12,7,1,2.141336654976937,0.15149551168445624,0.14137953986445895,16.0,10.537037037037036,35.5625,146.9,9.18125
Trey Burton,TE,2019,nflreadpy,14.0,24,84.0,0.0,0,0,120,36,5,-1.0785147996182947,0,4,1,0,0,1.3616071428571428,0.09401203657968776,0.059610441885691486,8.0,6.0,10.5,22.4,2.8
Trey Burton,TE,2020,nflreadpy,31.0,50,284.0,3.0,0,0,370,92,16,0.030672246836664845,0,15,4,1,0,0.7946248189826263,0.10903639165526519,0.10404518311742958,13.0,9.161290322580646,21.846153846153847,77.4,5.953846153846154
Trey Jackson,TE,2024,college_data,1.0,0,-1.0,0.0,0,0,0,0,0,,0,0,0,0,0,,,,,-1.0,,,
Trey Leckner,TE,2024,college_data,5.0,0,87.0,1.0,0,0,0,0,0,,0,0,0,0,0,,,,,17.4,,,
Trey Leckner,TE,2025,college_data,23.0,0,174.0,3.0,0,0,0,0,0,,0,0,0,0,0,,,,,7.565217391304348,,,
Trey McBride,TE,2022,nflreadpy,29.0,39,265.0,1.0,1,0,241,117,12,0.8551787052318472,0,9,4,3,0,1.6270322642229857,0.09086671131890395,0.06805544828477329,12.0,9.137931034482758,22.083333333333332,59.5,4.958333333333333
Trey McBride,TE,2023,nflreadpy,81.0,106,825.0,3.0,1,0,652,420,42,0.5766364956074412,0,35,16,9,0,1.5837010590217926,0.19766793230888402,0.1799466293833408,17.0,10.185185185185185,48.529411764705884,179.5,10.558823529411764
Trey McBride,TE,2024,nflreadpy,111.0,147,1146.0,2.0,0,0,902,513,63,3.0669620887107225,0,47,18,10,0,1.3704927024782294,0.28644906018201005,0.26237902583985856,16.0,10.324324324324325,71.625,237.60000000000002,14.850000000000001
Trey McBride,TE,2025,nflreadpy,126.0,169,1239.0,11.0,0,0,1126,583,63,4.277433346486651,0,51,24,12,0,1.1920849404529628,0.2788761551568511,0.24591609084996174,17.0,9.833333333333334,72.88235294117646,315.9,18.58235294117647
Trey McBride,TE,2026,nflreadpy,33.0,46,242.0,2.0,0,0,252,84,12,2.2568672945191497,0,6,3,1,0,0.9912378089418302,0.3247059697059697,0.28078836100769977,4.0,7.333333333333333,60.5,69.2,17.3
Trey McDonald,TE,2024,college_data,10.0,0,130.0,0.0,0,0,0,0,0,,0,0,0,0,0,,,,,13.0,,,
Trey McDonald,TE,2025,college_data,3.0,0,11.0,1.0,0,0,0,0,0,,0,0,0,0,0,,,,,3.6666666666666665,,,
Trey Miller,TE,2025,college_data,13.0,0,102.0,0.0,0,0,0,0,0,,0,0,0,0,0,,,,,7.846153846153846,,,
Trey'Dez Green,TE,2024,college_data,13.0,0,101.0,4.0,0,0,0,0,0,,0,0,0,0,0,,,,,7.769230769230769,,,
Trey'Dez Green,TE,2025,college_data,33.0,0,433.0,7.0,0,0,0,0,0,,0,0,0,0,0,,,,,13.121212121212121,,,
Treylan Davis,TE,2024,college_data,6.0,0,58.0,0.0,0,0,0,0,0,,0,0,0,0,0,,,,,9.666666666666666,,,
Treylin Whaley,TE,2024,college_data,3.0,0,39.0,2.0,0,0,0,0,0,,0,0,0,0,0,,,,,13.0,,,
Tripp Walsh,TE,2024,college_data,1.0,0,11.0,0.0,0,0,0,0,0,,0,0,0,0,0,,,,,11.0,,,
Tripp Walsh,TE,2025,college_data,1.0,0,9.0,0.0,0,0,0,0,0,,0,0,0,0,0,,,,,9.0,,,
Tristen Tewes,TE,2024,college_data,6.0,0,41.0,1.0,0,0,0,0,0,,0,0,0,0,0,,,,,6.833333333333333,,,
Troy Fumagalli,TE,2019,nflreadpy,6.0,9,38.0,1.0,0,0,41,14,1,0.17554479833537093,0,0,0,0,0,1.2207070707070706,0.04964150047483381,0.028617631966678728,6.0,6.333333333333333,6.333333333333333,15.8,2.6333333333333333
Troy Fumagalli,TE,2020,nflreadpy,8.0,15,80.0,1.0,0,0,110,60,6,-0.7498179273887737,0,3,1,1,0,1.0143467643467645,0.07792543373938722,0.05687263076101229,7.0,10.0,11.428571428571429,22.0,3.142857142857143
Troy Grizzle,TE,2025,college_data,1.0,0,10.0,1.0,0,0,0,0,0,,0,0,0,0,0,,,,,10.0,,,
Tucker Ashcraft,TE,2024,college_data,12.0,0,82.0,1.0,0,0,0,0,0,,0,0,0,0,0,,,,,6.833333333333333,,,
Tucker Ashcraft,TE,2025,college_data,2.0,0,10.0,0.0,0,0,0,0,0,,0,0,0,0,0,,,,,5.0,,,
Tucker Fisk,TE,2023,nflreadpy,1.0,1,9.0,0.0,0,0,3,6,1,1.1956264986656606,0,0,0,0,0,3.0,0.02631578947368421,0.01056338028169014,2.0,9.0,4.5,1.9,0.95
Tucker Fisk,TE,2024,nflreadpy,8.0,9,54.0,0.0,0,0,33,23,2,0.23729512135105324,0,2,0,0,0,1.0729984301412874,0.035670824625566006,0.011472951266683431,8.0,6.75,6.75,13.4,1.675
Tucker Fisk,TE,2025,nflreadpy,5.0,7,31.0,0.0,0,0,28,27,1,-0.21678245853399858,0,1,0,0,0,0.4,0.04291106554264449,0.014758027796468256,5.0,6.2,6.2,8.1,1.6199999999999999
Tucker Kraft,TE,2023,nflreadpy,36.0,49,379.0,3.0,0,0,182,248,20,1.1287234243238398,0,11,6,5,1,2.2252060074428495,0.09551414973604408,0.04509306157610058,16.0,10.527777777777779,23.6875,91.9,5.74375
Tucker Kraft,TE,2024,nflreadpy,55.0,75,733.0,7.0,1,1,379,477,31,2.0756213315748497,1,29,16,11,2,4.498678577730623,0.15103335430061,0.08550201140596216,18.0,13.327272727272728,40.72222222222222,170.3,9.461111111111112
Tucker Kraft,TE,2025,nflreadpy,32.0,44,489.0,6.0,0,0,201,344,22,4.890484603816731,0,19,12,6,2,8.94906921101774,0.18961117586117585,0.09583147416083157,8.0,15.28125,61.125,116.9,14.6125
Tucker Kraft,TE,2026,nflreadpy,15.0,24,148.0,1.0,1,0,131,92,7,0.9028513437224319,0,6,3,2,0,4.2537262872628725,0.1609110885733604,0.08173165116252834,4.0,9.866666666666667,37.0,33.8,8.45
Ty Brown,TE,2025,college_data,4.0,0,31.0,0.0,0,0,0,0,0,,0,0,0,0,0,,,,,7.75,,,
Ty Everson,TE,2024,college_data,2.0,0,18.0,0.0,0,0,0,0,0,,0,0,0,0,0,,,,,9.0,,,
Ty Lockwood,TE,2024,college_data,1.0,0,5.0,0.0,0,0,0,0,0,,0,0,0,0,0,,,,,5.0,,,
Ty Lockwood,TE,2025,college_data,2.0,0,30.0,0.0,0,0,0,0,0,,0,0,0,0,0,,,,,15.0,,,
Ty Stamey,TE,2024,college_data,7.0,0,61.0,0.0,0,0,0,0,0,,0,0,0,0,0,,,,,8.714285714285714,,,
Ty Stamey,TE,2025,college_data,7.0,0,48.0,0.0,0,0,0,0,0,,0,0,0,0,0,,,,,6.857142857142857,,,
Ty Washington,TE,2024,college_data,2.0,0,25.0,1.0,0,0,0,0,0,,0,0,0,0,0,,,,,12.5,,,
Ty Washington,TE,2025,college_data,5.0,0,34.0,1.0,0,0,0,0,0,,0,0,0,0,0,,,,,6.8,,,
Tyce Ferrell,TE,2024,college_data,2.0,0,5.0,0.0,0,0,0,0,0,,0,0,0,0,0,,,,,2.5,,,
Tyler Bonkowski,TE,2025,college_data,1.0,0,5.0,0.0,0,0,0,0,0,,0,0,0,0,0,,,,,5.0,,,
Tyler Conklin,TE,2018,nflreadpy,5.0,7,77.0,0.0,0,0,59,31,3,1.0300915176048875,0,3,2,2,0,1.0847953216374269,0.0653173439463762,0.08650371111920074,4.0,15.4,19.25,12.7,3.175
Tyler Conklin,TE,2019,nflreadpy,9.0,12,63.0,0.0,0,0,57,28,2,0.2546524307274792,0,2,1,1,0,0.4727891156462585,0.03579245498044163,0.02430593219907458,11.0,7.0,5.7272727272727275,15.3,1.3909090909090909
Tyler Conklin,TE,2020,nflreadpy,19.0,26,194.0,1.0,1,0,114,126,11,1.1320386734691315,0,8,3,2,0,2.0394932448503877,0.08066573086462928,0.04797944363455279,9.0,10.210526315789474,21.555555555555557,42.400000000000006,4.711111111111112
Tyler Conklin,TE,2021,nflreadpy,61.0,87,593.0,3.0,1,0,464,326,26,0.6670901818546422,0,23,12,4,1,1.7293601047593745,0.15171275625204625,0.10056670239924655,17.0,9.721311475409836,34.88235294117647,136.3,8.01764705882353
Tyler Conklin,TE,2022,nflreadpy,58.0,87,552.0,3.0,2,0,617,284,25,0.14207659512675644,0,18,11,6,0,1.3451990749713154,0.14532951621596446,0.135875188848043,17.0,9.517241379310345,32.470588235294116,127.19999999999999,7.48235294117647
Tyler Conklin,TE,2023,nflreadpy,61.0,87,621.0,0.0,0,0,595,246,27,0.3771290648587861,0,21,12,7,0,1.1234073587450173,0.1547026932667071,0.1392247952581001,17.0,10.180327868852459,36.529411764705884,123.1,7.241176470588235
Tyler Conklin,TE,2024,nflreadpy,51.0,72,449.0,4.0,0,0,358,262,24,0.6962578918973408,1,21,8,7,0,1.7544382014030304,0.1249434175490989,0.09059116285074577,16.0,8.803921568627452,28.0625,121.9,7.61875
Tyler Conklin,TE,2025,nflreadpy,7.0,10,101.0,0.0,1,0,45,57,3,-0.6132723114507898,0,4,3,2,0,1.3322344322344322,0.04665876385110131,0.034831012021628076,6.0,14.428571428571429,16.833333333333332,15.100000000000001,2.516666666666667
Tyler Davis,TE,2021,nflreadpy,4.0,5,35.0,0.0,0,0,38,13,1,0.002865924471572967,0,1,1,1,0,1.9305555555555556,0.017127496159754223,0.019172970581350694,8.0,8.75,4.375,7.5,0.9375
Tyler Davis,TE,2022,nflreadpy,4.0,7,26.0,0.0,0,0,27,27,1,-1.2890064476057888,0,1,1,1,0,2.2958333333333334,0.01987972811502223,0.00987989886406511,11.0,6.5,2.3636363636363638,6.6,0.6
Tyler Dostin,TE,2024,college_data,21.0,0,348.0,4.0,0,0,0,0,0,,0,0,0,0,0,,,,,16.571428571428573,,,
Tyler Eifert,TE,2018,nflreadpy,15.0,19,179.0,1.0,0,0,175,54,10,2.4474064139358234,0,9,3,2,0,1.293919968919969,0.12001064653503679,0.14370436318611754,4.0,11.933333333333334,44.75,38.900000000000006,9.725000000000001
Tyler Eifert,TE,2019,nflreadpy,43.0,63,436.0,3.0,0,0,521,112,24,1.5155429893684018,1,18,9,4,0,1.0109481584352646,0.10411083101693613,0.10881417422317285,16.0,10.13953488372093,27.25,106.6,6.6625
Tyler Eifert,TE,2020,nflreadpy,36.0,60,349.0,2.0,0,0,503,102,22,-0.0893965982244618,0,15,5,1,0,1.296839069329118,0.10864652596341934,0.11006651893506962,15.0,9.694444444444445,23.266666666666666,82.9,5.526666666666667
Tyler Fortenberry,TE,2025,college_data,32.0,0,294.0,2.0,0,0,0,0,0,,0,0,0,0,0,,,,,9.1875,,,
Tyler Foster,TE,2024,college_data,3.0,0,19.0,0.0,0,0,0,0,0,,0,0,0,0,0,,,,,6.333333333333333,,,
Tyler Fromm,TE,2024,college_data,25.0,0,249.0,2.0,0,0,0,0,0,,0,0,0,0,0,,,,,9.96,,,
Tyler Hatcher,TE,2024,college_data,6.0,0,66.0,2.0,0,0,0,0,0,,0,0,0,0,0,,,,,11.0,,,
Tyler Higbee,TE,2018,nflreadpy,30.0,42,347.0,3.0,1,0,270,190,20,1.4019423324662057,0,16,8,3,0,1.9912246373457583,0.0754041206718392,0.0595057715305964,16.0,11.566666666666666,21.6875,80.7,5.04375
Tyler Higbee,TE,2019,nflreadpy,69.0,89,734.0,3.0,0,0,591,390,36,2.0502959418611537,0,29,15,11,0,1.1416747498001272,0.16003702371970477,0.14279006669151598,14.0,10.63768115942029,52.42857142857143,160.4,11.457142857142857
Tyler Higbee,TE,2020,nflreadpy,47.0,65,530.0,5.0,0,0,514,238,27,1.9661807251335806,1,18,12,9,1,1.20898462865773,0.11350778231453441,0.13051532085662199,17.0,11.27659574468085,31.176470588235293,132.0,7.764705882352941
Tyler Higbee,TE,2021,nflreadpy,70.0,99,675.0,5.0,1,0,561,320,40,0.5148459911279297,0,29,10,5,0,3.7032134843929794,0.15721779408786857,0.10758429424258045,18.0,9.642857142857142,37.5,165.5,9.194444444444445
Tyler Higbee,TE,2022,nflreadpy,72.0,108,620.0,3.0,0,0,327,404,32,0.30532367865877674,0,21,9,4,0,1.5916271022606836,0.21644805941884868,0.0932373007073767,16.0,8.61111111111111,38.75,152.0,9.5
Tyler Higbee,TE,2023,nflreadpy,47.0,71,495.0,2.0,0,0,416,246,26,1.1459111631940122,0,20,8,6,0,1.588777751096809,0.13247925673649927,0.10308982243223312,16.0,10.53191489361702,30.9375,108.5,6.78125
Tyler Higbee,TE,2024,nflreadpy,20.0,27,178.0,3.0,0,0,83,111,10,2.1222384884288177,0,7,3,2,0,2.124761904761905,0.16139728692360272,0.08081979653285416,5.0,8.9,35.6,55.8,11.16
Tyler Higbee,TE,2025,nflreadpy,29.0,42,365.0,3.0,0,0,291,174,20,0.8758085125607084,0,15,10,8,0,3.8193788751334483,0.09620111698640381,0.06327578204352113,13.0,12.586206896551724,28.076923076923077,83.5,6.423076923076923
Tyler Higbee,TE,2026,nflreadpy,15.0,19,141.0,1.0,1,1,151,34,11,0.7585653585750455,0,8,2,1,0,1.0583600427350428,0.13952128999748048,0.10993870704754576,3.0,9.4,47.0,33.1,11.033333333333333
Tyler Kroft,TE,2018,nflreadpy,4.0,6,36.0,0.0,0,0,43,17,4,-0.8875753163010813,0,1,1,0,0,1.5575757575757576,0.03288811459543167,0.030390991029611708,5.0,9.0,7.2,7.6,1.52
Tyler Kroft,TE,2019,nflreadpy,6.0,16,71.0,1.0,0,0,121,27,5,-0.0662777864070247,0,4,1,1,0,0.7037701259365535,0.05129758306615021,0.039385316711251186,10.0,11.833333333333334,7.1,19.1,1.9100000000000001
Tyler Kroft,TE,2020,nflreadpy,12.0,16,119.0,3.0,0,0,121,44,9,1.4245526819619154,0,5,1,1,0,1.0303797915562622,0.07277604580557084,0.06258420344832888,7.0,9.916666666666666,17.0,41.9,5.985714285714286
Tyler Kroft,TE,2021,nflreadpy,16.0,25,173.0,1.0,0,0,144,74,9,0.6001972761612666,0,8,3,3,0,0.7882683106367316,0.09721338609736074,0.07340978579158382,9.0,10.8125,19.22222222222222,39.3,4.366666666666666
Tyler Kroft,TE,2022,nflreadpy,4.0,5,57.0,0.0,0,0,70,14,2,0.6806328981474508,0,2,1,1,0,0.9799465240641712,0.02980769230769231,0.06034532387123218,6.0,14.25,9.5,9.7,1.6166666666666665
Tyler Little,TE,2024,college_data,4.0,0,20.0,1.0,0,0,0,0,0,,0,0,0,0,0,,,,,5.0,,,
Tyler Little,TE,2025,college_data,6.0,0,71.0,1.0,0,0,0,0,0,,0,0,0,0,0,,,,,11.833333333333334,,,
Tyler Mabry,TE,2022,nflreadpy,1.0,1,7.0,1.0,0,0,6,1,1,1.9614137525786646,0,0,0,0,0,1.1666666666666667,0.03571428571428571,0.022304832713754646,1.0,7.0,7.0,7.7,7.7
Tyler Moore,TE,2024,college_data,6.0,0,60.0,1.0,0,0,0,0,0,,0,0,0,0,0,,,,,10.0,,,
Tyler Moore,TE,2025,college_data,7.0,0,118.0,0.0,0,0,0,0,0,,0,0,0,0,0,,,,,16.857142857142858,,,
Tyler Nansel,TE,2024,college_data,3.0,0,38.0,0.0,0,0,0,0,0,,0,0,0,0,0,,,,,12.666666666666666,,,
Tyler Nansel,TE,2025,college_data,5.0,0,50.0,0.0,0,0,0,0,0,,0,0,0,0,0,,,,,10.0,,,
Tyler Neville,TE,2024,college_data,37.0,0,394.0,2.0,0,0,0,0,0,,0,0,0,0,0,,,,,10.64864864864865,,,
Tyler Nix,TE,2024,college_data,9.0,0,65.0,0.0,0,0,0,0,0,,0,0,0,0,0,,,,,7.222222222222222,,,
Tyler Nix,TE,2025,college_data,4.0,0,16.0,0.0,0,0,0,0,0,,0,0,0,0,0,,,,,4.0,,,
Tyler Picinic,TE,2024,college_data,3.0,0,22.0,1.0,0,0,0,0,0,,0,0,0,0,0,,,,,7.333333333333333,,,
Tyler Picinic,TE,2025,college_data,3.0,0,14.0,0.0,0,0,0,0,0,,0,0,0,0,0,,,,,4.666666666666667,,,
Tyler Powell,TE,2024,college_data,5.0,0,40.0,0.0,0,0,0,0,0,,0,0,0,0,0,,,,,8.0,,,
Tyler Savage,TE,2024,college_data,14.0,0,193.0,1.0,0,0,0,0,0,,0,0,0,0,0,,,,,13.785714285714286,,,
Tyler Siddons,TE,2024,college_data,1.0,0,2.0,0.0,0,0,0,0,0,,0,0,0,0,0,,,,,2.0,,,
Tyler Siddons,TE,2025,college_data,4.0,0,37.0,0.0,0,0,0,0,0,,0,0,0,0,0,,,,,9.25,,,
Tyler Stephens,TE,2024,college_data,4.0,0,22.0,0.0,0,0,0,0,0,,0,0,0,0,0,,,,,5.5,,,
Tyler Warren,TE,2024,college_data,104.0,0,1233.0,8.0,0,0,0,0,0,,0,0,0,0,0,,,,,11.85576923076923,,,
Tyler Warren,TE,2025,nflreadpy,76.0,112,817.0,4.0,0,0,602,474,42,0.9276687762620279,0,33,16,10,1,1.8183664213930084,0.21484404875697488,0.14685350125377128,17.0,10.75,48.05882352941177,181.7,10.688235294117646
Tyler Warren,TE,2026,nflreadpy,23.0,27,130.0,2.0,0,0,59,100,6,0.9132646829239093,0,3,0,0,0,1.1204710144927534,0.2159688013136289,0.07447189380753738,4.0,5.6521739130434785,32.5,48.0,12.0
Tyree Jackson,TE,2021,nflreadpy,3.0,7,22.0,1.0,0,0,69,7,2,0.08983984626441573,0,1,0,0,0,0.1929824561403509,0.07541712337108757,0.10575181411946505,3.0,7.333333333333333,7.333333333333333,11.2,3.733333333333333
Tyreek Wood,TE,2024,college_data,1.0,0,6.0,0.0,0,0,0,0,0,,0,0,0,0,0,,,,,6.0,,,
Tyreke Jinks,TE,2025,college_data,5.0,0,37.0,1.0,0,0,0,0,0,,0,0,0,0,0,,,,,7.4,,,
Tyrone Swoopes,TE,2018,nflreadpy,1.0,1,23.0,0.0,0,0,8,15,1,3.1101871866267174,0,1,1,1,0,2.875,0.043478260869565216,0.03571428571428571,1.0,23.0,23.0,3.3000000000000003,3.3000000000000003
Tyrone Swoopes,TE,2019,nflreadpy,1.0,1,5.0,0.0,0,0,-2,7,0,0.02196757571073249,0,0,0,0,0,0.0,0.02631578947368421,-0.00749063670411985,1.0,5.0,5.0,1.5,1.5
Tyronne Hayes,TE,2024,college_data,3.0,0,31.0,0.0,0,0,0,0,0,,0,0,0,0,0,,,,,10.333333333333334,,,
Tyronne Hayes,TE,2025,college_data,4.0,0,36.0,0.0,0,0,0,0,0,,0,0,0,0,0,,,,,9.0,,,
Vance McDonald,TE,2018,nflreadpy,50.0,72,610.0,4.0,2,1,380,387,33,1.8384399715383783,0,25,9,6,2,1.6424906393533845,0.11369675874352107,0.07773156246008514,15.0,12.2,40.666666666666664,131.0,8.733333333333333
Vance McDonald,TE,2019,nflreadpy,38.0,55,273.0,3.0,1,0,278,172,12,-0.8128701083827562,0,10,3,2,0,1.521724893431318,0.12350824516463788,0.07047803928807363,14.0,7.184210526315789,19.5,81.3,5.807142857142857
Vance McDonald,TE,2020,nflreadpy,15.0,22,99.0,0.0,0,0,41,79,4,-0.8023202980402857,0,3,0,0,0,1.1313888888888888,0.04892657644477491,0.011671210039990181,11.0,6.6,9.0,24.9,2.2636363636363637
Vance Nicklaus,TE,2025,college_data,1.0,0,21.0,0.0,0,0,0,0,0,,0,0,0,0,0,,,,,21.0,,,
Var'Keyes Gumms,TE,2024,college_data,1.0,0,0.0,0.0,0,0,0,0,0,,0,0,0,0,0,,,,,0.0,,,
Var'Keyes Gumms,TE,2025,college_data,11.0,0,168.0,3.0,0,0,0,0,0,,0,0,0,0,0,,,,,15.272727272727273,,,
Vernon Davis,TE,2018,nflreadpy,25.0,36,367.0,2.0,0,0,416,168,16,1.4601692154661108,1,12,9,8,2,2.2222527338469367,0.08711610421374581,0.11518466176777829,13.0,14.68,28.23076923076923,75.7,5.823076923076924
Vernon Davis,TE,2019,nflreadpy,10.0,19,123.0,1.0,0,0,131,80,4,-2.2318965197378846,0,4,1,1,1,0.9331829322638145,0.12999576371669397,0.126291790509918,4.0,12.3,30.75,28.3,7.075
Victor Konopka,TE,2024,college_data,1.0,0,12.0,0.0,0,0,0,0,0,,0,0,0,0,0,,,,,12.0,,,
Vince Brown II,TE,2024,college_data,24.0,0,256.0,3.0,0,0,0,0,0,,0,0,0,0,0,,,,,10.666666666666666,,,
Virgil Green,TE,2018,nflreadpy,21.0,29,219.0,2.0,1,1,151,106,11,0.419054529005549,0,8,5,5,0,1.1929898364449447,0.056469816122581874,0.043232726030982244,16.0,10.428571428571429,13.6875,52.900000000000006,3.3062500000000004
Virgil Green,TE,2019,nflreadpy,9.0,13,78.0,1.0,0,0,63,39,4,0.3505710915668007,0,3,0,0,0,1.8738761238761237,0.030292399511374583,0.016575481064802108,12.0,8.666666666666666,6.5,22.8,1.9000000000000001
Virgil Green,TE,2020,nflreadpy,3.0,6,50.0,1.0,0,0,71,23,2,0.4784613905358128,0,3,1,1,0,0.37843551797040165,0.03373357963875205,0.04128217047129746,5.0,16.666666666666668,10.0,14.0,2.8
Walker Lyons,TE,2024,college_data,6.0,0,36.0,0.0,0,0,0,0,0,,0,0,0,0,0,,,,,6.0,,,
Walker Lyons,TE,2025,college_data,20.0,0,223.0,2.0,0,0,0,0,0,,0,0,0,0,0,,,,,11.15,,,
Watson Hafer,TE,2025,college_data,10.0,0,50.0,0.0,0,0,0,0,0,,0,0,0,0,0,,,,,5.0,,,
Wesley Campbell VI,TE,2024,college_data,6.0,0,55.0,0.0,0,0,0,0,0,,0,0,0,0,0,,,,,9.166666666666666,,,
Wesley Campbell VI,TE,2025,college_data,1.0,0,6.0,0.0,0,0,0,0,0,,0,0,0,0,0,,,,,6.0,,,
Weston Wolff,TE,2025,college_data,1.0,0,7.0,0.0,0,0,0,0,0,,0,0,0,0,0,,,,,7.0,,,
Whit Hobgood,TE,2025,college_data,3.0,0,55.0,1.0,0,0,0,0,0,,0,0,0,0,0,,,,,18.333333333333332,,,
Will Anciaux,TE,2024,college_data,7.0,0,62.0,3.0,0,0,0,0,0,,0,0,0,0,0,,,,,8.857142857142858,,,
Will Anciaux,TE,2025,college_data,6.0,0,45.0,1.0,0,0,0,0,0,,0,0,0,0,0,,,,,7.5,,,
Will Dissly,TE,2018,nflreadpy,8.0,14,156.0,2.0,0,0,141,93,5,2.050074941238563,0,4,3,3,1,1.3470450281425892,0.11575757575757575,0.11467675207599888,4.0,19.5,39.0,35.6,8.9
Will Dissly,TE,2019,nflreadpy,23.0,27,262.0,4.0,1,0,256,70,14,3.118153855001926,0,12,4,3,0,0.8754562275056745,0.15160978198497269,0.15522312426983903,6.0,11.391304347826088,43.666666666666664,71.2,11.866666666666667
Will Dissly,TE,2020,nflreadpy,25.0,31,252.0,2.0,0,0,143,170,12,0.3149546105414629,0,12,6,3,0,1.713823326432022,0.05633296297612286,0.02540696439763413,16.0,10.08,15.75,62.2,3.8875
Will Dissly,TE,2021,nflreadpy,21.0,26,231.0,1.0,1,0,112,143,11,0.9811807359025503,0,8,6,5,0,1.7270061728395063,0.07144383377829898,0.028654090618559867,13.0,11.0,17.76923076923077,48.1,3.7
Will Dissly,TE,2022,nflreadpy,34.0,38,349.0,3.0,0,0,206,184,20,1.7592036116247376,0,17,6,1,0,2.8894391675433133,0.08076378271190364,0.050721955160732204,15.0,10.264705882352942,23.266666666666666,86.9,5.793333333333334
Will Dissly,TE,2023,nflreadpy,17.0,22,172.0,1.0,0,0,62,120,8,0.7268456046343393,0,7,5,2,0,2.277391975308642,0.05273822547265149,0.02438901391794104,13.0,10.117647058823529,13.23076923076923,40.2,3.0923076923076924
Will Dissly,TE,2024,nflreadpy,52.0,69,497.0,2.0,0,0,326,317,24,0.41977379940729187,0,20,8,5,0,2.4963813269908797,0.15086122093690352,0.08083901413733603,16.0,9.557692307692308,31.0625,113.7,7.10625
Will Dissly,TE,2025,nflreadpy,11.0,16,97.0,0.0,0,0,72,66,5,0.3500406150511523,0,4,2,0,0,3.4223536036036037,0.06053938670273847,0.02595963498766879,8.0,8.818181818181818,12.125,20.700000000000003,2.5875000000000004
Will Dixon,TE,2025,college_data,1.0,0,2.0,1.0,0,0,0,0,0,,0,0,0,0,0,,,,,2.0,,,
Will Huggins,TE,2025,college_data,3.0,0,21.0,0.0,0,0,0,0,0,,0,0,0,0,0,,,,,7.0,,,
Will Kacmarek,TE,2024,college_data,8.0,0,86.0,0.0,0,0,0,0,0,,0,0,0,0,0,,,,,10.75,,,
Will Kacmarek,TE,2025,college_data,15.0,0,168.0,2.0,0,0,0,0,0,,0,0,0,0,0,,,,,11.2,,,
Will Kacmarek,TE,2026,nflreadpy,2.0,4,19.0,0.0,0,0,27,10,1,-0.2849822480541964,0,1,0,0,0,0.9298245614035089,0.049540589182532915,0.038458110104018214,4.0,9.5,4.75,3.9000000000000004,0.9750000000000001
Will Mallory,TE,2023,nflreadpy,18.0,26,207.0,0.0,1,0,203,89,11,1.061889155714942,0,9,5,1,1,0.8874894169011817,0.07005999979286134,0.07484355045433838,11.0,11.5,18.818181818181817,36.7,3.3363636363636364
Will Mallory,TE,2024,nflreadpy,4.0,8,29.0,0.0,0,0,83,4,1,-0.8453546891562708,0,1,0,0,0,0.6666666666666667,0.03685522107181093,0.03254995998629471,7.0,7.25,4.142857142857143,6.9,0.9857142857142858
Will Mallory,TE,2025,nflreadpy,1.0,1,16.0,0.0,0,0,16,0,1,1.5176577111706138,0,1,1,0,0,1.0,0.034482758620689655,0.05555555555555555,1.0,16.0,16.0,2.6,2.6
Will Monney,TE,2024,college_data,11.0,0,138.0,1.0,0,0,0,0,0,,0,0,0,0,0,,,,,12.545454545454545,,,
Will Monney,TE,2025,college_data,3.0,0,39.0,0.0,0,0,0,0,0,,0,0,0,0,0,,,,,13.0,,,
Will Montesi,TE,2024,college_data,1.0,0,20.0,0.0,0,0,0,0,0,,0,0,0,0,0,,,,,20.0,,,
Will Roberts,TE,2025,college_data,1.0,0,7.0,0.0,0,0,0,0,0,,0,0,0,0,0,,,,,7.0,,,
Will Swanson,TE,2024,college_data,9.0,0,66.0,3.0,0,0,0,0,0,,0,0,0,0,0,,,,,7.333333333333333,,,
Will Swanson,TE,2025,college_data,5.0,0,82.0,0.0,0,0,0,0,0,,0,0,0,0,0,,,,,16.4,,,
William Enneking,TE,2024,college_data,12.0,0,153.0,2.0,0,0,0,0,0,,0,0,0,0,0,,,,,12.75,,,
William Parker,TE,2024,college_data,11.0,0,73.0,1.0,0,0,0,0,0,,0,0,0,0,0,,,,,6.636363636363637,,,
Willie Rodriguez,TE,2024,college_data,5.0,0,94.0,0.0,0,0,0,0,0,,0,0,0,0,0,,,,,18.8,,,
Willie Rodriguez,TE,2025,college_data,23.0,0,310.0,1.0,0,0,0,0,0,,0,0,0,0,0,,,,,13.478260869565217,,,
Winston Williams,TE,2024,college_data,31.0,0,235.0,5.0,0,0,0,0,0,,0,0,0,0,0,,,,,7.580645161290323,,,
Winston Williams,TE,2025,college_data,5.0,0,45.0,1.0,0,0,0,0,0,,0,0,0,0,0,,,,,9.0,,,
Worth Warner,TE,2024,college_data,26.0,0,316.0,2.0,0,0,0,0,0,,0,0,0,0,0,,,,,12.153846153846153,,,
Wyatt Smalley,TE,2024,college_data,1.0,0,8.0,0.0,0,0,0,0,0,,0,0,0,0,0,,,,,8.0,,,
Wyatt Sullivan,TE,2024,college_data,13.0,0,155.0,2.0,0,0,0,0,0,,0,0,0,0,0,,,,,11.923076923076923,,,
Wyatt Sullivan,TE,2025,college_data,18.0,0,176.0,2.0,0,0,0,0,0,,0,0,0,0,0,,,,,9.777777777777779,,,
Xavier Grimble,TE,2018,nflreadpy,6.0,8,86.0,0.0,1,1,56,56,4,0.10454915214463004,0,4,3,2,0,2.091736694677871,0.023506027139032066,0.022761601621109438,8.0,14.333333333333334,10.75,12.6,1.575
Xavier Grimble,TE,2019,nflreadpy,1.0,3,3.0,0.0,0,0,9,2,0,-0.8914384501404129,0,0,0,0,0,0.3,0.05316742081447964,0.02368847627468317,2.0,3.0,1.5,1.3,0.65
Xavier Phipps,TE,2025,college_data,12.0,0,93.0,1.0,0,0,0,0,0,,0,0,0,0,0,,,,,7.75,,,
Zach Atkins,TE,2025,college_data,20.0,0,149.0,0.0,0,0,0,0,0,,0,0,0,0,0,,,,,7.45,,,
Zach Courtney,TE,2024,college_data,3.0,0,18.0,1.0,0,0,0,0,0,,0,0,0,0,0,,,,,6.0,,,
Zach Courtney,TE,2025,college_data,9.0,0,120.0,0.0,0,0,0,0,0,,0,0,0,0,0,,,,,13.333333333333334,,,
Zach Davidson,TE,2024,nflreadpy,1.0,2,5.0,0.0,0,0,10,2,0,-0.35792092845076695,0,0,0,0,0,0.8333333333333334,0.04093567251461988,0.03688867438867439,2.0,5.0,2.5,1.5,0.75
Zach Ertz,TE,2018,nflreadpy,126.0,171,1265.0,8.0,1,0,1274,389,72,1.1250133075046074,0,60,24,13,0,0.9625746670783507,0.25380836285495,0.2524655307922147,18.0,10.03968253968254,70.27777777777777,298.5,16.583333333333332
Zach Ertz,TE,2019,nflreadpy,90.0,139,960.0,6.0,1,1,1229,271,52,2.2947306932524287,1,41,17,13,0,0.8088214548784173,0.23267510778985528,0.2783958474138316,16.0,10.666666666666666,60.0,222.0,13.875
Zach Ertz,TE,2020,nflreadpy,36.0,72,335.0,1.0,0,0,536,88,16,-1.6556511823165123,1,11,5,4,1,0.7007194912265746,0.18574720333554656,0.13961041223558565,11.0,9.305555555555555,30.454545454545453,77.5,7.045454545454546
Zach Ertz,TE,2021,nflreadpy,77.0,116,784.0,5.0,0,0,862,352,42,0.5554833355524447,0,34,14,7,1,1.4293772037467625,0.18364872497685186,0.1895376010676277,18.0,10.181818181818182,43.55555555555556,185.4,10.3
Zach Ertz,TE,2022,nflreadpy,47.0,69,406.0,4.0,0,0,548,130,24,0.8380928354410031,2,16,3,2,0,0.9016132912097985,0.17866616809780478,0.20804833672709594,10.0,8.638297872340425,40.6,115.6,11.559999999999999
Zach Ertz,TE,2023,nflreadpy,27.0,43,187.0,1.0,0,0,332,46,8,-2.003602547302864,0,7,1,0,0,0.46213577978283865,0.19063719121074452,0.16275331406921661,7.0,6.925925925925926,26.714285714285715,51.7,7.385714285714286
Zach Ertz,TE,2024,nflreadpy,84.0,116,809.0,8.0,1,0,857,226,51,2.3824965004822687,2,35,11,8,0,1.095547082614306,0.18372916189703273,0.1802221352969294,20.0,9.630952380952381,40.45,214.9,10.745000000000001
Zach Ertz,TE,2025,nflreadpy,50.0,72,504.0,4.0,1,0,656,123,25,0.900791995354361,1,20,7,5,0,0.7592753068243436,0.1928870549632749,0.20308670706749307,13.0,10.08,38.76923076923077,124.4,9.569230769230769
Zach Ertz,TE,2026,nflreadpy,3.0,6,22.0,0.0,0,0,35,8,0,-1.1704690342885442,0,0,0,0,0,1.3346774193548387,0.12,0.08433179723502304,2.0,7.333333333333333,11.0,5.2,2.6
Zach Gentry,TE,2019,nflreadpy,1.0,1,4.0,0.0,0,0,2,2,1,1.005020678625442,0,0,0,0,0,2.0,0.013888888888888888,0.0029585798816568047,2.0,4.0,2.0,1.4,0.7
Zach Gentry,TE,2021,nflreadpy,23.0,29,200.0,0.0,0,0,89,146,12,-0.40054889116459846,0,12,3,2,0,1.3239075114075114,0.07099624519090922,0.03048995885163742,11.0,8.695652173913043,18.181818181818183,43.0,3.909090909090909
Zach Gentry,TE,2022,nflreadpy,19.0,23,132.0,0.0,0,0,64,102,6,-0.10257560117944428,0,4,2,2,0,0.5061253561253561,0.04677761448534444,0.011266443659851296,14.0,6.947368421052632,9.428571428571429,32.2,2.3000000000000003
Zach Horton,TE,2024,college_data,21.0,0,189.0,4.0,0,0,0,0,0,,0,0,0,0,0,,,,,9.0,,,
Zach Mehmert,TE,2025,college_data,6.0,0,35.0,0.0,0,0,0,0,0,,0,0,0,0,0,,,,,5.833333333333333,,,
Zach Ortwerth,TE,2024,college_data,11.0,0,133.0,0.0,0,0,0,0,0,,0,0,0,0,0,,,,,12.090909090909092,,,
Zach Ortwerth,TE,2025,college_data,9.0,0,76.0,0.0,0,0,0,0,0,,0,0,0,0,0,,,,,8.444444444444445,,,
Zach Russell,TE,2025,college_data,1.0,0,12.0,0.0,0,0,0,0,0,,0,0,0,0,0,,,,,12.0,,,
Zach Witte,TE,2024,college_data,2.0,0,12.0,0.0,0,0,0,0,0,,0,0,0,0,0,,,,,6.0,,,
Zach Witte,TE,2025,college_data,18.0,0,162.0,3.0,0,0,0,0,0,,0,0,0,0,0,,,,,9.0,,,
Zack Marshall,TE,2025,college_data,16.0,0,199.0,1.0,0,0,0,0,0,,0,0,0,0,0,,,,,12.4375,,,
Zaire Mitchell-Paden,TE,2025,nflreadpy,2.0,3,17.0,0.0,0,0,13,5,1,0.3818394777481444,0,1,0,0,0,0.8518518518518517,0.04139194139194139,0.019074720546154597,3.0,8.5,5.666666666666667,3.7,1.2333333333333334
Zander Turner,TE,2025,college_data,4.0,0,15.0,0.0,0,0,0,0,0,,0,0,0,0,0,,,,,3.75,,,
Zeke Moore,TE,2024,college_data,4.0,0,13.0,0.0,0,0,0,0,0,,0,0,0,0,0,,,,,3.25,,,
Zeke Moore,TE,2025,college_data,2.0,0,7.0,0.0,0,0,0,0,0,,0,0,0,0,0,,,,,3.5,,,
Zy'Aire Fletcher,TE,2025,college_data,2.0,0,47.0,0.0,0,0,0,0,0,,0,0,0,0,0,,,,,23.5,,,
