player,position,season,data_source,receptions,targets,receiving_yards,receiving_tds,receiving_fumbles,receiving_fumbles_lost,receiving_air_yards,receiving_yards_after_catch,receiving_first_downs,receiving_epa,receiving_2pt_conversions,receiving_10,receiving_16,receiving_20,receiving_40,racr,target_share,air_yards_share,total_games_played,rec_yards_per_catch,rec_yards_per_game,fantasy_points,avg_fantasy_points
A.J. Brown,WR,2019,nflreadpy,57.0,79,1115.0,8.0,6,5,917,412,40,2.629768970806143,5,40,22,16,11,0.9440011659899668,0.4062424163527983,0.466565060861792,19.0,19.56140350877193,58.68421052631579,214.5,11.289473684210526
A.J. Brown,WR,2020,nflreadpy,76.0,15,1158.0,12.0,15,15,15,15,15,4.752013850513017,15,15,15,15,15,0.9410255617580733,1.0,1.0,15.0,15.236842105263158,77.2,263.8,17.586666666666666
A.J. Brown,WR,2021,nflreadpy,68.0,46,1011.0,6.0,10,10,553,83,28,2.963628926256296,10,28,22,17,13,0.6931766944204475,0.8124007936507937,0.883146586829775,14.0,14.867647058823529,72.21428571428571,205.10000000000002,14.650000000000002
A.J. Brown,WR,2022,nflreadpy,101.0,167,1642.0,12.0,2,2,2040,603,67,3.053434187176098,0,64,34,25,7,0.8507009860588793,0.2843107747988054,0.394307223884429,20.0,16.257425742574256,82.1,333.20000000000005,16.660000000000004
A.J. Brown,WR,2023,nflreadpy,106.0,158,1456.0,7.0,2,2,1853,473,70,3.874872793736274,0,62,29,21,3,0.7934073138076224,0.3036735504036717,0.3866640874739712,17.0,13.735849056603774,85.6470588235294,289.6,17.03529411764706
A.J. Brown,WR,2024,nflreadpy,79.0,120,1242.0,9.0,0,0,1483,401,63,4.376622241258154,0,54,32,19,5,0.8563953466267759,0.32168054689452286,0.48329391240341113,17.0,15.721518987341772,73.05882352941177,257.2,15.129411764705882
A.J. Brown,WR,2025,nflreadpy,81.0,128,1028.0,7.0,0,0,1558,268,48,2.009556353463222,0,41,25,14,1,0.705423883860385,0.2815196945220924,0.3595668525774791,16.0,12.691358024691358,64.25,225.8,14.1125
A.J. Green,WR,2018,nflreadpy,46.0,77,694.0,6.0,2,1,958,163,37,3.1878731136281995,0,31,18,12,0,1.0438185267695879,0.24313002753043403,0.3960850779185704,9.0,15.08695652173913,77.11111111111111,147.4,16.37777777777778
A.J. Green,WR,2020,nflreadpy,47.0,16,523.0,2.0,16,16,16,16,16,-0.9540445237612079,16,16,16,16,16,0.35746085480004663,1.0,1.0,16.0,11.127659574468085,32.6875,111.30000000000001,6.956250000000001
A.J. Green,WR,2021,nflreadpy,54.0,50,848.0,3.0,10,10,512,97,24,1.5126690317016576,10,21,18,16,11,0.7247880045680858,0.6467943958799125,0.6886034681300736,17.0,15.703703703703704,49.88235294117647,156.8,9.223529411764707
A.J. Green,WR,2022,nflreadpy,24.0,47,236.0,2.0,0,0,515,56,11,-1.382070962543867,1,5,4,1,1,0.4187143187232346,0.09627688805411294,0.15452478046511298,13.0,9.833333333333334,18.153846153846153,61.6,4.7384615384615385
A.J. Henning,WR,2024,college_data,59.0,0,603.0,4.0,0,0,0,0,0,,0,0,0,0,0,,,,,10.220338983050848,,143.3,
A.J. Little,WR,2025,college_data,27.0,0,345.0,1.0,0,0,0,0,0,,0,0,0,0,0,,,,,12.777777777777779,,67.5,
A.T. Perry,WR,2023,nflreadpy,12.0,18,246.0,4.0,0,0,293,20,10,2.383936754307098,0,9,8,5,1,0.8204381394467601,0.07227612202637558,0.16232391988131967,8.0,20.5,30.75,60.6,7.575
AJ Adams,WR,2025,college_data,17.0,0,226.0,0.0,0,0,0,0,0,,0,0,0,0,0,,,,,13.294117647058824,,39.6,
AJ Barber,WR,2024,college_data,38.0,0,441.0,2.0,0,0,0,0,0,,0,0,0,0,0,,,,,11.605263157894736,,94.1,
AJ Colombo,WR,2024,college_data,59.0,0,571.0,5.0,0,0,0,0,0,,0,0,0,0,0,,,,,9.677966101694915,,146.1,
AJ Johnson,WR,2024,college_data,40.0,0,662.0,6.0,0,0,0,0,0,,0,0,0,0,0,,,,,16.55,,142.2,
AJ Jones,WR,2025,college_data,28.0,0,216.0,5.0,0,0,0,0,0,,0,0,0,0,0,,,,,7.714285714285714,,79.6,
AJ Wilson,WR,2024,college_data,28.0,0,813.0,8.0,0,0,0,0,0,,0,0,0,0,0,,,,,29.035714285714285,,157.3,
AJ Wilson,WR,2025,college_data,30.0,0,523.0,4.0,0,0,0,0,0,,0,0,0,0,0,,,,,17.433333333333334,,106.30000000000001,
Aanjay Feliciano,WR,2024,college_data,26.0,0,261.0,4.0,0,0,0,0,0,,0,0,0,0,0,,,,,10.038461538461538,,76.1,
Aaron Anderson,WR,2024,college_data,61.0,0,875.0,5.0,0,0,0,0,0,,0,0,0,0,0,,,,,14.344262295081966,,178.5,
Aaron Anderson,WR,2025,college_data,33.0,0,398.0,0.0,0,0,0,0,0,,0,0,0,0,0,,,,,12.06060606060606,,72.80000000000001,
Aaron Fontes,WR,2024,college_data,38.0,0,377.0,1.0,0,0,0,0,0,,0,0,0,0,0,,,,,9.921052631578947,,81.7,
Aaron Maione,WR,2024,college_data,19.0,0,241.0,2.0,0,0,0,0,0,,0,0,0,0,0,,,,,12.68421052631579,,55.1,
Aaron Turner,WR,2025,college_data,63.0,0,398.0,4.0,0,0,0,0,0,,0,0,0,0,0,,,,,6.317460317460317,,126.80000000000001,
Abdul-Fatai Ibrahim,WR,2024,college_data,14.0,0,121.0,0.0,0,0,0,0,0,,0,0,0,0,0,,,,,8.642857142857142,,26.1,
Abdur-Rahmaan Yaseen,WR,2024,college_data,21.0,0,254.0,0.0,0,0,0,0,0,,0,0,0,0,0,,,,,12.095238095238095,,46.400000000000006,
Aboraa Kwarteng,WR,2025,college_data,41.0,0,615.0,2.0,0,0,0,0,0,,0,0,0,0,0,,,,,15.0,,114.5,
Ace Cobb,WR,2024,college_data,12.0,0,250.0,4.0,0,0,0,0,0,,0,0,0,0,0,,,,,20.833333333333332,,61.0,
Adam Humphries,WR,2018,nflreadpy,76.0,105,816.0,5.0,0,0,661,415,48,2.435843187472083,0,33,13,7,1,1.217188301446938,0.1722035914652651,0.0956097741822877,16.0,10.736842105263158,51.0,187.60000000000002,11.725000000000001
Adam Humphries,WR,2019,nflreadpy,41.0,48,399.0,2.0,1,1,352,121,21,1.691467473548929,1,17,7,5,1,1.0286874846198495,0.2090159505969715,0.18711355205564442,13.0,9.731707317073171,30.692307692307693,92.9,7.1461538461538465
Adam Humphries,WR,2020,nflreadpy,23.0,7,228.0,2.0,7,7,7,7,7,0.7752904020627742,7,7,7,7,7,0.6570354190497651,1.0,1.0,7.0,9.91304347826087,32.57142857142857,57.8,8.257142857142856
Adam Humphries,WR,2021,nflreadpy,41.0,39,383.0,0.0,11,11,170,33,20,-0.3681334704961428,11,18,11,11,11,1.1374236324831248,0.7032504980601866,0.6881463326060797,17.0,9.341463414634147,22.529411764705884,79.30000000000001,4.6647058823529415
Adam Jones,WR,2024,college_data,21.0,0,255.0,3.0,0,0,0,0,0,,0,0,0,0,0,,,,,12.142857142857142,,64.5,
Adam Thielen,WR,2018,nflreadpy,113.0,153,1373.0,9.0,1,1,1443,416,74,3.573115503535259,1,56,24,17,3,1.011992610272678,0.2530979515966555,0.33364020545129697,16.0,12.150442477876107,85.8125,304.3,19.01875
Adam Thielen,WR,2019,nflreadpy,42.0,50,597.0,6.0,2,2,588,119,20,2.1382492005151392,2,19,10,10,3,0.774262637672677,0.3346726867560201,0.4124219577702873,12.0,14.214285714285714,49.75,137.7,11.475
Adam Thielen,WR,2020,nflreadpy,74.0,15,925.0,14.0,15,15,15,15,15,3.0758743756436133,15,15,15,15,15,0.9761272198518458,1.0,1.0,15.0,12.5,61.666666666666664,250.5,16.7
Adam Thielen,WR,2021,nflreadpy,67.0,16,726.0,10.0,11,11,63,25,12,1.8508898599513215,11,12,12,12,11,0.8410547638843087,0.8564995979630126,0.8577273202078312,13.0,10.835820895522389,55.84615384615385,199.60000000000002,15.353846153846156
Adam Thielen,WR,2022,nflreadpy,73.0,111,766.0,6.0,0,0,1108,157,48,0.810743421850825,1,37,15,8,0,0.7189458587944666,0.16770723123107206,0.2200581478902304,18.0,10.493150684931507,42.55555555555556,187.60000000000002,10.422222222222224
Adam Thielen,WR,2023,nflreadpy,103.0,137,1014.0,4.0,2,0,1058,340,56,3.5722586757874284,1,40,17,9,0,1.0083584449739413,0.2543912915497806,0.2370906344346941,17.0,9.844660194174757,59.64705882352941,226.4,13.31764705882353
Adam Thielen,WR,2024,nflreadpy,48.0,62,615.0,5.0,0,0,692,152,28,4.042908319377673,0,24,15,9,1,0.9450610603418246,0.20403137819874573,0.24429589270345525,10.0,12.8125,61.5,139.5,13.95
Adam Thielen,WR,2025,nflreadpy,21.0,37,211.0,0.0,0,0,322,53,12,0.5882461288973069,1,8,4,2,0,0.711188754375927,0.07602137356699311,0.0828949550193235,15.0,10.047619047619047,14.066666666666666,44.1,2.94
Adjatay Dabbs,WR,2024,college_data,28.0,0,417.0,3.0,0,0,0,0,0,,0,0,0,0,0,,,,,14.892857142857142,,87.7,
Adjatay Dabbs,WR,2025,college_data,45.0,0,856.0,8.0,0,0,0,0,0,,0,0,0,0,0,,,,,19.022222222222222,,178.60000000000002,
Adonai Mitchell,WR,2024,nflreadpy,23.0,55,312.0,0.0,1,0,775,101,16,-0.2912674632881901,0,14,7,4,0,0.7227943648284032,0.11211458679949642,0.15499408813677157,17.0,13.565217391304348,18.352941176470587,52.2,3.070588235294118
Adonai Mitchell,WR,2025,nflreadpy,33.0,74,453.0,2.0,1,1,1102,80,15,-1.0068810302099855,0,13,8,6,2,0.4975339517360868,0.15344955067738858,0.3028932903334916,16.0,13.727272727272727,28.3125,88.30000000000001,5.518750000000001
Adonis McDaniel,WR,2025,college_data,52.0,0,676.0,6.0,0,0,0,0,0,,0,0,0,0,0,,,,,13.0,,155.60000000000002,
Adrian Green,WR,2024,college_data,12.0,0,76.0,0.0,0,0,0,0,0,,0,0,0,0,0,,,,,6.333333333333333,,19.6,
Adrian Green,WR,2025,college_data,14.0,0,120.0,0.0,0,0,0,0,0,,0,0,0,0,0,,,,,8.571428571428571,,26.0,
Adrian Norton,WR,2024,college_data,43.0,0,832.0,7.0,0,0,0,0,0,,0,0,0,0,0,,,,,19.348837209302324,,168.2,
Adrian Norton,WR,2025,college_data,28.0,0,383.0,5.0,0,0,0,0,0,,0,0,0,0,0,,,,,13.678571428571429,,96.30000000000001,
Ahmari Huggins-Bruce,WR,2024,college_data,17.0,0,230.0,0.0,0,0,0,0,0,,0,0,0,0,0,,,,,13.529411764705882,,40.0,
Ahmarian Granger,WR,2024,college_data,17.0,0,308.0,2.0,0,0,0,0,0,,0,0,0,0,0,,,,,18.11764705882353,,59.8,
Aidan Besselman,WR,2025,college_data,14.0,0,160.0,2.0,0,0,0,0,0,,0,0,0,0,0,,,,,11.428571428571429,,42.0,
Aidan Mizell,WR,2024,college_data,17.0,0,202.0,2.0,0,0,0,0,0,,0,0,0,0,0,,,,,11.882352941176471,,49.2,
Aidan Mizell,WR,2025,college_data,19.0,0,177.0,1.0,0,0,0,0,0,,0,0,0,0,0,,,,,9.31578947368421,,42.7,
Aidan Stephens,WR,2025,college_data,13.0,0,72.0,0.0,0,0,0,0,0,,0,0,0,0,0,,,,,5.538461538461538,,20.2,
Ajai Harrell,WR,2024,college_data,16.0,0,157.0,1.0,0,0,0,0,0,,0,0,0,0,0,,,,,9.8125,,37.7,
Ajai Harrell,WR,2025,college_data,22.0,0,396.0,4.0,0,0,0,0,0,,0,0,0,0,0,,,,,18.0,,85.6,
Albert Wilson,WR,2018,nflreadpy,26.0,35,391.0,4.0,0,0,246,335,11,1.5520042250531592,0,9,8,7,3,2.1540228483608272,0.17005713747949772,0.16194982877569405,7.0,15.038461538461538,55.857142857142854,89.1,12.728571428571428
Albert Wilson,WR,2019,nflreadpy,43.0,55,351.0,1.0,1,1,269,168,19,0.38014637750054064,1,14,5,4,1,0.8089995077586172,0.18246541388825557,0.13720841978752196,13.0,8.162790697674419,27.0,84.1,6.4692307692307685
Albert Wilson,WR,2021,nflreadpy,25.0,18,213.0,0.0,8,8,86,27,12,-0.5400652059959029,8,9,8,8,8,1.088855852685902,0.827204502814259,0.8297247317899492,10.0,8.52,21.3,46.3,4.63
Aldrich Doe,WR,2024,college_data,21.0,0,253.0,1.0,0,0,0,0,0,,0,0,0,0,0,,,,,12.047619047619047,,52.3,
Aldrich Doe,WR,2025,college_data,37.0,0,467.0,2.0,0,0,0,0,0,,0,0,0,0,0,,,,,12.621621621621621,,95.7,
Aldrick Robinson,WR,2018,nflreadpy,17.0,35,231.0,5.0,0,0,601,42,12,0.6516920533957972,0,11,5,2,1,0.6916244000477061,0.07266662832824781,0.16552383283500766,14.0,13.588235294117647,16.5,70.1,5.007142857142857
Alec Pierce,WR,2022,nflreadpy,41.0,78,593.0,2.0,1,0,914,113,28,1.2143019877322758,0,26,12,8,3,0.7667647122247384,0.14612140385583494,0.2623196635702006,16.0,14.463414634146341,37.0625,110.30000000000001,6.893750000000001
Alec Pierce,WR,2023,nflreadpy,32.0,65,514.0,2.0,0,0,977,97,24,1.011274032888547,0,19,10,8,2,0.6205378050237667,0.11554598062937327,0.21901666518240223,17.0,16.0625,30.235294117647058,95.4,5.611764705882353
Alec Pierce,WR,2024,nflreadpy,37.0,69,824.0,7.0,0,0,1500,118,32,2.518942869122621,0,30,20,13,7,0.5764977374537866,0.14812051835714823,0.2814539444845049,16.0,22.27027027027027,51.5,161.4,10.0875
Alec Pierce,WR,2025,nflreadpy,47.0,84,1003.0,6.0,0,0,1593,174,41,3.7186075372290555,0,39,32,17,5,0.7129685546545755,0.17601855319319168,0.40593852136443187,15.0,21.340425531914892,66.86666666666666,183.3,12.22
Alex Bullock,WR,2025,college_data,71.0,0,944.0,5.0,0,0,0,0,0,,0,0,0,0,0,,,,,13.295774647887324,,195.4,
Alex Erickson,WR,2018,nflreadpy,20.0,29,167.0,0.0,0,0,265,75,7,0.13854515431540496,0,8,1,1,0,0.5746453144279231,0.0614159156059394,0.0611062129976116,16.0,8.35,10.4375,36.7,2.29375
Alex Erickson,WR,2019,nflreadpy,43.0,67,529.0,0.0,3,2,605,209,24,-0.6608161389366046,2,23,7,7,4,0.9405931708179943,0.240019545659985,0.24199506546429417,16.0,12.30232558139535,33.0625,93.9,5.86875
Alex Erickson,WR,2020,nflreadpy,12.0,16,139.0,0.0,16,16,16,16,16,0.33540950215847765,16,16,16,16,16,2.054665242165242,1.0,1.0,16.0,11.583333333333334,8.6875,25.9,1.61875
Alex Erickson,WR,2023,nflreadpy,16.0,29,232.0,1.0,0,0,295,58,12,0.6743500872835284,0,11,7,4,0,0.8731393810023181,0.0942251813674414,0.13711256445045733,8.0,14.5,29.0,45.2,5.65
Alex Haight,WR,2025,college_data,11.0,0,102.0,0.0,0,0,0,0,0,,0,0,0,0,0,,,,,9.272727272727273,,21.200000000000003,
Alex Perry,WR,2024,college_data,22.0,0,195.0,0.0,0,0,0,0,0,,0,0,0,0,0,,,,,8.863636363636363,,41.5,
Alex Perry,WR,2025,college_data,56.0,0,840.0,9.0,0,0,0,0,0,,0,0,0,0,0,,,,,15.0,,194.0,
Ali Jennings,WR,2024,college_data,15.0,0,373.0,3.0,0,0,0,0,0,,0,0,0,0,0,,,,,24.866666666666667,,70.30000000000001,
Alijah Cason,WR,2024,college_data,13.0,0,95.0,0.0,0,0,0,0,0,,0,0,0,0,0,,,,,7.3076923076923075,,22.5,
Alijah Cason,WR,2025,college_data,22.0,0,244.0,2.0,0,0,0,0,0,,0,0,0,0,0,,,,,11.090909090909092,,58.400000000000006,
Alijah Turner,WR,2025,college_data,21.0,0,166.0,1.0,0,0,0,0,0,,0,0,0,0,0,,,,,7.904761904761905,,43.6,
Allen Hurns,WR,2018,nflreadpy,21.0,36,309.0,2.0,1,0,406,85,12,1.100656460753671,0,11,7,6,1,0.941859493200455,0.07851645684319537,0.10647745816220215,15.0,14.714285714285714,20.6,61.900000000000006,4.126666666666667
Allen Hurns,WR,2019,nflreadpy,32.0,47,416.0,2.0,1,1,507,96,18,1.1704529723425396,0,20,11,4,0,0.8951016866701814,0.08918435640457247,0.10916525900887052,14.0,13.0,29.714285714285715,83.6,5.971428571428571
Allen Lazard,WR,2019,nflreadpy,38.0,39,513.0,3.0,4,4,458,98,20,2.7473176736117844,4,18,12,9,5,0.9122878474940092,0.36630323878952387,0.39548664662101185,14.0,13.5,36.642857142857146,107.30000000000001,7.6642857142857155
Allen Lazard,WR,2020,nflreadpy,40.0,12,609.0,4.0,12,12,12,12,12,3.9889246815007318,12,12,12,12,12,0.9720022066574514,1.0,1.0,12.0,15.225,50.75,124.9,10.408333333333333
Allen Lazard,WR,2021,nflreadpy,41.0,43,519.0,8.0,8,8,369,94,26,2.5230091797095735,8,19,16,13,8,0.9753018694351436,0.5975851646186877,0.6281548284237964,15.0,12.658536585365853,34.6,140.9,9.393333333333334
Allen Lazard,WR,2022,nflreadpy,60.0,100,788.0,6.0,0,0,1249,248,45,0.7540800489251509,0,30,18,13,2,1.0599634739005293,0.20456865268629976,0.29301731091838545,15.0,13.133333333333333,52.53333333333333,174.8,11.653333333333334
Allen Lazard,WR,2023,nflreadpy,23.0,49,311.0,1.0,0,0,597,56,17,0.028990712675015226,0,16,6,5,0,0.46154788281851633,0.11332929738391924,0.17784623078472253,14.0,13.521739130434783,22.214285714285715,60.1,4.292857142857143
Allen Lazard,WR,2024,nflreadpy,37.0,60,530.0,6.0,0,0,664,155,29,2.55360857309013,0,22,10,8,2,1.1547337684248395,0.1405487014962632,0.23036241793663667,12.0,14.324324324324325,44.166666666666664,126.0,10.5
Allen Middleton,WR,2024,college_data,33.0,0,418.0,2.0,0,0,0,0,0,,0,0,0,0,0,,,,,12.666666666666666,,86.80000000000001,
Allen Robinson,WR,2018,nflreadpy,65.0,107,897.0,5.0,1,1,1313,249,41,2.0946450152173903,0,34,18,14,2,0.6518168934785413,0.23148653013018805,0.3356166608690546,14.0,13.8,64.07142857142857,182.7,13.049999999999999
Allen Robinson,WR,2019,nflreadpy,98.0,143,1147.0,7.0,1,1,1620,255,58,2.572999239513338,1,43,22,16,2,0.703399551850593,0.3151633676558666,0.4240542398203523,16.0,11.704081632653061,71.6875,254.7,15.91875
Allen Robinson,WR,2020,nflreadpy,108.0,17,1305.0,6.0,17,17,17,17,17,2.2211533063870394,17,17,17,17,17,0.8907665988453907,1.0,1.0,17.0,12.083333333333334,76.76470588235294,274.5,16.147058823529413
Allen Robinson,WR,2021,nflreadpy,38.0,25,410.0,1.0,9,9,170,24,14,0.811201006039003,10,12,10,9,9,0.6006165113396758,0.7880228919631094,0.7979551148823569,12.0,10.789473684210526,34.166666666666664,87.0,7.25
Allen Robinson,WR,2022,nflreadpy,33.0,52,339.0,3.0,0,0,502,71,23,0.9003204972820458,0,15,4,3,0,0.6919049653037103,0.1587638676461454,0.23236260635793687,10.0,10.272727272727273,33.9,84.9,8.49
Allen Robinson,WR,2023,nflreadpy,36.0,52,292.0,0.0,0,0,374,81,10,-0.3675282124459444,0,12,2,2,0,0.8898544034188117,0.10772637595307748,0.09972067014641016,16.0,8.11111111111111,18.25,65.2,4.075
Alred Luke,WR,2024,college_data,14.0,0,194.0,2.0,0,0,0,0,0,,0,0,0,0,0,,,,,13.857142857142858,,45.400000000000006,
Alred Luke,WR,2025,college_data,43.0,0,640.0,5.0,0,0,0,0,0,,0,0,0,0,0,,,,,14.883720930232558,,137.0,
Alshon Jeffery,WR,2018,nflreadpy,76.0,109,988.0,6.0,1,0,1214,301,56,3.3578178380760733,0,47,19,11,2,0.9103313693570826,0.20320216066924093,0.295178062851078,15.0,13.0,65.86666666666666,208.8,13.92
Alshon Jeffery,WR,2019,nflreadpy,43.0,73,490.0,4.0,0,0,803,116,36,1.0235405547336376,0,24,10,6,0,0.7286450638225983,0.23798905400531417,0.31008397726234505,9.0,11.395348837209303,54.44444444444444,116.0,12.88888888888889
Amaaz Eugene,WR,2024,college_data,18.0,0,235.0,1.0,0,0,0,0,0,,0,0,0,0,0,,,,,13.055555555555555,,47.5,
Amaaz Eugene,WR,2025,college_data,11.0,0,85.0,0.0,0,0,0,0,0,,0,0,0,0,0,,,,,7.7272727272727275,,19.5,
Amare Thomas,WR,2024,college_data,62.0,0,670.0,8.0,0,0,0,0,0,,0,0,0,0,0,,,,,10.806451612903226,,177.0,
Amare Thomas,WR,2025,college_data,67.0,0,966.0,12.0,0,0,0,0,0,,0,0,0,0,0,,,,,14.417910447761194,,235.60000000000002,
Amari Cooper,WR,2018,nflreadpy,88.0,125,1176.0,8.0,3,2,1195,495,58,1.9787117390515117,1,48,17,13,3,1.319175333093745,0.20690134195805274,0.2693806955804039,17.0,13.363636363636363,69.17647058823529,249.60000000000002,14.682352941176472
Amari Cooper,WR,2019,nflreadpy,79.0,115,1189.0,8.0,1,1,1445,222,52,3.2790518378522964,1,44,25,16,6,0.7169979646512127,0.25368207520098845,0.3085968284352716,16.0,15.050632911392405,74.3125,245.9,15.36875
Amari Cooper,WR,2020,nflreadpy,92.0,16,1114.0,5.0,16,16,16,16,16,2.4235733900711267,16,16,16,16,16,0.990751255267062,1.0,1.0,16.0,12.108695652173912,69.625,233.39999999999998,14.587499999999999
Amari Cooper,WR,2021,nflreadpy,74.0,58,929.0,9.0,9,9,467,92,25,3.2093928352072494,9,22,16,15,10,0.8587602153754078,0.6440762976225107,0.6552516536769133,16.0,12.554054054054054,58.0625,220.9,13.80625
Amari Cooper,WR,2022,nflreadpy,78.0,132,1160.0,9.0,0,0,1642,299,61,3.0892933553427717,0,50,25,18,4,0.773133849272253,0.26528113738237635,0.4037615245990668,17.0,14.871794871794872,68.23529411764706,248.0,14.588235294117647
Amari Cooper,WR,2023,nflreadpy,76.0,133,1309.0,5.0,2,1,1900,278,54,3.1247320749823952,1,51,32,21,8,0.6911128559005164,0.229177085109848,0.37939180984434784,16.0,17.223684210526315,81.8125,234.9,14.68125
Amari Cooper,WR,2024,nflreadpy,50.0,93,588.0,4.0,0,0,1194,134,26,0.4180633873095344,0,25,13,8,0,0.7131966964721399,0.18669843984736723,0.27334121937341466,16.0,11.76,36.75,132.8,8.3
Amari Rodgers,WR,2022,nflreadpy,16.0,25,204.0,1.0,1,0,240,63,12,0.41726923456979503,0,10,3,3,0,1.0500908562779807,0.05469425624900519,0.06535192466215914,15.0,12.75,13.6,40.400000000000006,2.693333333333334
Amon-Ra St. Brown,WR,2021,nflreadpy,90.0,80,912.0,5.0,9,9,484,270,39,3.327290112770549,10,31,20,16,9,1.4763179014609842,0.6981916542647033,0.6854176274679482,16.0,10.133333333333333,57.0,213.2,13.325
Amon-Ra St. Brown,WR,2022,nflreadpy,106.0,146,1161.0,6.0,0,0,933,531,68,3.574381174878599,0,58,16,11,1,1.1649800799867887,0.27767037557199997,0.272484979596777,16.0,10.952830188679245,72.5625,258.1,16.13125
Amon-Ra St. Brown,WR,2023,nflreadpy,141.0,198,1789.0,11.0,1,1,1521,791,93,4.470306304962799,0,73,34,27,3,1.2085380124665412,0.2990154785525777,0.3326879619852688,19.0,12.687943262411348,94.15789473684211,383.9,20.205263157894734
Amon-Ra St. Brown,WR,2024,nflreadpy,123.0,151,1400.0,12.0,1,1,1170,473,82,5.9389258718113105,0,58,31,17,1,1.2626334657323577,0.2666787251052079,0.3076851210465062,18.0,11.382113821138212,77.77777777777777,333.0,18.5
Amon-Ra St. Brown,WR,2025,nflreadpy,117.0,172,1401.0,11.0,1,0,1390,570,71,3.2714538965385174,0,56,34,19,1,1.05904166037656,0.31663969119731056,0.3866391169601706,17.0,11.974358974358974,82.41176470588235,321.1,18.88823529411765
Amon-Ra St. Brown,WR,2026,nflreadpy,31.0,46,303.0,5.0,0,0,373,81,17,2.0198672031702922,0,11,8,4,0,0.7538104430961574,0.29370760319277245,0.31776268625999776,4.0,9.774193548387096,75.75,91.3,22.825
Amonte Jones,WR,2024,college_data,11.0,0,90.0,0.0,0,0,0,0,0,,0,0,0,0,0,,,,,8.181818181818182,,20.0,
Amonte Jones,WR,2025,college_data,28.0,0,408.0,1.0,0,0,0,0,0,,0,0,0,0,0,,,,,14.571428571428571,,74.80000000000001,
Amorion Walker,WR,2025,college_data,15.0,0,201.0,1.0,0,0,0,0,0,,0,0,0,0,0,,,,,13.4,,41.1,
Anderson Grover,WR,2024,college_data,59.0,0,782.0,7.0,0,0,0,0,0,,0,0,0,0,0,,,,,13.254237288135593,,179.2,
Andre Cooper II,WR,2025,college_data,22.0,0,350.0,2.0,0,0,0,0,0,,0,0,0,0,0,,,,,15.909090909090908,,69.0,
Andre Craig Jr.,WR,2025,college_data,18.0,0,200.0,0.0,0,0,0,0,0,,0,0,0,0,0,,,,,11.11111111111111,,38.0,
Andre Crawley,WR,2024,college_data,50.0,0,528.0,2.0,0,0,0,0,0,,0,0,0,0,0,,,,,10.56,,114.80000000000001,
Andre Dennis,WR,2025,college_data,34.0,0,565.0,4.0,0,0,0,0,0,,0,0,0,0,0,,,,,16.61764705882353,,114.5,
Andre Holmes,WR,2018,nflreadpy,13.0,24,162.0,0.0,0,0,313,50,8,0.09919087412047455,0,7,5,5,0,0.6723578474311612,0.06303225195610397,0.0958879670818489,13.0,12.461538461538462,12.461538461538462,29.2,2.246153846153846
Andreas Hill,WR,2025,college_data,18.0,0,314.0,3.0,0,0,0,0,0,,0,0,0,0,0,,,,,17.444444444444443,,67.4,
Andrei Iosivas,WR,2023,nflreadpy,15.0,25,116.0,4.0,0,0,215,35,11,0.5956810701496175,0,4,1,0,0,1.1599659895459355,0.06679332031604758,0.10487296558770019,11.0,7.733333333333333,10.545454545454545,50.6,4.6000000000000005
Andrei Iosivas,WR,2024,nflreadpy,36.0,61,479.0,6.0,0,0,692,67,26,1.4096183567461027,0,21,12,7,0,0.6862091370611818,0.09934527477904476,0.1618641300224011,17.0,13.305555555555555,28.176470588235293,119.9,7.052941176470589
Andrei Iosivas,WR,2025,nflreadpy,33.0,58,435.0,2.0,0,0,606,103,24,0.7784505043560739,0,20,10,7,0,0.8058356980746518,0.10200819182678812,0.1311847832961335,15.0,13.181818181818182,29.0,88.5,5.9
Andrel Anthony Jr.,WR,2025,college_data,26.0,0,246.0,5.0,0,0,0,0,0,,0,0,0,0,0,,,,,9.461538461538462,,80.6,
Andrew Armstrong,WR,2024,college_data,78.0,0,1140.0,1.0,0,0,0,0,0,,0,0,0,0,0,,,,,14.615384615384615,,198.0,
Andrew Frazier,WR,2025,college_data,29.0,0,290.0,1.0,0,0,0,0,0,,0,0,0,0,0,,,,,10.0,,64.0,
Andrew Marsh,WR,2025,college_data,45.0,0,651.0,4.0,0,0,0,0,0,,0,0,0,0,0,,,,,14.466666666666667,,134.10000000000002,
Andrew McElroy,WR,2024,college_data,26.0,0,264.0,0.0,0,0,0,0,0,,0,0,0,0,0,,,,,10.153846153846153,,52.400000000000006,
Andy Isabella,WR,2020,nflreadpy,21.0,11,224.0,2.0,11,11,11,11,11,-1.232096352278577,11,11,11,11,11,0.7542138541574701,1.0,1.0,11.0,10.666666666666666,20.363636363636363,55.400000000000006,5.036363636363637
Andy Jones,WR,2018,nflreadpy,11.0,24,80.0,1.0,0,0,219,26,6,-0.7311449478629561,0,2,0,0,0,0.6638101664417453,0.12101712101712102,0.16672936696275995,6.0,7.2727272727272725,13.333333333333334,25.0,4.166666666666667
Anthony Brown,WR,2025,college_data,41.0,0,523.0,2.0,0,0,0,0,0,,0,0,0,0,0,,,,,12.75609756097561,,105.30000000000001,
Anthony Eager,WR,2025,college_data,40.0,0,339.0,1.0,0,0,0,0,0,,0,0,0,0,0,,,,,8.475,,79.9,
Anthony Evans III,WR,2025,college_data,67.0,0,831.0,4.0,0,0,0,0,0,,0,0,0,0,0,,,,,12.402985074626866,,174.10000000000002,
Anthony Feaster,WR,2025,college_data,11.0,0,180.0,0.0,0,0,0,0,0,,0,0,0,0,0,,,,,16.363636363636363,,29.0,
Anthony Garcia,WR,2025,college_data,20.0,0,348.0,2.0,0,0,0,0,0,,0,0,0,0,0,,,,,17.4,,66.80000000000001,
Anthony Ice,WR,2025,college_data,27.0,0,337.0,2.0,0,0,0,0,0,,0,0,0,0,0,,,,,12.481481481481481,,72.7,
Anthony Lowe,WR,2024,college_data,40.0,0,523.0,3.0,0,0,0,0,0,,0,0,0,0,0,,,,,13.075,,110.30000000000001,
Anthony Lowe,WR,2025,college_data,55.0,0,597.0,5.0,0,0,0,0,0,,0,0,0,0,0,,,,,10.854545454545455,,144.7,
Anthony Miller,WR,2018,nflreadpy,36.0,59,457.0,7.0,0,0,681,177,21,1.8783327670936405,0,18,9,7,2,0.9050089659773441,0.11618277774241635,0.13320787152221816,16.0,12.694444444444445,28.5625,123.7,7.73125
Anthony Miller,WR,2019,nflreadpy,52.0,84,656.0,2.0,2,2,861,213,36,1.267705803821249,2,29,17,13,2,0.8301432157095472,0.2573643960529057,0.28828020614734734,16.0,12.615384615384615,41.0,129.60000000000002,8.100000000000001
Anthony Miller,WR,2020,nflreadpy,51.0,17,507.0,2.0,17,17,17,17,17,0.13030369130186018,17,17,17,17,17,1.1368913351657284,1.0,1.0,17.0,9.941176470588236,29.823529411764707,113.69999999999999,6.688235294117646
Anthony Sambucci,WR,2024,college_data,34.0,0,412.0,3.0,0,0,0,0,0,,0,0,0,0,0,,,,,12.117647058823529,,93.2,
Anthony Smith,WR,2024,college_data,41.0,0,799.0,6.0,0,0,0,0,0,,0,0,0,0,0,,,,,19.48780487804878,,156.9,
Anthony Smith,WR,2025,college_data,64.0,0,1053.0,7.0,0,0,0,0,0,,0,0,0,0,0,,,,,16.453125,,211.3,
Antoine Wesley,WR,2021,nflreadpy,19.0,27,208.0,3.0,4,4,221,30,8,-0.759149948223831,5,6,6,5,4,0.5882458175936058,0.5073059484824191,0.5251670203381763,9.0,10.947368421052632,23.11111111111111,59.8,6.644444444444444
Antonio Brown,WR,2018,nflreadpy,104.0,168,1297.0,15.0,0,0,1891,485,63,1.7159146030378807,0,48,23,17,6,0.7631424184567581,0.2673719393572185,0.3754391944342269,15.0,12.471153846153847,86.46666666666667,323.70000000000005,21.580000000000002
Antonio Brown,WR,2020,nflreadpy,53.0,11,564.0,6.0,11,11,11,11,11,2.5046233520439816,11,11,11,11,11,1.0565151778850599,1.0,1.0,11.0,10.641509433962264,51.27272727272727,145.4,13.218181818181819
Antonio Brown,WR,2021,nflreadpy,42.0,25,545.0,4.0,5,5,182,33,14,4.850532975841804,5,12,8,7,5,0.7510608676968324,0.8027545993766966,0.7991788431348871,7.0,12.976190476190476,77.85714285714286,120.5,17.214285714285715
Antonio Callaway,WR,2018,nflreadpy,43.0,79,586.0,5.0,1,1,1093,236,27,-0.8670234329878896,1,20,12,8,3,0.5863629119835365,0.14034743535248287,0.19460989395366995,16.0,13.627906976744185,36.625,131.6,8.225
Antonio Hunter,WR,2025,college_data,23.0,0,275.0,0.0,0,0,0,0,0,,0,0,0,0,0,,,,,11.956521739130435,,50.5,
Antonio Jones,WR,2024,college_data,23.0,0,170.0,1.0,0,0,0,0,0,,0,0,0,0,0,,,,,7.391304347826087,,46.0,
Antonio Meeks,WR,2025,college_data,17.0,0,189.0,1.0,0,0,0,0,0,,0,0,0,0,0,,,,,11.117647058823529,,41.900000000000006,
Antonio Williams,WR,2024,college_data,74.0,0,902.0,11.0,0,0,0,0,0,,0,0,0,0,0,,,,,12.18918918918919,,230.2,
Antonio Williams,WR,2025,college_data,55.0,0,604.0,4.0,0,0,0,0,0,,0,0,0,0,0,,,,,10.981818181818182,,139.4,
Antonio Williams,WR,2026,nflreadpy,12.0,19,124.0,1.0,0,0,220,23,5,0.5547998712281696,0,4,2,1,0,0.7921481868646817,0.14543047103899032,0.16565351746360507,4.0,10.333333333333334,31.0,30.4,7.6
Antwane Wells Jr.,WR,2024,college_data,28.0,0,553.0,6.0,0,0,0,0,0,,0,0,0,0,0,,,,,19.75,,119.30000000000001,
Apollos Cook,WR,2024,college_data,13.0,0,151.0,0.0,0,0,0,0,0,,0,0,0,0,0,,,,,11.615384615384615,,28.1,
Aramoni Rhone,WR,2024,college_data,17.0,0,251.0,2.0,0,0,0,0,0,,0,0,0,0,0,,,,,14.764705882352942,,54.1,
Archie Cox,WR,2025,college_data,14.0,0,248.0,2.0,0,0,0,0,0,,0,0,0,0,0,,,,,17.714285714285715,,50.8,
Ardell Banks,WR,2025,college_data,12.0,0,205.0,2.0,0,0,0,0,0,,0,0,0,0,0,,,,,17.083333333333332,,44.5,
Arhmad Branch,WR,2025,college_data,14.0,0,212.0,2.0,0,0,0,0,0,,0,0,0,0,0,,,,,15.142857142857142,,47.2,
Arian Smith,WR,2024,college_data,48.0,0,817.0,4.0,0,0,0,0,0,,0,0,0,0,0,,,,,17.020833333333332,,153.7,
Arlie Lee,WR,2025,college_data,11.0,0,235.0,2.0,0,0,0,0,0,,0,0,0,0,0,,,,,21.363636363636363,,46.5,
Armand Burris,WR,2025,college_data,13.0,0,153.0,0.0,0,0,0,0,0,,0,0,0,0,0,,,,,11.76923076923077,,28.3,
Armani Winfield,WR,2024,college_data,38.0,0,341.0,2.0,0,0,0,0,0,,0,0,0,0,0,,,,,8.973684210526315,,84.1,
Armani Winfield,WR,2025,college_data,22.0,0,276.0,2.0,0,0,0,0,0,,0,0,0,0,0,,,,,12.545454545454545,,61.6,
Armon Wright,WR,2025,college_data,24.0,0,257.0,2.0,0,0,0,0,0,,0,0,0,0,0,,,,,10.708333333333334,,61.7,
Artis Cole,WR,2024,college_data,12.0,0,152.0,1.0,0,0,0,0,0,,0,0,0,0,0,,,,,12.666666666666666,,33.2,
Asa Gregg,WR,2024,college_data,15.0,0,269.0,2.0,0,0,0,0,0,,0,0,0,0,0,,,,,17.933333333333334,,53.900000000000006,
Asa Gregg,WR,2025,college_data,17.0,0,236.0,2.0,0,0,0,0,0,,0,0,0,0,0,,,,,13.882352941176471,,52.6,
Asaad Waseem,WR,2025,college_data,69.0,0,726.0,5.0,0,0,0,0,0,,0,0,0,0,0,,,,,10.521739130434783,,171.60000000000002,
Ashton Allen,WR,2024,college_data,24.0,0,324.0,2.0,0,0,0,0,0,,0,0,0,0,0,,,,,13.5,,68.4,
Ashton Bethel-Roman,WR,2025,college_data,24.0,0,503.0,5.0,0,0,0,0,0,,0,0,0,0,0,,,,,20.958333333333332,,104.30000000000001,
Ashton Dulin,WR,2021,nflreadpy,13.0,16,173.0,2.0,11,11,94,21,14,0.4976373182241029,11,13,13,13,12,1.156353021978022,0.6988628498439545,0.7058834705222408,16.0,13.307692307692308,10.8125,42.3,2.64375
Ashton Dulin,WR,2022,nflreadpy,15.0,22,207.0,1.0,0,0,252,35,12,1.185769613433097,0,11,4,2,0,1.122618384585803,0.062437616500066837,0.09380239518418367,10.0,13.8,20.7,41.7,4.17
Ashton Maples,WR,2024,college_data,11.0,0,114.0,3.0,0,0,0,0,0,,0,0,0,0,0,,,,,10.363636363636363,,40.4,
Ashtyn Hawkins,WR,2024,college_data,45.0,0,567.0,5.0,0,0,0,0,0,,0,0,0,0,0,,,,,12.6,,131.7,
Ashtyn Hawkins,WR,2025,college_data,53.0,0,621.0,0.0,0,0,0,0,0,,0,0,0,0,0,,,,,11.716981132075471,,115.1,
Auden Tate,WR,2019,nflreadpy,40.0,80,575.0,1.0,1,1,933,134,29,0.6108026951840353,0,29,17,8,0,0.6260349706253295,0.18504511266554877,0.2645398179497333,12.0,14.375,47.916666666666664,101.5,8.458333333333334
Auden Tate,WR,2020,nflreadpy,14.0,8,150.0,0.0,8,8,8,8,8,0.31059515947174055,8,8,8,8,8,1.0947120158887786,1.0,1.0,8.0,10.714285714285714,18.75,29.0,3.625
Austin Bolt,WR,2024,college_data,16.0,0,196.0,4.0,0,0,0,0,0,,0,0,0,0,0,,,,,12.25,,59.6,
Austin Palmer,WR,2025,college_data,21.0,0,287.0,2.0,0,0,0,0,0,,0,0,0,0,0,,,,,13.666666666666666,,61.7,
Austin Urena,WR,2024,college_data,17.0,0,183.0,3.0,0,0,0,0,0,,0,0,0,0,0,,,,,10.764705882352942,,53.3,
Aveion Chenault,WR,2025,college_data,23.0,0,277.0,2.0,0,0,0,0,0,,0,0,0,0,0,,,,,12.043478260869565,,62.7,
Avery Boyd,WR,2024,college_data,25.0,0,316.0,2.0,0,0,0,0,0,,0,0,0,0,0,,,,,12.64,,68.6,
Aviyon Smith-Mack,WR,2024,college_data,14.0,0,239.0,0.0,0,0,0,0,0,,0,0,0,0,0,,,,,17.071428571428573,,37.900000000000006,
Ayden Greene,WR,2024,college_data,19.0,0,268.0,2.0,0,0,0,0,0,,0,0,0,0,0,,,,,14.105263157894736,,57.8,
Ayden Greene,WR,2025,college_data,31.0,0,516.0,3.0,0,0,0,0,0,,0,0,0,0,0,,,,,16.64516129032258,,100.6,
Ayden Price,WR,2025,college_data,20.0,0,365.0,2.0,0,0,0,0,0,,0,0,0,0,0,,,,,18.25,,68.5,
Ayden Williams,WR,2025,college_data,21.0,0,252.0,0.0,0,0,0,0,0,,0,0,0,0,0,,,,,12.0,,46.2,
Aziah Johnson,WR,2024,college_data,16.0,0,276.0,2.0,0,0,0,0,0,,0,0,0,0,0,,,,,17.25,,55.6,
BJ Alexander,WR,2025,college_data,22.0,0,225.0,3.0,0,0,0,0,0,,0,0,0,0,0,,,,,10.227272727272727,,62.5,
BJ Atkins,WR,2025,college_data,27.0,0,376.0,1.0,0,0,0,0,0,,0,0,0,0,0,,,,,13.925925925925926,,70.6,
BJ Fleming,WR,2024,college_data,13.0,0,177.0,1.0,0,0,0,0,0,,0,0,0,0,0,,,,,13.615384615384615,,36.7,
BJ Fleming,WR,2025,college_data,48.0,0,817.0,7.0,0,0,0,0,0,,0,0,0,0,0,,,,,17.020833333333332,,171.7,
BJ Hawkins Jr.,WR,2025,college_data,41.0,0,540.0,5.0,0,0,0,0,0,,0,0,0,0,0,,,,,13.170731707317072,,125.0,
Bailey Stockton,WR,2024,college_data,17.0,0,206.0,1.0,0,0,0,0,0,,0,0,0,0,0,,,,,12.117647058823529,,43.6,
Bailey Stockton,WR,2025,college_data,21.0,0,233.0,0.0,0,0,0,0,0,,0,0,0,0,0,,,,,11.095238095238095,,44.3,
Barion Brown,WR,2024,college_data,29.0,0,361.0,3.0,0,0,0,0,0,,0,0,0,0,0,,,,,12.448275862068966,,83.1,
Barion Brown,WR,2025,college_data,53.0,0,532.0,1.0,0,0,0,0,0,,0,0,0,0,0,,,,,10.037735849056604,,112.2,
Barron Miles Jr.,WR,2025,college_data,15.0,0,144.0,2.0,0,0,0,0,0,,0,0,0,0,0,,,,,9.6,,41.4,
Barry Tate,WR,2025,college_data,15.0,0,81.0,0.0,0,0,0,0,0,,0,0,0,0,0,,,,,5.4,,23.1,
Baylin Brooks,WR,2025,college_data,27.0,0,372.0,0.0,0,0,0,0,0,,0,0,0,0,0,,,,,13.777777777777779,,64.2,
Beau Bankston,WR,2025,college_data,15.0,0,176.0,1.0,0,0,0,0,0,,0,0,0,0,0,,,,,11.733333333333333,,38.6,
Beau Sparks,WR,2024,college_data,25.0,0,271.0,2.0,0,0,0,0,0,,0,0,0,0,0,,,,,10.84,,64.1,
Beau Sparks,WR,2025,college_data,84.0,0,1200.0,10.0,0,0,0,0,0,,0,0,0,0,0,,,,,14.285714285714286,,264.0,
Beaux Collins,WR,2024,college_data,41.0,0,490.0,3.0,0,0,0,0,0,,0,0,0,0,0,,,,,11.951219512195122,,108.0,
Beckett Robinson,WR,2025,college_data,16.0,0,269.0,2.0,0,0,0,0,0,,0,0,0,0,0,,,,,16.8125,,54.900000000000006,
Ben Black,WR,2024,college_data,12.0,0,157.0,1.0,0,0,0,0,0,,0,0,0,0,0,,,,,13.083333333333334,,33.7,
Ben Ferguson,WR,2024,college_data,24.0,0,349.0,3.0,0,0,0,0,0,,0,0,0,0,0,,,,,14.541666666666666,,76.9,
Ben Ford,WR,2025,college_data,21.0,0,325.0,5.0,0,0,0,0,0,,0,0,0,0,0,,,,,15.476190476190476,,83.5,
Ben Moseley,WR,2024,college_data,22.0,0,268.0,0.0,0,0,0,0,0,,0,0,0,0,0,,,,,12.181818181818182,,48.8,
Ben Prosper,WR,2025,college_data,21.0,0,177.0,0.0,0,0,0,0,0,,0,0,0,0,0,,,,,8.428571428571429,,38.7,
Ben Skowronek,WR,2021,nflreadpy,13.0,24,145.0,0.0,6,6,222,45,10,-0.5818837221388777,6,11,7,7,6,0.7479351631932204,0.43521690409621444,0.4478790962147466,15.0,11.153846153846153,9.666666666666666,27.5,1.8333333333333333
Ben Skowronek,WR,2022,nflreadpy,39.0,61,376.0,0.0,0,0,475,142,16,-0.39204426297302625,0,12,8,5,0,0.8739775658066523,0.1374138186257068,0.14892953600647107,14.0,9.64102564102564,26.857142857142858,76.6,5.471428571428571
Benjamin Omayebu,WR,2024,college_data,52.0,0,548.0,0.0,0,0,0,0,0,,0,0,0,0,0,,,,,10.538461538461538,,106.80000000000001,
Bennie Fowler,WR,2018,nflreadpy,16.0,27,199.0,1.0,1,0,261,76,12,1.1148995845171157,0,11,4,3,0,1.8182966447448545,0.07339474238492472,0.08716436438349323,10.0,12.4375,19.9,39.900000000000006,3.9900000000000007
Bennie Fowler,WR,2019,nflreadpy,23.0,36,193.0,0.0,0,0,370,29,12,0.5878786296560949,1,10,1,0,0,0.7250201236474672,0.113363065995939,0.16271417645294226,8.0,8.391304347826088,24.125,44.3,5.5375
Billy Dozier,WR,2024,college_data,11.0,0,51.0,0.0,0,0,0,0,0,,0,0,0,0,0,,,,,4.636363636363637,,16.1,
Bisi Johnson,WR,2019,nflreadpy,33.0,42,311.0,3.0,3,3,393,52,17,0.7152089314465349,3,14,9,4,3,0.9176323354584224,0.30300972645045426,0.3322505423384425,14.0,9.424242424242424,22.214285714285715,82.1,5.864285714285714
Bisi Johnson,WR,2020,nflreadpy,14.0,9,189.0,0.0,9,9,9,9,9,0.5798549700030126,9,9,9,9,9,2.3404761904761906,1.0,1.0,9.0,13.5,21.0,32.900000000000006,3.6555555555555563
Bisi Owens,WR,2024,college_data,35.0,0,538.0,5.0,0,0,0,0,0,,0,0,0,0,0,,,,,15.371428571428572,,118.80000000000001,
Bisi Owens,WR,2025,college_data,66.0,0,696.0,5.0,0,0,0,0,0,,0,0,0,0,0,,,,,10.545454545454545,,165.60000000000002,
Blaine Green,WR,2024,college_data,22.0,0,395.0,3.0,0,0,0,0,0,,0,0,0,0,0,,,,,17.954545454545453,,79.5,
Blaine Green,WR,2025,college_data,37.0,0,426.0,2.0,0,0,0,0,0,,0,0,0,0,0,,,,,11.513513513513514,,91.6,
Blair Conwright,WR,2024,college_data,40.0,0,542.0,7.0,0,0,0,0,0,,0,0,0,0,0,,,,,13.55,,136.2,
Blake Bohannon,WR,2024,college_data,24.0,0,288.0,0.0,0,0,0,0,0,,0,0,0,0,0,,,,,12.0,,52.8,
Blake Bohannon,WR,2025,college_data,38.0,0,505.0,1.0,0,0,0,0,0,,0,0,0,0,0,,,,,13.289473684210526,,94.5,
Blake Thomas,WR,2025,college_data,15.0,0,289.0,3.0,0,0,0,0,0,,0,0,0,0,0,,,,,19.266666666666666,,61.900000000000006,
Blayne Taylor,WR,2024,college_data,73.0,0,1117.0,8.0,0,0,0,0,0,,0,0,0,0,0,,,,,15.301369863013699,,232.7,
Bo Belquist,WR,2024,college_data,65.0,0,932.0,10.0,0,0,0,0,0,,0,0,0,0,0,,,,,14.338461538461539,,218.2,
Bo Melton,WR,2023,nflreadpy,18.0,27,244.0,2.0,0,0,333,38,14,1.788090812912768,0,11,6,3,0,0.6731504453660745,0.14922029903647552,0.20520029431522094,6.0,13.555555555555555,40.666666666666664,54.400000000000006,9.066666666666668
Bobby Golden,WR,2024,college_data,31.0,0,446.0,1.0,0,0,0,0,0,,0,0,0,0,0,,,,,14.387096774193548,,81.6,
Braden Pegan,WR,2025,college_data,60.0,0,925.0,5.0,0,0,0,0,0,,0,0,0,0,0,,,,,15.416666666666666,,182.5,
Braden Reed,WR,2025,college_data,34.0,0,518.0,3.0,0,0,0,0,0,,0,0,0,0,0,,,,,15.235294117647058,,103.80000000000001,
Bradley Schlom,WR,2024,college_data,14.0,0,218.0,2.0,0,0,0,0,0,,0,0,0,0,0,,,,,15.571428571428571,,47.8,
Bradley Schlom,WR,2025,college_data,25.0,0,258.0,1.0,0,0,0,0,0,,0,0,0,0,0,,,,,10.32,,56.8,
Brady Blackburn,WR,2025,college_data,37.0,0,705.0,5.0,0,0,0,0,0,,0,0,0,0,0,,,,,19.054054054054053,,137.5,
Brady Boyd,WR,2025,college_data,46.0,0,743.0,8.0,0,0,0,0,0,,0,0,0,0,0,,,,,16.152173913043477,,168.3,
Brady Hutchison,WR,2024,college_data,43.0,0,535.0,5.0,0,0,0,0,0,,0,0,0,0,0,,,,,12.44186046511628,,126.5,
Brady Hutchison,WR,2025,college_data,35.0,0,287.0,1.0,0,0,0,0,0,,0,0,0,0,0,,,,,8.2,,69.7,
Brady Kluse,WR,2025,college_data,22.0,0,240.0,2.0,0,0,0,0,0,,0,0,0,0,0,,,,,10.909090909090908,,58.0,
Bradyn Anderson,WR,2025,college_data,14.0,0,381.0,2.0,0,0,0,0,0,,0,0,0,0,0,,,,,27.214285714285715,,64.1,
Braeden Wisloski,WR,2025,college_data,26.0,0,358.0,4.0,0,0,0,0,0,,0,0,0,0,0,,,,,13.76923076923077,,85.80000000000001,
Bralon Brown,WR,2024,college_data,15.0,0,166.0,2.0,0,0,0,0,0,,0,0,0,0,0,,,,,11.066666666666666,,43.6,
Bralon Brown,WR,2025,college_data,30.0,0,353.0,2.0,0,0,0,0,0,,0,0,0,0,0,,,,,11.766666666666667,,77.30000000000001,
Branden Alvarez,WR,2024,college_data,36.0,0,480.0,5.0,0,0,0,0,0,,0,0,0,0,0,,,,,13.333333333333334,,114.0,
Branden Hoch,WR,2025,college_data,12.0,0,177.0,0.0,0,0,0,0,0,,0,0,0,0,0,,,,,14.75,,29.7,
Brandin Cooks,WR,2018,nflreadpy,99.0,144,1496.0,5.0,1,0,1863,420,70,3.639354704442397,0,63,40,28,4,0.894527573221344,0.23572885098616198,0.33275339710890744,18.0,15.11111111111111,83.11111111111111,276.6,15.366666666666667
Brandin Cooks,WR,2019,nflreadpy,42.0,68,583.0,2.0,1,1,949,163,30,1.2577964570879625,1,28,15,9,2,1.4897222424776035,0.19213784346655854,0.27997334412250774,14.0,13.880952380952381,41.642857142857146,112.30000000000001,8.021428571428572
Brandin Cooks,WR,2020,nflreadpy,81.0,15,1150.0,6.0,15,15,15,15,15,3.2174092854851994,15,15,15,15,15,0.8119449176552478,1.0,1.0,15.0,14.197530864197532,76.66666666666667,232.0,15.466666666666667
Brandin Cooks,WR,2021,nflreadpy,90.0,53,1037.0,6.0,11,11,367,203,25,1.5313160865866462,11,24,18,15,12,0.7920885031479635,0.7678084935897436,0.7912485736215428,16.0,11.522222222222222,64.8125,229.7,14.35625
Brandin Cooks,WR,2022,nflreadpy,57.0,93,699.0,3.0,0,0,1013,205,29,0.38798734341927954,0,24,19,13,3,0.7660961198418955,0.2113526479130074,0.29219083843073757,13.0,12.263157894736842,53.76923076923077,144.9,11.146153846153847
Brandin Cooks,WR,2023,nflreadpy,60.0,89,704.0,8.0,1,0,1162,126,42,2.0453822557437,1,24,18,11,0,0.7035759477351595,0.14273273517262897,0.22453390087001618,17.0,11.733333333333333,41.411764705882355,178.4,10.494117647058824
Brandin Cooks,WR,2024,nflreadpy,26.0,54,259.0,3.0,0,0,634,55,19,-1.1122766286566896,0,11,6,3,0,0.5751777715446383,0.16577215924300762,0.2412010322211977,10.0,9.961538461538462,25.9,69.9,6.99
Brandin Cooks,WR,2025,nflreadpy,29.0,47,357.0,0.0,0,0,779,54,18,1.2964553162179753,0,13,5,5,1,0.7322088261917533,0.09595022015724847,0.21820018321206902,15.0,12.310344827586206,23.8,64.7,4.3133333333333335
Brandon Aiyuk,WR,2020,nflreadpy,60.0,12,748.0,5.0,12,12,12,12,12,2.0250750176793386,12,12,12,12,12,0.6983459159655722,1.0,1.0,12.0,12.466666666666667,62.333333333333336,164.8,13.733333333333334
Brandon Aiyuk,WR,2021,nflreadpy,65.0,67,961.0,5.0,10,10,603,282,37,2.3705956682851124,10,38,29,23,11,1.070498196571741,0.5989133583484221,0.637934709834471,20.0,14.784615384615385,48.05,191.10000000000002,9.555000000000001
Brandon Aiyuk,WR,2022,nflreadpy,84.0,124,1124.0,8.0,1,1,1328,399,53,2.4016311574897675,0,52,28,19,1,1.3001661142653218,0.210871762795308,0.3195745277679215,20.0,13.380952380952381,56.2,242.4,12.120000000000001
Brandon Aiyuk,WR,2023,nflreadpy,84.0,125,1491.0,8.0,1,1,1748,389,70,4.7411986142374785,0,66,40,30,4,0.8731922492373471,0.23820841898881825,0.37924820061720693,19.0,17.75,78.47368421052632,279.1,14.689473684210528
Brandon Aiyuk,WR,2024,nflreadpy,25.0,47,374.0,0.0,0,0,556,107,19,1.830628197496645,0,17,8,5,1,0.6452961083260688,0.22194860612546932,0.26709802377241737,7.0,14.96,53.42857142857143,62.4,8.914285714285715
Brandon Binkowski,WR,2025,college_data,11.0,0,99.0,2.0,0,0,0,0,0,,0,0,0,0,0,,,,,9.0,,32.9,
Brandon Chatman,WR,2024,college_data,18.0,0,257.0,4.0,0,0,0,0,0,,0,0,0,0,0,,,,,14.277777777777779,,67.7,
Brandon Chatman,WR,2025,college_data,17.0,0,159.0,0.0,0,0,0,0,0,,0,0,0,0,0,,,,,9.352941176470589,,32.9,
Brandon Fitez,WR,2024,college_data,16.0,0,183.0,0.0,0,0,0,0,0,,0,0,0,0,0,,,,,11.4375,,34.3,
Brandon Hayes,WR,2024,college_data,11.0,0,72.0,3.0,0,0,0,0,0,,0,0,0,0,0,,,,,6.545454545454546,,36.2,
Brandon Hayes,WR,2025,college_data,19.0,0,227.0,2.0,0,0,0,0,0,,0,0,0,0,0,,,,,11.947368421052632,,53.7,
Brandon Inniss,WR,2024,college_data,14.0,0,176.0,1.0,0,0,0,0,0,,0,0,0,0,0,,,,,12.571428571428571,,37.6,
Brandon Inniss,WR,2025,college_data,36.0,0,271.0,3.0,0,0,0,0,0,,0,0,0,0,0,,,,,7.527777777777778,,81.1,
Brandon Johnson,WR,2023,nflreadpy,19.0,30,284.0,4.0,0,0,328,89,12,2.1361654551656706,1,11,7,6,1,0.6188984817998902,0.09849592537092537,0.1343370682779693,10.0,14.947368421052632,28.4,73.4,7.340000000000001
Brandon LaFell,WR,2018,nflreadpy,12.0,16,135.0,2.0,0,0,133,53,9,2.3863601893275503,0,8,2,1,0,1.1250153520314812,0.14107142857142857,0.16879752518815314,4.0,11.25,33.75,37.5,9.375
Brandon Marshall,WR,2018,nflreadpy,11.0,23,136.0,1.0,0,0,257,23,7,-0.41906389372685005,0,7,3,2,0,0.586250156219454,0.13662436724221622,0.1656394858446968,6.0,12.363636363636363,22.666666666666668,30.6,5.1000000000000005
Brandon Powell,WR,2018,nflreadpy,11.0,17,129.0,0.0,0,0,57,115,6,0.9614222162546329,0,5,2,1,1,0.962772869022869,0.08315295815295815,0.036080718770824666,6.0,11.727272727272727,21.5,23.9,3.983333333333333
Brandon Powell,WR,2020,nflreadpy,12.0,15,69.0,2.0,15,15,15,15,15,-0.4972534141596956,15,15,15,15,15,0.4671436588103255,1.0,1.0,15.0,5.75,4.6,30.9,2.06
Brandon Powell,WR,2022,nflreadpy,24.0,32,156.0,0.0,0,0,48,184,7,0.007340000141239335,0,6,2,0,0,1.7817460317460319,0.07171914503624816,0.01092333025897131,17.0,6.5,9.176470588235293,39.6,2.3294117647058825
Brandon Powell,WR,2023,nflreadpy,29.0,44,324.0,1.0,0,0,332,104,18,-0.11290085005413776,0,13,8,6,0,0.9263100934153565,0.07340490875523314,0.06919725603104673,17.0,11.172413793103448,19.058823529411764,67.4,3.9647058823529413
Brandon White,WR,2025,college_data,38.0,0,399.0,2.0,0,0,0,0,0,,0,0,0,0,0,,,,,10.5,,89.9,
Brandon Zylstra,WR,2021,nflreadpy,18.0,19,250.0,1.0,8,8,144,37,11,1.0155895767254859,8,10,9,8,8,1.5860066179031695,0.6917989417989419,0.7054648910997458,12.0,13.88888888888889,20.833333333333332,49.0,4.083333333333333
Braxton Berrios,WR,2020,nflreadpy,37.0,16,394.0,3.0,16,16,16,16,16,0.3321876507114,16,16,16,16,16,2.2434167951571196,1.0,1.0,16.0,10.64864864864865,24.625,94.4,5.9
Braxton Berrios,WR,2021,nflreadpy,46.0,43,431.0,2.0,11,11,144,210,24,0.5218250330809193,10,20,13,12,11,1.2899008751292735,0.6962113369722065,0.6634022531250332,16.0,9.369565217391305,26.9375,99.1,6.19375
Braxton Berrios,WR,2022,nflreadpy,18.0,32,145.0,0.0,0,0,218,92,8,-0.6427923638424248,0,5,2,2,0,0.9310878859099658,0.05627262405755671,0.03745732526093333,17.0,8.055555555555555,8.529411764705882,32.5,1.911764705882353
Braxton Berrios,WR,2023,nflreadpy,27.0,34,238.0,1.0,0,0,244,85,15,0.6994406532716572,0,13,3,1,0,1.8545578955854318,0.06026400937203252,0.0559393716498528,17.0,8.814814814814815,14.0,56.8,3.341176470588235
Brayden Miller,WR,2024,college_data,22.0,0,287.0,1.0,0,0,0,0,0,,0,0,0,0,0,,,,,13.045454545454545,,56.7,
Brayden Munroe,WR,2024,college_data,37.0,0,447.0,3.0,0,0,0,0,0,,0,0,0,0,0,,,,,12.08108108108108,,99.7,
Brayden Munroe,WR,2025,college_data,46.0,0,696.0,3.0,0,0,0,0,0,,0,0,0,0,0,,,,,15.130434782608695,,133.60000000000002,
Brayden Smith,WR,2024,college_data,29.0,0,390.0,5.0,0,0,0,0,0,,0,0,0,0,0,,,,,13.448275862068966,,98.0,
Brayden Smith,WR,2025,college_data,61.0,0,734.0,7.0,0,0,0,0,0,,0,0,0,0,0,,,,,12.032786885245901,,176.4,
Braydon Black,WR,2025,college_data,13.0,0,137.0,0.0,0,0,0,0,0,,0,0,0,0,0,,,,,10.538461538461538,,26.700000000000003,
Braylen Walker,WR,2024,college_data,22.0,0,264.0,1.0,0,0,0,0,0,,0,0,0,0,0,,,,,12.0,,54.400000000000006,
Braylon Finney,WR,2025,college_data,11.0,0,187.0,0.0,0,0,0,0,0,,0,0,0,0,0,,,,,17.0,,29.7,
Braylon Henderson,WR,2024,college_data,29.0,0,331.0,2.0,0,0,0,0,0,,0,0,0,0,0,,,,,11.413793103448276,,74.1,
Braylon Knauth,WR,2025,college_data,16.0,0,240.0,2.0,0,0,0,0,0,,0,0,0,0,0,,,,,15.0,,52.0,
Braylon Staley,WR,2025,college_data,68.0,0,837.0,6.0,0,0,0,0,0,,0,0,0,0,0,,,,,12.308823529411764,,187.7,
Brendan Jenkins,WR,2024,college_data,48.0,0,576.0,3.0,0,0,0,0,0,,0,0,0,0,0,,,,,12.0,,123.6,
Brendan Lee,WR,2024,college_data,14.0,0,238.0,2.0,0,0,0,0,0,,0,0,0,0,0,,,,,17.0,,49.8,
Brendan Lee,WR,2025,college_data,31.0,0,312.0,1.0,0,0,0,0,0,,0,0,0,0,0,,,,,10.064516129032258,,68.2,
Brenden Hodge,WR,2025,college_data,14.0,0,215.0,0.0,0,0,0,0,0,,0,0,0,0,0,,,,,15.357142857142858,,35.5,
Brenen Thompson,WR,2024,college_data,19.0,0,230.0,2.0,0,0,0,0,0,,0,0,0,0,0,,,,,12.105263157894736,,54.0,
Brenen Thompson,WR,2025,college_data,57.0,0,1054.0,6.0,0,0,0,0,0,,0,0,0,0,0,,,,,18.49122807017544,,198.4,
Brennan Presley,WR,2024,college_data,89.0,0,764.0,7.0,0,0,0,0,0,,0,0,0,0,0,,,,,8.584269662921349,,207.4,
Brennan Ridley,WR,2024,college_data,50.0,0,596.0,4.0,0,0,0,0,0,,0,0,0,0,0,,,,,11.92,,133.6,
Breshad Perriman,WR,2018,nflreadpy,16.0,25,340.0,2.0,0,0,459,75,13,1.9239862038753928,0,12,10,4,2,1.0816102935409007,0.07396758238409676,0.14614043959623704,10.0,21.25,34.0,62.0,6.2
Breshad Perriman,WR,2019,nflreadpy,36.0,51,645.0,6.0,2,2,733,94,22,2.0457349354927663,2,17,13,12,3,0.5236423219535945,0.23554593131345727,0.276670849793738,14.0,17.916666666666668,46.07142857142857,136.5,9.75
Breshad Perriman,WR,2020,nflreadpy,30.0,12,505.0,3.0,12,12,12,12,12,0.07999348727860138,12,12,12,12,12,0.8102105948282642,1.0,1.0,12.0,16.833333333333332,42.083333333333336,98.5,8.208333333333334
Breshad Perriman,WR,2021,nflreadpy,12.0,18,172.0,1.0,1,1,117,100,5,0.7944314755354398,1,4,4,4,2,1.295095543499866,0.23412572504211449,0.22868924090730805,6.0,14.333333333333334,28.666666666666668,35.2,5.866666666666667
Brett Eskildsen,WR,2025,college_data,30.0,0,526.0,5.0,0,0,0,0,0,,0,0,0,0,0,,,,,17.533333333333335,,112.6,
Breylin Smith,WR,2024,college_data,17.0,0,195.0,1.0,0,0,0,0,0,,0,0,0,0,0,,,,,11.470588235294118,,42.5,
Breylin Smith,WR,2025,college_data,20.0,0,125.0,0.0,0,0,0,0,0,,0,0,0,0,0,,,,,6.25,,32.5,
Brian Rowe Jr.,WR,2025,college_data,19.0,0,149.0,1.0,0,0,0,0,0,,0,0,0,0,0,,,,,7.842105263157895,,39.9,
Brian Thomas Jr.,WR,2024,nflreadpy,87.0,133,1282.0,10.0,0,0,1542,562,53,3.190764300191828,2,41,28,18,7,0.9492515167613164,0.25452063575429756,0.3637541827858536,17.0,14.735632183908047,75.41176470588235,279.20000000000005,16.423529411764708
Brian Thomas Jr.,WR,2025,nflreadpy,50.0,93,728.0,3.0,0,0,1335,160,35,1.3645209579926234,0,31,19,11,1,0.6090703044947424,0.1846830478946834,0.2995371421582291,15.0,14.56,48.53333333333333,140.8,9.386666666666667
Brigham Dunphy,WR,2024,college_data,25.0,0,303.0,1.0,0,0,0,0,0,,0,0,0,0,0,,,,,12.12,,61.3,
Brigham Dunphy,WR,2025,college_data,15.0,0,155.0,0.0,0,0,0,0,0,,0,0,0,0,0,,,,,10.333333333333334,,30.5,
Brock Biestek,WR,2025,college_data,21.0,0,205.0,0.0,0,0,0,0,0,,0,0,0,0,0,,,,,9.761904761904763,,41.5,
Brock Montgomery,WR,2025,college_data,20.0,0,203.0,0.0,0,0,0,0,0,,0,0,0,0,0,,,,,10.15,,40.3,
Brock Rechsteiner,WR,2024,college_data,16.0,0,241.0,2.0,0,0,0,0,0,,0,0,0,0,0,,,,,15.0625,,52.1,
Brock Rechsteiner,WR,2025,college_data,36.0,0,383.0,5.0,0,0,0,0,0,,0,0,0,0,0,,,,,10.63888888888889,,104.30000000000001,
Brock Spalding,WR,2025,college_data,42.0,0,554.0,3.0,0,0,0,0,0,,0,0,0,0,0,,,,,13.19047619047619,,115.4,
Brodrick Malone,WR,2025,college_data,22.0,0,242.0,2.0,0,0,0,0,0,,0,0,0,0,0,,,,,11.0,,58.2,
Brody Reina,WR,2024,college_data,25.0,0,432.0,6.0,0,0,0,0,0,,0,0,0,0,0,,,,,17.28,,104.2,
Brody Reina,WR,2025,college_data,22.0,0,274.0,4.0,0,0,0,0,0,,0,0,0,0,0,,,,,12.454545454545455,,73.4,
Bronson England,WR,2025,college_data,17.0,0,181.0,1.0,0,0,0,0,0,,0,0,0,0,0,,,,,10.647058823529411,,41.1,
Brooks Davis,WR,2025,college_data,54.0,0,698.0,5.0,0,0,0,0,0,,0,0,0,0,0,,,,,12.925925925925926,,153.8,
Brooks Wheatley,WR,2025,college_data,16.0,0,182.0,1.0,0,0,0,0,0,,0,0,0,0,0,,,,,11.375,,40.2,
Bru McCoy,WR,2024,college_data,39.0,0,472.0,2.0,0,0,0,0,0,,0,0,0,0,0,,,,,12.102564102564102,,98.2,
Bruce Ellington,WR,2018,nflreadpy,31.0,42,224.0,1.0,0,0,204,108,14,0.12209856625054703,0,11,3,2,0,1.2401127488795443,0.18422351883566593,0.10763969520288617,7.0,7.225806451612903,32.0,59.400000000000006,8.485714285714286
Bryan Domino,WR,2025,college_data,17.0,0,106.0,1.0,0,0,0,0,0,,0,0,0,0,0,,,,,6.235294117647059,,33.6,
Bryan Edwards,WR,2020,nflreadpy,11.0,9,193.0,1.0,9,9,9,9,9,1.3147069762167558,9,9,9,9,9,0.7782946687678146,1.0,1.0,9.0,17.545454545454547,21.444444444444443,36.3,4.033333333333333
Bryan Edwards,WR,2021,nflreadpy,37.0,36,612.0,3.0,11,10,286,69,19,1.110302996101086,10,18,16,11,10,0.8907841699768897,0.6283851389671258,0.6404274238234979,17.0,16.54054054054054,36.0,114.19999999999999,6.717647058823529
Bryant Wesco Jr.,WR,2024,college_data,41.0,0,708.0,5.0,0,0,0,0,0,,0,0,0,0,0,,,,,17.26829268292683,,141.8,
Bryant Wesco Jr.,WR,2025,college_data,31.0,0,537.0,6.0,0,0,0,0,0,,0,0,0,0,0,,,,,17.322580645161292,,120.7,
Bryce Bailey,WR,2025,college_data,37.0,0,491.0,5.0,0,0,0,0,0,,0,0,0,0,0,,,,,13.27027027027027,,116.1,
Bryce Bohanon,WR,2025,college_data,31.0,0,417.0,2.0,0,0,0,0,0,,0,0,0,0,0,,,,,13.451612903225806,,84.7,
Bryce Farrell,WR,2025,college_data,28.0,0,447.0,2.0,0,0,0,0,0,,0,0,0,0,0,,,,,15.964285714285714,,84.7,
Bryce Kirtz,WR,2024,college_data,39.0,0,598.0,0.0,0,0,0,0,0,,0,0,0,0,0,,,,,15.333333333333334,,98.80000000000001,
Bryce Lance,WR,2024,college_data,75.0,0,1054.0,17.0,0,0,0,0,0,,0,0,0,0,0,,,,,14.053333333333333,,282.4,
Bryce Lance,WR,2025,college_data,51.0,0,1079.0,8.0,0,0,0,0,0,,0,0,0,0,0,,,,,21.15686274509804,,206.9,
Bryce Parker,WR,2024,college_data,25.0,0,388.0,4.0,0,0,0,0,0,,0,0,0,0,0,,,,,15.52,,87.80000000000001,
Bryce Parker,WR,2025,college_data,13.0,0,240.0,3.0,0,0,0,0,0,,0,0,0,0,0,,,,,18.46153846153846,,55.0,
Bryce Yates,WR,2025,college_data,11.0,0,202.0,1.0,0,0,0,0,0,,0,0,0,0,0,,,,,18.363636363636363,,37.2,
Brycen Tremayne,WR,2025,nflreadpy,14.0,19,160.0,0.0,1,0,160,58,7,0.7012292142497755,0,5,3,3,0,1.0422384365932753,0.036194303670408434,0.05624949897290243,16.0,11.428571428571429,10.0,28.0,1.75
Bryson Canty,WR,2024,college_data,42.0,0,708.0,8.0,0,0,0,0,0,,0,0,0,0,0,,,,,16.857142857142858,,160.8,
Bryson Graves,WR,2024,college_data,27.0,0,327.0,2.0,0,0,0,0,0,,0,0,0,0,0,,,,,12.11111111111111,,71.7,
Bryson Graves,WR,2025,college_data,35.0,0,330.0,2.0,0,0,0,0,0,,0,0,0,0,0,,,,,9.428571428571429,,80.0,
Bryson Green,WR,2024,college_data,17.0,0,219.0,2.0,0,0,0,0,0,,0,0,0,0,0,,,,,12.882352941176471,,50.900000000000006,
Byron Pringle,WR,2019,nflreadpy,12.0,18,170.0,1.0,2,2,180,65,9,1.1931800703944948,2,9,6,5,2,3.2905345471521943,0.17440038645395786,0.17441853472171828,14.0,14.166666666666666,12.142857142857142,35.0,2.5
Byron Pringle,WR,2020,nflreadpy,19.0,10,199.0,1.0,10,10,10,10,10,1.7621673921858019,10,10,10,10,10,0.9920789952919109,1.0,1.0,10.0,10.473684210526315,19.9,44.900000000000006,4.49
Byron Pringle,WR,2021,nflreadpy,54.0,55,650.0,8.0,10,10,341,121,32,2.1179240741774255,10,26,16,13,10,1.14833327516977,0.592839600852614,0.6008538860110314,19.0,12.037037037037036,34.21052631578947,167.0,8.789473684210526
Byron Pringle,WR,2023,nflreadpy,14.0,22,161.0,0.0,0,0,297,31,7,0.08830525531084277,0,10,4,1,0,0.8056501230516817,0.04273312785756224,0.0728458540069079,13.0,11.5,12.384615384615385,30.1,2.3153846153846156
Byron Shipman,WR,2024,college_data,14.0,0,163.0,1.0,0,0,0,0,0,,0,0,0,0,0,,,,,11.642857142857142,,36.3,
C.J. Board,WR,2020,nflreadpy,11.0,11,101.0,0.0,11,11,11,11,11,0.2600129537879386,11,11,11,11,11,0.7949346234370389,1.0,1.0,11.0,9.181818181818182,9.181818181818182,21.1,1.9181818181818182
C.J. Daniels,WR,2024,college_data,42.0,0,480.0,0.0,0,0,0,0,0,,0,0,0,0,0,,,,,11.428571428571429,,90.0,
C.J. Daniels,WR,2025,college_data,50.0,0,557.0,7.0,0,0,0,0,0,,0,0,0,0,0,,,,,11.14,,147.7,
C.J. Hutton,WR,2024,college_data,48.0,0,630.0,2.0,0,0,0,0,0,,0,0,0,0,0,,,,,13.125,,123.0,
CJ Adams,WR,2025,college_data,17.0,0,238.0,3.0,0,0,0,0,0,,0,0,0,0,0,,,,,14.0,,58.8,
CJ Brown,WR,2025,college_data,28.0,0,319.0,3.0,0,0,0,0,0,,0,0,0,0,0,,,,,11.392857142857142,,77.9,
CJ Johnson II,WR,2024,college_data,11.0,0,121.0,0.0,0,0,0,0,0,,0,0,0,0,0,,,,,11.0,,23.1,
CJ Nelson,WR,2024,college_data,21.0,0,292.0,1.0,0,0,0,0,0,,0,0,0,0,0,,,,,13.904761904761905,,56.2,
CJ Nelson,WR,2025,college_data,22.0,0,393.0,3.0,0,0,0,0,0,,0,0,0,0,0,,,,,17.863636363636363,,79.30000000000001,
CJ Williams,WR,2024,college_data,16.0,0,248.0,2.0,0,0,0,0,0,,0,0,0,0,0,,,,,15.5,,52.8,
CJ Williams,WR,2025,college_data,60.0,0,757.0,6.0,0,0,0,0,0,,0,0,0,0,0,,,,,12.616666666666667,,171.7,
Cade Harris,WR,2024,college_data,23.0,0,368.0,2.0,0,0,0,0,0,,0,0,0,0,0,,,,,16.0,,71.80000000000001,
Cade Harris,WR,2025,college_data,35.0,0,584.0,2.0,0,0,0,0,0,,0,0,0,0,0,,,,,16.685714285714287,,105.4,
Cade McDonald,WR,2024,college_data,52.0,0,631.0,3.0,0,0,0,0,0,,0,0,0,0,0,,,,,12.134615384615385,,133.1,
Cade Wolford,WR,2025,college_data,19.0,0,509.0,7.0,0,0,0,0,0,,0,0,0,0,0,,,,,26.789473684210527,,111.9,
Caden Burti,WR,2024,college_data,21.0,0,223.0,3.0,0,0,0,0,0,,0,0,0,0,0,,,,,10.619047619047619,,61.3,
Caden Burti,WR,2025,college_data,20.0,0,309.0,1.0,0,0,0,0,0,,0,0,0,0,0,,,,,15.45,,56.900000000000006,
Caden Dennis,WR,2024,college_data,32.0,0,245.0,1.0,0,0,0,0,0,,0,0,0,0,0,,,,,7.65625,,62.5,
Caden Dennis,WR,2025,college_data,19.0,0,236.0,1.0,0,0,0,0,0,,0,0,0,0,0,,,,,12.421052631578947,,48.6,
Caden High,WR,2024,college_data,60.0,0,876.0,6.0,0,0,0,0,0,,0,0,0,0,0,,,,,14.6,,183.60000000000002,
Caden High,WR,2025,college_data,37.0,0,414.0,1.0,0,0,0,0,0,,0,0,0,0,0,,,,,11.18918918918919,,84.4,
Caleb Borders,WR,2024,college_data,19.0,0,257.0,1.0,0,0,0,0,0,,0,0,0,0,0,,,,,13.526315789473685,,50.7,
Caleb Borders,WR,2025,college_data,27.0,0,468.0,4.0,0,0,0,0,0,,0,0,0,0,0,,,,,17.333333333333332,,97.80000000000001,
Caleb Brownlow,WR,2025,college_data,15.0,0,172.0,2.0,0,0,0,0,0,,0,0,0,0,0,,,,,11.466666666666667,,44.2,
Caleb Burke,WR,2024,college_data,49.0,0,688.0,6.0,0,0,0,0,0,,0,0,0,0,0,,,,,14.040816326530612,,153.8,
Caleb Burke,WR,2025,college_data,51.0,0,764.0,3.0,0,0,0,0,0,,0,0,0,0,0,,,,,14.980392156862745,,145.4,
Caleb Coombs,WR,2025,college_data,37.0,0,277.0,0.0,0,0,0,0,0,,0,0,0,0,0,,,,,7.486486486486487,,64.7,
Caleb Douglas,WR,2024,college_data,60.0,0,880.0,6.0,0,0,0,0,0,,0,0,0,0,0,,,,,14.666666666666666,,184.0,
Caleb Douglas,WR,2025,college_data,53.0,0,830.0,7.0,0,0,0,0,0,,0,0,0,0,0,,,,,15.660377358490566,,178.0,
Caleb Goodie,WR,2024,college_data,21.0,0,436.0,4.0,0,0,0,0,0,,0,0,0,0,0,,,,,20.761904761904763,,88.6,
Caleb Goodie,WR,2025,college_data,29.0,0,484.0,2.0,0,0,0,0,0,,0,0,0,0,0,,,,,16.689655172413794,,89.4,
Caleb Gossett,WR,2024,college_data,16.0,0,158.0,0.0,0,0,0,0,0,,0,0,0,0,0,,,,,9.875,,31.8,
Caleb Gossett,WR,2025,college_data,12.0,0,162.0,0.0,0,0,0,0,0,,0,0,0,0,0,,,,,13.5,,28.2,
Caleb Medford,WR,2024,college_data,18.0,0,336.0,3.0,0,0,0,0,0,,0,0,0,0,0,,,,,18.666666666666668,,69.6,
Calvin Austin III,WR,2023,nflreadpy,18.0,32,187.0,2.0,0,0,389,74,8,-0.1109627623599125,0,6,1,1,1,0.6448077263866737,0.06128151528230994,0.10975264502015722,17.0,10.38888888888889,11.0,48.7,2.864705882352941
Calvin Austin III,WR,2024,nflreadpy,37.0,60,573.0,4.0,0,0,785,153,19,1.3671384060609135,0,20,14,11,3,0.724580792804773,0.1280738091090744,0.18712037298763412,18.0,15.486486486486486,31.833333333333332,118.30000000000001,6.572222222222223
Calvin Austin III,WR,2025,nflreadpy,34.0,61,380.0,3.0,0,0,712,131,16,-0.38214571896376426,0,15,10,5,0,0.872651230083149,0.13508797032092895,0.2621756564227772,15.0,11.176470588235293,25.333333333333332,90.0,6.0
Calvin Jones,WR,2024,college_data,21.0,0,246.0,0.0,0,0,0,0,0,,0,0,0,0,0,,,,,11.714285714285714,,45.6,
Calvin Jones,WR,2025,college_data,61.0,0,654.0,6.0,0,0,0,0,0,,0,0,0,0,0,,,,,10.721311475409836,,162.4,
Calvin Ridley,WR,2018,nflreadpy,64.0,92,821.0,10.0,2,1,936,364,39,2.218513890527028,0,31,13,11,4,0.9559307136076545,0.155810662075281,0.18118065051970958,16.0,12.828125,51.3125,202.10000000000002,12.631250000000001
Calvin Ridley,WR,2019,nflreadpy,63.0,93,866.0,7.0,0,0,1246,138,47,3.5964702414571996,1,41,24,12,0,0.7349149878472481,0.17495443155231022,0.26626878165887274,13.0,13.746031746031745,66.61538461538461,193.60000000000002,14.892307692307694
Calvin Ridley,WR,2020,nflreadpy,90.0,15,1374.0,9.0,15,15,15,15,15,3.3388330747668764,15,15,15,15,15,0.694942975164393,1.0,1.0,15.0,15.266666666666667,91.6,281.4,18.759999999999998
Calvin Ridley,WR,2021,nflreadpy,31.0,5,281.0,2.0,5,5,5,5,5,1.5802469347408077,5,5,5,5,5,0.6010512465083664,1.0,1.0,5.0,9.064516129032258,56.2,71.1,14.219999999999999
Calvin Ridley,WR,2023,nflreadpy,76.0,136,1016.0,8.0,1,0,1771,194,49,1.9047614244437856,1,43,23,17,2,0.6177404596565669,0.22529317548962127,0.35841072803406226,17.0,13.368421052631579,59.76470588235294,225.60000000000002,13.270588235294118
Calvin Ridley,WR,2024,nflreadpy,64.0,120,1017.0,4.0,0,0,1883,231,40,1.6575387716638919,0,40,26,19,4,0.530566022101987,0.2380681355987916,0.43161843474175965,17.0,15.890625,59.8235294117647,189.7,11.158823529411764
Calvin Ridley,WR,2025,nflreadpy,17.0,36,303.0,0.0,0,0,453,84,13,1.7458892902664673,0,12,8,7,1,0.8671887382005791,0.1681893336286538,0.2441702115822781,7.0,17.823529411764707,43.285714285714285,47.3,6.757142857142857
Cam Camper,WR,2024,college_data,58.0,0,903.0,4.0,0,0,0,0,0,,0,0,0,0,0,,,,,15.568965517241379,,172.3,
Cam Coleman,WR,2024,college_data,37.0,0,598.0,8.0,0,0,0,0,0,,0,0,0,0,0,,,,,16.16216216216216,,144.8,
Cam Coleman,WR,2025,college_data,57.0,0,725.0,5.0,0,0,0,0,0,,0,0,0,0,0,,,,,12.719298245614034,,159.5,
Cam Henry,WR,2025,college_data,33.0,0,427.0,2.0,0,0,0,0,0,,0,0,0,0,0,,,,,12.93939393939394,,87.7,
Cam Jefferson,WR,2025,college_data,19.0,0,277.0,2.0,0,0,0,0,0,,0,0,0,0,0,,,,,14.578947368421053,,58.7,
Cam Pedro,WR,2024,college_data,83.0,0,889.0,4.0,0,0,0,0,0,,0,0,0,0,0,,,,,10.710843373493976,,195.9,
Cam Pedro,WR,2025,college_data,65.0,0,814.0,4.0,0,0,0,0,0,,0,0,0,0,0,,,,,12.523076923076923,,170.4,
Cam Pickett,WR,2024,college_data,49.0,0,528.0,2.0,0,0,0,0,0,,0,0,0,0,0,,,,,10.775510204081632,,113.80000000000001,
Cam Pickett,WR,2025,college_data,45.0,0,449.0,3.0,0,0,0,0,0,,0,0,0,0,0,,,,,9.977777777777778,,107.9,
Cam Pygatt,WR,2024,college_data,36.0,0,503.0,2.0,0,0,0,0,0,,0,0,0,0,0,,,,,13.972222222222221,,98.30000000000001,
Cam Sims,WR,2020,nflreadpy,39.0,14,581.0,1.0,14,14,14,14,14,1.8621019537468653,14,14,14,14,14,1.496554690307921,1.0,1.0,14.0,14.897435897435898,41.5,103.1,7.364285714285714
Cam Sims,WR,2021,nflreadpy,15.0,20,211.0,2.0,6,6,201,15,12,0.8951436545556941,6,12,10,7,7,0.8864358869744426,0.5383689839572192,0.5672418529906379,12.0,14.066666666666666,17.583333333333332,48.1,4.008333333333334
Cam Thompson,WR,2024,college_data,27.0,0,388.0,3.0,0,0,0,0,0,,0,0,0,0,0,,,,,14.37037037037037,,83.80000000000001,
Cam Vaughn,WR,2024,college_data,49.0,0,804.0,5.0,0,0,0,0,0,,0,0,0,0,0,,,,,16.408163265306122,,159.4,
Cam Vaughn,WR,2025,college_data,35.0,0,540.0,4.0,0,0,0,0,0,,0,0,0,0,0,,,,,15.428571428571429,,113.0,
Cam'Ron Lacy,WR,2024,college_data,20.0,0,190.0,0.0,0,0,0,0,0,,0,0,0,0,0,,,,,9.5,,39.0,
Cam'Ron Lacy,WR,2025,college_data,38.0,0,529.0,3.0,0,0,0,0,0,,0,0,0,0,0,,,,,13.921052631578947,,108.9,
Camden Brown,WR,2025,college_data,65.0,0,1079.0,14.0,0,0,0,0,0,,0,0,0,0,0,,,,,16.6,,256.9,
Cameron Alves,WR,2024,college_data,13.0,0,112.0,0.0,0,0,0,0,0,,0,0,0,0,0,,,,,8.615384615384615,,24.200000000000003,
Cameron Bates,WR,2025,college_data,18.0,0,307.0,1.0,0,0,0,0,0,,0,0,0,0,0,,,,,17.055555555555557,,54.7,
Cameron Batson,WR,2020,nflreadpy,13.0,11,106.0,1.0,11,11,11,11,11,1.3757574697398474,11,11,11,11,11,1.3580246913580245,1.0,1.0,11.0,8.153846153846153,9.636363636363637,29.6,2.690909090909091
Cameron Bonner,WR,2025,college_data,18.0,0,325.0,3.0,0,0,0,0,0,,0,0,0,0,0,,,,,18.055555555555557,,68.5,
Cameron Dorner,WR,2025,college_data,55.0,0,886.0,8.0,0,0,0,0,0,,0,0,0,0,0,,,,,16.10909090909091,,191.60000000000002,
Cameron Flowers,WR,2025,college_data,19.0,0,204.0,1.0,0,0,0,0,0,,0,0,0,0,0,,,,,10.736842105263158,,45.400000000000006,
Cameron Gardner,WR,2024,college_data,14.0,0,161.0,0.0,0,0,0,0,0,,0,0,0,0,0,,,,,11.5,,30.1,
Cameron Lewis,WR,2024,college_data,19.0,0,207.0,2.0,0,0,0,0,0,,0,0,0,0,0,,,,,10.894736842105264,,51.7,
Cameron Miller,WR,2025,college_data,13.0,0,141.0,0.0,0,0,0,0,0,,0,0,0,0,0,,,,,10.846153846153847,,27.1,
Cameron Ross,WR,2024,college_data,37.0,0,443.0,3.0,0,0,0,0,0,,0,0,0,0,0,,,,,11.972972972972974,,99.30000000000001,
Cameron Ross,WR,2025,college_data,53.0,0,543.0,2.0,0,0,0,0,0,,0,0,0,0,0,,,,,10.245283018867925,,119.30000000000001,
Cameron Seldon,WR,2025,college_data,23.0,0,165.0,2.0,0,0,0,0,0,,0,0,0,0,0,,,,,7.173913043478261,,51.5,
Cameron Wright,WR,2024,college_data,19.0,0,314.0,2.0,0,0,0,0,0,,0,0,0,0,0,,,,,16.526315789473685,,62.400000000000006,
Cameron Wright,WR,2025,college_data,24.0,0,274.0,1.0,0,0,0,0,0,,0,0,0,0,0,,,,,11.416666666666666,,57.400000000000006,
Camo Nelson,WR,2024,college_data,12.0,0,102.0,3.0,0,0,0,0,0,,0,0,0,0,0,,,,,8.5,,40.2,
Camo Nelson,WR,2025,college_data,34.0,0,366.0,4.0,0,0,0,0,0,,0,0,0,0,0,,,,,10.764705882352942,,94.6,
Camryn Davis,WR,2025,college_data,17.0,0,162.0,2.0,0,0,0,0,0,,0,0,0,0,0,,,,,9.529411764705882,,45.2,
Cannon Dinger,WR,2025,college_data,14.0,0,200.0,2.0,0,0,0,0,0,,0,0,0,0,0,,,,,14.285714285714286,,46.0,
Carl Chester,WR,2024,college_data,20.0,0,342.0,3.0,0,0,0,0,0,,0,0,0,0,0,,,,,17.1,,72.2,
Carl Chester,WR,2025,college_data,30.0,0,550.0,6.0,0,0,0,0,0,,0,0,0,0,0,,,,,18.333333333333332,,121.0,
Carl Smith,WR,2024,college_data,15.0,0,277.0,2.0,0,0,0,0,0,,0,0,0,0,0,,,,,18.466666666666665,,54.7,
Carlos Hernandez,WR,2024,college_data,31.0,0,397.0,5.0,0,0,0,0,0,,0,0,0,0,0,,,,,12.806451612903226,,100.7,
Carlos Hernandez,WR,2025,college_data,40.0,0,611.0,3.0,0,0,0,0,0,,0,0,0,0,0,,,,,15.275,,119.1,
Carnell Tate,WR,2024,college_data,52.0,0,733.0,4.0,0,0,0,0,0,,0,0,0,0,0,,,,,14.096153846153847,,149.3,
Carnell Tate,WR,2025,college_data,51.0,0,875.0,9.0,0,0,0,0,0,,0,0,0,0,0,,,,,17.15686274509804,,192.5,
Carnell Tate,WR,2026,nflreadpy,22.0,32,268.0,0.0,2,1,379,63,11,1.2727864205444348,0,12,4,4,0,0.6455104075212175,0.2985294117647059,0.4647243107769423,4.0,12.181818181818182,67.0,44.8,11.2
Carson Brown,WR,2024,college_data,11.0,0,141.0,1.0,0,0,0,0,0,,0,0,0,0,0,,,,,12.818181818181818,,31.1,
Carson Persing,WR,2024,college_data,53.0,0,463.0,0.0,0,0,0,0,0,,0,0,0,0,0,,,,,8.735849056603774,,99.30000000000001,
Carson Persing,WR,2025,college_data,60.0,0,724.0,4.0,0,0,0,0,0,,0,0,0,0,0,,,,,12.066666666666666,,156.4,
Carter Bell,WR,2024,college_data,53.0,0,787.0,3.0,0,0,0,0,0,,0,0,0,0,0,,,,,14.849056603773585,,149.7,
Carver Cheeks,WR,2024,college_data,23.0,0,371.0,3.0,0,0,0,0,0,,0,0,0,0,0,,,,,16.130434782608695,,78.1,
Carver Cheeks,WR,2025,college_data,71.0,0,929.0,6.0,0,0,0,0,0,,0,0,0,0,0,,,,,13.084507042253522,,199.9,
Casey McKinney,WR,2025,college_data,26.0,0,347.0,1.0,0,0,0,0,0,,0,0,0,0,0,,,,,13.346153846153847,,66.7,
Casey Reynolds,WR,2024,college_data,19.0,0,449.0,3.0,0,0,0,0,0,,0,0,0,0,0,,,,,23.63157894736842,,81.9,
Cataurus Hicks,WR,2024,college_data,12.0,0,149.0,0.0,0,0,0,0,0,,0,0,0,0,0,,,,,12.416666666666666,,26.9,
Cataurus Hicks,WR,2025,college_data,24.0,0,422.0,4.0,0,0,0,0,0,,0,0,0,0,0,,,,,17.583333333333332,,90.2,
Caullin Lacy,WR,2024,college_data,18.0,0,196.0,1.0,0,0,0,0,0,,0,0,0,0,0,,,,,10.88888888888889,,43.6,
Caullin Lacy,WR,2025,college_data,60.0,0,635.0,2.0,0,0,0,0,0,,0,0,0,0,0,,,,,10.583333333333334,,135.5,
Cayden Lee,WR,2024,college_data,57.0,0,874.0,2.0,0,0,0,0,0,,0,0,0,0,0,,,,,15.333333333333334,,156.4,
Cayden Lee,WR,2025,college_data,44.0,0,635.0,3.0,0,0,0,0,0,,0,0,0,0,0,,,,,14.431818181818182,,125.5,
Caydon Coffman,WR,2025,college_data,15.0,0,181.0,0.0,0,0,0,0,0,,0,0,0,0,0,,,,,12.066666666666666,,33.1,
Cedric Tillman,WR,2023,nflreadpy,21.0,44,224.0,0.0,0,0,468,88,12,-2.4105493022450832,0,10,5,1,0,0.5459322233605535,0.11275552357076761,0.12946897694173448,11.0,10.666666666666666,20.363636363636363,43.400000000000006,3.9454545454545458
Cedric Tillman,WR,2024,nflreadpy,29.0,49,339.0,3.0,1,1,552,104,15,-0.1583234877293851,1,14,8,6,0,0.5912192178220956,0.13061925417032133,0.15444752786116672,9.0,11.689655172413794,37.666666666666664,80.9,8.988888888888889
Cedric Tillman,WR,2025,nflreadpy,21.0,39,270.0,2.0,0,0,463,62,13,0.5439455901291367,0,9,7,6,1,0.7367385998050112,0.10506551726800845,0.1669262411386454,12.0,12.857142857142858,22.5,60.0,5.0
Cedrick Wilson Jr.,WR,2020,nflreadpy,17.0,13,189.0,2.0,13,13,13,13,13,0.5157750079524703,13,13,13,13,13,0.6411420171867933,1.0,1.0,13.0,11.117647058823529,14.538461538461538,47.900000000000006,3.684615384615385
Cedrick Wilson Jr.,WR,2021,nflreadpy,50.0,46,664.0,6.0,11,9,412,146,23,2.0363679156168217,10,22,17,14,10,1.1112102261191594,0.6631662953106157,0.6846776085945057,15.0,13.28,44.266666666666666,150.4,10.026666666666667
Cedrick Wilson Jr.,WR,2022,nflreadpy,13.0,19,150.0,0.0,0,0,197,51,9,0.8408176560071297,0,7,2,2,0,1.1618349386538243,0.04221095239379475,0.04979455138151182,14.0,11.538461538461538,10.714285714285714,28.0,2.0
Cedrick Wilson Jr.,WR,2023,nflreadpy,25.0,45,333.0,3.0,0,0,515,61,16,0.11605913758734439,0,14,10,5,0,0.6990257595111905,0.11355854847050667,0.1642961346579117,12.0,13.32,27.75,76.30000000000001,6.358333333333334
Cedrick Wilson Jr.,WR,2024,nflreadpy,20.0,27,211.0,1.0,0,0,196,89,8,0.2549676117885735,0,9,6,1,0,0.9023391013267151,0.06052113280817683,0.054661249437854845,13.0,10.55,16.23076923076923,47.1,3.623076923076923
CeeDee Lamb,WR,2020,nflreadpy,74.0,16,935.0,5.0,16,16,16,16,16,1.0265389339042228,16,16,16,16,16,0.9808789204633566,1.0,1.0,16.0,12.635135135135135,58.4375,197.5,12.34375
CeeDee Lamb,WR,2021,nflreadpy,80.0,58,1123.0,6.0,10,10,423,160,30,1.458317103432928,10,29,20,17,10,1.0946908474730617,0.6613143569139189,0.6720198727213613,17.0,14.0375,66.05882352941177,228.3,13.429411764705883
CeeDee Lamb,WR,2022,nflreadpy,121.0,175,1544.0,10.0,0,0,1729,552,75,3.6178992389749545,0,66,38,27,1,0.9902940240587614,0.29045244970624545,0.35589754901298687,19.0,12.760330578512397,81.26315789473684,335.4,17.652631578947368
CeeDee Lamb,WR,2023,nflreadpy,144.0,198,1859.0,12.0,3,2,1926,715,87,5.39741441640999,1,77,39,30,4,1.0672178105285905,0.29314746026079697,0.3576458617728317,18.0,12.909722222222221,103.27777777777777,397.9,22.105555555555554
CeeDee Lamb,WR,2024,nflreadpy,101.0,152,1194.0,6.0,1,1,1190,537,54,1.318936337589231,1,43,21,16,4,1.0690935715989776,0.28245270623463764,0.29343768547348514,15.0,11.821782178217822,79.6,256.4,17.09333333333333
CeeDee Lamb,WR,2025,nflreadpy,75.0,117,1077.0,3.0,0,0,1403,323,43,2.230063029585599,0,42,25,16,3,0.8792240488469283,0.25103109146462876,0.3349977533039243,13.0,14.36,82.84615384615384,200.7,15.438461538461537
CeeDee Lamb,WR,2026,nflreadpy,37.0,46,498.0,4.0,0,0,470,156,28,10.410469564843183,1,21,9,7,1,1.0300537982488593,0.31134033508377096,0.4431694116602799,4.0,13.45945945945946,124.5,112.80000000000001,28.200000000000003
Censere Lee,WR,2024,college_data,19.0,0,254.0,3.0,0,0,0,0,0,,0,0,0,0,0,,,,,13.368421052631579,,62.400000000000006,
Chad Beebe,WR,2020,nflreadpy,20.0,12,201.0,2.0,12,12,12,12,12,0.6102052964153699,12,12,12,12,12,1.3476963601532568,1.0,1.0,12.0,10.05,16.75,52.099999999999994,4.341666666666666
Chad Hansen,WR,2020,nflreadpy,17.0,5,236.0,1.0,5,5,5,5,5,2.0202120662599903,5,5,5,5,5,0.7758535950025311,1.0,1.0,5.0,13.882352941176471,47.2,46.6,9.32
Chad Williams,WR,2018,nflreadpy,17.0,46,171.0,1.0,0,0,586,16,9,-1.7672273260353684,0,7,2,1,0,0.28542853176553207,0.15464627702413364,0.21636664854631152,10.0,10.058823529411764,17.1,40.1,4.01
Chance Peterson,WR,2024,college_data,20.0,0,275.0,1.0,0,0,0,0,0,,0,0,0,0,0,,,,,13.75,,53.5,
Chance Peterson,WR,2025,college_data,48.0,0,721.0,1.0,0,0,0,0,0,,0,0,0,0,0,,,,,15.020833333333334,,126.10000000000001,
Chandler Brayboy,WR,2024,college_data,59.0,0,979.0,8.0,0,0,0,0,0,,0,0,0,0,0,,,,,16.593220338983052,,204.9,
Chandler Whitfield,WR,2024,college_data,23.0,0,411.0,4.0,0,0,0,0,0,,0,0,0,0,0,,,,,17.869565217391305,,88.1,
Channing Goodwin,WR,2025,college_data,12.0,0,148.0,0.0,0,0,0,0,0,,0,0,0,0,0,,,,,12.333333333333334,,26.8,
Charles Montgomery,WR,2024,college_data,32.0,0,393.0,3.0,0,0,0,0,0,,0,0,0,0,0,,,,,12.28125,,89.30000000000001,
Charles Robertson,WR,2025,college_data,15.0,0,250.0,1.0,0,0,0,0,0,,0,0,0,0,0,,,,,16.666666666666668,,46.0,
Charley Rossi,WR,2025,college_data,12.0,0,153.0,0.0,0,0,0,0,0,,0,0,0,0,0,,,,,12.75,,27.3,
Charlie Becker,WR,2025,college_data,34.0,0,679.0,4.0,0,0,0,0,0,,0,0,0,0,0,,,,,19.970588235294116,,125.9,
Charly Mullaly,WR,2025,college_data,17.0,0,189.0,1.0,0,0,0,0,0,,0,0,0,0,0,,,,,11.117647058823529,,41.900000000000006,
Chas Nimrod,WR,2025,college_data,23.0,0,466.0,3.0,0,0,0,0,0,,0,0,0,0,0,,,,,20.26086956521739,,87.6,
Chase Claypool,WR,2020,nflreadpy,67.0,17,932.0,11.0,17,17,17,17,17,2.872640776925093,17,17,17,17,17,0.7159957659219818,1.0,1.0,17.0,13.91044776119403,54.8235294117647,226.2,13.305882352941175
Chase Claypool,WR,2021,nflreadpy,62.0,59,885.0,2.0,8,8,579,108,21,0.5211318854545157,8,21,14,13,10,0.7416365922252128,0.57953678567809,0.6314200999087101,16.0,14.274193548387096,55.3125,162.5,10.15625
Chase Claypool,WR,2022,nflreadpy,46.0,79,451.0,1.0,1,1,817,143,24,-0.3941660061016382,0,20,9,7,0,0.6323525061903902,0.17404715876129703,0.20955363978312797,15.0,9.804347826086957,30.066666666666666,95.1,6.34
Chase Hendricks,WR,2024,college_data,40.0,0,471.0,1.0,0,0,0,0,0,,0,0,0,0,0,,,,,11.775,,93.1,
Chase Hendricks,WR,2025,college_data,71.0,0,1037.0,7.0,0,0,0,0,0,,0,0,0,0,0,,,,,14.605633802816902,,216.7,
Chase Lane,WR,2024,college_data,24.0,0,283.0,3.0,0,0,0,0,0,,0,0,0,0,0,,,,,11.791666666666666,,70.3,
Chase Nenad,WR,2024,college_data,33.0,0,295.0,4.0,0,0,0,0,0,,0,0,0,0,0,,,,,8.93939393939394,,86.5,
Chase Penry,WR,2024,college_data,14.0,0,164.0,0.0,0,0,0,0,0,,0,0,0,0,0,,,,,11.714285714285714,,30.400000000000002,
Chase Penry,WR,2025,college_data,30.0,0,394.0,1.0,0,0,0,0,0,,0,0,0,0,0,,,,,13.133333333333333,,75.4,
Chase Roberts,WR,2024,college_data,50.0,0,803.0,3.0,0,0,0,0,0,,0,0,0,0,0,,,,,16.06,,148.3,
Chase Roberts,WR,2025,college_data,54.0,0,802.0,6.0,0,0,0,0,0,,0,0,0,0,0,,,,,14.851851851851851,,170.2,
Chase Sowell,WR,2024,college_data,34.0,0,678.0,3.0,0,0,0,0,0,,0,0,0,0,0,,,,,19.941176470588236,,119.8,
Chase Sowell,WR,2025,college_data,32.0,0,500.0,2.0,0,0,0,0,0,,0,0,0,0,0,,,,,15.625,,94.0,
Chase Wilson,WR,2025,college_data,48.0,0,704.0,5.0,0,0,0,0,0,,0,0,0,0,0,,,,,14.666666666666666,,148.4,
Chason Barber,WR,2024,college_data,16.0,0,232.0,0.0,0,0,0,0,0,,0,0,0,0,0,,,,,14.5,,39.2,
Chauncey Spikes,WR,2024,college_data,18.0,0,247.0,3.0,0,0,0,0,0,,0,0,0,0,0,,,,,13.722222222222221,,60.7,
Chauncey Spikes,WR,2025,college_data,48.0,0,664.0,9.0,0,0,0,0,0,,0,0,0,0,0,,,,,13.833333333333334,,168.4,
Chauncy Cobb,WR,2025,college_data,73.0,0,797.0,1.0,0,0,0,0,0,,0,0,0,0,0,,,,,10.917808219178083,,158.7,
Chaz Davis,WR,2024,college_data,66.0,0,894.0,9.0,0,0,0,0,0,,0,0,0,0,0,,,,,13.545454545454545,,209.4,
Chedon James,WR,2025,college_data,42.0,0,494.0,4.0,0,0,0,0,0,,0,0,0,0,0,,,,,11.761904761904763,,115.4,
Chester Rogers,WR,2018,nflreadpy,62.0,83,561.0,2.0,0,0,525,280,33,0.8239790656735977,2,25,9,5,0,1.5859894383235742,0.11417241318664109,0.09128267438309978,18.0,9.048387096774194,31.166666666666668,134.1,7.449999999999999
Chester Rogers,WR,2019,nflreadpy,16.0,28,179.0,2.0,0,0,243,69,11,0.8980272122828311,0,9,4,2,0,0.9480784210261822,0.09062284334023465,0.0845722318758412,10.0,11.1875,17.9,45.900000000000006,4.590000000000001
Chester Rogers,WR,2021,nflreadpy,31.0,23,304.0,1.0,11,11,14,63,13,-0.21841089457920265,11,14,11,11,11,0.8499648294489182,0.6734477124183007,0.6503467169114208,17.0,9.806451612903226,17.88235294117647,67.4,3.9647058823529413
Chevy Brenson,WR,2024,college_data,70.0,0,963.0,5.0,0,0,0,0,0,,0,0,0,0,0,,,,,13.757142857142858,,196.3,
Chimere Dike,WR,2024,college_data,42.0,0,783.0,2.0,0,0,0,0,0,,0,0,0,0,0,,,,,18.642857142857142,,132.3,
Chimere Dike,WR,2025,nflreadpy,48.0,74,423.0,4.0,0,0,599,220,20,0.09788957619224743,0,14,10,6,0,1.9051333772937875,0.13897943400616397,0.14905610482006662,17.0,8.8125,24.88235294117647,114.30000000000001,6.723529411764707
Chris Barnes,WR,2025,college_data,39.0,0,547.0,3.0,0,0,0,0,0,,0,0,0,0,0,,,,,14.025641025641026,,111.7,
Chris Bell,WR,2024,college_data,43.0,0,737.0,4.0,0,0,0,0,0,,0,0,0,0,0,,,,,17.13953488372093,,140.7,
Chris Bell,WR,2025,college_data,72.0,0,917.0,6.0,0,0,0,0,0,,0,0,0,0,0,,,,,12.73611111111111,,199.7,
Chris Brazzell II,WR,2024,college_data,29.0,0,333.0,2.0,0,0,0,0,0,,0,0,0,0,0,,,,,11.482758620689655,,74.30000000000001,
Chris Brazzell II,WR,2025,college_data,62.0,0,1017.0,9.0,0,0,0,0,0,,0,0,0,0,0,,,,,16.403225806451612,,217.7,
Chris Brooks Jr.,WR,2025,college_data,11.0,0,124.0,0.0,0,0,0,0,0,,0,0,0,0,0,,,,,11.272727272727273,,23.4,
Chris Carasia,WR,2024,college_data,38.0,0,480.0,6.0,0,0,0,0,0,,0,0,0,0,0,,,,,12.631578947368421,,122.0,
Chris Carpenter,WR,2024,college_data,39.0,0,479.0,1.0,0,0,0,0,0,,0,0,0,0,0,,,,,12.282051282051283,,92.9,
Chris Colby,WR,2025,college_data,20.0,0,357.0,1.0,0,0,0,0,0,,0,0,0,0,0,,,,,17.85,,61.7,
Chris Conley,WR,2018,nflreadpy,32.0,55,334.0,5.0,2,2,455,140,18,0.4902935551676144,0,14,8,4,0,0.7209078593624947,0.08297476298030214,0.07252468780909546,18.0,10.4375,18.555555555555557,91.4,5.077777777777778
Chris Conley,WR,2019,nflreadpy,47.0,81,775.0,5.0,2,2,1133,226,34,2.250620532591315,3,32,20,14,4,0.6228495759523007,0.2670495255091937,0.3764414013332815,16.0,16.48936170212766,48.4375,156.5,9.78125
Chris Conley,WR,2020,nflreadpy,40.0,14,471.0,2.0,14,14,14,14,14,0.8651153296785391,14,14,14,14,14,0.9527999366415629,1.0,1.0,14.0,11.775,33.642857142857146,99.1,7.078571428571428
Chris Conley,WR,2021,nflreadpy,22.0,24,323.0,2.0,9,9,97,60,14,0.7667480690526816,9,13,11,10,10,0.7717407268991956,0.6790445665445665,0.6792071266221568,14.0,14.681818181818182,23.071428571428573,66.30000000000001,4.735714285714287
Chris Dawn Jr.,WR,2024,college_data,37.0,0,418.0,6.0,0,0,0,0,0,,0,0,0,0,0,,,,,11.297297297297296,,114.80000000000001,
Chris Dawn Jr.,WR,2025,college_data,65.0,0,1007.0,4.0,0,0,0,0,0,,0,0,0,0,0,,,,,15.492307692307692,,189.7,
Chris Domercant,WR,2024,college_data,36.0,0,640.0,2.0,0,0,0,0,0,,0,0,0,0,0,,,,,17.77777777777778,,112.0,
Chris Domercant,WR,2025,college_data,21.0,0,212.0,2.0,0,0,0,0,0,,0,0,0,0,0,,,,,10.095238095238095,,54.2,
Chris Durr Jr.,WR,2024,college_data,31.0,0,348.0,1.0,0,0,0,0,0,,0,0,0,0,0,,,,,11.225806451612904,,71.80000000000001,
Chris Durr Jr.,WR,2025,college_data,46.0,0,513.0,4.0,0,0,0,0,0,,0,0,0,0,0,,,,,11.152173913043478,,121.30000000000001,
Chris Godwin Jr.,WR,2018,nflreadpy,59.0,95,842.0,7.0,4,1,1109,245,48,2.1334007973871296,1,45,22,10,1,0.9639186930224005,0.15541941997062744,0.16844525873956573,16.0,14.271186440677965,52.625,179.2,11.2
Chris Godwin Jr.,WR,2019,nflreadpy,86.0,121,1333.0,9.0,0,0,1267,577,63,6.136755805923573,1,57,32,25,3,1.4349507442103138,0.23350420760290438,0.244420003899453,14.0,15.5,95.21428571428571,275.3,19.664285714285715
Chris Godwin Jr.,WR,2020,nflreadpy,81.0,16,1072.0,8.0,16,16,16,16,16,4.113619358538941,16,16,16,16,16,0.9860135877914968,1.0,1.0,16.0,13.234567901234568,67.0,236.2,14.7625
Chris Godwin Jr.,WR,2021,nflreadpy,98.0,50,1103.0,5.0,11,11,270,151,24,2.5754633392203914,11,20,17,16,11,1.3321212030943048,0.8432324016563147,0.8389631400138576,14.0,11.255102040816327,78.78571428571429,238.3,17.021428571428572
Chris Godwin Jr.,WR,2022,nflreadpy,114.0,155,1108.0,3.0,2,2,863,567,58,1.9735634924157754,1,44,17,10,1,1.3845294559190109,0.21923563091917256,0.1750157812853442,16.0,9.719298245614034,69.25,240.8,15.05
Chris Godwin Jr.,WR,2023,nflreadpy,91.0,143,1109.0,3.0,0,0,1310,406,57,2.577125092594904,1,47,25,15,2,0.870653940192136,0.23233861484815915,0.2490043623921876,19.0,12.186813186813186,58.36842105263158,221.9,11.678947368421053
Chris Godwin Jr.,WR,2024,nflreadpy,50.0,62,576.0,5.0,1,0,356,350,33,5.073065399445771,0,23,11,7,2,1.7208266376112462,0.281652824436979,0.28814122342822035,7.0,11.52,82.28571428571429,135.6,19.37142857142857
Chris Godwin Jr.,WR,2025,nflreadpy,33.0,51,360.0,2.0,0,0,361,206,21,1.633344131147084,1,13,5,5,1,1.5024707123938663,0.17910969108549754,0.15739521108781754,9.0,10.909090909090908,40.0,83.0,9.222222222222221
Chris Godwin Jr.,WR,2026,nflreadpy,16.0,18,142.0,0.0,0,0,68,97,7,1.4990547171057031,0,5,2,2,0,4.556818181818182,0.15564343064343064,0.07039146912215083,4.0,8.875,35.5,30.200000000000003,7.550000000000001
Chris Gundy,WR,2024,college_data,29.0,0,297.0,1.0,0,0,0,0,0,,0,0,0,0,0,,,,,10.241379310344827,,64.7,
Chris Gundy,WR,2025,college_data,18.0,0,270.0,1.0,0,0,0,0,0,,0,0,0,0,0,,,,,15.0,,51.0,
Chris Harris,WR,2024,college_data,29.0,0,392.0,2.0,0,0,0,0,0,,0,0,0,0,0,,,,,13.517241379310345,,80.2,
Chris Harris,WR,2025,college_data,12.0,0,157.0,0.0,0,0,0,0,0,,0,0,0,0,0,,,,,13.083333333333334,,27.700000000000003,
Chris Hicks,WR,2025,college_data,19.0,0,232.0,0.0,0,0,0,0,0,,0,0,0,0,0,,,,,12.210526315789474,,42.2,
Chris Hogan,WR,2018,nflreadpy,43.0,73,590.0,3.0,0,0,865,198,26,0.7738087619405819,0,22,16,11,2,1.869949309772291,0.11369713278846365,0.1620986331754916,18.0,13.720930232558139,32.77777777777778,120.0,6.666666666666667
Chris Hogan,WR,2020,nflreadpy,14.0,5,118.0,0.0,5,5,5,5,5,-1.31893822345722,5,5,5,5,5,0.6048612911589318,1.0,1.0,5.0,8.428571428571429,23.6,25.799999999999997,5.159999999999999
Chris Hunter,WR,2024,college_data,35.0,0,323.0,3.0,0,0,0,0,0,,0,0,0,0,0,,,,,9.228571428571428,,85.30000000000001,
Chris Hunter,WR,2025,college_data,27.0,0,372.0,2.0,0,0,0,0,0,,0,0,0,0,0,,,,,13.777777777777779,,76.2,
Chris Lofton,WR,2025,college_data,55.0,0,917.0,4.0,0,0,0,0,0,,0,0,0,0,0,,,,,16.672727272727272,,170.7,
Chris Long,WR,2024,college_data,11.0,0,163.0,1.0,0,0,0,0,0,,0,0,0,0,0,,,,,14.818181818181818,,33.3,
Chris Long,WR,2025,college_data,24.0,0,338.0,1.0,0,0,0,0,0,,0,0,0,0,0,,,,,14.083333333333334,,63.800000000000004,
Chris Marshall,WR,2025,college_data,30.0,0,574.0,2.0,0,0,0,0,0,,0,0,0,0,0,,,,,19.133333333333333,,99.4,
Chris Moore,WR,2018,nflreadpy,19.0,26,196.0,1.0,0,0,303,59,8,0.32004436817581494,0,8,4,3,0,0.738161237725913,0.05171565255100077,0.06411846690894452,16.0,10.31578947368421,12.25,44.6,2.7875
Chris Moore,WR,2021,nflreadpy,21.0,14,227.0,2.0,7,7,47,45,10,0.9907551204742049,7,10,9,9,7,2.0110006313131312,0.7241898148148148,0.7124068396680221,10.0,10.80952380952381,22.7,55.7,5.57
Chris Moore,WR,2022,nflreadpy,48.0,74,548.0,2.0,0,0,639,267,24,0.4752218273349597,0,21,11,9,1,1.0274291826644408,0.15959315745962216,0.16340378705360217,15.0,11.416666666666666,36.53333333333333,114.80000000000001,7.653333333333334
Chris Moore,WR,2023,nflreadpy,22.0,35,424.0,0.0,1,0,641,57,16,1.21794109401817,0,15,10,9,3,0.7483167243131745,0.08611448415369984,0.17674268086055578,15.0,19.272727272727273,28.266666666666666,62.400000000000006,4.16
Chris Moore,WR,2025,nflreadpy,11.0,23,207.0,1.0,0,0,332,53,10,1.5353537487834596,0,10,4,3,1,0.7876021725192148,0.09037286272378404,0.13734027635080565,10.0,18.818181818181817,20.7,37.7,3.7700000000000005
Chris Olave,WR,2022,nflreadpy,72.0,119,1042.0,4.0,2,2,1686,210,48,1.6570899940847263,1,49,21,13,4,0.7368077479617369,0.261612669959924,0.391251257420463,15.0,14.472222222222221,69.46666666666667,198.2,13.213333333333333
Chris Olave,WR,2023,nflreadpy,87.0,138,1123.0,5.0,0,0,1834,347,57,2.712405799669962,1,45,22,16,3,0.6444527813970031,0.2475992181860727,0.38871105710587184,16.0,12.908045977011493,70.1875,231.3,14.45625
Chris Olave,WR,2024,nflreadpy,32.0,44,400.0,1.0,1,1,455,121,22,0.1859670799168166,0,19,8,4,0,1.1722021750456961,0.1971789755185064,0.27047776872733825,8.0,12.5,50.0,76.0,9.5
Chris Olave,WR,2025,nflreadpy,100.0,156,1163.0,9.0,0,0,1841,289,53,2.226835141419113,0,42,22,11,4,0.6513961980802567,0.29178982543708415,0.40991009481517604,16.0,11.63,72.6875,270.3,16.89375
Chris Olave,WR,2026,nflreadpy,35.0,48,491.0,1.0,0,0,648,106,25,8.760754599465553,0,22,10,8,3,0.7655748066195827,0.2857047872340426,0.44372778614194314,4.0,14.028571428571428,122.75,90.1,22.525
Chris Parker,WR,2024,college_data,29.0,0,360.0,3.0,0,0,0,0,0,,0,0,0,0,0,,,,,12.413793103448276,,83.0,
Chris Reed,WR,2025,college_data,30.0,0,460.0,5.0,0,0,0,0,0,,0,0,0,0,0,,,,,15.333333333333334,,106.0,
Chris Rhone,WR,2024,college_data,33.0,0,578.0,4.0,0,0,0,0,0,,0,0,0,0,0,,,,,17.515151515151516,,114.80000000000001,
Chris Rhone,WR,2025,college_data,23.0,0,255.0,0.0,0,0,0,0,0,,0,0,0,0,0,,,,,11.08695652173913,,48.5,
Chris Tyree,WR,2024,college_data,24.0,0,136.0,0.0,0,0,0,0,0,,0,0,0,0,0,,,,,5.666666666666667,,37.6,
Chrishon Mccray,WR,2024,college_data,40.0,0,705.0,9.0,0,0,0,0,0,,0,0,0,0,0,,,,,17.625,,164.5,
Chrishon Mccray,WR,2025,college_data,24.0,0,330.0,3.0,0,0,0,0,0,,0,0,0,0,0,,,,,13.75,,75.0,
Christan Horn,WR,2024,college_data,19.0,0,367.0,1.0,0,0,0,0,0,,0,0,0,0,0,,,,,19.31578947368421,,61.7,
Christian Anaya,WR,2024,college_data,34.0,0,365.0,2.0,0,0,0,0,0,,0,0,0,0,0,,,,,10.735294117647058,,82.5,
Christian Anaya,WR,2025,college_data,44.0,0,458.0,4.0,0,0,0,0,0,,0,0,0,0,0,,,,,10.409090909090908,,113.80000000000001,
Christian Blake,WR,2019,nflreadpy,11.0,23,91.0,0.0,1,1,180,25,6,-0.8051363358414577,1,5,1,1,1,0.3351015182001098,0.21167139608771418,0.21059503922364756,7.0,8.272727272727273,13.0,20.1,2.8714285714285714
Christian Blake,WR,2020,nflreadpy,13.0,10,141.0,0.0,10,10,10,10,10,0.193206210740941,10,10,10,10,10,0.7794317727090837,1.0,1.0,10.0,10.846153846153847,14.1,27.1,2.71
Christian Dremel,WR,2024,college_data,12.0,0,162.0,1.0,0,0,0,0,0,,0,0,0,0,0,,,,,13.5,,34.2,
Christian Fitzpatrick,WR,2024,college_data,34.0,0,576.0,6.0,0,0,0,0,0,,0,0,0,0,0,,,,,16.941176470588236,,127.6,
Christian Jourdain,WR,2024,college_data,49.0,0,650.0,6.0,0,0,0,0,0,,0,0,0,0,0,,,,,13.26530612244898,,150.0,
Christian Jourdain,WR,2025,college_data,59.0,0,799.0,2.0,0,0,0,0,0,,0,0,0,0,0,,,,,13.542372881355933,,150.9,
Christian Kirk,WR,2018,nflreadpy,43.0,68,590.0,3.0,0,0,654,225,21,0.7680751415500806,0,17,11,8,2,1.0550245142441244,0.21577982200919485,0.23949888599796573,12.0,13.720930232558139,49.166666666666664,120.0,10.0
Christian Kirk,WR,2019,nflreadpy,68.0,95,709.0,3.0,2,2,902,260,31,1.4324609284069465,3,24,11,8,3,0.7255274986304018,0.362825707990307,0.40935701604419167,13.0,10.426470588235293,54.53846153846154,158.9,12.223076923076924
Christian Kirk,WR,2020,nflreadpy,48.0,14,621.0,6.0,14,14,14,14,14,0.8001986557659385,14,14,14,14,14,0.8834029728972153,1.0,1.0,14.0,12.9375,44.357142857142854,146.1,10.435714285714285
Christian Kirk,WR,2021,nflreadpy,83.0,64,1033.0,5.0,11,11,659,109,24,2.7286761282832086,11,21,19,18,14,0.8536737984253097,0.6914952190162275,0.7342041422531249,18.0,12.44578313253012,57.388888888888886,216.3,12.016666666666667
Christian Kirk,WR,2022,nflreadpy,99.0,161,1238.0,10.0,1,1,1463,410,62,1.4733199861434805,0,51,26,18,2,0.934950257666961,0.24694716543299217,0.2898800248935672,19.0,12.505050505050505,65.15789473684211,280.8,14.778947368421052
Christian Kirk,WR,2023,nflreadpy,57.0,85,787.0,3.0,2,2,842,247,34,1.9493704207680231,0,29,19,13,3,0.9859185999882228,0.21126522139504045,0.28511642191949216,12.0,13.807017543859649,65.58333333333333,149.7,12.475
Christian Kirk,WR,2024,nflreadpy,27.0,47,379.0,1.0,0,0,644,113,18,1.0525533046472308,0,14,8,7,1,0.6590468739733228,0.19120655638650993,0.28441905352859864,8.0,14.037037037037036,47.375,70.9,8.8625
Christian Kirk,WR,2025,nflreadpy,38.0,67,403.0,3.0,0,0,506,174,20,-0.7986336087593171,0,12,6,6,2,0.7797590506700469,0.15524591480382605,0.131329280246319,13.0,10.605263157894736,31.0,96.30000000000001,7.407692307692309
Christian Leary,WR,2025,college_data,15.0,0,115.0,0.0,0,0,0,0,0,,0,0,0,0,0,,,,,7.666666666666667,,26.5,
Christian Moss,WR,2024,college_data,15.0,0,220.0,2.0,0,0,0,0,0,,0,0,0,0,0,,,,,14.666666666666666,,49.0,
Christian Moss,WR,2025,college_data,44.0,0,682.0,2.0,0,0,0,0,0,,0,0,0,0,0,,,,,15.5,,124.2,
Christian Neptune,WR,2025,college_data,38.0,0,335.0,1.0,0,0,0,0,0,,0,0,0,0,0,,,,,8.81578947368421,,77.5,
Christian Watson,WR,2022,nflreadpy,41.0,66,611.0,7.0,0,0,923,264,28,2.1936144283663372,0,24,11,8,3,0.6124705542652809,0.16732832705528453,0.25455429032396454,14.0,14.902439024390244,43.642857142857146,144.1,10.292857142857143
Christian Watson,WR,2023,nflreadpy,30.0,56,442.0,5.0,0,0,843,121,21,0.02807383222634353,0,15,8,5,2,0.6529067310692653,0.15349363772305288,0.28280844823315293,11.0,14.733333333333333,40.18181818181818,104.2,9.472727272727273
Christian Watson,WR,2024,nflreadpy,29.0,53,620.0,2.0,1,1,944,149,21,1.4152830022484284,1,20,14,12,5,0.5564964092030938,0.14798740170006633,0.3137118450109487,14.0,21.379310344827587,44.285714285714285,103.0,7.357142857142857
Christian Watson,WR,2025,nflreadpy,38.0,62,647.0,7.0,1,0,1067,146,30,3.351132637890866,0,24,18,12,3,0.717927038094096,0.20135972072788355,0.3333580443383559,11.0,17.026315789473685,58.81818181818182,142.7,12.97272727272727
Christian Watson,WR,2026,nflreadpy,20.0,32,331.0,4.0,0,0,327,128,14,2.4938512577278336,0,13,8,5,1,1.1831619542054406,0.2188471940500338,0.25201416551425226,4.0,16.55,82.75,77.1,19.275
Christian White,WR,2025,college_data,20.0,0,389.0,2.0,0,0,0,0,0,,0,0,0,0,0,,,,,19.45,,70.9,
Christopher Hall,WR,2025,college_data,19.0,0,229.0,1.0,0,0,0,0,0,,0,0,0,0,0,,,,,12.052631578947368,,47.900000000000006,
Cincere Gill,WR,2024,college_data,36.0,0,573.0,5.0,0,0,0,0,0,,0,0,0,0,0,,,,,15.916666666666666,,123.30000000000001,
Cincere Gill,WR,2025,college_data,33.0,0,701.0,7.0,0,0,0,0,0,,0,0,0,0,0,,,,,21.242424242424242,,145.10000000000002,
Clayton Coppock,WR,2025,college_data,28.0,0,311.0,5.0,0,0,0,0,0,,0,0,0,0,0,,,,,11.107142857142858,,89.1,
Clayton Wayland,WR,2024,college_data,13.0,0,204.0,3.0,0,0,0,0,0,,0,0,0,0,0,,,,,15.692307692307692,,51.400000000000006,
Clayton Wayland,WR,2025,college_data,39.0,0,523.0,5.0,0,0,0,0,0,,0,0,0,0,0,,,,,13.41025641025641,,121.30000000000001,
Cleveland Charlton,WR,2025,college_data,12.0,0,209.0,2.0,0,0,0,0,0,,0,0,0,0,0,,,,,17.416666666666668,,44.900000000000006,
Cody Core,WR,2018,nflreadpy,13.0,28,160.0,1.0,0,0,367,36,7,0.21869792346226496,1,6,3,2,0,0.49476351678385366,0.09515260526513107,0.156875381746873,10.0,12.307692307692308,16.0,37.0,3.7
Cody Hagen,WR,2025,college_data,12.0,0,97.0,0.0,0,0,0,0,0,,0,0,0,0,0,,,,,8.083333333333334,,21.700000000000003,
Cody Jackson,WR,2024,college_data,29.0,0,490.0,8.0,0,0,0,0,0,,0,0,0,0,0,,,,,16.896551724137932,,126.0,
Cody Jackson,WR,2025,college_data,53.0,0,799.0,6.0,0,0,0,0,0,,0,0,0,0,0,,,,,15.075471698113208,,168.9,
Cody Latimer,WR,2018,nflreadpy,11.0,16,190.0,1.0,0,0,318,23,6,2.2452159381122327,0,7,4,4,0,0.6469894585445425,0.06937913493323898,0.19527214578081073,6.0,17.272727272727273,31.666666666666668,36.0,6.0
Cody Latimer,WR,2019,nflreadpy,24.0,40,300.0,2.0,1,1,479,65,19,0.3308927282588019,1,13,6,5,3,0.5490490102619805,0.14382351913797561,0.18233455008961336,14.0,12.5,21.428571428571427,66.0,4.714285714285714
Colbie Young,WR,2024,college_data,11.0,0,149.0,2.0,0,0,0,0,0,,0,0,0,0,0,,,,,13.545454545454545,,37.9,
Colbie Young,WR,2025,college_data,26.0,0,358.0,1.0,0,0,0,0,0,,0,0,0,0,0,,,,,13.76923076923077,,67.80000000000001,
Colby Alexander,WR,2025,college_data,24.0,0,230.0,2.0,0,0,0,0,0,,0,0,0,0,0,,,,,9.583333333333334,,59.0,
Cole Beasley,WR,2018,nflreadpy,69.0,92,715.0,3.0,0,0,678,230,42,2.6837661870746006,0,33,15,3,0,0.9950855569541309,0.16397540608417324,0.15694529225362203,18.0,10.36231884057971,39.72222222222222,158.5,8.805555555555555
Cole Beasley,WR,2019,nflreadpy,71.0,107,822.0,6.0,1,1,845,331,38,1.0515077279731235,3,31,16,11,2,1.1099371115102175,0.28728362072418134,0.24103027439007327,16.0,11.577464788732394,51.375,193.2,12.075
Cole Beasley,WR,2020,nflreadpy,96.0,18,1112.0,4.0,18,18,18,18,18,3.540420593669702,18,18,18,18,18,1.2888145674690188,1.0,1.0,18.0,11.583333333333334,61.77777777777778,231.2,12.844444444444443
Cole Beasley,WR,2021,nflreadpy,89.0,53,772.0,1.0,12,11,249,123,22,0.5300812540367504,12,20,13,12,11,1.7894564531273056,0.6772821176647869,0.6584055247929543,18.0,8.674157303370787,42.888888888888886,172.2,9.566666666666666
Cole Beasley,WR,2022,nflreadpy,11.0,16,103.0,1.0,0,0,110,58,6,-0.47011915704933926,0,4,1,1,0,0.8880608974358974,0.07011361563993143,0.04683900511981132,6.0,9.363636363636363,17.166666666666668,27.3,4.55
Cole Monach,WR,2024,college_data,25.0,0,326.0,3.0,0,0,0,0,0,,0,0,0,0,0,,,,,13.04,,75.6,
Cole Monach,WR,2025,college_data,54.0,0,822.0,6.0,0,0,0,0,0,,0,0,0,0,0,,,,,15.222222222222221,,172.2,
Cole Pruett,WR,2025,college_data,27.0,0,269.0,2.0,0,0,0,0,0,,0,0,0,0,0,,,,,9.962962962962964,,65.9,
Cole Thornton,WR,2024,college_data,34.0,0,436.0,3.0,0,0,0,0,0,,0,0,0,0,0,,,,,12.823529411764707,,95.6,
Cole Turner,WR,2024,college_data,16.0,0,229.0,2.0,0,0,0,0,0,,0,0,0,0,0,,,,,14.3125,,50.900000000000006,
Cole Turner,WR,2025,college_data,16.0,0,144.0,0.0,0,0,0,0,0,,0,0,0,0,0,,,,,9.0,,30.4,
Cole Weaver,WR,2025,college_data,45.0,0,642.0,1.0,0,0,0,0,0,,0,0,0,0,0,,,,,14.266666666666667,,115.2,
Coleman Owen,WR,2024,college_data,78.0,0,1235.0,8.0,0,0,0,0,0,,0,0,0,0,0,,,,,15.833333333333334,,249.5,
Colin Chase,WR,2024,college_data,35.0,0,602.0,5.0,0,0,0,0,0,,0,0,0,0,0,,,,,17.2,,125.2,
Colin Chase,WR,2025,college_data,40.0,0,414.0,4.0,0,0,0,0,0,,0,0,0,0,0,,,,,10.35,,105.4,
Collin Dixon,WR,2024,college_data,18.0,0,264.0,0.0,0,0,0,0,0,,0,0,0,0,0,,,,,14.666666666666666,,44.400000000000006,
Collin Dixon,WR,2025,college_data,35.0,0,548.0,5.0,0,0,0,0,0,,0,0,0,0,0,,,,,15.657142857142857,,119.80000000000001,
Collin Johnson,WR,2020,nflreadpy,18.0,11,272.0,2.0,11,11,11,11,11,1.1161504588905022,11,11,11,11,11,0.8194444444444444,1.0,1.0,11.0,15.11111111111111,24.727272727272727,57.2,5.2
Collin Johnson,WR,2021,nflreadpy,11.0,8,105.0,0.0,7,7,20,10,8,-1.7292688518234687,7,8,8,7,7,0.6098814473814473,0.8784722222222222,0.8802931596091205,8.0,9.545454545454545,13.125,21.5,2.6875
Colton Hinton,WR,2024,college_data,59.0,0,649.0,5.0,0,0,0,0,0,,0,0,0,0,0,,,,,11.0,,153.9,
Cooper Barkate,WR,2024,college_data,63.0,0,1084.0,11.0,0,0,0,0,0,,0,0,0,0,0,,,,,17.206349206349206,,237.4,
Cooper Barkate,WR,2025,college_data,72.0,0,1106.0,7.0,0,0,0,0,0,,0,0,0,0,0,,,,,15.36111111111111,,224.60000000000002,
Cooper Kupp,WR,2018,nflreadpy,40.0,55,566.0,6.0,0,0,460,303,25,4.4613057364791,0,24,11,9,3,1.7109722422413085,0.20475023128752967,0.19838655728076865,8.0,14.15,70.75,132.6,16.575
Cooper Kupp,WR,2019,nflreadpy,94.0,122,1161.0,10.0,4,2,868,495,46,4.153558245663557,2,38,21,20,6,1.212628519602704,0.3262250205227577,0.3013468983508428,16.0,12.351063829787234,72.5625,266.1,16.63125
Cooper Kupp,WR,2020,nflreadpy,96.0,16,1052.0,3.0,16,16,16,16,16,1.9390439344548525,16,16,16,16,16,1.5579274334813447,1.0,1.0,16.0,10.958333333333334,65.75,219.2,13.7
Cooper Kupp,WR,2021,nflreadpy,178.0,118,2425.0,22.0,12,12,927,524,61,6.632656873093316,11,51,39,30,17,1.2828072777488286,0.679353583879446,0.6780255009042637,21.0,13.623595505617978,115.47619047619048,550.5,26.214285714285715
Cooper Kupp,WR,2022,nflreadpy,75.0,98,812.0,6.0,2,1,713,413,42,1.8157852754708736,0,29,16,11,2,1.1500881495823225,0.3060150808203523,0.3611225153878534,9.0,10.826666666666666,90.22222222222223,188.2,20.91111111111111
Cooper Kupp,WR,2023,nflreadpy,64.0,104,764.0,5.0,0,0,849,327,35,0.6613418067544112,1,24,13,10,2,1.0233128013618293,0.2589373114928785,0.2585021764560729,13.0,11.9375,58.76923076923077,172.4,13.261538461538462
Cooper Kupp,WR,2024,nflreadpy,73.0,108,800.0,6.0,1,0,886,280,32,0.8313588036255349,0,24,17,12,1,0.9138364290577624,0.22763223237390592,0.2504275689615269,14.0,10.95890410958904,57.142857142857146,187.0,13.357142857142858
Cooper Kupp,WR,2025,nflreadpy,62.0,93,750.0,3.0,1,1,724,321,34,0.9428932016573309,1,28,16,10,1,1.3238247517321706,0.17791361105293585,0.16192140344494715,19.0,12.096774193548388,39.473684210526315,155.0,8.157894736842104
Cooper Lehman,WR,2025,college_data,13.0,0,170.0,0.0,0,0,0,0,0,,0,0,0,0,0,,,,,13.076923076923077,,30.0,
Cooper Willman,WR,2024,college_data,66.0,0,955.0,8.0,0,0,0,0,0,,0,0,0,0,0,,,,,14.469696969696969,,209.5,
Cooper Willman,WR,2025,college_data,23.0,0,333.0,2.0,0,0,0,0,0,,0,0,0,0,0,,,,,14.478260869565217,,68.30000000000001,
Corey Davis,WR,2018,nflreadpy,65.0,112,891.0,4.0,1,0,1159,267,47,1.8779616711789164,0,40,26,15,2,0.8245474710104925,0.26014342947728025,0.34949692027093754,16.0,13.707692307692307,55.6875,176.10000000000002,11.006250000000001
Corey Davis,WR,2019,nflreadpy,49.0,65,669.0,3.0,6,5,720,208,31,1.8198195035663147,5,30,22,14,5,0.7168053014913207,0.39927113549956894,0.46541730652577606,18.0,13.653061224489797,37.166666666666664,131.9,7.327777777777778
Corey Davis,WR,2020,nflreadpy,65.0,15,984.0,5.0,15,15,15,15,15,3.514896058742062,15,15,15,15,15,0.8582679426977108,1.0,1.0,15.0,15.138461538461538,65.6,193.4,12.893333333333334
Corey Davis,WR,2021,nflreadpy,34.0,11,492.0,4.0,8,8,24,20,9,-0.09275547001941506,8,9,8,8,8,0.6426563504549878,0.8981481481481483,0.8946422150305645,9.0,14.470588235294118,54.666666666666664,107.2,11.911111111111111
Corey Davis,WR,2022,nflreadpy,32.0,64,536.0,2.0,0,0,861,109,28,0.9094403725699298,0,23,15,7,2,0.655408289269611,0.13813848062598638,0.23309745956412803,13.0,16.75,41.23076923076923,97.6,7.507692307692308
Corey Rucker,WR,2024,college_data,69.0,0,1053.0,7.0,0,0,0,0,0,,0,0,0,0,0,,,,,15.26086956521739,,216.3,
Corey Rucker,WR,2025,college_data,73.0,0,1029.0,4.0,0,0,0,0,0,,0,0,0,0,0,,,,,14.095890410958905,,199.9,
Corey Smith,WR,2024,college_data,12.0,0,179.0,2.0,0,0,0,0,0,,0,0,0,0,0,,,,,14.916666666666666,,41.900000000000006,
Corey Smith,WR,2025,college_data,14.0,0,237.0,1.0,0,0,0,0,0,,0,0,0,0,0,,,,,16.928571428571427,,43.7,
Corri Milliner,WR,2024,college_data,24.0,0,416.0,3.0,0,0,0,0,0,,0,0,0,0,0,,,,,17.333333333333332,,83.6,
Corri Milliner,WR,2025,college_data,24.0,0,341.0,3.0,0,0,0,0,0,,0,0,0,0,0,,,,,14.208333333333334,,76.1,
Cortez Braham,WR,2024,college_data,56.0,0,724.0,4.0,0,0,0,0,0,,0,0,0,0,0,,,,,12.928571428571429,,152.4,
Cortez Braham,WR,2025,college_data,63.0,0,889.0,8.0,0,0,0,0,0,,0,0,0,0,0,,,,,14.11111111111111,,199.9,
Cory Nichols,WR,2024,college_data,21.0,0,266.0,1.0,0,0,0,0,0,,0,0,0,0,0,,,,,12.666666666666666,,53.6,
Cory Nichols,WR,2025,college_data,16.0,0,151.0,1.0,0,0,0,0,0,,0,0,0,0,0,,,,,9.4375,,37.1,
Courtland Sutton,WR,2018,nflreadpy,42.0,84,704.0,4.0,0,0,1178,163,31,0.7929428268701524,0,28,19,16,3,0.6247638654320856,0.15895552355995535,0.2896333275102879,16.0,16.761904761904763,44.0,136.4,8.525
Courtland Sutton,WR,2019,nflreadpy,72.0,108,1112.0,6.0,3,2,1241,317,47,3.146155384608463,2,39,26,20,8,0.8150062366197403,0.3583816030628644,0.5003980000097477,16.0,15.444444444444445,69.5,217.2,13.575
Courtland Sutton,WR,2021,nflreadpy,58.0,41,776.0,2.0,10,10,455,40,17,1.18865402177066,10,15,12,11,11,0.5958155507669227,0.6549005506901926,0.6924216109361747,17.0,13.379310344827585,45.64705882352941,147.60000000000002,8.682352941176472
Courtland Sutton,WR,2022,nflreadpy,64.0,109,829.0,2.0,0,0,1343,147,38,1.588710791270309,0,33,22,11,1,0.6150667766098361,0.22932065704605917,0.29045785370097066,15.0,12.953125,55.266666666666666,158.9,10.593333333333334
Courtland Sutton,WR,2023,nflreadpy,59.0,90,772.0,10.0,3,3,1060,156,37,1.3779741971580592,0,32,17,14,2,0.7628604438213589,0.20632647604630364,0.327973196606329,16.0,13.084745762711865,48.25,190.2,11.8875
Courtland Sutton,WR,2024,nflreadpy,86.0,144,1156.0,8.0,1,1,1944,191,61,2.1366352201521686,0,49,32,18,1,0.6360962671943049,0.2670018411403443,0.48229714622656916,17.0,13.44186046511628,68.0,247.60000000000002,14.564705882352943
Courtland Sutton,WR,2025,nflreadpy,81.0,138,1087.0,8.0,0,0,1695,231,56,2.413946628547503,1,44,25,18,2,0.6696898775384715,0.20952352269631483,0.33926195466887643,19.0,13.419753086419753,57.21052631578947,239.7,12.61578947368421
Courtney Jackson,WR,2024,college_data,42.0,0,494.0,2.0,0,0,0,0,0,,0,0,0,0,0,,,,,11.761904761904763,,103.4,
Coy Eakin,WR,2024,college_data,49.0,0,652.0,7.0,0,0,0,0,0,,0,0,0,0,0,,,,,13.306122448979592,,156.2,
Coy Eakin,WR,2025,college_data,49.0,0,653.0,6.0,0,0,0,0,0,,0,0,0,0,0,,,,,13.326530612244898,,150.3,
Creed Whittemore,WR,2025,college_data,12.0,0,92.0,1.0,0,0,0,0,0,,0,0,0,0,0,,,,,7.666666666666667,,27.200000000000003,
Cru Newman,WR,2025,college_data,29.0,0,302.0,0.0,0,0,0,0,0,,0,0,0,0,0,,,,,10.413793103448276,,59.2,
Curtis Samuel,WR,2018,nflreadpy,39.0,65,494.0,5.0,0,0,776,111,24,0.6961814291765526,0,21,12,6,1,0.8326064742915268,0.1376815838845226,0.20878888046521482,13.0,12.666666666666666,38.0,118.4,9.107692307692307
Curtis Samuel,WR,2019,nflreadpy,54.0,98,627.0,6.0,2,2,1378,145,36,0.5397211654126295,2,30,13,10,3,0.491485771519519,0.29225816304857766,0.3827257149656515,16.0,11.61111111111111,39.1875,152.7,9.54375
Curtis Samuel,WR,2020,nflreadpy,77.0,15,851.0,3.0,15,15,15,15,15,2.5224574516581812,15,15,15,15,15,1.4172287099129204,1.0,1.0,15.0,11.051948051948052,56.733333333333334,180.10000000000002,12.006666666666668
Curtis Samuel,WR,2022,nflreadpy,64.0,92,656.0,4.0,0,0,615,289,36,1.5460474012458434,0,29,12,10,1,1.1196830237254511,0.1616344978631651,0.13649887187762905,17.0,10.25,38.588235294117645,153.60000000000002,9.03529411764706
Curtis Samuel,WR,2023,nflreadpy,62.0,91,613.0,4.0,0,0,598,260,26,0.37539014180034114,0,21,13,7,0,2.2752991568593863,0.16750355093407832,0.1465457554403513,16.0,9.887096774193548,38.3125,147.3,9.20625
Curtis Samuel,WR,2024,nflreadpy,37.0,54,334.0,3.0,0,0,248,210,13,0.08761996895286239,0,11,4,3,1,2.8579218442641565,0.10841985965136719,0.06377573513420176,17.0,9.027027027027026,19.647058823529413,88.4,5.2
Cyrus Allen,WR,2024,college_data,18.0,0,269.0,1.0,0,0,0,0,0,,0,0,0,0,0,,,,,14.944444444444445,,50.900000000000006,
Cyrus Allen,WR,2025,college_data,50.0,0,660.0,12.0,0,0,0,0,0,,0,0,0,0,0,,,,,13.2,,188.0,
Cyrus Traugh,WR,2024,college_data,35.0,0,378.0,5.0,0,0,0,0,0,,0,0,0,0,0,,,,,10.8,,102.80000000000001,
D'Avery Robinson,WR,2025,college_data,44.0,0,457.0,2.0,0,0,0,0,0,,0,0,0,0,0,,,,,10.386363636363637,,101.7,
DJ Allen,WR,2024,college_data,11.0,0,161.0,1.0,0,0,0,0,0,,0,0,0,0,0,,,,,14.636363636363637,,33.1,
DJ Allen,WR,2025,college_data,20.0,0,189.0,3.0,0,0,0,0,0,,0,0,0,0,0,,,,,9.45,,56.900000000000006,
DJ Black,WR,2025,college_data,22.0,0,273.0,2.0,0,0,0,0,0,,0,0,0,0,0,,,,,12.409090909090908,,61.3,
DJ Chark,WR,2018,nflreadpy,14.0,32,174.0,0.0,1,1,314,45,6,-1.2559183318275005,0,7,3,2,0,0.3571755097387792,0.08631464560981018,0.10337304237689345,11.0,12.428571428571429,15.818181818181818,29.400000000000002,2.672727272727273
DJ Chark,WR,2019,nflreadpy,73.0,108,1008.0,8.0,2,2,1322,295,42,2.3112896835241723,3,39,23,19,3,0.7637621034904395,0.33039455847617555,0.4402118389788658,15.0,13.808219178082192,67.2,223.8,14.92
DJ Chark,WR,2020,nflreadpy,53.0,13,706.0,5.0,13,13,13,13,13,0.7607594636675784,13,13,13,13,13,0.6744778573789288,1.0,1.0,13.0,13.320754716981131,54.30769230769231,153.60000000000002,11.815384615384618
DJ Chark,WR,2022,nflreadpy,30.0,52,502.0,3.0,0,0,799,132,24,1.9230121064124537,0,19,13,9,3,0.6450571430024445,0.13307482810111632,0.27937871639326173,11.0,16.733333333333334,45.63636363636363,98.2,8.927272727272728
DJ Chark,WR,2023,nflreadpy,35.0,66,525.0,5.0,2,1,1016,84,22,1.0952699127349659,0,23,18,9,2,0.617999508268338,0.14808751055561103,0.28644190360711824,14.0,15.0,37.5,113.5,8.107142857142858
DJ Epps,WR,2025,college_data,46.0,0,498.0,5.0,0,0,0,0,0,,0,0,0,0,0,,,,,10.826086956521738,,125.80000000000001,
DJ Linkins,WR,2024,college_data,49.0,0,631.0,3.0,0,0,0,0,0,,0,0,0,0,0,,,,,12.877551020408163,,130.1,
DJ Maultsby,WR,2025,college_data,20.0,0,307.0,1.0,0,0,0,0,0,,0,0,0,0,0,,,,,15.35,,56.7,
DJ Miller,WR,2025,college_data,13.0,0,175.0,2.0,0,0,0,0,0,,0,0,0,0,0,,,,,13.461538461538462,,42.5,
DJ Moore,WR,2018,nflreadpy,55.0,82,788.0,2.0,1,1,737,421,33,1.1013456075720256,0,31,18,9,3,1.249813441425133,0.1505855591436344,0.17694247865422502,16.0,14.327272727272728,49.25,143.8,8.9875
DJ Moore,WR,2019,nflreadpy,87.0,134,1175.0,4.0,3,2,1489,387,64,2.4508118559878533,1,49,22,14,5,0.8496926579801884,0.3066003940311178,0.3870972638319215,15.0,13.505747126436782,78.33333333333333,224.5,14.966666666666667
DJ Moore,WR,2020,nflreadpy,66.0,15,1193.0,4.0,15,15,15,15,15,1.7656710361753554,15,15,15,15,15,0.8931334942397449,1.0,1.0,15.0,18.075757575757574,79.53333333333333,209.3,13.953333333333335
DJ Moore,WR,2021,nflreadpy,93.0,72,1157.0,4.0,11,11,668,171,28,0.5583239984388787,12,27,23,15,12,0.6987359733639578,0.7508440485471508,0.8000177976381537,17.0,12.440860215053764,68.05882352941177,234.7,13.805882352941175
DJ Moore,WR,2022,nflreadpy,63.0,118,888.0,7.0,0,0,1526,186,44,1.0085575269928764,0,36,23,17,4,0.5440234248814751,0.2881292757936944,0.5317688014913591,17.0,14.095238095238095,52.23529411764706,193.8,11.4
DJ Moore,WR,2023,nflreadpy,96.0,136,1364.0,8.0,1,1,1476,539,64,3.7816608648673347,0,53,32,25,2,1.1198482542487738,0.29486189061713797,0.4013848244571994,17.0,14.208333333333334,80.23529411764706,278.4,16.376470588235293
DJ Moore,WR,2024,nflreadpy,98.0,140,966.0,6.0,1,1,1049,588,43,0.9701714821835594,1,40,20,11,1,2.4040689701145976,0.27091305186553355,0.23847628102838817,17.0,9.857142857142858,56.8235294117647,230.60000000000002,13.564705882352943
DJ Moore,WR,2025,nflreadpy,61.0,100,798.0,8.0,0,0,1124,275,37,1.1672817174747037,0,35,22,14,2,0.7826299836089042,0.1623909915975087,0.19380679036384288,19.0,13.081967213114755,42.0,188.8,9.936842105263159
DJ Moore,WR,2026,nflreadpy,12.0,20,178.0,1.0,0,0,303,47,9,2.1248268287013494,0,9,4,1,1,0.5905271862114282,0.18424908424908426,0.23856549009599717,4.0,14.833333333333334,44.5,35.8,8.95
DJ Rias,WR,2024,college_data,49.0,0,466.0,3.0,0,0,0,0,0,,0,0,0,0,0,,,,,9.510204081632653,,113.6,
DJ Riles,WR,2024,college_data,20.0,0,172.0,0.0,0,0,0,0,0,,0,0,0,0,0,,,,,8.6,,37.2,
DJ Riles,WR,2025,college_data,16.0,0,176.0,1.0,0,0,0,0,0,,0,0,0,0,0,,,,,11.0,,39.6,
DJ Turner,WR,2024,nflreadpy,16.0,29,158.0,1.0,0,0,255,83,9,-1.254617095044797,0,7,2,2,0,0.5065769201276448,0.06946461645017697,0.08769847211831992,12.0,9.875,13.166666666666666,37.8,3.15
DK Metcalf,WR,2019,nflreadpy,69.0,91,1119.0,8.0,7,7,1134,272,37,2.263383167077857,5,33,25,16,8,0.7371664027928605,0.3841474985182235,0.44049380231958524,18.0,16.217391304347824,62.166666666666664,224.9,12.494444444444445
DK Metcalf,WR,2020,nflreadpy,88.0,17,1399.0,12.0,17,17,17,17,17,3.195373092627834,17,17,17,17,17,0.7355643669993714,1.0,1.0,17.0,15.897727272727273,82.29411764705883,299.9,17.641176470588235
DK Metcalf,WR,2021,nflreadpy,75.0,67,967.0,12.0,10,10,782,116,27,1.686141683598501,10,22,15,14,11,0.6954805340804643,0.7052485216621839,0.7424903027144609,17.0,12.893333333333333,56.88235294117647,243.7,14.335294117647058
DK Metcalf,WR,2022,nflreadpy,100.0,154,1184.0,8.0,2,2,1760,261,54,1.0249205260809657,0,48,19,13,4,0.7162653069964408,0.2603363218215245,0.3634349541389899,18.0,11.84,65.77777777777777,262.4,14.577777777777776
DK Metcalf,WR,2023,nflreadpy,66.0,119,1114.0,8.0,0,0,1529,367,52,2.6653260656999462,0,43,28,19,4,0.7999895832300816,0.22500698203664035,0.3876736135151749,16.0,16.87878787878788,69.625,225.4,14.0875
DK Metcalf,WR,2024,nflreadpy,66.0,108,992.0,5.0,2,2,1481,263,35,1.544634994829584,0,42,22,20,2,0.7345125007679859,0.20823957253008654,0.40566568729154634,15.0,15.030303030303031,66.13333333333334,191.2,12.746666666666666
DK Metcalf,WR,2025,nflreadpy,61.0,104,892.0,6.0,0,0,1101,443,39,2.0774681813047864,0,34,21,16,3,1.0754764427248416,0.22018709467988362,0.36079720624427714,16.0,14.62295081967213,55.75,186.2,11.6375
DK Metcalf,WR,2026,nflreadpy,16.0,33,213.0,1.0,0,0,494,54,11,-0.13433806730608921,0,9,4,3,1,0.4495388301144585,0.22639326671584736,0.33522931702998043,4.0,13.3125,53.25,43.3,10.825
DT Sheffield,WR,2024,college_data,66.0,0,822.0,11.0,0,0,0,0,0,,0,0,0,0,0,,,,,12.454545454545455,,214.2,
DT Sheffield,WR,2025,college_data,44.0,0,577.0,5.0,0,0,0,0,0,,0,0,0,0,0,,,,,13.113636363636363,,131.7,
DVontae Key,WR,2024,college_data,25.0,0,406.0,3.0,0,0,0,0,0,,0,0,0,0,0,,,,,16.24,,83.6,
Da'Quan Felton,WR,2024,college_data,32.0,0,360.0,2.0,0,0,0,0,0,,0,0,0,0,0,,,,,11.25,,80.0,
Dacari Collins,WR,2024,college_data,24.0,0,314.0,2.0,0,0,0,0,0,,0,0,0,0,0,,,,,13.083333333333334,,67.4,
Dacari Collins,WR,2025,college_data,13.0,0,219.0,1.0,0,0,0,0,0,,0,0,0,0,0,,,,,16.846153846153847,,40.900000000000006,
DaeSean Hamilton,WR,2018,nflreadpy,30.0,46,243.0,2.0,0,0,397,67,16,0.7897623631943134,0,10,3,1,0,0.6316649726438652,0.10401189030917192,0.12301121951606481,11.0,8.1,22.09090909090909,66.3,6.027272727272727
DaeSean Hamilton,WR,2019,nflreadpy,28.0,42,297.0,1.0,2,2,318,87,11,-0.07197042414286736,2,7,5,5,2,0.812277475701772,0.24533160718837113,0.26140170988333283,13.0,10.607142857142858,22.846153846153847,63.7,4.9
DaeSean Hamilton,WR,2020,nflreadpy,23.0,12,293.0,2.0,12,12,12,12,12,-0.7190650444557655,12,12,12,12,12,0.6877153191297928,1.0,1.0,12.0,12.73913043478261,24.416666666666668,64.3,5.358333333333333
Daejon Reynolds,WR,2024,college_data,15.0,0,189.0,1.0,0,0,0,0,0,,0,0,0,0,0,,,,,12.6,,39.900000000000006,
Daejon Reynolds,WR,2025,college_data,33.0,0,471.0,5.0,0,0,0,0,0,,0,0,0,0,0,,,,,14.272727272727273,,110.1,
Daemon Dawkins,WR,2024,college_data,19.0,0,272.0,2.0,0,0,0,0,0,,0,0,0,0,0,,,,,14.31578947368421,,58.2,
Dakorien Moore,WR,2025,college_data,34.0,0,497.0,3.0,0,0,0,0,0,,0,0,0,0,0,,,,,14.617647058823529,,101.7,
Dakota Thomas,WR,2025,college_data,26.0,0,268.0,1.0,0,0,0,0,0,,0,0,0,0,0,,,,,10.307692307692308,,58.8,
Dakota Warfield,WR,2024,college_data,42.0,0,510.0,3.0,0,0,0,0,0,,0,0,0,0,0,,,,,12.142857142857142,,111.0,
Dalen Cobb,WR,2024,college_data,52.0,0,599.0,4.0,0,0,0,0,0,,0,0,0,0,0,,,,,11.51923076923077,,135.9,
Dalen Cobb,WR,2025,college_data,57.0,0,506.0,3.0,0,0,0,0,0,,0,0,0,0,0,,,,,8.87719298245614,,125.6,
Dalevon Campbell,WR,2024,college_data,12.0,0,312.0,0.0,0,0,0,0,0,,0,0,0,0,0,,,,,26.0,,43.2,
Dallas Dudley,WR,2025,college_data,35.0,0,402.0,1.0,0,0,0,0,0,,0,0,0,0,0,,,,,11.485714285714286,,81.2,
Dallas Wilson,WR,2025,college_data,12.0,0,162.0,3.0,0,0,0,0,0,,0,0,0,0,0,,,,,13.5,,46.2,
Dalton Bailey,WR,2024,college_data,64.0,0,797.0,6.0,0,0,0,0,0,,0,0,0,0,0,,,,,12.453125,,179.7,
Dalton Carnes,WR,2024,college_data,29.0,0,371.0,2.0,0,0,0,0,0,,0,0,0,0,0,,,,,12.793103448275861,,78.1,
Dalton Stroman,WR,2024,college_data,20.0,0,307.0,5.0,0,0,0,0,0,,0,0,0,0,0,,,,,15.35,,80.7,
Dalton Stroman,WR,2025,college_data,35.0,0,665.0,4.0,0,0,0,0,0,,0,0,0,0,0,,,,,19.0,,125.5,
Dalvin Smith,WR,2024,college_data,30.0,0,397.0,4.0,0,0,0,0,0,,0,0,0,0,0,,,,,13.233333333333333,,93.7,
Damani Williams,WR,2025,college_data,24.0,0,247.0,1.0,0,0,0,0,0,,0,0,0,0,0,,,,,10.291666666666666,,54.7,
Damian Harris,WR,2025,college_data,18.0,0,170.0,0.0,0,0,0,0,0,,0,0,0,0,0,,,,,9.444444444444445,,35.0,
Damien Jones,WR,2024,college_data,31.0,0,269.0,1.0,0,0,0,0,0,,0,0,0,0,0,,,,,8.67741935483871,,63.900000000000006,
Damien Jones,WR,2025,college_data,11.0,0,59.0,0.0,0,0,0,0,0,,0,0,0,0,0,,,,,5.363636363636363,,16.9,
Damien Moun,WR,2025,college_data,53.0,0,607.0,3.0,0,0,0,0,0,,0,0,0,0,0,,,,,11.452830188679245,,131.7,
Damiere Byrd,WR,2019,nflreadpy,32.0,39,359.0,1.0,2,2,365,115,13,1.295641907210335,2,10,6,4,4,1.0758248082639232,0.28319696029676267,0.3260343353657562,11.0,11.21875,32.63636363636363,73.9,6.718181818181819
Damiere Byrd,WR,2020,nflreadpy,47.0,15,604.0,1.0,15,15,15,15,15,1.1536649798061787,15,15,15,15,15,0.7970289845383611,1.0,1.0,15.0,12.851063829787234,40.266666666666666,113.4,7.5600000000000005
Damiere Byrd,WR,2021,nflreadpy,26.0,31,329.0,1.0,5,5,215,102,18,0.8158029600452252,6,19,10,8,6,1.5435815882749346,0.5164474359632463,0.5272012104819742,11.0,12.653846153846153,29.90909090909091,66.9,6.081818181818182
Damiere Byrd,WR,2022,nflreadpy,13.0,23,268.0,2.0,0,0,468,105,9,0.6298733697428057,0,11,6,3,2,0.6840533269699965,0.0789766913482878,0.176551764246652,12.0,20.615384615384617,22.333333333333332,51.8,4.316666666666666
Damion Ratley,WR,2018,nflreadpy,13.0,20,144.0,0.0,0,0,227,51,5,0.06450425747027619,0,4,3,3,0,1.1860071301247772,0.10323819591261452,0.12322782981489697,5.0,11.076923076923077,28.8,27.4,5.4799999999999995
Damion Ratley,WR,2019,nflreadpy,12.0,20,200.0,1.0,2,2,192,49,11,1.223560984679465,2,9,6,5,2,0.7375002182617634,0.2860219200008724,0.30468764668261283,9.0,16.666666666666668,22.22222222222222,38.0,4.222222222222222
Damon Ward Jr.,WR,2024,college_data,41.0,0,755.0,4.0,0,0,0,0,0,,0,0,0,0,0,,,,,18.414634146341463,,140.5,
Dane Key,WR,2024,college_data,47.0,0,715.0,2.0,0,0,0,0,0,,0,0,0,0,0,,,,,15.212765957446809,,130.5,
Dane Key,WR,2025,college_data,39.0,0,452.0,5.0,0,0,0,0,0,,0,0,0,0,0,,,,,11.58974358974359,,114.2,
Dane Olson,WR,2024,college_data,17.0,0,314.0,1.0,0,0,0,0,0,,0,0,0,0,0,,,,,18.470588235294116,,54.400000000000006,
Dane Pardridge,WR,2024,college_data,20.0,0,238.0,3.0,0,0,0,0,0,,0,0,0,0,0,,,,,11.9,,61.8,
Dane Steel,WR,2025,college_data,39.0,0,501.0,3.0,0,0,0,0,0,,0,0,0,0,0,,,,,12.846153846153847,,107.1,
Daniel Haughton,WR,2024,college_data,26.0,0,418.0,3.0,0,0,0,0,0,,0,0,0,0,0,,,,,16.076923076923077,,85.80000000000001,
Daniel Haughton,WR,2025,college_data,11.0,0,84.0,0.0,0,0,0,0,0,,0,0,0,0,0,,,,,7.636363636363637,,19.4,
Daniel Jackson,WR,2024,college_data,75.0,0,863.0,4.0,0,0,0,0,0,,0,0,0,0,0,,,,,11.506666666666666,,185.3,
Daniel Lopes,WR,2024,college_data,13.0,0,146.0,0.0,0,0,0,0,0,,0,0,0,0,0,,,,,11.23076923076923,,27.6,
Daniel Lopes,WR,2025,college_data,20.0,0,255.0,1.0,0,0,0,0,0,,0,0,0,0,0,,,,,12.75,,51.5,
Daniel Sobkowicz,WR,2024,college_data,78.0,0,1091.0,9.0,0,0,0,0,0,,0,0,0,0,0,,,,,13.987179487179487,,241.10000000000002,
Daniel Sobkowicz,WR,2025,college_data,83.0,0,1141.0,19.0,0,0,0,0,0,,0,0,0,0,0,,,,,13.74698795180723,,311.1,
Daniel Thomason,WR,2025,college_data,22.0,0,319.0,4.0,0,0,0,0,0,,0,0,0,0,0,,,,,14.5,,77.9,
Dannis Jackson,WR,2024,college_data,11.0,0,210.0,0.0,0,0,0,0,0,,0,0,0,0,0,,,,,19.09090909090909,,32.0,
Danny Amendola,WR,2018,nflreadpy,59.0,79,575.0,1.0,0,0,589,229,27,-0.18253743306301592,0,22,8,4,0,1.166160781017924,0.1861446754787716,0.175245644485133,15.0,9.745762711864407,38.333333333333336,122.5,8.166666666666666
Danny Amendola,WR,2019,nflreadpy,62.0,94,678.0,1.0,1,1,808,208,37,0.9704412127914115,1,30,9,7,3,0.813990683912834,0.23636741633874542,0.21840264950220595,15.0,10.935483870967742,45.2,135.8,9.053333333333335
Danny Amendola,WR,2020,nflreadpy,46.0,14,602.0,0.0,14,14,14,14,14,0.8798162484126841,14,14,14,14,14,1.0966294146796203,1.0,1.0,14.0,13.08695652173913,43.0,106.19999999999999,7.5857142857142845
Danny Amendola,WR,2021,nflreadpy,24.0,16,248.0,3.0,7,7,125,42,11,0.11679802251008864,8,10,10,10,7,0.8724295342113433,0.91015625,0.914544235924933,8.0,10.333333333333334,31.0,68.8,8.6
Danny Scudero,WR,2024,college_data,50.0,0,650.0,4.0,0,0,0,0,0,,0,0,0,0,0,,,,,13.0,,139.0,
Danny Scudero,WR,2025,college_data,88.0,0,1297.0,10.0,0,0,0,0,0,,0,0,0,0,0,,,,,14.738636363636363,,277.70000000000005,
Dante Cephas,WR,2024,college_data,15.0,0,184.0,0.0,0,0,0,0,0,,0,0,0,0,0,,,,,12.266666666666667,,33.400000000000006,
Dante Pettis,WR,2018,nflreadpy,27.0,45,467.0,5.0,0,0,501,205,19,1.9488309296469515,0,17,12,9,1,0.8612688344476294,0.11362397124864682,0.16534651652103333,12.0,17.296296296296298,38.916666666666664,103.7,8.641666666666667
Dante Pettis,WR,2019,nflreadpy,11.0,24,109.0,2.0,0,0,189,23,7,-0.255821725969308,0,5,3,2,0,0.6057648856990963,0.09228789838108835,0.10966894758881907,9.0,9.909090909090908,12.11111111111111,33.9,3.7666666666666666
Dante Pettis,WR,2022,nflreadpy,19.0,41,245.0,3.0,0,0,371,63,9,-1.1654446085826327,0,11,3,2,2,0.6319101533387247,0.1036754494133763,0.0977027844396422,17.0,12.894736842105264,14.411764705882353,61.5,3.6176470588235294
Dante Pettis,WR,2024,nflreadpy,12.0,28,120.0,1.0,0,0,282,36,8,-0.22271022241796307,1,6,2,1,0,0.41951434996787323,0.11257249969381096,0.1161969374563332,8.0,10.0,15.0,32.0,4.0
Dante Wright,WR,2024,college_data,61.0,0,792.0,6.0,0,0,0,0,0,,0,0,0,0,0,,,,,12.98360655737705,,176.2,
Darius Cannon,WR,2025,college_data,76.0,0,726.0,3.0,0,0,0,0,0,,0,0,0,0,0,,,,,9.552631578947368,,166.60000000000002,
Darius Jennings,WR,2018,nflreadpy,11.0,15,101.0,0.0,0,0,153,37,2,-0.22726754836548935,0,2,1,1,0,0.5200601413836708,0.03907810035406951,0.045339149714588016,14.0,9.181818181818182,7.214285714285714,21.1,1.5071428571428573
Darius Lassiter,WR,2024,college_data,45.0,0,703.0,4.0,0,0,0,0,0,,0,0,0,0,0,,,,,15.622222222222222,,139.3,
Darius Lewis,WR,2024,college_data,83.0,0,814.0,5.0,0,0,0,0,0,,0,0,0,0,0,,,,,9.80722891566265,,194.4,
Darius Slayton,WR,2019,nflreadpy,48.0,75,740.0,8.0,2,2,980,186,33,2.3559437643803167,2,29,17,13,5,0.6637723212365659,0.2948420963144423,0.39201772081399033,14.0,15.416666666666666,52.857142857142854,170.0,12.142857142857142
Darius Slayton,WR,2020,nflreadpy,50.0,16,751.0,3.0,16,16,16,16,16,1.0529339832778972,16,16,16,16,16,0.611640181915194,1.0,1.0,16.0,15.02,46.9375,143.10000000000002,8.943750000000001
Darius Slayton,WR,2021,nflreadpy,26.0,32,339.0,2.0,7,7,333,45,12,-1.0963354885578398,7,11,10,8,7,0.463154566820036,0.593512415981671,0.6329256872537321,13.0,13.038461538461538,26.076923076923077,71.9,5.5307692307692315
Darius Slayton,WR,2022,nflreadpy,51.0,84,816.0,2.0,2,1,1030,307,34,2.206657788269986,0,31,20,14,4,0.8566742612947186,0.195967034037273,0.35379525378518384,15.0,16.0,54.4,140.60000000000002,9.373333333333335
Darius Slayton,WR,2023,nflreadpy,50.0,79,770.0,4.0,0,0,967,298,29,1.7172799365033262,0,26,17,11,3,0.8440382930813141,0.16024996263563915,0.26344630596216584,17.0,15.4,45.294117647058826,151.0,8.882352941176471
Darius Slayton,WR,2024,nflreadpy,39.0,71,573.0,2.0,0,0,928,124,30,0.9073080470050158,0,24,14,9,2,0.6449319047934337,0.13511379281552988,0.24590249010011533,16.0,14.692307692307692,35.8125,108.30000000000001,6.768750000000001
Darius Slayton,WR,2025,nflreadpy,37.0,63,538.0,1.0,1,1,843,198,23,1.285814655355093,2,20,16,7,1,0.7108872818112795,0.1546141393821414,0.24970863938951218,14.0,14.54054054054054,38.42857142857143,98.80000000000001,7.057142857142858
Darnell Mooney,WR,2020,nflreadpy,61.0,16,631.0,4.0,16,16,16,16,16,0.6930980674155132,16,16,16,16,16,0.8140612996351365,1.0,1.0,16.0,10.344262295081966,39.4375,148.1,9.25625
Darnell Mooney,WR,2021,nflreadpy,81.0,75,1055.0,4.0,10,10,646,242,34,0.03193554676310592,10,30,24,14,11,0.6776641390314948,0.690636411688202,0.7235036160733644,17.0,13.024691358024691,62.05882352941177,210.5,12.382352941176471
Darnell Mooney,WR,2022,nflreadpy,40.0,61,493.0,2.0,0,0,727,168,20,1.3180835837702725,0,19,16,7,1,0.76464194874846,0.26979131572769527,0.3438212899674197,11.0,12.325,44.81818181818182,101.30000000000001,9.20909090909091
Darnell Mooney,WR,2023,nflreadpy,31.0,61,414.0,1.0,0,0,630,181,20,-0.3431888111737904,0,17,10,7,1,1.0365427037811275,0.14755413766162856,0.2311179746091663,14.0,13.35483870967742,29.571428571428573,78.4,5.6000000000000005
Darnell Mooney,WR,2024,nflreadpy,64.0,106,992.0,5.0,0,0,1294,275,48,2.744186784064491,0,44,29,21,2,0.8908060572911839,0.20557397379852904,0.32723346487073396,16.0,15.5,62.0,193.2,12.075
Darnell Mooney,WR,2025,nflreadpy,32.0,72,443.0,1.0,2,0,1019,73,25,0.24452783409797363,0,21,12,5,1,0.5599582480376328,0.16215341769605954,0.2797852626274233,15.0,13.84375,29.533333333333335,78.30000000000001,5.220000000000001
Darrell Gill Jr.,WR,2024,college_data,31.0,0,562.0,2.0,0,0,0,0,0,,0,0,0,0,0,,,,,18.129032258064516,,99.2,
Darrell Gill Jr.,WR,2025,college_data,32.0,0,506.0,5.0,0,0,0,0,0,,0,0,0,0,0,,,,,15.8125,,112.6,
Darren Morris,WR,2024,college_data,39.0,0,501.0,3.0,0,0,0,0,0,,0,0,0,0,0,,,,,12.846153846153847,,107.1,
Darren Morris,WR,2025,college_data,27.0,0,508.0,4.0,0,0,0,0,0,,0,0,0,0,0,,,,,18.814814814814813,,101.80000000000001,
Darrius Clemons,WR,2024,college_data,25.0,0,292.0,2.0,0,0,0,0,0,,0,0,0,0,0,,,,,11.68,,66.2,
Dashawn Martin,WR,2025,college_data,33.0,0,507.0,4.0,0,0,0,0,0,,0,0,0,0,0,,,,,15.363636363636363,,107.7,
Davante Adams,WR,2018,nflreadpy,111.0,169,1386.0,13.0,0,0,1906,475,64,5.440538131207811,1,53,30,18,5,0.7341041345271785,0.2934839286857297,0.3697183426902735,15.0,12.486486486486486,92.4,329.6,21.973333333333336
Davante Adams,WR,2019,nflreadpy,100.0,117,1295.0,7.0,5,4,1069,375,52,4.830511759816652,4,40,17,13,5,0.9016880912365307,0.4605543628358867,0.4767368685646701,14.0,12.95,92.5,269.5,19.25
Davante Adams,WR,2020,nflreadpy,133.0,16,1507.0,20.0,16,16,16,16,16,5.381868779292193,16,16,16,16,16,1.1123880011737384,1.0,1.0,16.0,11.330827067669173,94.1875,403.70000000000005,25.231250000000003
Davante Adams,WR,2021,nflreadpy,132.0,76,1643.0,11.0,11,11,523,246,47,4.551101142613783,11,38,23,15,11,1.0813459782149322,0.7600193355858051,0.7804047339433849,17.0,12.446969696969697,96.6470588235294,362.3,21.311764705882354
Davante Adams,WR,2022,nflreadpy,100.0,180,1516.0,14.0,1,0,2129,493,65,2.0014461997260535,0,61,34,24,7,0.65867559262138,0.32801041366865263,0.4098608200828796,17.0,15.16,89.17647058823529,333.6,19.623529411764707
Davante Adams,WR,2023,nflreadpy,103.0,175,1144.0,8.0,0,0,1896,336,59,0.7930258058575842,0,47,25,13,2,0.831588515074477,0.32522060055824165,0.44024167197901243,17.0,11.106796116504855,67.29411764705883,265.4,15.61176470588235
Davante Adams,WR,2024,nflreadpy,85.0,141,1063.0,8.0,0,0,1172,473,49,1.4808589099287433,1,45,25,16,3,1.235934409424998,0.295592725140923,0.3497147691659994,14.0,12.505882352941176,75.92857142857143,241.3,17.235714285714288
Davante Adams,WR,2025,nflreadpy,71.0,139,974.0,15.0,0,0,1832,159,61,1.853358730607839,0,44,26,18,1,0.5543329628947005,0.24449165352980962,0.3433452019548837,17.0,13.71830985915493,57.294117647058826,258.4,15.2
Davante Adams,WR,2026,nflreadpy,22.0,38,390.0,2.0,0,0,636,107,14,3.7301606970893246,0,17,9,7,2,0.5441052888640082,0.2502154195011338,0.40876751941499545,4.0,17.727272727272727,97.5,73.0,18.25
Dave Pardo,WR,2024,college_data,15.0,0,184.0,0.0,0,0,0,0,0,,0,0,0,0,0,,,,,12.266666666666667,,33.400000000000006,
Dave Pardo,WR,2025,college_data,26.0,0,335.0,2.0,0,0,0,0,0,,0,0,0,0,0,,,,,12.884615384615385,,71.5,
Daveon Superales,WR,2025,college_data,11.0,0,178.0,0.0,0,0,0,0,0,,0,0,0,0,0,,,,,16.181818181818183,,28.8,
Daveon Walker,WR,2025,college_data,37.0,0,526.0,6.0,0,0,0,0,0,,0,0,0,0,0,,,,,14.216216216216216,,125.6,
David Amador,WR,2024,college_data,31.0,0,376.0,1.0,0,0,0,0,0,,0,0,0,0,0,,,,,12.129032258064516,,74.6,
David Amador,WR,2025,college_data,45.0,0,443.0,4.0,0,0,0,0,0,,0,0,0,0,0,,,,,9.844444444444445,,113.30000000000001,
David Bell,WR,2022,nflreadpy,24.0,35,214.0,0.0,0,0,256,69,7,-0.7927952890853963,0,8,2,1,0,1.087238116937365,0.07256662173186525,0.06205180512822675,15.0,8.916666666666666,14.266666666666667,45.400000000000006,3.026666666666667
David Bell,WR,2023,nflreadpy,22.0,31,221.0,3.0,0,0,181,88,11,1.230778267403366,0,7,4,3,1,0.9894910644910645,0.08662282458741277,0.06575672972860012,10.0,10.045454545454545,22.1,62.1,6.21
David Moore,WR,2018,nflreadpy,26.0,53,445.0,5.0,2,0,839,93,19,0.8441323146625317,0,14,11,8,2,0.5838075864780576,0.160728086667773,0.25866047299552125,14.0,17.115384615384617,31.785714285714285,96.5,6.892857142857143
David Moore,WR,2019,nflreadpy,19.0,34,358.0,2.0,4,4,436,105,16,0.8129246605264113,4,15,8,8,5,0.7306350463376322,0.3132706200500296,0.33640198637902824,16.0,18.842105263157894,22.375,66.80000000000001,4.175000000000001
David Moore,WR,2020,nflreadpy,36.0,17,418.0,6.0,17,17,17,17,17,1.4707677513698671,17,17,17,17,17,1.292358961128311,1.0,1.0,17.0,11.61111111111111,24.58823529411765,113.80000000000001,6.694117647058825
David Moore,WR,2024,nflreadpy,32.0,57,351.0,3.0,0,0,631,60,18,0.5923583101756257,0,17,7,2,0,0.6771527693747847,0.12231809318632979,0.15557574254591341,15.0,10.96875,23.4,85.1,5.673333333333333
David Pantelis,WR,2024,college_data,61.0,0,901.0,8.0,0,0,0,0,0,,0,0,0,0,0,,,,,14.770491803278688,,199.10000000000002,
David Sills,WR,2022,nflreadpy,11.0,17,106.0,0.0,0,0,133,40,7,0.7003465197173812,0,4,2,1,0,1.5467348743210814,0.09132218541562256,0.0873386060584478,7.0,9.636363636363637,15.142857142857142,21.6,3.085714285714286
David Sills,WR,2025,nflreadpy,18.0,36,191.0,2.0,0,0,404,56,9,-0.14833594167975628,0,9,4,3,0,0.5633597883597884,0.10130789231145039,0.14145159271367327,12.0,10.61111111111111,15.916666666666666,49.1,4.091666666666667
David Wells Jr.,WR,2025,college_data,44.0,0,466.0,4.0,0,0,0,0,0,,0,0,0,0,0,,,,,10.590909090909092,,114.6,
Davion Dozier,WR,2025,college_data,20.0,0,448.0,5.0,0,0,0,0,0,,0,0,0,0,0,,,,,22.4,,94.80000000000001,
Davis Dalton,WR,2024,college_data,15.0,0,172.0,2.0,0,0,0,0,0,,0,0,0,0,0,,,,,11.466666666666667,,44.2,
Davis Ellis,WR,2025,college_data,16.0,0,167.0,1.0,0,0,0,0,0,,0,0,0,0,0,,,,,10.4375,,38.7,
Davon Wells,WR,2024,college_data,29.0,0,262.0,2.0,0,0,0,0,0,,0,0,0,0,0,,,,,9.03448275862069,,67.2,
Dawson Menegatti,WR,2025,college_data,17.0,0,190.0,0.0,0,0,0,0,0,,0,0,0,0,0,,,,,11.176470588235293,,36.0,
Dawson Pough,WR,2025,college_data,13.0,0,197.0,1.0,0,0,0,0,0,,0,0,0,0,0,,,,,15.153846153846153,,38.7,
Dayan Bilbo,WR,2024,college_data,22.0,0,207.0,1.0,0,0,0,0,0,,0,0,0,0,0,,,,,9.409090909090908,,48.7,
Dayan Bilbo,WR,2025,college_data,12.0,0,196.0,0.0,0,0,0,0,0,,0,0,0,0,0,,,,,16.333333333333332,,31.6,
De'Andre Tamarez,WR,2024,college_data,33.0,0,576.0,6.0,0,0,0,0,0,,0,0,0,0,0,,,,,17.454545454545453,,126.6,
De'Andre Tamarez,WR,2025,college_data,32.0,0,395.0,2.0,0,0,0,0,0,,0,0,0,0,0,,,,,12.34375,,83.5,
De'Nylon Morrissette,WR,2024,college_data,11.0,0,106.0,2.0,0,0,0,0,0,,0,0,0,0,0,,,,,9.636363636363637,,33.6,
De'Zhaun Stribling,WR,2024,college_data,52.0,0,892.0,6.0,0,0,0,0,0,,0,0,0,0,0,,,,,17.153846153846153,,177.2,
De'Zhaun Stribling,WR,2025,college_data,55.0,0,811.0,6.0,0,0,0,0,0,,0,0,0,0,0,,,,,14.745454545454546,,172.10000000000002,
DeAirious Smith,WR,2025,college_data,27.0,0,365.0,3.0,0,0,0,0,0,,0,0,0,0,0,,,,,13.518518518518519,,81.5,
DeAndre Carter,WR,2018,nflreadpy,22.0,25,216.0,0.0,1,0,86,150,10,0.9077014583603843,0,9,2,2,1,6.814664502164502,0.05473439761845371,0.020566336923536932,14.0,9.818181818181818,15.428571428571429,41.6,2.9714285714285715
DeAndre Carter,WR,2019,nflreadpy,13.0,9,184.0,0.0,4,4,52,33,6,1.1232549571847943,4,5,5,5,5,1.0644962747003563,0.23050802293089045,0.23269318998019203,18.0,14.153846153846153,10.222222222222221,31.400000000000006,1.7444444444444447
DeAndre Carter,WR,2021,nflreadpy,24.0,24,296.0,3.0,11,11,97,33,13,0.7648238714936136,11,12,11,11,11,0.7326084684919499,0.6729789241899969,0.6627564515120633,17.0,12.333333333333334,17.41176470588235,71.6,4.211764705882352
DeAndre Carter,WR,2022,nflreadpy,48.0,68,555.0,3.0,1,1,591,211,30,0.8390512934444715,0,22,11,10,0,1.0710336503831548,0.0911607339045541,0.12867400672106732,18.0,11.5625,30.833333333333332,119.5,6.638888888888889
DeAndre Hopkins,WR,2018,nflreadpy,120.0,173,1609.0,11.0,2,2,1985,396,85,4.2153743580205845,0,68,35,23,4,0.8496804030488365,0.32708821136357413,0.439294378377454,17.0,13.408333333333333,94.6470588235294,342.9,20.170588235294115
DeAndre Hopkins,WR,2019,nflreadpy,119.0,152,1373.0,7.0,2,2,1519,389,70,3.6198347235199977,3,53,24,18,3,0.837286158893709,0.3928241129325314,0.42408568905632127,17.0,11.53781512605042,80.76470588235294,300.3,17.66470588235294
DeAndre Hopkins,WR,2020,nflreadpy,115.0,16,1407.0,6.0,16,16,16,16,16,3.2976522077093273,16,16,16,16,16,1.0260741066321704,1.0,1.0,16.0,12.234782608695653,87.9375,291.70000000000005,18.231250000000003
DeAndre Hopkins,WR,2021,nflreadpy,42.0,23,572.0,8.0,8,8,205,17,13,4.237796969614687,8,14,9,9,8,0.8925950410138703,0.8398639455782313,0.881741208603619,10.0,13.619047619047619,57.2,147.2,14.719999999999999
DeAndre Hopkins,WR,2022,nflreadpy,64.0,96,717.0,3.0,2,1,976,165,35,0.7524131062290524,0,31,18,8,0,0.7994410838242003,0.2961343885382717,0.40876566161921657,9.0,11.203125,79.66666666666667,149.7,16.633333333333333
DeAndre Hopkins,WR,2023,nflreadpy,75.0,137,1057.0,7.0,0,0,1934,223,48,1.127370769507996,0,41,27,15,4,0.6326759462716296,0.2825950326642368,0.4114649267400119,17.0,14.093333333333334,62.1764705882353,222.7,13.1
DeAndre Hopkins,WR,2024,nflreadpy,59.0,88,639.0,6.0,0,0,966,113,38,0.736600639074081,1,27,10,6,0,0.6641752634181294,0.13668885051130863,0.21532272950731976,19.0,10.830508474576272,33.63157894736842,160.9,8.468421052631578
DeAndre Hopkins,WR,2025,nflreadpy,22.0,39,330.0,2.0,0,0,513,65,15,0.5557193575093938,0,13,7,5,1,0.8032913749312134,0.09879570621919763,0.1529872250193689,17.0,15.0,19.41176470588235,67.0,3.9411764705882355
DeAndre Moore Jr.,WR,2024,college_data,39.0,0,455.0,7.0,0,0,0,0,0,,0,0,0,0,0,,,,,11.666666666666666,,126.5,
DeAndre Moore Jr.,WR,2025,college_data,38.0,0,532.0,4.0,0,0,0,0,0,,0,0,0,0,0,,,,,14.0,,115.2,
DeAngelo Irvin Jr.,WR,2025,college_data,18.0,0,188.0,1.0,0,0,0,0,0,,0,0,0,0,0,,,,,10.444444444444445,,42.8,
DeAree Rogers,WR,2025,college_data,46.0,0,506.0,3.0,0,0,0,0,0,,0,0,0,0,0,,,,,11.0,,114.6,
DeMario Douglas,WR,2023,nflreadpy,49.0,79,561.0,0.0,1,1,648,336,26,-0.40020627718737317,0,26,12,6,2,2.281774097264445,0.17907116557088473,0.22154802310110827,14.0,11.448979591836734,40.07142857142857,103.1,7.364285714285714
DeMario Douglas,WR,2024,nflreadpy,66.0,87,621.0,3.0,1,0,524,359,31,1.3015839698838945,0,23,13,8,0,1.5615021710178238,0.1850692340403319,0.1373356437971023,16.0,9.409090909090908,38.8125,144.1,9.00625
DeMario Douglas,WR,2025,nflreadpy,39.0,58,531.0,4.0,0,0,531,273,20,1.6320787463223398,0,17,9,8,3,1.367594594536989,0.09670108743327926,0.09342326286152278,20.0,13.615384615384615,26.55,116.1,5.805
DeMeer Blankumsee,WR,2024,college_data,45.0,0,677.0,6.0,0,0,0,0,0,,0,0,0,0,0,,,,,15.044444444444444,,148.7,
DeQuadrion Welch,WR,2024,college_data,23.0,0,337.0,3.0,0,0,0,0,0,,0,0,0,0,0,,,,,14.652173913043478,,74.7,
DeSean Jackson,WR,2018,nflreadpy,41.0,74,774.0,4.0,0,0,1421,181,31,1.1666797099746098,0,26,19,13,5,0.5850451217431355,0.15443499690771836,0.2803925212603689,12.0,18.878048780487806,64.5,142.4,11.866666666666667
DeSean Jackson,WR,2020,nflreadpy,14.0,5,236.0,1.0,5,5,5,5,5,1.4674003957654347,5,5,5,5,5,0.8118340106538777,1.0,1.0,5.0,16.857142857142858,47.2,43.6,8.72
DeSean Jackson,WR,2021,nflreadpy,21.0,25,480.0,2.0,9,9,248,35,15,0.9900387644246729,9,15,12,10,9,0.8070013944427705,0.6328126043699134,0.6635634184986637,15.0,22.857142857142858,32.0,81.0,5.4
DeVante Parker,WR,2018,nflreadpy,24.0,47,309.0,1.0,0,0,608,94,14,0.11027298509971084,0,11,6,3,1,0.5259817692025147,0.15752002776134252,0.21689737488685248,11.0,12.875,28.09090909090909,60.900000000000006,5.536363636363637
DeVante Parker,WR,2019,nflreadpy,72.0,118,1202.0,9.0,1,1,1635,227,53,3.608886555472824,1,49,21,18,8,0.7517936836837533,0.2567419464624297,0.3725046625168956,16.0,16.694444444444443,75.125,246.2,15.3875
DeVante Parker,WR,2020,nflreadpy,63.0,14,793.0,4.0,14,14,14,14,14,1.3120300768931763,14,14,14,14,14,0.9212729681094183,1.0,1.0,14.0,12.587301587301587,56.642857142857146,166.3,11.87857142857143
DeVante Parker,WR,2021,nflreadpy,40.0,35,515.0,2.0,5,5,350,33,17,2.6735440845963185,5,14,9,7,5,0.6338549667879325,0.6624694423153987,0.6991568623260682,9.0,12.875,57.22222222222222,103.5,11.5
DeVante Parker,WR,2022,nflreadpy,31.0,47,539.0,3.0,0,0,745,105,25,1.3039617578802767,0,23,12,10,3,0.7415702359347721,0.12395500825193266,0.238320917034196,12.0,17.387096774193548,44.916666666666664,102.9,8.575000000000001
DeVante Parker,WR,2023,nflreadpy,33.0,55,394.0,0.0,0,0,640,126,17,0.0783991772902343,0,18,10,6,0,0.8402604714061341,0.14090683448303026,0.20432048052494617,13.0,11.93939393939394,30.307692307692307,72.4,5.56923076923077
DeVonta Smith,WR,2021,nflreadpy,68.0,52,976.0,5.0,11,11,558,98,24,1.224878372866726,12,23,18,17,12,0.6377823974647505,0.6875287733844742,0.7326411364711315,18.0,14.352941176470589,54.22222222222222,197.60000000000002,10.97777777777778
DeVonta Smith,WR,2022,nflreadpy,110.0,158,1393.0,8.0,0,0,1566,545,65,3.3773607035113713,0,58,31,22,6,1.0195506962533278,0.2680276886258527,0.29147208604883745,20.0,12.663636363636364,69.65,297.3,14.865
DeVonta Smith,WR,2023,nflreadpy,89.0,124,1214.0,7.0,1,1,1510,337,53,2.249861035683111,0,49,25,16,4,0.8890350559058809,0.23907216576325913,0.3289677450988898,17.0,13.640449438202246,71.41176470588235,250.4,14.729411764705883
DeVonta Smith,WR,2024,nflreadpy,84.0,106,1023.0,9.0,0,0,940,364,49,4.234049216248843,0,34,21,17,5,1.1158585047621092,0.26149042296037256,0.27462940770474764,17.0,12.178571428571429,60.1764705882353,240.3,14.13529411764706
DeVonta Smith,WR,2025,nflreadpy,85.0,124,1078.0,4.0,0,0,1393,343,46,2.982192067657735,0,40,23,14,4,1.0072964795500783,0.2500851492280297,0.310177580417897,18.0,12.68235294117647,59.888888888888886,216.8,12.044444444444444
DeVonta Smith,WR,2026,nflreadpy,19.0,27,235.0,1.0,0,0,323,39,10,0.43131832813378423,0,10,5,3,0,0.8179802623985225,0.3250267379679144,0.4520790167100375,3.0,12.368421052631579,78.33333333333333,48.5,16.166666666666668
DeVonte Tanksley,WR,2024,college_data,44.0,0,658.0,3.0,0,0,0,0,0,,0,0,0,0,0,,,,,14.954545454545455,,127.8,
Deablo Mcgee,WR,2024,college_data,14.0,0,184.0,2.0,0,0,0,0,0,,0,0,0,0,0,,,,,13.142857142857142,,44.400000000000006,
Dean Boyd,WR,2025,college_data,32.0,0,421.0,2.0,0,0,0,0,0,,0,0,0,0,0,,,,,13.15625,,86.1,
Dean Hangey,WR,2025,college_data,28.0,0,317.0,3.0,0,0,0,0,0,,0,0,0,0,0,,,,,11.321428571428571,,77.7,
Dean Patterson,WR,2024,college_data,50.0,0,685.0,7.0,0,0,0,0,0,,0,0,0,0,0,,,,,13.7,,160.5,
Deandre Buchannon,WR,2025,college_data,30.0,0,347.0,2.0,0,0,0,0,0,,0,0,0,0,0,,,,,11.566666666666666,,76.7,
Dede Westbrook,WR,2018,nflreadpy,66.0,101,717.0,5.0,2,1,852,362,39,1.3767029980080645,0,26,16,15,1,1.1454008686141361,0.2090847576023293,0.2698520148943803,16.0,10.863636363636363,44.8125,163.7,10.23125
Dede Westbrook,WR,2019,nflreadpy,66.0,91,660.0,3.0,2,2,585,286,27,-0.002495908186062934,3,24,12,12,2,1.1124279417700267,0.3080942744234125,0.2764690970444041,15.0,10.0,44.0,152.0,10.133333333333333
Deebo Samuel Sr.,WR,2019,nflreadpy,67.0,75,929.0,3.0,6,6,549,388,32,1.6435984357263183,6,31,23,19,6,2.083316719488224,0.39976959660038325,0.41292672703099886,18.0,13.865671641791044,51.611111111111114,177.9,9.883333333333333
Deebo Samuel Sr.,WR,2020,nflreadpy,33.0,7,391.0,1.0,7,7,7,7,7,1.689254835577837,7,7,7,7,7,3.5229713409061234,1.0,1.0,7.0,11.848484848484848,55.857142857142854,78.1,11.157142857142857
Deebo Samuel Sr.,WR,2021,nflreadpy,87.0,57,1559.0,7.0,12,10,342,419,31,3.4513403308954373,10,33,24,19,14,2.2172927615716316,0.6176559645408773,0.6035186290861289,19.0,17.919540229885058,82.05263157894737,280.9,14.784210526315789
Deebo Samuel Sr.,WR,2022,nflreadpy,69.0,116,843.0,3.0,0,0,562,648,32,1.0034188319786288,0,33,17,9,2,1.7803062054082075,0.25717660944763093,0.14965611800068995,16.0,12.217391304347826,52.6875,171.3,10.70625
Deebo Samuel Sr.,WR,2023,nflreadpy,73.0,111,1038.0,7.0,1,0,750,641,40,2.3621090963349474,0,38,21,16,6,9.59033800202176,0.20767346898065853,0.1619022466968717,18.0,14.219178082191782,57.666666666666664,216.8,12.044444444444444
Deebo Samuel Sr.,WR,2024,nflreadpy,51.0,81,670.0,3.0,0,0,551,421,28,0.7907989816264048,0,26,15,10,3,1.5238273926418757,0.18840079733437823,0.14480516396849816,15.0,13.137254901960784,44.666666666666664,136.0,9.066666666666666
Deebo Samuel Sr.,WR,2025,nflreadpy,72.0,99,727.0,5.0,1,0,527,466,32,1.1013181259363916,0,29,18,10,1,2.245460212640352,0.253664198655827,0.13444716991522523,16.0,10.097222222222221,45.4375,172.7,10.79375
Deebo Samuel Sr.,WR,2026,nflreadpy,14.0,17,185.0,3.0,0,0,50,150,5,2.388075951661449,0,4,2,2,1,1.5780628040689961,0.15081377378537622,0.06869190638082992,4.0,13.214285714285714,46.25,50.5,12.625
Deion Burks,WR,2024,college_data,31.0,0,245.0,3.0,0,0,0,0,0,,0,0,0,0,0,,,,,7.903225806451613,,73.5,
Deion Burks,WR,2025,college_data,57.0,0,620.0,4.0,0,0,0,0,0,,0,0,0,0,0,,,,,10.87719298245614,,143.0,
Deion Colzie,WR,2025,college_data,11.0,0,178.0,1.0,0,0,0,0,0,,0,0,0,0,0,,,,,16.181818181818183,,34.8,
Deion DeBlanc,WR,2025,college_data,17.0,0,90.0,0.0,0,0,0,0,0,,0,0,0,0,0,,,,,5.294117647058823,,26.0,
Deion Richardson,WR,2025,college_data,27.0,0,339.0,0.0,0,0,0,0,0,,0,0,0,0,0,,,,,12.555555555555555,,60.9,
Dekel Crowdus,WR,2024,college_data,16.0,0,402.0,4.0,0,0,0,0,0,,0,0,0,0,0,,,,,25.125,,80.2,
Demarcus Lacey,WR,2025,college_data,65.0,0,769.0,5.0,0,0,0,0,0,,0,0,0,0,0,,,,,11.830769230769231,,171.9,
Demarcus Robinson,WR,2018,nflreadpy,23.0,34,315.0,4.0,0,0,413,116,13,0.7682856470193855,0,8,6,4,1,1.1310901889589016,0.06288202587160431,0.079343312037228,15.0,13.695652173913043,21.0,78.5,5.233333333333333
Demarcus Robinson,WR,2019,nflreadpy,35.0,55,484.0,4.0,4,4,691,103,21,0.6877076542623731,4,19,13,10,6,0.7524641027554212,0.3163457840389719,0.33898115603827783,17.0,13.82857142857143,28.470588235294116,107.4,6.31764705882353
Demarcus Robinson,WR,2020,nflreadpy,47.0,17,491.0,3.0,17,17,17,17,17,1.167804269695326,17,17,17,17,17,0.9596650185317612,1.0,1.0,17.0,10.446808510638299,28.88235294117647,114.1,6.711764705882352
Demarcus Robinson,WR,2021,nflreadpy,29.0,33,340.0,3.0,9,9,216,58,16,0.19692613498377057,9,15,12,12,9,0.8800899896688716,0.567520969559415,0.5788359245229443,17.0,11.724137931034482,20.0,81.0,4.764705882352941
Demarcus Robinson,WR,2022,nflreadpy,50.0,78,507.0,3.0,2,1,714,165,24,0.4457832846942369,0,22,7,5,1,0.6699428566067137,0.16096904924610447,0.19629067698049063,17.0,10.14,29.823529411764707,114.7,6.747058823529412
Demarcus Robinson,WR,2023,nflreadpy,29.0,45,415.0,4.0,2,1,604,91,23,1.999847734562761,0,18,11,7,0,1.1847118775872767,0.14731399983827337,0.24901570159006267,9.0,14.310344827586206,46.111111111111114,90.5,10.055555555555555
Demarcus Robinson,WR,2024,nflreadpy,35.0,73,602.0,7.0,0,0,1145,79,31,0.7178261338158592,0,25,16,11,3,0.468318814622967,0.1149295870208196,0.24378426309757018,19.0,17.2,31.68421052631579,137.2,7.221052631578947
Demarcus Robinson,WR,2025,nflreadpy,29.0,43,388.0,2.0,0,0,557,90,20,0.9649862432999986,1,17,8,6,1,0.570793281338904,0.0832086977591229,0.14458625197861036,16.0,13.379310344827585,24.25,81.80000000000001,5.112500000000001
Demari Davis,WR,2024,college_data,19.0,0,363.0,3.0,0,0,0,0,0,,0,0,0,0,0,,,,,19.105263157894736,,73.30000000000001,
Demari Davis,WR,2025,college_data,37.0,0,695.0,5.0,0,0,0,0,0,,0,0,0,0,0,,,,,18.783783783783782,,136.5,
Demaryius Thomas,WR,2018,nflreadpy,59.0,89,677.0,5.0,0,0,907,277,37,1.8566815181191592,0,32,12,9,2,0.8584423375792414,0.18931567615197936,0.222281960374321,15.0,11.474576271186441,45.13333333333333,156.7,10.446666666666665
Demaryius Thomas,WR,2019,nflreadpy,36.0,58,433.0,1.0,0,0,590,170,22,0.9365199360545411,0,18,10,4,1,0.8907224367194626,0.1780687190698314,0.20812197099837437,11.0,12.027777777777779,39.36363636363637,85.30000000000001,7.754545454545456
Deng Deng,WR,2025,college_data,16.0,0,208.0,5.0,0,0,0,0,0,,0,0,0,0,0,,,,,13.0,,66.8,
Denzel Boston,WR,2024,college_data,63.0,0,834.0,9.0,0,0,0,0,0,,0,0,0,0,0,,,,,13.238095238095237,,200.4,
Denzel Boston,WR,2025,college_data,62.0,0,881.0,11.0,0,0,0,0,0,,0,0,0,0,0,,,,,14.209677419354838,,216.10000000000002,
Denzel Boston,WR,2026,nflreadpy,13.0,22,284.0,2.0,0,0,383,109,10,3.8176179102194645,1,8,4,4,3,0.8670224752126033,0.19015151515151515,0.4953873137939199,4.0,21.846153846153847,71.0,55.400000000000006,13.850000000000001
Denzel Mims,WR,2020,nflreadpy,23.0,9,357.0,0.0,9,9,9,9,9,0.5235394156040232,9,9,9,9,9,0.6062280495859718,1.0,1.0,9.0,15.521739130434783,39.666666666666664,58.7,6.522222222222222
Denzel Mims,WR,2022,nflreadpy,11.0,25,186.0,0.0,0,0,313,75,7,-0.3157875666046607,0,8,2,2,1,0.6888452359016206,0.09893741129887762,0.14117877022071462,9.0,16.90909090909091,20.666666666666668,29.6,3.288888888888889
Deondre Johnson,WR,2025,college_data,30.0,0,724.0,6.0,0,0,0,0,0,,0,0,0,0,0,,,,,24.133333333333333,,138.4,
Deonte Harty,WR,2020,nflreadpy,28.0,11,268.0,1.0,11,11,11,11,11,1.8506881945808842,11,11,11,11,11,1.0861013986013985,1.0,1.0,11.0,9.571428571428571,24.363636363636363,60.8,5.527272727272727
Deonte Harty,WR,2021,nflreadpy,36.0,28,570.0,3.0,9,9,165,106,13,0.7638052765315688,9,13,10,10,10,0.9862836714266281,0.7411202265391025,0.7495388106486137,13.0,15.833333333333334,43.84615384615385,111.0,8.538461538461538
Deonte Harty,WR,2023,nflreadpy,17.0,23,187.0,1.0,0,0,236,107,10,0.5635946177845956,0,6,4,3,1,0.8515947269514375,0.03867914997225342,0.04155477013397209,18.0,11.0,10.38888888888889,41.7,2.316666666666667
Deonte Thompson,WR,2018,nflreadpy,17.0,30,161.0,0.0,0,0,377,38,10,-0.4949285278416937,0,10,0,0,0,0.5528177193837108,0.08687070143207495,0.10312537597106117,13.0,9.470588235294118,12.384615384615385,33.1,2.5461538461538464
Dequan Stanley,WR,2024,college_data,27.0,0,372.0,5.0,0,0,0,0,0,,0,0,0,0,0,,,,,13.777777777777779,,94.2,
Dequan Stanley,WR,2025,college_data,20.0,0,221.0,1.0,0,0,0,0,0,,0,0,0,0,0,,,,,11.05,,48.1,
Derek Eusebio,WR,2025,college_data,22.0,0,341.0,2.0,0,0,0,0,0,,0,0,0,0,0,,,,,15.5,,68.1,
Derius Davis,WR,2023,nflreadpy,15.0,17,66.0,0.0,0,0,-38,115,0,-0.4943409623456307,0,3,1,0,0,0.7424242424242425,0.03009374326151845,-0.011326939644511374,17.0,4.4,3.8823529411764706,21.6,1.2705882352941178
Derius Davis,WR,2024,nflreadpy,14.0,18,116.0,2.0,1,0,58,130,5,0.5008669306815137,0,5,3,1,0,0.559004728710611,0.037019943571059394,0.01155109181646974,16.0,8.285714285714286,7.25,35.6,2.225
Derrick Bohler,WR,2025,college_data,22.0,0,277.0,5.0,0,0,0,0,0,,0,0,0,0,0,,,,,12.590909090909092,,79.7,
Derrick McFall,WR,2025,college_data,19.0,0,160.0,2.0,0,0,0,0,0,,0,0,0,0,0,,,,,8.421052631578947,,47.0,
Dervon Pesnell,WR,2024,college_data,24.0,0,443.0,1.0,0,0,0,0,0,,0,0,0,0,0,,,,,18.458333333333332,,74.30000000000001,
Derwin Burgess Jr.,WR,2024,college_data,59.0,0,659.0,3.0,0,0,0,0,0,,0,0,0,0,0,,,,,11.169491525423728,,142.9,
Desmond Hutson,WR,2024,college_data,38.0,0,466.0,2.0,0,0,0,0,0,,0,0,0,0,0,,,,,12.263157894736842,,96.6,
Deuce Alexander,WR,2024,college_data,36.0,0,400.0,2.0,0,0,0,0,0,,0,0,0,0,0,,,,,11.11111111111111,,88.0,
Deuce Alexander,WR,2025,college_data,44.0,0,684.0,2.0,0,0,0,0,0,,0,0,0,0,0,,,,,15.545454545454545,,124.4,
Deuce McMillan,WR,2024,college_data,30.0,0,383.0,4.0,0,0,0,0,0,,0,0,0,0,0,,,,,12.766666666666667,,92.30000000000001,
Deuce McMillan,WR,2025,college_data,27.0,0,218.0,1.0,0,0,0,0,0,,0,0,0,0,0,,,,,8.074074074074074,,54.8,
Deuce Spann,WR,2025,college_data,13.0,0,142.0,1.0,0,0,0,0,0,,0,0,0,0,0,,,,,10.923076923076923,,33.2,
Devan Williams,WR,2024,college_data,11.0,0,127.0,1.0,0,0,0,0,0,,0,0,0,0,0,,,,,11.545454545454545,,29.700000000000003,
Devaughn Mortimer,WR,2025,college_data,28.0,0,210.0,0.0,0,0,0,0,0,,0,0,0,0,0,,,,,7.5,,49.0,
Devaughn Slaughter,WR,2025,college_data,55.0,0,551.0,3.0,0,0,0,0,0,,0,0,0,0,0,,,,,10.018181818181818,,128.1,
Devaughn Vele,WR,2024,nflreadpy,41.0,57,475.0,3.0,0,0,478,127,26,2.4085327282269384,0,19,11,7,0,0.9705817248614013,0.12316557454817485,0.15082557399217927,14.0,11.585365853658537,33.92857142857143,106.5,7.607142857142857
Devaughn Vele,WR,2025,nflreadpy,25.0,39,293.0,2.0,0,0,432,34,19,1.8679494691459826,0,19,3,0,0,0.8673954375638158,0.13330291103843173,0.17964850653050313,9.0,11.72,32.55555555555556,66.3,7.366666666666666
Devaughn Vele,WR,2026,nflreadpy,21.0,31,226.0,2.0,0,0,316,50,12,3.5286884368978324,0,10,5,2,0,0.7594169860358575,0.1833290711947627,0.23662566654014164,4.0,10.761904761904763,56.5,55.6,13.9
Deven Thompkins,WR,2023,nflreadpy,18.0,27,87.0,1.0,1,1,158,82,5,-0.7767474885814507,0,1,1,1,0,0.31316048985221917,0.04445774319554248,0.028571112884693207,19.0,4.833333333333333,4.578947368421052,30.700000000000003,1.6157894736842107
Deven Thompson,WR,2025,college_data,27.0,0,560.0,6.0,0,0,0,0,0,,0,0,0,0,0,,,,,20.74074074074074,,119.0,
Devin Downing,WR,2024,college_data,17.0,0,212.0,1.0,0,0,0,0,0,,0,0,0,0,0,,,,,12.470588235294118,,44.2,
Devin Downing,WR,2025,college_data,23.0,0,281.0,0.0,0,0,0,0,0,,0,0,0,0,0,,,,,12.217391304347826,,51.1,
Devin Duvernay,WR,2020,nflreadpy,20.0,17,201.0,0.0,17,17,17,17,17,0.32506904940685044,17,17,17,17,17,1.2797494911651535,1.0,1.0,17.0,10.05,11.823529411764707,40.099999999999994,2.3588235294117643
Devin Duvernay,WR,2021,nflreadpy,33.0,26,272.0,2.0,10,10,65,52,13,0.5320164429018223,10,13,11,10,10,1.9800892219235873,0.6530595271166392,0.6374006361053648,16.0,8.242424242424242,17.0,72.2,4.5125
Devin Duvernay,WR,2022,nflreadpy,37.0,49,407.0,3.0,0,0,437,159,19,1.405192370844556,0,19,9,6,0,1.4121638579828062,0.1254430455567807,0.13240804381517457,14.0,11.0,29.071428571428573,95.7,6.835714285714286
Devin Duvernay,WR,2024,nflreadpy,11.0,16,79.0,0.0,0,0,183,63,7,0.4889018215222417,0,2,2,1,0,0.6948842118333644,0.03527751318448993,0.04208948436891562,13.0,7.181818181818182,6.076923076923077,18.9,1.4538461538461538
Devin Funchess,WR,2018,nflreadpy,44.0,79,549.0,4.0,0,0,1013,76,35,0.10795437535021588,0,31,14,8,0,0.5254139040223561,0.16979313977409263,0.2811910847467663,14.0,12.477272727272727,39.214285714285715,122.9,8.778571428571428
Devin Gandy,WR,2024,college_data,11.0,0,123.0,0.0,0,0,0,0,0,,0,0,0,0,0,,,,,11.181818181818182,,23.3,
Devin Gandy,WR,2025,college_data,21.0,0,366.0,2.0,0,0,0,0,0,,0,0,0,0,0,,,,,17.428571428571427,,69.6,
Devin Herring,WR,2024,college_data,19.0,0,273.0,0.0,0,0,0,0,0,,0,0,0,0,0,,,,,14.368421052631579,,46.3,
Devin Hester Jr.,WR,2024,college_data,16.0,0,124.0,0.0,0,0,0,0,0,,0,0,0,0,0,,,,,7.75,,28.4,
Devin Hester Jr.,WR,2025,college_data,23.0,0,313.0,1.0,0,0,0,0,0,,0,0,0,0,0,,,,,13.608695652173912,,60.3,
Devin Matthews,WR,2025,college_data,36.0,0,649.0,7.0,0,0,0,0,0,,0,0,0,0,0,,,,,18.02777777777778,,142.9,
Devin Mccuin,WR,2024,college_data,45.0,0,424.0,5.0,0,0,0,0,0,,0,0,0,0,0,,,,,9.422222222222222,,117.4,
Devin Mccuin,WR,2025,college_data,65.0,0,726.0,8.0,0,0,0,0,0,,0,0,0,0,0,,,,,11.169230769230769,,185.60000000000002,
Devin Smith,WR,2024,college_data,39.0,0,480.0,6.0,0,0,0,0,0,,0,0,0,0,0,,,,,12.307692307692308,,123.0,
Devin Voisin,WR,2024,college_data,34.0,0,407.0,0.0,0,0,0,0,0,,0,0,0,0,0,,,,,11.970588235294118,,74.7,
Devin Voisin,WR,2025,college_data,67.0,0,775.0,4.0,0,0,0,0,0,,0,0,0,0,0,,,,,11.567164179104477,,168.5,
Devin Yeats,WR,2025,college_data,24.0,0,200.0,3.0,0,0,0,0,0,,0,0,0,0,0,,,,,8.333333333333334,,62.0,
Devion Newson,WR,2025,college_data,16.0,0,178.0,2.0,0,0,0,0,0,,0,0,0,0,0,,,,,11.125,,45.8,
Devonte Ross,WR,2024,college_data,76.0,0,1044.0,11.0,0,0,0,0,0,,0,0,0,0,0,,,,,13.736842105263158,,246.4,
Devonte Ross,WR,2025,college_data,36.0,0,501.0,5.0,0,0,0,0,0,,0,0,0,0,0,,,,,13.916666666666666,,116.1,
Deyandre Ruffin,WR,2024,college_data,12.0,0,208.0,1.0,0,0,0,0,0,,0,0,0,0,0,,,,,17.333333333333332,,38.8,
Deyandre Ruffin,WR,2025,college_data,38.0,0,446.0,2.0,0,0,0,0,0,,0,0,0,0,0,,,,,11.736842105263158,,94.6,
Dez Williams,WR,2024,college_data,30.0,0,382.0,2.0,0,0,0,0,0,,0,0,0,0,0,,,,,12.733333333333333,,80.2,
Dez Williams,WR,2025,college_data,49.0,0,529.0,5.0,0,0,0,0,0,,0,0,0,0,0,,,,,10.795918367346939,,131.9,
Dezmen Roebuck,WR,2025,college_data,42.0,0,560.0,7.0,0,0,0,0,0,,0,0,0,0,0,,,,,13.333333333333334,,140.0,
Diante Vines,WR,2024,college_data,36.0,0,393.0,2.0,0,0,0,0,0,,0,0,0,0,0,,,,,10.916666666666666,,87.30000000000001,
Dillon Bell,WR,2024,college_data,43.0,0,466.0,4.0,0,0,0,0,0,,0,0,0,0,0,,,,,10.837209302325581,,113.6,
Dillon Bell,WR,2025,college_data,27.0,0,268.0,2.0,0,0,0,0,0,,0,0,0,0,0,,,,,9.925925925925926,,65.8,
Diontae Johnson,WR,2019,nflreadpy,59.0,78,680.0,5.0,5,3,712,253,27,1.27696590584627,2,23,10,7,4,1.0720508031777123,0.29556755803802104,0.32721824222312895,16.0,11.525423728813559,42.5,151.0,9.4375
Diontae Johnson,WR,2020,nflreadpy,99.0,16,1040.0,7.0,16,16,16,16,16,1.1346249460115454,16,16,16,16,16,1.080514739895976,1.0,1.0,16.0,10.505050505050505,65.0,245.0,15.3125
Diontae Johnson,WR,2021,nflreadpy,112.0,93,1195.0,9.0,10,10,646,220,39,1.3319972972222034,10,29,16,12,9,1.0824200405091886,0.6574687886708347,0.6652641137919371,17.0,10.669642857142858,70.29411764705883,285.5,16.794117647058822
Diontae Johnson,WR,2022,nflreadpy,86.0,147,882.0,0.0,1,0,1499,236,45,-0.282664573106399,2,38,11,7,0,0.6615572054167325,0.27529062755453004,0.33200718789879763,17.0,10.255813953488373,51.88235294117647,176.2,10.36470588235294
Diontae Johnson,WR,2023,nflreadpy,55.0,94,765.0,6.0,1,0,1181,279,41,1.8189722913396313,0,30,16,10,2,0.7584903654738288,0.23192907433582208,0.40371520702168434,14.0,13.909090909090908,54.642857142857146,165.5,11.821428571428571
Diontae Johnson,WR,2024,nflreadpy,34.0,68,387.0,3.0,0,0,739,95,21,-1.5043319968911286,0,18,10,5,0,0.49044347061673355,0.17652879339199515,0.2992090459962684,12.0,11.382352941176471,32.25,90.7,7.558333333333334
Dohnte Meyers,WR,2026,nflreadpy,11.0,16,129.0,0.0,0,0,84,69,8,0.46351870953367325,0,6,4,2,0,2.954248366013072,0.09165407127796588,0.050444490968721854,4.0,11.727272727272727,32.25,23.9,5.975
Dom Dorwart,WR,2025,college_data,11.0,0,119.0,0.0,0,0,0,0,0,,0,0,0,0,0,,,,,10.818181818181818,,22.9,
Dom Henry,WR,2025,college_data,40.0,0,575.0,4.0,0,0,0,0,0,,0,0,0,0,0,,,,,14.375,,121.5,
Dominic Dutton,WR,2025,college_data,25.0,0,314.0,2.0,0,0,0,0,0,,0,0,0,0,0,,,,,12.56,,68.4,
Dominic Kibby,WR,2024,college_data,52.0,0,719.0,4.0,0,0,0,0,0,,0,0,0,0,0,,,,,13.826923076923077,,147.9,
Dominic Kibby,WR,2025,college_data,38.0,0,459.0,6.0,0,0,0,0,0,,0,0,0,0,0,,,,,12.078947368421053,,119.9,
Dominic Lovett,WR,2024,college_data,59.0,0,607.0,6.0,0,0,0,0,0,,0,0,0,0,0,,,,,10.288135593220339,,155.7,
Dominic Vrbancic,WR,2024,college_data,22.0,0,244.0,0.0,0,0,0,0,0,,0,0,0,0,0,,,,,11.090909090909092,,46.400000000000006,
Dominic Vrbancic,WR,2025,college_data,18.0,0,180.0,2.0,0,0,0,0,0,,0,0,0,0,0,,,,,10.0,,48.0,
Donaven McCulley,WR,2025,college_data,39.0,0,588.0,3.0,0,0,0,0,0,,0,0,0,0,0,,,,,15.076923076923077,,115.80000000000001,
Donavon Greene,WR,2024,college_data,23.0,0,380.0,3.0,0,0,0,0,0,,0,0,0,0,0,,,,,16.52173913043478,,79.0,
Donavon Greene,WR,2025,college_data,16.0,0,267.0,2.0,0,0,0,0,0,,0,0,0,0,0,,,,,16.6875,,54.7,
Donivan Wright,WR,2024,college_data,12.0,0,216.0,2.0,0,0,0,0,0,,0,0,0,0,0,,,,,18.0,,45.6,
Donnie Cheers,WR,2024,college_data,24.0,0,254.0,1.0,0,0,0,0,0,,0,0,0,0,0,,,,,10.583333333333334,,55.400000000000006,
Donnie Cheers,WR,2025,college_data,44.0,0,585.0,5.0,0,0,0,0,0,,0,0,0,0,0,,,,,13.295454545454545,,132.5,
Donnie Gray,WR,2025,college_data,27.0,0,260.0,0.0,0,0,0,0,0,,0,0,0,0,0,,,,,9.62962962962963,,53.0,
Donovan Brown,WR,2025,college_data,33.0,0,518.0,2.0,0,0,0,0,0,,0,0,0,0,0,,,,,15.696969696969697,,96.80000000000001,
Donovan Faupel,WR,2025,college_data,61.0,0,661.0,7.0,0,0,0,0,0,,0,0,0,0,0,,,,,10.836065573770492,,169.10000000000002,
Donovan Hamilton,WR,2025,college_data,20.0,0,244.0,0.0,0,0,0,0,0,,0,0,0,0,0,,,,,12.2,,44.400000000000006,
Donovan Lewis,WR,2025,college_data,20.0,0,219.0,1.0,0,0,0,0,0,,0,0,0,0,0,,,,,10.95,,47.900000000000006,
Donovan Murph,WR,2025,college_data,14.0,0,197.0,1.0,0,0,0,0,0,,0,0,0,0,0,,,,,14.071428571428571,,39.7,
Donovan Olugbode,WR,2025,college_data,30.0,0,401.0,2.0,0,0,0,0,0,,0,0,0,0,0,,,,,13.366666666666667,,82.1,
Donovan Peoples-Jones,WR,2020,nflreadpy,16.0,14,335.0,2.0,14,14,14,14,14,2.3872586113979732,14,14,14,14,14,0.8427677234325766,1.0,1.0,14.0,20.9375,23.928571428571427,61.5,4.392857142857143
Donovan Peoples-Jones,WR,2021,nflreadpy,34.0,42,597.0,3.0,7,7,517,89,20,1.9248361050610765,7,18,13,13,7,1.257759151992801,0.624688428179235,0.6943529278033824,13.0,17.558823529411764,45.92307692307692,111.7,8.592307692307692
Donovan Peoples-Jones,WR,2022,nflreadpy,61.0,96,839.0,3.0,1,1,1107,191,33,1.0830840897725138,0,35,20,14,1,0.8285331184896019,0.18766532108715947,0.23784557780382767,17.0,13.754098360655737,49.35294117647059,160.9,9.464705882352941
Donovan Peoples-Jones,WR,2023,nflreadpy,13.0,25,155.0,0.0,0,0,273,35,7,-0.33072763038089553,0,7,4,2,0,0.6859165699643127,0.04433712173681806,0.05782777731150407,17.0,11.923076923076923,9.117647058823529,28.5,1.6764705882352942
Donovan Wadley,WR,2025,college_data,24.0,0,469.0,3.0,0,0,0,0,0,,0,0,0,0,0,,,,,19.541666666666668,,88.9,
Dont'E Thornton,WR,2024,college_data,26.0,0,661.0,6.0,0,0,0,0,0,,0,0,0,0,0,,,,,25.423076923076923,,128.10000000000002,
Dontae Fleming,WR,2024,college_data,31.0,0,598.0,1.0,0,0,0,0,0,,0,0,0,0,0,,,,,19.29032258064516,,96.80000000000001,
Dontayvion Wicks,WR,2023,nflreadpy,41.0,62,606.0,5.0,3,1,631,211,30,1.8269701230463586,0,27,19,12,0,0.9091693665626653,0.11097545087868249,0.1400966661454623,17.0,14.78048780487805,35.64705882352941,125.6,7.388235294117647
Dontayvion Wicks,WR,2024,nflreadpy,41.0,82,454.0,5.0,0,0,1024,141,27,-0.37346740109103904,0,20,8,5,0,0.6995835412288864,0.16572611064347786,0.22442456985038348,18.0,11.073170731707316,25.22222222222222,116.4,6.466666666666667
Dontayvion Wicks,WR,2025,nflreadpy,30.0,46,332.0,2.0,0,0,517,67,21,1.0890756413175975,0,15,8,3,0,0.793640105992804,0.12813559267140168,0.16881006685036523,13.0,11.066666666666666,25.53846153846154,75.2,5.7846153846153845
Dontayvion Wicks,WR,2026,nflreadpy,12.0,20,197.0,1.0,0,0,249,49,10,2.636354482237948,0,6,4,3,1,0.7424092326679008,0.189572192513369,0.2885581893679552,4.0,16.416666666666668,49.25,37.7,9.425
Donte Lee Jr,WR,2025,college_data,32.0,0,589.0,5.0,0,0,0,0,0,,0,0,0,0,0,,,,,18.40625,,120.9,
Donte Moncrief,WR,2018,nflreadpy,48.0,89,668.0,3.0,0,0,1166,236,29,0.5525957774978145,0,27,12,7,2,0.6943364582960107,0.16123760453692046,0.3026158421195602,16.0,13.916666666666666,41.75,132.8,8.3
Dontrelle Inman,WR,2018,nflreadpy,36.0,47,412.0,4.0,0,0,493,74,23,3.236016791123383,0,18,9,6,0,0.808287707466279,0.13401704866924996,0.16960448512286472,10.0,11.444444444444445,41.2,101.2,10.120000000000001
Dontrelle Inman,WR,2019,nflreadpy,12.0,19,181.0,0.0,1,1,261,24,10,0.4739935319355157,1,10,6,5,1,0.771544663589918,0.22276396724697786,0.2578178891709207,7.0,15.083333333333334,25.857142857142858,30.1,4.3
Dontrelle Inman,WR,2020,nflreadpy,18.0,7,163.0,2.0,7,7,7,7,7,0.7336298139229683,7,7,7,7,7,0.8445523074094502,1.0,1.0,7.0,9.055555555555555,23.285714285714285,46.3,6.614285714285714
Dorian Singer,WR,2024,college_data,53.0,0,702.0,1.0,0,0,0,0,0,,0,0,0,0,0,,,,,13.245283018867925,,129.2,
Dorrian Moultrie,WR,2024,college_data,34.0,0,410.0,1.0,0,0,0,0,0,,0,0,0,0,0,,,,,12.058823529411764,,81.0,
Doryn Smith,WR,2024,college_data,21.0,0,283.0,1.0,0,0,0,0,0,,0,0,0,0,0,,,,,13.476190476190476,,55.3,
Doryn Smith,WR,2025,college_data,44.0,0,393.0,3.0,0,0,0,0,0,,0,0,0,0,0,,,,,8.931818181818182,,101.30000000000001,
Doug Baldwin,WR,2018,nflreadpy,53.0,79,650.0,5.0,0,0,901,156,33,2.718372218633526,0,27,17,10,2,0.7648433414447581,0.22670034155032037,0.27607839393634764,14.0,12.264150943396226,46.42857142857143,148.0,10.571428571428571
Drae McCray,WR,2024,college_data,12.0,0,74.0,0.0,0,0,0,0,0,,0,0,0,0,0,,,,,6.166666666666667,,19.4,
Drake London,WR,2022,nflreadpy,72.0,117,866.0,4.0,3,3,1219,224,48,0.7526679010619416,1,41,14,10,1,0.8454507111392341,0.2886120927905654,0.2927977447916399,17.0,12.027777777777779,50.94117647058823,178.60000000000002,10.505882352941178
Drake London,WR,2023,nflreadpy,69.0,110,905.0,2.0,0,0,1264,188,45,0.7418672398988517,1,38,23,17,1,0.7059351806343183,0.22763543285200388,0.3070308280447829,16.0,13.115942028985508,56.5625,173.5,10.84375
Drake London,WR,2024,nflreadpy,100.0,158,1271.0,9.0,0,0,1723,327,67,2.160631077339049,0,61,29,12,0,0.8301323460108027,0.28239171345288905,0.3695819225494487,17.0,12.71,74.76470588235294,281.1,16.53529411764706
Drake London,WR,2025,nflreadpy,68.0,112,919.0,7.0,1,1,1221,229,46,2.0650496110550844,1,40,19,13,3,0.7523818084696628,0.29711112593933936,0.40241994558967037,12.0,13.514705882352942,76.58333333333333,201.9,16.825
Drake London,WR,2026,nflreadpy,20.0,25,370.0,0.0,0,0,208,199,15,5.783322240145319,0,14,10,6,2,1.7475296442687749,0.27664981176644277,0.39726684821657593,4.0,18.5,92.5,57.0,14.25
Drayden Dickmann,WR,2025,college_data,37.0,0,323.0,3.0,0,0,0,0,0,,0,0,0,0,0,,,,,8.72972972972973,,87.30000000000001,
DreSean Kendrick,WR,2024,college_data,16.0,0,223.0,2.0,0,0,0,0,0,,0,0,0,0,0,,,,,13.9375,,50.3,
DreSean Kendrick,WR,2025,college_data,56.0,0,723.0,5.0,0,0,0,0,0,,0,0,0,0,0,,,,,12.910714285714286,,158.3,
Drelon Miller,WR,2024,college_data,32.0,0,277.0,3.0,0,0,0,0,0,,0,0,0,0,0,,,,,8.65625,,77.7,
Drelon Miller,WR,2025,college_data,21.0,0,159.0,1.0,0,0,0,0,0,,0,0,0,0,0,,,,,7.571428571428571,,42.9,
Drew Deck,WR,2025,college_data,30.0,0,404.0,4.0,0,0,0,0,0,,0,0,0,0,0,,,,,13.466666666666667,,94.4,
Drew Krobath,WR,2024,college_data,15.0,0,225.0,2.0,0,0,0,0,0,,0,0,0,0,0,,,,,15.0,,49.5,
Drew Krobath,WR,2025,college_data,29.0,0,513.0,2.0,0,0,0,0,0,,0,0,0,0,0,,,,,17.689655172413794,,92.30000000000001,
Drew Wagner,WR,2025,college_data,22.0,0,172.0,2.0,0,0,0,0,0,,0,0,0,0,0,,,,,7.818181818181818,,51.2,
Duane Thomas Jr.,WR,2025,college_data,53.0,0,528.0,0.0,0,0,0,0,0,,0,0,0,0,0,,,,,9.962264150943396,,105.80000000000001,
Duce Robinson,WR,2024,college_data,23.0,0,396.0,5.0,0,0,0,0,0,,0,0,0,0,0,,,,,17.217391304347824,,92.6,
Duce Robinson,WR,2025,college_data,56.0,0,1074.0,6.0,0,0,0,0,0,,0,0,0,0,0,,,,,19.178571428571427,,199.4,
Duke Miller,WR,2024,college_data,23.0,0,309.0,2.0,0,0,0,0,0,,0,0,0,0,0,,,,,13.434782608695652,,65.9,
Duke Williams,WR,2019,nflreadpy,16.0,9,215.0,1.0,2,2,50,18,6,1.2726501414793143,2,4,3,3,2,0.8677166400850611,0.4484894327030034,0.4475134867055326,5.0,13.4375,43.0,43.5,8.7
Dyami Brown,WR,2021,nflreadpy,12.0,10,165.0,0.0,5,5,107,21,7,-0.1759246515418646,5,7,7,7,6,0.41125862369704735,0.5159714795008913,0.5404893982479823,10.0,13.75,16.5,28.5,2.85
Dyami Brown,WR,2023,nflreadpy,12.0,23,168.0,1.0,0,0,387,76,8,0.774205568198919,0,6,4,2,0,0.40634280359777775,0.03858190438280448,0.0774234728351876,16.0,14.0,10.5,34.8,2.175
Dyami Brown,WR,2024,nflreadpy,44.0,58,537.0,2.0,3,2,483,309,22,0.6206972198646243,0,21,13,11,3,1.0625327679058616,0.1047850589799816,0.12087230605715793,18.0,12.204545454545455,29.833333333333332,103.7,5.761111111111111
Dyami Brown,WR,2025,nflreadpy,20.0,37,227.0,1.0,0,0,518,31,13,-0.20839201905844326,0,10,5,2,0,0.47134992750487725,0.09864329047351625,0.17395624721823608,11.0,11.35,20.636363636363637,48.7,4.427272727272728
Dylan Djete,WR,2024,college_data,20.0,0,209.0,2.0,0,0,0,0,0,,0,0,0,0,0,,,,,10.45,,52.900000000000006,
Dylan Djete,WR,2025,college_data,28.0,0,435.0,4.0,0,0,0,0,0,,0,0,0,0,0,,,,,15.535714285714286,,95.5,
Dylan Evans,WR,2025,college_data,44.0,0,579.0,4.0,0,0,0,0,0,,0,0,0,0,0,,,,,13.159090909090908,,125.9,
Dylan Gary,WR,2024,college_data,42.0,0,764.0,7.0,0,0,0,0,0,,0,0,0,0,0,,,,,18.19047619047619,,160.4,
Dylan Lord,WR,2025,college_data,74.0,0,734.0,5.0,0,0,0,0,0,,0,0,0,0,0,,,,,9.91891891891892,,177.4,
Dylan Redmon,WR,2025,college_data,23.0,0,341.0,4.0,0,0,0,0,0,,0,0,0,0,0,,,,,14.826086956521738,,81.1,
Dymere Miller,WR,2024,college_data,59.0,0,757.0,4.0,0,0,0,0,0,,0,0,0,0,0,,,,,12.830508474576272,,158.7,
E. Jai Mason,WR,2024,college_data,51.0,0,460.0,6.0,0,0,0,0,0,,0,0,0,0,0,,,,,9.019607843137255,,133.0,
E. Jai Mason,WR,2025,college_data,31.0,0,423.0,4.0,0,0,0,0,0,,0,0,0,0,0,,,,,13.64516129032258,,97.30000000000001,
E.J. Horton,WR,2025,college_data,27.0,0,289.0,1.0,0,0,0,0,0,,0,0,0,0,0,,,,,10.703703703703704,,61.900000000000006,
E.J. Williams,WR,2025,college_data,36.0,0,438.0,6.0,0,0,0,0,0,,0,0,0,0,0,,,,,12.166666666666666,,115.80000000000001,
Easton Messer,WR,2024,college_data,55.0,0,793.0,4.0,0,0,0,0,0,,0,0,0,0,0,,,,,14.418181818181818,,158.3,
Easton Messer,WR,2025,college_data,100.0,0,1029.0,6.0,0,0,0,0,0,,0,0,0,0,0,,,,,10.29,,238.9,
Ed Small,WR,2025,college_data,16.0,0,186.0,2.0,0,0,0,0,0,,0,0,0,0,0,,,,,11.625,,46.6,
Edan Stagg,WR,2024,college_data,23.0,0,231.0,1.0,0,0,0,0,0,,0,0,0,0,0,,,,,10.043478260869565,,52.1,
Eddie Freauff,WR,2025,college_data,12.0,0,139.0,1.0,0,0,0,0,0,,0,0,0,0,0,,,,,11.583333333333334,,31.9,
Eddie Kasper,WR,2024,college_data,51.0,0,436.0,1.0,0,0,0,0,0,,0,0,0,0,0,,,,,8.549019607843137,,100.6,
Eddie Kasper,WR,2025,college_data,36.0,0,322.0,1.0,0,0,0,0,0,,0,0,0,0,0,,,,,8.944444444444445,,74.2,
Eddy Schultz,WR,2025,college_data,13.0,0,99.0,1.0,0,0,0,0,0,,0,0,0,0,0,,,,,7.615384615384615,,28.9,
Efton Chism III,WR,2024,college_data,119.0,0,1300.0,13.0,0,0,0,0,0,,0,0,0,0,0,,,,,10.92436974789916,,327.0,
Egypt Nelson,WR,2024,college_data,20.0,0,269.0,1.0,0,0,0,0,0,,0,0,0,0,0,,,,,13.45,,52.900000000000006,
Einaj Carter,WR,2024,college_data,37.0,0,517.0,4.0,0,0,0,0,0,,0,0,0,0,0,,,,,13.972972972972974,,112.7,
Eli Green,WR,2025,college_data,11.0,0,123.0,0.0,0,0,0,0,0,,0,0,0,0,0,,,,,11.181818181818182,,23.3,
Eli Heidenreich,WR,2024,college_data,39.0,0,671.0,6.0,0,0,0,0,0,,0,0,0,0,0,,,,,17.205128205128204,,142.10000000000002,
Eli Heidenreich,WR,2025,college_data,51.0,0,941.0,6.0,0,0,0,0,0,,0,0,0,0,0,,,,,18.45098039215686,,181.10000000000002,
Eli Pancol,WR,2024,college_data,60.0,0,798.0,9.0,0,0,0,0,0,,0,0,0,0,0,,,,,13.3,,193.8,
Eli Paulson,WR,2024,college_data,12.0,0,152.0,0.0,0,0,0,0,0,,0,0,0,0,0,,,,,12.666666666666666,,27.200000000000003,
Eli Paulson,WR,2025,college_data,20.0,0,254.0,1.0,0,0,0,0,0,,0,0,0,0,0,,,,,12.7,,51.400000000000006,
Eli Rogers,WR,2018,nflreadpy,12.0,14,79.0,0.0,1,0,62,40,5,0.3790285566113889,1,2,1,0,0,1.3271490414347558,0.11387342815914243,0.07469039117235411,3.0,6.583333333333333,26.333333333333332,19.9,6.633333333333333
Eli Wood,WR,2025,college_data,16.0,0,205.0,2.0,0,0,0,0,0,,0,0,0,0,0,,,,,12.8125,,48.5,
Elic Ayomanor,WR,2024,college_data,63.0,0,831.0,6.0,0,0,0,0,0,,0,0,0,0,0,,,,,13.19047619047619,,182.10000000000002,
Elic Ayomanor,WR,2025,nflreadpy,41.0,89,515.0,4.0,0,0,1126,115,30,-0.5997314685285018,0,22,10,8,0,0.5418009024393666,0.1847526105012789,0.32510973928757747,16.0,12.560975609756097,32.1875,116.5,7.28125
Elijah Aragon,WR,2024,college_data,64.0,0,777.0,7.0,0,0,0,0,0,,0,0,0,0,0,,,,,12.140625,,183.7,
Elijah Canion,WR,2024,college_data,25.0,0,354.0,3.0,0,0,0,0,0,,0,0,0,0,0,,,,,14.16,,78.4,
Elijah Ford,WR,2024,college_data,16.0,0,124.0,0.0,0,0,0,0,0,,0,0,0,0,0,,,,,7.75,,28.4,
Elijah Kennedy,WR,2025,college_data,25.0,0,305.0,0.0,0,0,0,0,0,,0,0,0,0,0,,,,,12.2,,55.5,
Elijah Metcalf,WR,2024,college_data,20.0,0,194.0,3.0,0,0,0,0,0,,0,0,0,0,0,,,,,9.7,,57.400000000000006,
Elijah Metcalf,WR,2025,college_data,54.0,0,683.0,2.0,0,0,0,0,0,,0,0,0,0,0,,,,,12.648148148148149,,134.3,
Elijah Moore,WR,2021,nflreadpy,43.0,29,538.0,5.0,9,9,260,51,15,-0.11734316244392123,9,15,13,11,9,0.6826223203896082,0.8801054018445323,0.9214474845542807,11.0,12.511627906976743,48.90909090909091,126.80000000000001,11.52727272727273
Elijah Moore,WR,2022,nflreadpy,37.0,65,446.0,1.0,0,0,785,93,22,0.10495910611944602,0,19,12,8,1,0.6628814412966041,0.12550394063452316,0.16875762101186803,14.0,12.054054054054054,31.857142857142858,87.6,6.257142857142857
Elijah Moore,WR,2023,nflreadpy,61.0,106,652.0,2.0,1,1,1158,200,29,-0.09949867767577641,0,27,12,9,1,1.1202673646428774,0.17597925895843278,0.20723296295042368,17.0,10.688524590163935,38.35294117647059,136.2,8.011764705882353
Elijah Moore,WR,2024,nflreadpy,61.0,102,538.0,1.0,0,0,950,133,25,-2.1712338668543447,0,19,9,5,1,0.6930668977509811,0.154815503902971,0.16875650995854286,17.0,8.819672131147541,31.647058823529413,120.80000000000001,7.105882352941177
Elijah Sarratt,WR,2024,college_data,53.0,0,957.0,8.0,0,0,0,0,0,,0,0,0,0,0,,,,,18.056603773584907,,196.7,
Elijah Sarratt,WR,2025,college_data,64.0,0,806.0,15.0,0,0,0,0,0,,0,0,0,0,0,,,,,12.59375,,234.60000000000002,
Elijah Spencer,WR,2024,college_data,52.0,0,685.0,6.0,0,0,0,0,0,,0,0,0,0,0,,,,,13.173076923076923,,156.5,
Elijah Steward,WR,2024,college_data,46.0,0,635.0,1.0,0,0,0,0,0,,0,0,0,0,0,,,,,13.804347826086957,,115.5,
Elijah Steward,WR,2025,college_data,36.0,0,508.0,4.0,0,0,0,0,0,,0,0,0,0,0,,,,,14.11111111111111,,110.80000000000001,
Elijhah Badger,WR,2024,college_data,39.0,0,806.0,4.0,0,0,0,0,0,,0,0,0,0,0,,,,,20.666666666666668,,143.60000000000002,
Ellis Stewart,WR,2025,college_data,27.0,0,320.0,6.0,0,0,0,0,0,,0,0,0,0,0,,,,,11.851851851851851,,95.0,
Elyjah Mitchell,WR,2024,college_data,23.0,0,268.0,2.0,0,0,0,0,0,,0,0,0,0,0,,,,,11.652173913043478,,61.8,
Emari White,WR,2024,college_data,15.0,0,107.0,0.0,0,0,0,0,0,,0,0,0,0,0,,,,,7.133333333333334,,25.700000000000003,
Emeka Egbuka,WR,2024,college_data,81.0,0,1011.0,10.0,0,0,0,0,0,,0,0,0,0,0,,,,,12.481481481481481,,242.10000000000002,
Emeka Egbuka,WR,2025,nflreadpy,63.0,127,938.0,6.0,0,0,1572,335,34,0.42018488101117013,1,30,24,20,3,0.6048008374994732,0.2356455366633572,0.3534680641582661,17.0,14.88888888888889,55.1764705882353,194.8,11.458823529411765
Emeka Egbuka,WR,2026,nflreadpy,15.0,24,154.0,1.0,0,0,268,62,7,-0.4353261646319879,0,9,2,1,0,0.5917185592185592,0.19618159618159617,0.2889540895561112,4.0,10.266666666666667,38.5,36.4,9.1
Emmanuel Henderson Jr.,WR,2025,college_data,45.0,0,766.0,5.0,0,0,0,0,0,,0,0,0,0,0,,,,,17.022222222222222,,151.60000000000002,
Emmanuel Sanders,WR,2018,nflreadpy,71.0,98,868.0,4.0,0,0,943,297,36,1.556553429089642,0,32,16,13,4,0.9746087710348966,0.25353485828618155,0.29063786419453597,12.0,12.225352112676056,72.33333333333333,181.8,15.15
Emmanuel Sanders,WR,2019,nflreadpy,71.0,97,940.0,5.0,4,4,990,241,43,1.0403499335511077,5,37,21,15,7,0.7222119689748319,0.34464332427490324,0.42229643580798193,20.0,13.23943661971831,47.0,197.0,9.85
Emmanuel Sanders,WR,2020,nflreadpy,69.0,16,777.0,5.0,16,16,16,16,16,2.1750829532223266,16,16,16,16,16,1.2005134213372612,1.0,1.0,16.0,11.26086956521739,48.5625,176.7,11.04375
Emmanuel Sanders,WR,2021,nflreadpy,45.0,26,678.0,5.0,11,11,165,29,16,1.7851557139054117,11,16,15,13,11,0.7748735567743382,0.7162286328736397,0.7223965923754919,16.0,15.066666666666666,42.375,142.8,8.925
Emmerson Cortez-Menjivar,WR,2024,college_data,14.0,0,200.0,4.0,0,0,0,0,0,,0,0,0,0,0,,,,,14.285714285714286,,58.0,
Emmerson Cortez-Menjivar,WR,2025,college_data,22.0,0,278.0,1.0,0,0,0,0,0,,0,0,0,0,0,,,,,12.636363636363637,,55.8,
Emmett Mosley V,WR,2024,college_data,48.0,0,525.0,6.0,0,0,0,0,0,,0,0,0,0,0,,,,,10.9375,,136.5,
Emmett Mosley V,WR,2025,college_data,28.0,0,408.0,3.0,0,0,0,0,0,,0,0,0,0,0,,,,,14.571428571428571,,86.80000000000001,
Ephraim Floyd,WR,2024,college_data,22.0,0,326.0,2.0,0,0,0,0,0,,0,0,0,0,0,,,,,14.818181818181818,,66.6,
Ephraim Floyd,WR,2025,college_data,63.0,0,613.0,2.0,0,0,0,0,0,,0,0,0,0,0,,,,,9.73015873015873,,136.3,
Equanimeous St. Brown,WR,2018,nflreadpy,21.0,36,328.0,0.0,0,0,505,120,13,0.9333495974406444,0,13,10,5,1,0.7028951375030682,0.092491456957621,0.13088864932013808,11.0,15.619047619047619,29.818181818181817,53.800000000000004,4.8909090909090915
Equanimeous St. Brown,WR,2022,nflreadpy,21.0,38,323.0,1.0,0,0,495,98,14,0.21211892627049664,0,13,8,5,1,0.8130963312501273,0.12488165497979235,0.16275419249188586,16.0,15.380952380952381,20.1875,59.300000000000004,3.7062500000000003
Eric Denham,WR,2024,college_data,35.0,0,516.0,3.0,0,0,0,0,0,,0,0,0,0,0,,,,,14.742857142857142,,104.6,
Eric Holley,WR,2024,college_data,14.0,0,126.0,0.0,0,0,0,0,0,,0,0,0,0,0,,,,,9.0,,26.6,
Eric Holley,WR,2025,college_data,14.0,0,186.0,1.0,0,0,0,0,0,,0,0,0,0,0,,,,,13.285714285714286,,38.6,
Eric McAlister,WR,2024,college_data,39.0,0,762.0,5.0,0,0,0,0,0,,0,0,0,0,0,,,,,19.53846153846154,,145.2,
Eric McAlister,WR,2025,college_data,72.0,0,1190.0,10.0,0,0,0,0,0,,0,0,0,0,0,,,,,16.52777777777778,,251.0,
Eric Rivers,WR,2024,college_data,62.0,0,1172.0,12.0,0,0,0,0,0,,0,0,0,0,0,,,,,18.903225806451612,,251.2,
Eric Rivers,WR,2025,college_data,47.0,0,671.0,2.0,0,0,0,0,0,,0,0,0,0,0,,,,,14.27659574468085,,126.10000000000001,
Eric Singleton Jr.,WR,2024,college_data,56.0,0,754.0,3.0,0,0,0,0,0,,0,0,0,0,0,,,,,13.464285714285714,,149.4,
Eric Singleton Jr.,WR,2025,college_data,58.0,0,534.0,3.0,0,0,0,0,0,,0,0,0,0,0,,,,,9.206896551724139,,129.4,
Eric Weatherly,WR,2024,college_data,73.0,0,835.0,8.0,0,0,0,0,0,,0,0,0,0,0,,,,,11.438356164383562,,204.5,
Eric Weatherly,WR,2025,college_data,29.0,0,238.0,1.0,0,0,0,0,0,,0,0,0,0,0,,,,,8.206896551724139,,58.8,
Eric Willis III,WR,2025,college_data,27.0,0,290.0,2.0,0,0,0,0,0,,0,0,0,0,0,,,,,10.74074074074074,,68.0,
Ernest Campbell,WR,2025,college_data,37.0,0,755.0,8.0,0,0,0,0,0,,0,0,0,0,0,,,,,20.405405405405407,,160.5,
Errol Rogers Jr.,WR,2024,college_data,13.0,0,151.0,1.0,0,0,0,0,0,,0,0,0,0,0,,,,,11.615384615384615,,34.1,
Ethan Chambers,WR,2024,college_data,21.0,0,236.0,0.0,0,0,0,0,0,,0,0,0,0,0,,,,,11.238095238095237,,44.6,
Ethan Harris,WR,2024,college_data,15.0,0,226.0,1.0,0,0,0,0,0,,0,0,0,0,0,,,,,15.066666666666666,,43.6,
Ethan Harris,WR,2025,college_data,21.0,0,223.0,0.0,0,0,0,0,0,,0,0,0,0,0,,,,,10.619047619047619,,43.3,
Ethan Loss,WR,2024,college_data,31.0,0,550.0,5.0,0,0,0,0,0,,0,0,0,0,0,,,,,17.741935483870968,,116.0,
Ethan Loss,WR,2025,college_data,54.0,0,639.0,1.0,0,0,0,0,0,,0,0,0,0,0,,,,,11.833333333333334,,123.9,
Ethan Thulin,WR,2025,college_data,21.0,0,303.0,1.0,0,0,0,0,0,,0,0,0,0,0,,,,,14.428571428571429,,57.3,
Ethen Horne,WR,2024,college_data,15.0,0,210.0,2.0,0,0,0,0,0,,0,0,0,0,0,,,,,14.0,,48.0,
Eugene Wilson,WR,2024,college_data,19.0,0,266.0,1.0,0,0,0,0,0,,0,0,0,0,0,,,,,14.0,,51.6,
Eugene Wilson,WR,2025,college_data,27.0,0,239.0,3.0,0,0,0,0,0,,0,0,0,0,0,,,,,8.851851851851851,,68.9,
Evan Boyd,WR,2024,college_data,21.0,0,302.0,2.0,0,0,0,0,0,,0,0,0,0,0,,,,,14.380952380952381,,63.2,
Evan Brooks,WR,2025,college_data,15.0,0,145.0,0.0,0,0,0,0,0,,0,0,0,0,0,,,,,9.666666666666666,,29.5,
Evan Burkhardt,WR,2024,college_data,12.0,0,131.0,1.0,0,0,0,0,0,,0,0,0,0,0,,,,,10.916666666666666,,31.1,
Evan James,WR,2025,college_data,65.0,0,796.0,7.0,0,0,0,0,0,,0,0,0,0,0,,,,,12.246153846153845,,186.60000000000002,
Evan McCray,WR,2025,college_data,11.0,0,81.0,0.0,0,0,0,0,0,,0,0,0,0,0,,,,,7.363636363636363,,19.1,
Evan Stewart,WR,2024,college_data,48.0,0,613.0,5.0,0,0,0,0,0,,0,0,0,0,0,,,,,12.770833333333334,,139.3,
Evan Van Dyke,WR,2025,college_data,41.0,0,396.0,3.0,0,0,0,0,0,,0,0,0,0,0,,,,,9.658536585365853,,98.6,
Evens Valcourt,WR,2025,college_data,23.0,0,189.0,0.0,0,0,0,0,0,,0,0,0,0,0,,,,,8.217391304347826,,41.900000000000006,
Ezekiel Avit,WR,2025,college_data,28.0,0,255.0,0.0,0,0,0,0,0,,0,0,0,0,0,,,,,9.107142857142858,,53.5,
Fabian Baez,WR,2024,college_data,36.0,0,461.0,5.0,0,0,0,0,0,,0,0,0,0,0,,,,,12.805555555555555,,112.1,
Fabian Mccray,WR,2025,college_data,38.0,0,537.0,3.0,0,0,0,0,0,,0,0,0,0,0,,,,,14.131578947368421,,109.7,
Fidel Tau Pitts,WR,2025,college_data,15.0,0,285.0,5.0,0,0,0,0,0,,0,0,0,0,0,,,,,19.0,,73.5,
Finn Hogan,WR,2024,college_data,17.0,0,175.0,0.0,0,0,0,0,0,,0,0,0,0,0,,,,,10.294117647058824,,34.5,
Finn Hogan,WR,2025,college_data,13.0,0,183.0,0.0,0,0,0,0,0,,0,0,0,0,0,,,,,14.076923076923077,,31.3,
Franck Pierre,WR,2025,college_data,33.0,0,548.0,5.0,0,0,0,0,0,,0,0,0,0,0,,,,,16.606060606060606,,117.80000000000001,
Fred Farrier II,WR,2024,college_data,13.0,0,126.0,0.0,0,0,0,0,0,,0,0,0,0,0,,,,,9.692307692307692,,25.6,
Fred Farrier II,WR,2025,college_data,11.0,0,132.0,1.0,0,0,0,0,0,,0,0,0,0,0,,,,,12.0,,30.200000000000003,
Freddie Swain,WR,2020,nflreadpy,14.0,14,187.0,2.0,14,14,14,14,14,0.5703588436847854,14,14,14,14,14,1.7962921693690925,1.0,1.0,14.0,13.357142857142858,13.357142857142858,44.7,3.192857142857143
Freddie Swain,WR,2021,nflreadpy,25.0,22,343.0,4.0,10,10,97,106,16,0.7678912052923843,10,14,14,14,11,2.229812751649683,0.6118229391474173,0.6071239957560883,17.0,13.72,20.176470588235293,83.30000000000001,4.9
Fredrick Moore,WR,2024,college_data,11.0,0,128.0,1.0,0,0,0,0,0,,0,0,0,0,0,,,,,11.636363636363637,,29.8,
Gabe Davis,WR,2020,nflreadpy,39.0,19,684.0,7.0,19,19,19,19,19,0.7353641498044245,19,19,19,19,19,0.7775396734955773,1.0,1.0,19.0,17.53846153846154,36.0,149.4,7.863157894736842
Gabe Davis,WR,2021,nflreadpy,45.0,61,791.0,11.0,9,9,763,130,36,2.5867026056973734,9,34,24,19,10,0.8527251053302245,0.6151628545182514,0.6746904384761203,17.0,17.57777777777778,46.529411764705884,190.10000000000002,11.182352941176472
Gabe Davis,WR,2022,nflreadpy,56.0,106,983.0,8.0,1,1,1698,149,42,1.033393642781193,0,39,26,14,3,0.5972329266422415,0.18815456170759629,0.2865469389917796,17.0,17.553571428571427,57.8235294117647,200.3,11.782352941176471
Gabe Davis,WR,2023,nflreadpy,45.0,81,746.0,7.0,1,1,1223,180,34,1.5096727028458554,1,27,20,12,2,0.5442782279009847,0.15405293926152916,0.27152324626191043,16.0,16.57777777777778,46.625,161.60000000000002,10.100000000000001
Gabe Davis,WR,2024,nflreadpy,20.0,42,239.0,2.0,1,1,565,39,13,-0.45807689397060325,0,12,7,6,0,0.5116212865360384,0.14536051674790065,0.2115731572467162,10.0,11.95,23.9,53.900000000000006,5.390000000000001
Gabe Davis,WR,2025,nflreadpy,14.0,21,143.0,1.0,0,0,183,32,9,1.7072668906267998,0,5,4,2,0,0.6751322751322751,0.10326874930912198,0.16118414279191626,7.0,10.214285714285714,20.428571428571427,34.3,4.8999999999999995
Gabe Nunez,WR,2024,college_data,44.0,0,647.0,3.0,0,0,0,0,0,,0,0,0,0,0,,,,,14.704545454545455,,126.7,
Gabe Nunez,WR,2025,college_data,56.0,0,647.0,4.0,0,0,0,0,0,,0,0,0,0,0,,,,,11.553571428571429,,144.7,
Gabriel Benyard,WR,2024,college_data,19.0,0,162.0,0.0,0,0,0,0,0,,0,0,0,0,0,,,,,8.526315789473685,,35.2,
Gabriel Benyard,WR,2025,college_data,60.0,0,949.0,9.0,0,0,0,0,0,,0,0,0,0,0,,,,,15.816666666666666,,208.9,
Gage Larvadain,WR,2024,college_data,19.0,0,223.0,1.0,0,0,0,0,0,,0,0,0,0,0,,,,,11.736842105263158,,47.3,
Gamarion Carter,WR,2024,college_data,12.0,0,123.0,0.0,0,0,0,0,0,,0,0,0,0,0,,,,,10.25,,24.3,
Garrett Cody,WR,2024,college_data,17.0,0,179.0,0.0,0,0,0,0,0,,0,0,0,0,0,,,,,10.529411764705882,,34.900000000000006,
Garrett Wilson,WR,2022,nflreadpy,83.0,147,1103.0,4.0,1,1,1548,384,56,1.9717203661038085,0,48,21,13,3,1.0502034812340704,0.2543670087829984,0.2887783874326805,17.0,13.289156626506024,64.88235294117646,215.3,12.664705882352942
Garrett Wilson,WR,2023,nflreadpy,95.0,168,1042.0,3.0,2,2,1707,327,47,-0.6153313543450786,0,38,16,11,2,0.6695261705391868,0.29765558596873476,0.4347742572968543,17.0,10.968421052631578,61.294117647058826,213.2,12.541176470588235
Garrett Wilson,WR,2024,nflreadpy,101.0,154,1104.0,7.0,2,2,1408,442,60,1.2970883363112156,1,44,24,16,1,0.9902669319558091,0.25961908482226165,0.34748239598846586,17.0,10.930693069306932,64.94117647058823,251.4,14.788235294117648
Garrett Wilson,WR,2025,nflreadpy,36.0,59,395.0,4.0,1,0,535,100,18,-0.2950182925933742,0,15,9,4,0,0.6898422728579836,0.35389266817838244,0.5625681628051125,7.0,10.972222222222221,56.42857142857143,97.5,13.928571428571429
Garrett Wilson,WR,2026,nflreadpy,24.0,31,270.0,2.0,0,0,315,41,14,3.3262423605693225,0,10,6,4,0,0.8668869571288926,0.2816425120772947,0.3751023339354796,4.0,11.25,67.5,63.0,15.75
Gary Bryant Jr.,WR,2025,college_data,26.0,0,306.0,4.0,0,0,0,0,0,,0,0,0,0,0,,,,,11.76923076923077,,80.6,
Gary Cooper,WR,2024,college_data,16.0,0,175.0,0.0,0,0,0,0,0,,0,0,0,0,0,,,,,10.9375,,33.5,
Gary Givens III,WR,2024,college_data,23.0,0,352.0,3.0,0,0,0,0,0,,0,0,0,0,0,,,,,15.304347826086957,,76.2,
Gary Givens III,WR,2025,college_data,12.0,0,145.0,1.0,0,0,0,0,0,,0,0,0,0,0,,,,,12.083333333333334,,32.5,
Gavin Freeman,WR,2025,college_data,53.0,0,481.0,4.0,0,0,0,0,0,,0,0,0,0,0,,,,,9.075471698113208,,125.1,
Gavin Lochow,WR,2024,college_data,59.0,0,488.0,5.0,0,0,0,0,0,,0,0,0,0,0,,,,,8.271186440677965,,137.8,
Gavin Lochow,WR,2025,college_data,61.0,0,731.0,8.0,0,0,0,0,0,,0,0,0,0,0,,,,,11.98360655737705,,182.10000000000002,
Gavin Nelson,WR,2024,college_data,35.0,0,643.0,3.0,0,0,0,0,0,,0,0,0,0,0,,,,,18.37142857142857,,117.3,
Gavin Nelson,WR,2025,college_data,30.0,0,514.0,6.0,0,0,0,0,0,,0,0,0,0,0,,,,,17.133333333333333,,117.4,
Gavin Thomson,WR,2024,college_data,40.0,0,624.0,6.0,0,0,0,0,0,,0,0,0,0,0,,,,,15.6,,138.4,
Geoffrey Jamiel,WR,2024,college_data,60.0,0,768.0,8.0,0,0,0,0,0,,0,0,0,0,0,,,,,12.8,,184.8,
Geoffrey Jamiel,WR,2025,college_data,73.0,0,1067.0,8.0,0,0,0,0,0,,0,0,0,0,0,,,,,14.616438356164384,,227.7,
George Dimopoulos,WR,2025,college_data,11.0,0,58.0,0.0,0,0,0,0,0,,0,0,0,0,0,,,,,5.2727272727272725,,16.8,
George Pickens,WR,2022,nflreadpy,52.0,84,801.0,4.0,0,0,1240,104,38,2.6675946777826,1,33,18,17,1,0.6348508687540608,0.15973917960428877,0.26866055257462734,17.0,15.403846153846153,47.11764705882353,158.10000000000002,9.3
George Pickens,WR,2023,nflreadpy,68.0,117,1190.0,5.0,4,1,1548,390,45,1.2636175906191194,0,44,28,22,6,0.7464467013211602,0.2284246093838809,0.37985423086150266,18.0,17.5,66.11111111111111,209.0,11.61111111111111
George Pickens,WR,2024,nflreadpy,64.0,108,987.0,4.0,1,1,1477,236,41,2.4226960687969608,0,34,23,19,4,0.7062693570539607,0.26237583644346796,0.4311176397182232,15.0,15.421875,65.8,184.7,12.313333333333333
George Pickens,WR,2025,nflreadpy,93.0,137,1429.0,9.0,4,0,1547,479,73,5.220159487064947,1,62,34,22,4,0.9387988283771422,0.2251513769371896,0.3220924231479262,17.0,15.365591397849462,84.05882352941177,283.9,16.7
George Pickens,WR,2026,nflreadpy,18.0,28,225.0,0.0,0,0,340,35,12,2.541258970915059,0,10,4,2,1,0.7008889350870289,0.20070798949737434,0.3129050978855774,4.0,12.5,56.25,40.5,10.125
Ger-Cari Caldwell,WR,2024,college_data,41.0,0,510.0,2.0,0,0,0,0,0,,0,0,0,0,0,,,,,12.439024390243903,,104.0,
Germie Bernard,WR,2024,college_data,50.0,0,794.0,2.0,0,0,0,0,0,,0,0,0,0,0,,,,,15.88,,141.4,
Germie Bernard,WR,2025,college_data,64.0,0,862.0,7.0,0,0,0,0,0,,0,0,0,0,0,,,,,13.46875,,192.2,
Geronimo Allison,WR,2018,nflreadpy,20.0,30,303.0,2.0,1,0,388,106,11,3.4766488071025696,0,11,5,4,1,1.1256611142480708,0.15315718157181574,0.21525866459803114,5.0,15.15,60.6,60.3,12.059999999999999
Geronimo Allison,WR,2019,nflreadpy,37.0,53,306.0,2.0,5,5,392,108,19,0.11893462182156422,4,15,9,7,4,0.9686947114466269,0.32417930207145285,0.3130804858226646,17.0,8.27027027027027,18.0,77.6,4.564705882352941
Giancarlo Woods,WR,2024,college_data,44.0,0,605.0,3.0,0,0,0,0,0,,0,0,0,0,0,,,,,13.75,,122.5,
Giles Jackson,WR,2024,college_data,85.0,0,893.0,7.0,0,0,0,0,0,,0,0,0,0,0,,,,,10.505882352941176,,216.3,
Gio Richardson,WR,2025,college_data,21.0,0,299.0,2.0,0,0,0,0,0,,0,0,0,0,0,,,,,14.238095238095237,,62.900000000000006,
Giovanni Adopte,WR,2024,college_data,20.0,0,308.0,2.0,0,0,0,0,0,,0,0,0,0,0,,,,,15.4,,62.8,
Glynn Johnson Jr,WR,2024,college_data,19.0,0,346.0,2.0,0,0,0,0,0,,0,0,0,0,0,,,,,18.210526315789473,,65.6,
Glynn Johnson Jr,WR,2025,college_data,27.0,0,335.0,3.0,0,0,0,0,0,,0,0,0,0,0,,,,,12.407407407407407,,78.5,
Golden Tate,WR,2018,nflreadpy,81.0,126,859.0,5.0,2,0,886,440,37,1.1056134542293272,1,28,12,10,2,1.1372651844071644,0.20893784818291808,0.2000231935665937,17.0,10.604938271604938,50.529411764705884,194.9,11.464705882352941
Golden Tate,WR,2019,nflreadpy,49.0,78,676.0,6.0,1,1,733,287,28,1.786254809005186,1,22,12,8,4,0.8583043504001676,0.2905857682110328,0.32589084733497115,11.0,13.795918367346939,61.45454545454545,152.60000000000002,13.872727272727275
Golden Tate,WR,2020,nflreadpy,35.0,12,388.0,2.0,12,12,12,12,12,1.1224466901211338,12,12,12,12,12,0.9572786064867714,1.0,1.0,12.0,11.085714285714285,32.333333333333336,85.80000000000001,7.150000000000001
Goldie Lawrence,WR,2024,college_data,21.0,0,251.0,1.0,0,0,0,0,0,,0,0,0,0,0,,,,,11.952380952380953,,52.1,
Goldie Lawrence,WR,2025,college_data,27.0,0,420.0,2.0,0,0,0,0,0,,0,0,0,0,0,,,,,15.555555555555555,,81.0,
Grady O'Neill,WR,2025,college_data,38.0,0,392.0,1.0,0,0,0,0,0,,0,0,0,0,0,,,,,10.31578947368421,,83.2,
Grahm Goering,WR,2024,college_data,25.0,0,360.0,5.0,0,0,0,0,0,,0,0,0,0,0,,,,,14.4,,91.0,
Grahm Goering,WR,2025,college_data,43.0,0,656.0,2.0,0,0,0,0,0,,0,0,0,0,0,,,,,15.255813953488373,,120.60000000000001,
Grant Page,WR,2024,college_data,33.0,0,281.0,2.0,0,0,0,0,0,,0,0,0,0,0,,,,,8.515151515151516,,73.1,
Grayson O'Bara,WR,2024,college_data,18.0,0,249.0,2.0,0,0,0,0,0,,0,0,0,0,0,,,,,13.833333333333334,,54.900000000000006,
Grayson O'Bara,WR,2025,college_data,44.0,0,590.0,2.0,0,0,0,0,0,,0,0,0,0,0,,,,,13.409090909090908,,115.0,
Grayson Tempest,WR,2024,college_data,16.0,0,138.0,0.0,0,0,0,0,0,,0,0,0,0,0,,,,,8.625,,29.8,
Grayson Tempest,WR,2025,college_data,22.0,0,272.0,1.0,0,0,0,0,0,,0,0,0,0,0,,,,,12.363636363636363,,55.2,
Greg Dortch,WR,2022,nflreadpy,52.0,64,467.0,2.0,0,0,316,293,19,1.0965362090100186,0,19,6,5,1,2.6156043896738854,0.0996901189363881,0.06406118136211686,16.0,8.98076923076923,29.1875,110.7,6.91875
Greg Dortch,WR,2023,nflreadpy,24.0,41,280.0,2.0,0,0,383,152,14,0.5283687127036197,0,11,5,3,0,0.6907257683100909,0.07906113032782508,0.09907942067603567,16.0,11.666666666666666,17.5,64.0,4.0
Greg Dortch,WR,2024,nflreadpy,37.0,50,342.0,3.0,1,1,207,294,16,0.43417265334467237,0,14,4,2,0,1.3488914667919492,0.09689663140523666,0.0489943812110953,17.0,9.243243243243244,20.11764705882353,87.2,5.129411764705883
Greg Dortch,WR,2025,nflreadpy,29.0,33,206.0,3.0,0,0,58,194,10,0.42510811096335555,0,10,5,1,0,0.9221632653061225,0.0681307205119931,0.011573244333523592,12.0,7.103448275862069,17.166666666666668,67.6,5.633333333333333
Greg Gaines III,WR,2024,college_data,50.0,0,603.0,3.0,0,0,0,0,0,,0,0,0,0,0,,,,,12.06,,128.3,
Greg Gaines III,WR,2025,college_data,65.0,0,1018.0,4.0,0,0,0,0,0,,0,0,0,0,0,,,,,15.661538461538461,,190.8,
Greg Ward,WR,2019,nflreadpy,31.0,31,278.0,1.0,3,3,173,68,13,1.061159758809729,3,8,3,3,3,0.9851558304057597,0.5181746031746032,0.5182405301850272,7.0,8.96774193548387,39.714285714285715,64.8,9.257142857142856
Greg Ward,WR,2020,nflreadpy,53.0,16,419.0,6.0,16,16,16,16,16,0.9059194285618026,16,16,16,16,16,1.1114812218813812,1.0,1.0,16.0,7.90566037735849,26.1875,130.9,8.18125
Griffin Wilde,WR,2024,college_data,71.0,0,1154.0,12.0,0,0,0,0,0,,0,0,0,0,0,,,,,16.253521126760564,,258.4,
Griffin Wilde,WR,2025,college_data,71.0,0,880.0,8.0,0,0,0,0,0,,0,0,0,0,0,,,,,12.394366197183098,,207.0,
Hakeem Meggett,WR,2024,college_data,21.0,0,427.0,2.0,0,0,0,0,0,,0,0,0,0,0,,,,,20.333333333333332,,75.7,
Hakeem Meggett,WR,2025,college_data,16.0,0,377.0,5.0,0,0,0,0,0,,0,0,0,0,0,,,,,23.5625,,83.7,
Hal Presley,WR,2024,college_data,31.0,0,429.0,3.0,0,0,0,0,0,,0,0,0,0,0,,,,,13.838709677419354,,91.9,
Hank Beatty,WR,2024,college_data,20.0,0,294.0,1.0,0,0,0,0,0,,0,0,0,0,0,,,,,14.7,,55.400000000000006,
Hank Beatty,WR,2025,college_data,70.0,0,864.0,3.0,0,0,0,0,0,,0,0,0,0,0,,,,,12.342857142857143,,174.4,
Hank Foley,WR,2025,college_data,18.0,0,308.0,4.0,0,0,0,0,0,,0,0,0,0,0,,,,,17.11111111111111,,72.8,
Hardley Gilmore IV,WR,2025,college_data,28.0,0,313.0,1.0,0,0,0,0,0,,0,0,0,0,0,,,,,11.178571428571429,,65.3,
Harold Mack,WR,2025,college_data,20.0,0,333.0,2.0,0,0,0,0,0,,0,0,0,0,0,,,,,16.65,,65.30000000000001,
Harrison Wallace III,WR,2024,college_data,47.0,0,732.0,4.0,0,0,0,0,0,,0,0,0,0,0,,,,,15.574468085106384,,144.2,
Harrison Wallace III,WR,2025,college_data,61.0,0,934.0,4.0,0,0,0,0,0,,0,0,0,0,0,,,,,15.311475409836065,,178.4,
Harvey Broussard,WR,2024,college_data,31.0,0,486.0,3.0,0,0,0,0,0,,0,0,0,0,0,,,,,15.67741935483871,,97.6,
Hassan Mahasin,WR,2025,college_data,32.0,0,295.0,2.0,0,0,0,0,0,,0,0,0,0,0,,,,,9.21875,,73.5,
Hayden Eligon Ii,WR,2025,college_data,37.0,0,521.0,3.0,0,0,0,0,0,,0,0,0,0,0,,,,,14.08108108108108,,107.1,
Hayden Fisher,WR,2025,college_data,22.0,0,231.0,0.0,0,0,0,0,0,,0,0,0,0,0,,,,,10.5,,45.1,
Hayes Sutton,WR,2024,college_data,15.0,0,126.0,1.0,0,0,0,0,0,,0,0,0,0,0,,,,,8.4,,33.6,
Henry Ruggs III,WR,2020,nflreadpy,26.0,13,452.0,2.0,13,13,13,13,13,1.0207267470201418,13,13,13,13,13,0.6474112796018503,1.0,1.0,13.0,17.384615384615383,34.76923076923077,83.2,6.4
Henry Ruggs III,WR,2021,nflreadpy,24.0,7,469.0,2.0,7,7,7,7,7,4.439058889572542,7,7,7,7,7,0.9020984870896053,1.0,1.0,7.0,19.541666666666668,67.0,82.9,11.842857142857143
Horatio Fields,WR,2024,college_data,39.0,0,463.0,4.0,0,0,0,0,0,,0,0,0,0,0,,,,,11.871794871794872,,109.30000000000001,
Horatio Fields,WR,2025,college_data,12.0,0,106.0,1.0,0,0,0,0,0,,0,0,0,0,0,,,,,8.833333333333334,,28.6,
Hudson Clement,WR,2024,college_data,51.0,0,741.0,5.0,0,0,0,0,0,,0,0,0,0,0,,,,,14.529411764705882,,155.10000000000002,
Hudson Clement,WR,2025,college_data,36.0,0,454.0,3.0,0,0,0,0,0,,0,0,0,0,0,,,,,12.61111111111111,,99.4,
Hunter Renfrow,WR,2019,nflreadpy,49.0,55,605.0,4.0,2,2,347,205,25,2.6810373751374694,2,20,6,5,3,1.574647846303088,0.28834283040238373,0.2809446753231419,13.0,12.346938775510203,46.53846153846154,133.5,10.26923076923077
Hunter Renfrow,WR,2020,nflreadpy,56.0,16,656.0,2.0,16,16,16,16,16,1.7371530405997853,16,16,16,16,16,1.986588888328457,1.0,1.0,16.0,11.714285714285714,41.0,133.60000000000002,8.350000000000001
Hunter Renfrow,WR,2021,nflreadpy,111.0,76,1096.0,9.0,11,11,501,240,37,2.70553650458469,10,33,20,14,11,1.2808633108833805,0.6531302841506768,0.6498254581171713,18.0,9.873873873873874,60.888888888888886,272.6,15.144444444444446
Hunter Renfrow,WR,2022,nflreadpy,36.0,50,330.0,2.0,3,1,339,149,18,0.3097914962097703,0,12,4,3,0,1.3877719870316703,0.15117304400392634,0.11352265466270103,10.0,9.166666666666666,33.0,75.0,7.5
Hunter Renfrow,WR,2023,nflreadpy,25.0,37,255.0,0.0,1,1,207,152,11,-0.020728983191919584,0,9,6,3,0,1.3160957771325665,0.08755372767386331,0.06500097539062222,14.0,10.2,18.214285714285715,48.5,3.4642857142857144
Hunter Renfrow,WR,2025,nflreadpy,15.0,26,89.0,2.0,0,0,194,24,8,-0.3338066370513164,0,2,0,0,0,0.5796504220417263,0.13029963033431402,0.13243486582134942,6.0,5.933333333333334,14.833333333333334,35.9,5.983333333333333
Hunter Summers,WR,2025,college_data,44.0,0,505.0,4.0,0,0,0,0,0,,0,0,0,0,0,,,,,11.477272727272727,,118.5,
Hunter Wood,WR,2024,college_data,63.0,0,770.0,3.0,0,0,0,0,0,,0,0,0,0,0,,,,,12.222222222222221,,158.0,
Hut Graham,WR,2024,college_data,12.0,0,171.0,1.0,0,0,0,0,0,,0,0,0,0,0,,,,,14.25,,35.1,
Hutch Crow,WR,2025,college_data,18.0,0,178.0,3.0,0,0,0,0,0,,0,0,0,0,0,,,,,9.88888888888889,,53.8,
Hykeem Williams,WR,2024,college_data,16.0,0,187.0,1.0,0,0,0,0,0,,0,0,0,0,0,,,,,11.6875,,40.7,
Ian Duarte,WR,2024,college_data,46.0,0,497.0,3.0,0,0,0,0,0,,0,0,0,0,0,,,,,10.804347826086957,,113.7,
Ian Duarte,WR,2025,college_data,46.0,0,521.0,3.0,0,0,0,0,0,,0,0,0,0,0,,,,,11.326086956521738,,116.1,
Ian Strong,WR,2024,college_data,42.0,0,668.0,5.0,0,0,0,0,0,,0,0,0,0,0,,,,,15.904761904761905,,138.8,
Ian Strong,WR,2025,college_data,52.0,0,762.0,5.0,0,0,0,0,0,,0,0,0,0,0,,,,,14.653846153846153,,158.2,
Ife Adeyi,WR,2024,college_data,30.0,0,271.0,1.0,0,0,0,0,0,,0,0,0,0,0,,,,,9.033333333333333,,63.1,
Isaac Boston,WR,2024,college_data,21.0,0,243.0,5.0,0,0,0,0,0,,0,0,0,0,0,,,,,11.571428571428571,,75.3,
Isaac TeSlaa,WR,2025,nflreadpy,16.0,27,239.0,6.0,0,0,352,55,14,1.273652352912156,0,13,7,3,0,0.6104060300243029,0.057212679994173295,0.11962393163966377,14.0,14.9375,17.071428571428573,75.9,5.421428571428572
Isaac Teslaa,WR,2024,college_data,28.0,0,545.0,3.0,0,0,0,0,0,,0,0,0,0,0,,,,,19.464285714285715,,100.5,
Isaiah Bond,WR,2024,college_data,34.0,0,540.0,5.0,0,0,0,0,0,,0,0,0,0,0,,,,,15.882352941176471,,118.0,
Isaiah Bond,WR,2025,nflreadpy,18.0,44,338.0,0.0,0,0,751,79,11,-0.05746468156964735,0,11,10,6,3,0.38089353978866763,0.09274080852216257,0.21405202338082768,15.0,18.77777777777778,22.533333333333335,51.800000000000004,3.4533333333333336
Isaiah Davis,WR,2025,college_data,16.0,0,196.0,5.0,0,0,0,0,0,,0,0,0,0,0,,,,,12.25,,65.6,
Isaiah Dawson,WR,2025,college_data,42.0,0,575.0,4.0,0,0,0,0,0,,0,0,0,0,0,,,,,13.69047619047619,,123.5,
Isaiah Eastman,WR,2024,college_data,20.0,0,238.0,1.0,0,0,0,0,0,,0,0,0,0,0,,,,,11.9,,49.8,
Isaiah Eastman,WR,2025,college_data,35.0,0,444.0,1.0,0,0,0,0,0,,0,0,0,0,0,,,,,12.685714285714285,,85.4,
Isaiah Ford,WR,2019,nflreadpy,23.0,22,244.0,0.0,2,2,174,48,11,0.20925643596762866,2,8,4,3,2,0.6345884623146,0.3228695488514355,0.31759771067415593,8.0,10.608695652173912,30.5,47.400000000000006,5.925000000000001
Isaiah Ford,WR,2020,nflreadpy,28.0,9,276.0,0.0,9,9,9,9,9,0.5174766494388273,9,9,9,9,9,1.1038470677306857,1.0,1.0,9.0,9.857142857142858,30.666666666666668,55.599999999999994,6.177777777777777
Isaiah Ford,WR,2021,nflreadpy,12.0,13,161.0,2.0,7,7,58,21,10,1.0600430672289805,7,9,9,8,7,0.7539285714285715,0.7192406438234423,0.7188992325788242,10.0,13.416666666666666,16.1,40.1,4.01
Isaiah Fuhrmann,WR,2025,college_data,46.0,0,907.0,9.0,0,0,0,0,0,,0,0,0,0,0,,,,,19.717391304347824,,190.7,
Isaiah Hodgins,WR,2022,nflreadpy,46.0,59,500.0,5.0,1,1,529,123,28,1.4805535738799136,1,21,10,5,0,0.9562445511359037,0.17200803531085876,0.2396292744312106,11.0,10.869565217391305,45.45454545454545,126.0,11.454545454545455
Isaiah Hodgins,WR,2023,nflreadpy,21.0,33,230.0,3.0,1,1,269,75,12,0.28082771775652854,0,12,3,1,0,0.9529609257496102,0.08064436907978635,0.08824194539694977,14.0,10.952380952380953,16.428571428571427,60.0,4.285714285714286
Isaiah Horton,WR,2024,college_data,56.0,0,616.0,5.0,0,0,0,0,0,,0,0,0,0,0,,,,,11.0,,147.6,
Isaiah Horton,WR,2025,college_data,42.0,0,511.0,8.0,0,0,0,0,0,,0,0,0,0,0,,,,,12.166666666666666,,141.1,
Isaiah Johnson,WR,2024,college_data,21.0,0,303.0,5.0,0,0,0,0,0,,0,0,0,0,0,,,,,14.428571428571429,,81.3,
Isaiah Johnson,WR,2025,college_data,14.0,0,222.0,3.0,0,0,0,0,0,,0,0,0,0,0,,,,,15.857142857142858,,54.2,
Isaiah Lemmond,WR,2025,college_data,26.0,0,268.0,0.0,0,0,0,0,0,,0,0,0,0,0,,,,,10.307692307692308,,52.8,
Isaiah McKenzie,WR,2018,nflreadpy,18.0,30,179.0,0.0,0,0,246,76,10,0.09778814437776677,0,8,4,1,0,2.386453498953499,0.1327671369551165,0.07633437657348652,8.0,9.944444444444445,22.375,35.900000000000006,4.487500000000001
Isaiah McKenzie,WR,2019,nflreadpy,31.0,35,277.0,1.0,3,3,152,197,14,0.8667213392780321,3,12,8,6,4,0.9677429667519182,0.3175621830871253,0.26911858907700886,13.0,8.935483870967742,21.307692307692307,64.7,4.976923076923077
Isaiah McKenzie,WR,2020,nflreadpy,33.0,17,296.0,6.0,17,17,17,17,17,1.454300217499455,17,17,17,17,17,2.789178240740741,1.0,1.0,17.0,8.969696969696969,17.41176470588235,98.6,5.8
Isaiah McKenzie,WR,2021,nflreadpy,24.0,32,226.0,1.0,10,10,133,112,23,1.7977747799119574,10,17,15,11,10,0.8112554112554112,0.6244574307172915,0.6124213085909729,17.0,9.416666666666666,13.294117647058824,52.599999999999994,3.094117647058823
Isaiah McKenzie,WR,2022,nflreadpy,44.0,67,433.0,4.0,0,0,558,144,27,0.7124822063470574,0,13,8,4,0,0.8913844392750018,0.11632762563313746,0.10208171031097388,16.0,9.840909090909092,27.0625,111.30000000000001,6.956250000000001
Isaiah McKenzie,WR,2023,nflreadpy,11.0,14,82.0,0.0,0,0,35,72,4,0.36915286710080214,0,4,1,1,0,0.4738529014844804,0.038336560048718854,0.01757732349329042,13.0,7.454545454545454,6.3076923076923075,19.200000000000003,1.4769230769230772
Isaiah Myers,WR,2024,college_data,13.0,0,237.0,3.0,0,0,0,0,0,,0,0,0,0,0,,,,,18.23076923076923,,54.7,
Isaiah Neyor,WR,2024,college_data,34.0,0,455.0,5.0,0,0,0,0,0,,0,0,0,0,0,,,,,13.382352941176471,,109.5,
Isaiah Sategna,WR,2024,college_data,37.0,0,490.0,1.0,0,0,0,0,0,,0,0,0,0,0,,,,,13.243243243243244,,92.0,
Isaiah Sategna,WR,2025,college_data,65.0,0,949.0,8.0,0,0,0,0,0,,0,0,0,0,0,,,,,14.6,,207.9,
Isaiah Scott,WR,2024,college_data,28.0,0,350.0,0.0,0,0,0,0,0,,0,0,0,0,0,,,,,12.5,,63.0,
Isaiah Scott,WR,2025,college_data,35.0,0,558.0,4.0,0,0,0,0,0,,0,0,0,0,0,,,,,15.942857142857143,,114.80000000000001,
Isaiah Spencer,WR,2024,college_data,35.0,0,660.0,4.0,0,0,0,0,0,,0,0,0,0,0,,,,,18.857142857142858,,125.0,
Isaiah Spencer,WR,2025,college_data,14.0,0,194.0,0.0,0,0,0,0,0,,0,0,0,0,0,,,,,13.857142857142858,,33.400000000000006,
Isaiah Williams,WR,2025,nflreadpy,26.0,36,193.0,0.0,0,0,122,119,10,0.13125270515561618,0,9,1,1,0,0.985581473968898,0.08766170130733698,0.049528948709320585,15.0,7.423076923076923,12.866666666666667,45.3,3.02
Isaiah Wright,WR,2020,nflreadpy,27.0,12,197.0,0.0,12,12,12,12,12,0.039534376491631905,12,12,12,12,12,1.488231521564855,1.0,1.0,12.0,7.296296296296297,16.416666666666668,46.7,3.891666666666667
Isiah Canion,WR,2025,college_data,32.0,0,467.0,4.0,0,0,0,0,0,,0,0,0,0,0,,,,,14.59375,,102.7,
Isiah Paige,WR,2024,college_data,61.0,0,814.0,3.0,0,0,0,0,0,,0,0,0,0,0,,,,,13.344262295081966,,160.4,
Isiah Williams,WR,2024,college_data,42.0,0,493.0,4.0,0,0,0,0,0,,0,0,0,0,0,,,,,11.738095238095237,,115.30000000000001,
Ismael Cisse,WR,2024,college_data,26.0,0,241.0,2.0,0,0,0,0,0,,0,0,0,0,0,,,,,9.26923076923077,,62.1,
Ismael Fuller,WR,2024,college_data,13.0,0,244.0,2.0,0,0,0,0,0,,0,0,0,0,0,,,,,18.76923076923077,,49.400000000000006,
Israel Polk,WR,2024,college_data,24.0,0,201.0,0.0,0,0,0,0,0,,0,0,0,0,0,,,,,8.375,,44.1,
Israel Polk,WR,2025,college_data,33.0,0,525.0,8.0,0,0,0,0,0,,0,0,0,0,0,,,,,15.909090909090908,,133.5,
Issac Glaudin,WR,2025,college_data,20.0,0,279.0,2.0,0,0,0,0,0,,0,0,0,0,0,,,,,13.95,,59.900000000000006,
Ivan Hoyt,WR,2024,college_data,15.0,0,237.0,1.0,0,0,0,0,0,,0,0,0,0,0,,,,,15.8,,44.7,
Ivan Hoyt,WR,2025,college_data,60.0,0,842.0,10.0,0,0,0,0,0,,0,0,0,0,0,,,,,14.033333333333333,,204.2,
Ivan Thorpe,WR,2024,college_data,30.0,0,181.0,0.0,0,0,0,0,0,,0,0,0,0,0,,,,,6.033333333333333,,48.1,
Iverson Hooks,WR,2024,college_data,14.0,0,179.0,1.0,0,0,0,0,0,,0,0,0,0,0,,,,,12.785714285714286,,37.900000000000006,
Iverson Hooks,WR,2025,college_data,72.0,0,927.0,7.0,0,0,0,0,0,,0,0,0,0,0,,,,,12.875,,206.7,
Ivory Aikens,WR,2025,college_data,37.0,0,497.0,6.0,0,0,0,0,0,,0,0,0,0,0,,,,,13.432432432432432,,122.7,
Izaha Jones,WR,2024,college_data,19.0,0,242.0,1.0,0,0,0,0,0,,0,0,0,0,0,,,,,12.736842105263158,,49.2,
Izaha Jones,WR,2025,college_data,24.0,0,327.0,2.0,0,0,0,0,0,,0,0,0,0,0,,,,,13.625,,68.7,
J'Kalon Carter,WR,2024,college_data,42.0,0,560.0,1.0,0,0,0,0,0,,0,0,0,0,0,,,,,13.333333333333334,,104.0,
J'Kalon Carter,WR,2025,college_data,30.0,0,371.0,3.0,0,0,0,0,0,,0,0,0,0,0,,,,,12.366666666666667,,85.1,
J.B. Mitchell,WR,2025,college_data,22.0,0,243.0,2.0,0,0,0,0,0,,0,0,0,0,0,,,,,11.045454545454545,,58.3,
J.J. Evans,WR,2025,college_data,35.0,0,520.0,6.0,0,0,0,0,0,,0,0,0,0,0,,,,,14.857142857142858,,123.0,
J.J. Jones,WR,2024,college_data,36.0,0,582.0,6.0,0,0,0,0,0,,0,0,0,0,0,,,,,16.166666666666668,,130.2,
J.Michael Sturdivant,WR,2024,college_data,22.0,0,315.0,2.0,0,0,0,0,0,,0,0,0,0,0,,,,,14.318181818181818,,65.5,
J.Michael Sturdivant,WR,2025,college_data,27.0,0,406.0,3.0,0,0,0,0,0,,0,0,0,0,0,,,,,15.037037037037036,,85.6,
JC Roque,WR,2024,college_data,16.0,0,183.0,1.0,0,0,0,0,0,,0,0,0,0,0,,,,,11.4375,,40.3,
JC Roque,WR,2025,college_data,56.0,0,595.0,7.0,0,0,0,0,0,,0,0,0,0,0,,,,,10.625,,157.5,
JJ Buchanan,WR,2025,college_data,26.0,0,427.0,5.0,0,0,0,0,0,,0,0,0,0,0,,,,,16.423076923076923,,98.7,
JJ Henry,WR,2024,college_data,42.0,0,485.0,4.0,0,0,0,0,0,,0,0,0,0,0,,,,,11.547619047619047,,114.5,
JJ Henry,WR,2025,college_data,37.0,0,344.0,2.0,0,0,0,0,0,,0,0,0,0,0,,,,,9.297297297297296,,83.4,
JJ Jenkins,WR,2024,college_data,36.0,0,536.0,4.0,0,0,0,0,0,,0,0,0,0,0,,,,,14.88888888888889,,113.6,
JP Coulter,WR,2025,college_data,21.0,0,234.0,0.0,0,0,0,0,0,,0,0,0,0,0,,,,,11.142857142857142,,44.400000000000006,
JT Mayo,WR,2024,college_data,14.0,0,179.0,1.0,0,0,0,0,0,,0,0,0,0,0,,,,,12.785714285714286,,37.900000000000006,
Ja'Carree Kelly,WR,2024,college_data,17.0,0,171.0,1.0,0,0,0,0,0,,0,0,0,0,0,,,,,10.058823529411764,,40.1,
Ja'Carree Kelly,WR,2025,college_data,32.0,0,304.0,1.0,0,0,0,0,0,,0,0,0,0,0,,,,,9.5,,68.4,
Ja'Coby Matthews,WR,2025,college_data,31.0,0,384.0,2.0,0,0,0,0,0,,0,0,0,0,0,,,,,12.387096774193548,,81.4,
Ja'Corey Brooks,WR,2024,college_data,61.0,0,1013.0,9.0,0,0,0,0,0,,0,0,0,0,0,,,,,16.60655737704918,,216.3,
Ja'Cory Thomas,WR,2025,college_data,41.0,0,714.0,5.0,0,0,0,0,0,,0,0,0,0,0,,,,,17.414634146341463,,142.4,
Ja'Keith Hamilton,WR,2025,college_data,40.0,0,545.0,5.0,0,0,0,0,0,,0,0,0,0,0,,,,,13.625,,124.5,
Ja'Khi Douglas,WR,2024,college_data,32.0,0,519.0,4.0,0,0,0,0,0,,0,0,0,0,0,,,,,16.21875,,107.9,
Ja'Kobi Lane,WR,2024,college_data,43.0,0,525.0,12.0,0,0,0,0,0,,0,0,0,0,0,,,,,12.209302325581396,,167.5,
Ja'Kobi Lane,WR,2025,college_data,49.0,0,745.0,4.0,0,0,0,0,0,,0,0,0,0,0,,,,,15.204081632653061,,147.5,
Ja'Lynn Polk,WR,2024,nflreadpy,12.0,33,87.0,2.0,0,0,395,13,4,-1.595982635034134,0,2,1,1,0,0.43898640293519,0.08045645580270404,0.13528397526073357,14.0,7.25,6.214285714285714,32.7,2.335714285714286
Ja'Marr Chase,WR,2021,nflreadpy,106.0,94,1823.0,14.0,10,10,876,509,50,3.822775699759247,10,48,34,23,14,1.3018246862003988,0.5938695833466825,0.636465169910152,21.0,17.19811320754717,86.80952380952381,372.3,17.728571428571428
Ja'Marr Chase,WR,2022,nflreadpy,107.0,162,1266.0,11.0,2,2,1469,520,69,3.2761347533121143,0,54,21,15,3,0.8933768323176197,0.2922995628589741,0.3786764345601329,15.0,11.83177570093458,84.4,295.6,19.706666666666667
Ja'Marr Chase,WR,2023,nflreadpy,100.0,145,1216.0,7.0,1,0,1254,541,63,3.7842020434233388,0,48,22,14,4,1.1542843991949083,0.2604789446895863,0.3455596278015732,16.0,12.16,76.0,261.6,16.35
Ja'Marr Chase,WR,2024,nflreadpy,127.0,175,1708.0,17.0,0,0,1526,787,75,4.530025958695687,0,63,32,19,8,1.216949533937886,0.2723130768983213,0.31847625815355096,17.0,13.448818897637794,100.47058823529412,399.8,23.51764705882353
Ja'Marr Chase,WR,2025,nflreadpy,125.0,185,1412.0,8.0,1,1,1570,640,73,2.5862171089848016,0,63,26,15,2,1.0296173668654776,0.3206574378159984,0.36582873401633736,16.0,11.296,88.25,312.20000000000005,19.512500000000003
Ja'Marr Chase,WR,2026,nflreadpy,21.0,28,212.0,3.0,0,0,226,60,11,3.9315197491523577,0,8,6,2,0,1.129691523073876,0.1972244343444802,0.2566880053916387,4.0,10.095238095238095,53.0,60.2,15.05
Ja'Naylon Dupree,WR,2024,college_data,20.0,0,344.0,5.0,0,0,0,0,0,,0,0,0,0,0,,,,,17.2,,84.4,
Ja'Naylon Dupree,WR,2025,college_data,31.0,0,510.0,6.0,0,0,0,0,0,,0,0,0,0,0,,,,,16.451612903225808,,118.0,
Ja'Ryan Wallace,WR,2025,college_data,36.0,0,547.0,3.0,0,0,0,0,0,,0,0,0,0,0,,,,,15.194444444444445,,108.7,
Ja'Shaun Poke,WR,2024,college_data,50.0,0,459.0,1.0,0,0,0,0,0,,0,0,0,0,0,,,,,9.18,,101.9,
Ja'Vion Griffin,WR,2024,college_data,22.0,0,311.0,1.0,0,0,0,0,0,,0,0,0,0,0,,,,,14.136363636363637,,59.1,
Ja'Vion Griffin,WR,2025,college_data,48.0,0,585.0,5.0,0,0,0,0,0,,0,0,0,0,0,,,,,12.1875,,136.5,
Ja'seem Reed,WR,2024,college_data,74.0,0,996.0,12.0,0,0,0,0,0,,0,0,0,0,0,,,,,13.45945945945946,,245.60000000000002,
Ja'von Broussard,WR,2025,college_data,12.0,0,118.0,0.0,0,0,0,0,0,,0,0,0,0,0,,,,,9.833333333333334,,23.8,
JaVonnie Gibson,WR,2024,college_data,70.0,0,1215.0,9.0,0,0,0,0,0,,0,0,0,0,0,,,,,17.357142857142858,,245.5,
JaVonnie Gibson,WR,2025,college_data,18.0,0,199.0,1.0,0,0,0,0,0,,0,0,0,0,0,,,,,11.055555555555555,,43.900000000000006,
Jabari Smith,WR,2024,college_data,17.0,0,296.0,3.0,0,0,0,0,0,,0,0,0,0,0,,,,,17.41176470588235,,64.6,
Jabari Smith,WR,2025,college_data,15.0,0,166.0,3.0,0,0,0,0,0,,0,0,0,0,0,,,,,11.066666666666666,,49.6,
Jabez Woods,WR,2025,college_data,24.0,0,378.0,2.0,0,0,0,0,0,,0,0,0,0,0,,,,,15.75,,73.80000000000001,
Jabre Barber,WR,2024,college_data,38.0,0,381.0,2.0,0,0,0,0,0,,0,0,0,0,0,,,,,10.026315789473685,,88.1,
Jabre Bevineau,WR,2025,college_data,12.0,0,180.0,0.0,0,0,0,0,0,,0,0,0,0,0,,,,,15.0,,30.0,
Jabril Carter,WR,2025,college_data,22.0,0,299.0,2.0,0,0,0,0,0,,0,0,0,0,0,,,,,13.590909090909092,,63.900000000000006,
Jacari Carter,WR,2024,college_data,23.0,0,303.0,2.0,0,0,0,0,0,,0,0,0,0,0,,,,,13.173913043478262,,65.3,
Jaceon Doss,WR,2024,college_data,29.0,0,450.0,3.0,0,0,0,0,0,,0,0,0,0,0,,,,,15.517241379310345,,92.0,
Jaceon Doss,WR,2025,college_data,29.0,0,657.0,5.0,0,0,0,0,0,,0,0,0,0,0,,,,,22.655172413793103,,124.7,
Jack Bech,WR,2024,college_data,62.0,0,1034.0,9.0,0,0,0,0,0,,0,0,0,0,0,,,,,16.677419354838708,,219.4,
Jack Bech,WR,2025,nflreadpy,20.0,29,224.0,0.0,0,0,240,68,11,-0.16921342637574335,0,10,6,2,0,1.7052601015366973,0.07978081182136718,0.10780322543592824,14.0,11.2,16.0,42.400000000000006,3.028571428571429
Jack Betten,WR,2025,college_data,15.0,0,338.0,1.0,0,0,0,0,0,,0,0,0,0,0,,,,,22.533333333333335,,54.800000000000004,
Jack Coulson,WR,2024,college_data,11.0,0,157.0,1.0,0,0,0,0,0,,0,0,0,0,0,,,,,14.272727272727273,,32.7,
Jack Freeburg,WR,2025,college_data,37.0,0,446.0,4.0,0,0,0,0,0,,0,0,0,0,0,,,,,12.054054054054054,,105.6,
Jack Hestera,WR,2024,college_data,24.0,0,340.0,4.0,0,0,0,0,0,,0,0,0,0,0,,,,,14.166666666666666,,82.0,
Jack Martens,WR,2024,college_data,11.0,0,192.0,1.0,0,0,0,0,0,,0,0,0,0,0,,,,,17.454545454545453,,36.2,
Jack Martens,WR,2025,college_data,33.0,0,492.0,3.0,0,0,0,0,0,,0,0,0,0,0,,,,,14.909090909090908,,100.2,
Jack Melore,WR,2024,college_data,19.0,0,211.0,2.0,0,0,0,0,0,,0,0,0,0,0,,,,,11.105263157894736,,52.1,
Jack Melore,WR,2025,college_data,15.0,0,125.0,0.0,0,0,0,0,0,,0,0,0,0,0,,,,,8.333333333333334,,27.5,
Jack Rilling,WR,2024,college_data,12.0,0,128.0,0.0,0,0,0,0,0,,0,0,0,0,0,,,,,10.666666666666666,,24.8,
Jack Smith,WR,2025,college_data,33.0,0,396.0,4.0,0,0,0,0,0,,0,0,0,0,0,,,,,12.0,,96.6,
Jackson Dufrene,WR,2024,college_data,13.0,0,150.0,1.0,0,0,0,0,0,,0,0,0,0,0,,,,,11.538461538461538,,34.0,
Jackson Dufrene,WR,2025,college_data,14.0,0,246.0,1.0,0,0,0,0,0,,0,0,0,0,0,,,,,17.571428571428573,,44.6,
Jackson Green,WR,2025,college_data,17.0,0,223.0,3.0,0,0,0,0,0,,0,0,0,0,0,,,,,13.117647058823529,,57.3,
Jackson Harris,WR,2025,college_data,49.0,0,963.0,12.0,0,0,0,0,0,,0,0,0,0,0,,,,,19.653061224489797,,217.3,
Jackson Holman,WR,2025,college_data,12.0,0,95.0,0.0,0,0,0,0,0,,0,0,0,0,0,,,,,7.916666666666667,,21.5,
Jackson Meeks,WR,2024,college_data,78.0,0,1021.0,7.0,0,0,0,0,0,,0,0,0,0,0,,,,,13.08974358974359,,222.10000000000002,
Jackson Parker,WR,2024,college_data,15.0,0,235.0,1.0,0,0,0,0,0,,0,0,0,0,0,,,,,15.666666666666666,,44.5,
Jackson Voth,WR,2025,college_data,48.0,0,536.0,4.0,0,0,0,0,0,,0,0,0,0,0,,,,,11.166666666666666,,125.6,
Jackson Williams,WR,2025,college_data,17.0,0,293.0,1.0,0,0,0,0,0,,0,0,0,0,0,,,,,17.235294117647058,,52.3,
Jacob Bernard,WR,2024,college_data,28.0,0,375.0,0.0,0,0,0,0,0,,0,0,0,0,0,,,,,13.392857142857142,,65.5,
Jacob Bostick,WR,2025,college_data,11.0,0,157.0,3.0,0,0,0,0,0,,0,0,0,0,0,,,,,14.272727272727273,,44.7,
Jacob De Jesus,WR,2024,college_data,36.0,0,512.0,3.0,0,0,0,0,0,,0,0,0,0,0,,,,,14.222222222222221,,105.2,
Jacob De Jesus,WR,2025,college_data,107.0,0,1022.0,6.0,0,0,0,0,0,,0,0,0,0,0,,,,,9.551401869158878,,245.2,
Jacob Emmers,WR,2025,college_data,13.0,0,124.0,0.0,0,0,0,0,0,,0,0,0,0,0,,,,,9.538461538461538,,25.4,
Jacob Gill,WR,2024,college_data,35.0,0,411.0,2.0,0,0,0,0,0,,0,0,0,0,0,,,,,11.742857142857142,,88.1,
Jacob Gill,WR,2025,college_data,24.0,0,278.0,1.0,0,0,0,0,0,,0,0,0,0,0,,,,,11.583333333333334,,57.8,
Jacob Godfrey,WR,2024,college_data,24.0,0,265.0,2.0,0,0,0,0,0,,0,0,0,0,0,,,,,11.041666666666666,,62.5,
Jacob Godfrey,WR,2025,college_data,16.0,0,191.0,2.0,0,0,0,0,0,,0,0,0,0,0,,,,,11.9375,,47.1,
Jacob Jordan,WR,2024,college_data,27.0,0,234.0,1.0,0,0,0,0,0,,0,0,0,0,0,,,,,8.666666666666666,,56.400000000000006,
Jacob Sharp,WR,2024,college_data,54.0,0,767.0,9.0,0,0,0,0,0,,0,0,0,0,0,,,,,14.203703703703704,,184.7,
Jacob WIldermuth,WR,2024,college_data,32.0,0,338.0,3.0,0,0,0,0,0,,0,0,0,0,0,,,,,10.5625,,83.80000000000001,
Jacoby Bellazar,WR,2024,college_data,12.0,0,125.0,1.0,0,0,0,0,0,,0,0,0,0,0,,,,,10.416666666666666,,30.5,
Jacoby Jones,WR,2024,college_data,22.0,0,327.0,2.0,0,0,0,0,0,,0,0,0,0,0,,,,,14.863636363636363,,66.7,
Jacolby George,WR,2024,college_data,53.0,0,752.0,8.0,0,0,0,0,0,,0,0,0,0,0,,,,,14.18867924528302,,176.2,
Jacolby Hewitt,WR,2024,college_data,15.0,0,169.0,1.0,0,0,0,0,0,,0,0,0,0,0,,,,,11.266666666666667,,37.900000000000006,
Jacory Barney Jr.,WR,2024,college_data,55.0,0,447.0,0.0,0,0,0,0,0,,0,0,0,0,0,,,,,8.127272727272727,,99.7,
Jacory Barney Jr.,WR,2025,college_data,45.0,0,484.0,5.0,0,0,0,0,0,,0,0,0,0,0,,,,,10.755555555555556,,123.4,
Jacquon Gibson,WR,2024,college_data,23.0,0,270.0,1.0,0,0,0,0,0,,0,0,0,0,0,,,,,11.73913043478261,,56.0,
Jacquon Gibson,WR,2025,college_data,63.0,0,616.0,0.0,0,0,0,0,0,,0,0,0,0,0,,,,,9.777777777777779,,124.6,
Jade Kneeland,WR,2024,college_data,11.0,0,103.0,0.0,0,0,0,0,0,,0,0,0,0,0,,,,,9.363636363636363,,21.3,
Jaden Barnes,WR,2024,college_data,58.0,0,1066.0,9.0,0,0,0,0,0,,0,0,0,0,0,,,,,18.379310344827587,,218.60000000000002,
Jaden Barnes,WR,2025,college_data,55.0,0,608.0,7.0,0,0,0,0,0,,0,0,0,0,0,,,,,11.054545454545455,,157.8,
Jaden Bradley,WR,2025,college_data,58.0,0,931.0,4.0,0,0,0,0,0,,0,0,0,0,0,,,,,16.051724137931036,,175.10000000000002,
Jaden Gibson,WR,2025,college_data,44.0,0,405.0,0.0,0,0,0,0,0,,0,0,0,0,0,,,,,9.204545454545455,,84.5,
Jaden Greathouse,WR,2024,college_data,42.0,0,592.0,4.0,0,0,0,0,0,,0,0,0,0,0,,,,,14.095238095238095,,125.2,
Jaden Proctor,WR,2024,college_data,25.0,0,289.0,1.0,0,0,0,0,0,,0,0,0,0,0,,,,,11.56,,59.900000000000006,
Jaden Proctor,WR,2025,college_data,23.0,0,226.0,2.0,0,0,0,0,0,,0,0,0,0,0,,,,,9.826086956521738,,57.6,
Jaden Richardson,WR,2025,college_data,12.0,0,148.0,1.0,0,0,0,0,0,,0,0,0,0,0,,,,,12.333333333333334,,32.8,
Jaden Robinson,WR,2024,college_data,11.0,0,154.0,0.0,0,0,0,0,0,,0,0,0,0,0,,,,,14.0,,26.4,
Jaden Robinson,WR,2025,college_data,36.0,0,465.0,5.0,0,0,0,0,0,,0,0,0,0,0,,,,,12.916666666666666,,112.5,
Jaden Smith,WR,2024,college_data,83.0,0,1026.0,7.0,0,0,0,0,0,,0,0,0,0,0,,,,,12.36144578313253,,227.60000000000002,
Jaden Thrower,WR,2024,college_data,14.0,0,168.0,1.0,0,0,0,0,0,,0,0,0,0,0,,,,,12.0,,36.8,
Jaden Williams,WR,2024,college_data,57.0,0,807.0,7.0,0,0,0,0,0,,0,0,0,0,0,,,,,14.157894736842104,,179.7,
Jaden Wimberly,WR,2024,college_data,11.0,0,65.0,0.0,0,0,0,0,0,,0,0,0,0,0,,,,,5.909090909090909,,17.5,
Jadon Jackson,WR,2024,college_data,15.0,0,207.0,1.0,0,0,0,0,0,,0,0,0,0,0,,,,,13.8,,41.7,
Jaedn Skeete,WR,2024,college_data,18.0,0,189.0,1.0,0,0,0,0,0,,0,0,0,0,0,,,,,10.5,,42.900000000000006,
Jaedn Skeete,WR,2025,college_data,13.0,0,140.0,3.0,0,0,0,0,0,,0,0,0,0,0,,,,,10.76923076923077,,45.0,
Jahan Dotson,WR,2022,nflreadpy,35.0,61,523.0,7.0,0,0,853,137,26,1.8227342133801043,1,19,13,10,2,0.6572333324934495,0.1568854306346509,0.2536989907694913,12.0,14.942857142857143,43.583333333333336,131.3,10.941666666666668
Jahan Dotson,WR,2023,nflreadpy,49.0,83,518.0,4.0,0,0,768,115,27,-0.9403599224303588,0,24,7,5,0,0.6114427598976968,0.1362089773899224,0.1551611461404423,17.0,10.571428571428571,30.470588235294116,124.80000000000001,7.341176470588236
Jahan Dotson,WR,2024,nflreadpy,22.0,38,269.0,1.0,0,0,372,89,15,0.11350157030582575,0,12,5,3,0,1.0391549289187645,0.08868447654826518,0.10774905075385306,16.0,12.227272727272727,16.8125,54.900000000000006,3.4312500000000004
Jahan Dotson,WR,2025,nflreadpy,18.0,37,262.0,1.0,0,0,576,50,10,-1.0442448852895865,0,8,6,4,2,0.4190800276827062,0.07994289459450962,0.1337431335102777,16.0,14.555555555555555,16.375,50.2,3.1375
Jahdae Walker,WR,2024,college_data,29.0,0,345.0,2.0,0,0,0,0,0,,0,0,0,0,0,,,,,11.89655172413793,,75.5,
Jahlil McClain,WR,2025,college_data,13.0,0,169.0,1.0,0,0,0,0,0,,0,0,0,0,0,,,,,13.0,,35.900000000000006,
Jahmal Banks,WR,2024,college_data,44.0,0,587.0,3.0,0,0,0,0,0,,0,0,0,0,0,,,,,13.340909090909092,,120.7,
Jahmal Edrine,WR,2024,college_data,23.0,0,365.0,2.0,0,0,0,0,0,,0,0,0,0,0,,,,,15.869565217391305,,71.5,
Jahmal Edrine,WR,2025,college_data,46.0,0,564.0,1.0,0,0,0,0,0,,0,0,0,0,0,,,,,12.26086956521739,,108.4,
Jahmil Perryman,WR,2024,college_data,15.0,0,105.0,1.0,0,0,0,0,0,,0,0,0,0,0,,,,,7.0,,31.5,
Jahmil Perryman,WR,2025,college_data,19.0,0,178.0,0.0,0,0,0,0,0,,0,0,0,0,0,,,,,9.368421052631579,,36.8,
Jai Boyd,WR,2024,college_data,19.0,0,307.0,0.0,0,0,0,0,0,,0,0,0,0,0,,,,,16.157894736842106,,49.7,
Jairus Mack,WR,2024,college_data,19.0,0,418.0,0.0,0,0,0,0,0,,0,0,0,0,0,,,,,22.0,,60.800000000000004,
Jairus Mack,WR,2025,college_data,24.0,0,223.0,1.0,0,0,0,0,0,,0,0,0,0,0,,,,,9.291666666666666,,52.3,
Jake Bailey,WR,2024,college_data,19.0,0,275.0,1.0,0,0,0,0,0,,0,0,0,0,0,,,,,14.473684210526315,,52.5,
Jake Bobo,WR,2023,nflreadpy,19.0,25,196.0,2.0,0,0,150,87,9,0.5738247302527141,0,6,4,3,0,1.1564718922394828,0.056251837196386066,0.04048607065628792,14.0,10.31578947368421,14.0,50.6,3.6142857142857143
Jake Bobo,WR,2024,nflreadpy,13.0,17,107.0,1.0,0,0,138,27,8,0.3512344976810484,0,4,0,0,0,0.9557851239669422,0.0369226465833685,0.04333515918749185,12.0,8.23076923076923,8.916666666666666,29.700000000000003,2.475
Jake Coleman,WR,2024,college_data,38.0,0,514.0,5.0,0,0,0,0,0,,0,0,0,0,0,,,,,13.526315789473685,,119.4,
Jake Kumerow,WR,2019,nflreadpy,13.0,22,242.0,1.0,4,4,253,89,12,1.0292210242468387,4,13,8,7,5,0.738837027144815,0.35136369629786807,0.3794641991308899,13.0,18.615384615384617,18.615384615384617,43.2,3.3230769230769233
Jake McConnachie,WR,2025,college_data,16.0,0,144.0,0.0,0,0,0,0,0,,0,0,0,0,0,,,,,9.0,,30.4,
Jake Newsham,WR,2024,college_data,11.0,0,131.0,1.0,0,0,0,0,0,,0,0,0,0,0,,,,,11.909090909090908,,30.1,
Jake Thaw,WR,2024,college_data,41.0,0,334.0,5.0,0,0,0,0,0,,0,0,0,0,0,,,,,8.146341463414634,,104.4,
Jake Thaw,WR,2025,college_data,31.0,0,359.0,3.0,0,0,0,0,0,,0,0,0,0,0,,,,,11.580645161290322,,84.9,
Jakeem Grant,WR,2018,nflreadpy,21.0,34,268.0,2.0,0,0,275,140,13,1.1298091192958233,0,11,7,2,1,2.738142979062284,0.1186993851559069,0.10266543718888262,10.0,12.761904761904763,26.8,59.8,5.9799999999999995
Jakeem Grant,WR,2019,nflreadpy,19.0,33,164.0,0.0,0,0,406,87,9,-0.371989866220651,0,8,3,0,0,0.3061822480021806,0.10019857794782912,0.11892490840289274,9.0,8.631578947368421,18.22222222222222,35.400000000000006,3.933333333333334
Jakeem Grant,WR,2020,nflreadpy,36.0,14,373.0,1.0,14,14,14,14,14,0.450667111190779,14,14,14,14,14,0.9338019005463016,1.0,1.0,14.0,10.36111111111111,26.642857142857142,79.30000000000001,5.6642857142857155
Jakeem Grant,WR,2021,nflreadpy,11.0,21,132.0,2.0,11,11,72,88,15,0.4071104989464705,11,14,13,13,12,1.143925518925519,0.7512500000000001,0.7501768155464654,15.0,12.0,8.8,36.2,2.4133333333333336
Jakob Dixon,WR,2024,college_data,13.0,0,118.0,0.0,0,0,0,0,0,,0,0,0,0,0,,,,,9.076923076923077,,24.8,
Jakobi Meyers,WR,2019,nflreadpy,26.0,39,359.0,0.0,1,1,404,109,17,1.2927942091482691,1,13,12,10,1,0.9850368432717687,0.17897820058200092,0.19926325263439287,11.0,13.807692307692308,32.63636363636363,61.9,5.627272727272727
Jakobi Meyers,WR,2020,nflreadpy,59.0,12,729.0,0.0,12,12,12,12,12,2.134972930175625,12,12,12,12,12,1.1177360015384412,1.0,1.0,12.0,12.35593220338983,60.75,131.9,10.991666666666667
Jakobi Meyers,WR,2021,nflreadpy,89.0,64,906.0,2.0,12,12,539,96,29,1.2229503698008002,11,24,19,17,11,0.7640585673051622,0.7380603267700042,0.7557499253009252,17.0,10.179775280898877,53.294117647058826,189.60000000000002,11.15294117647059
Jakobi Meyers,WR,2022,nflreadpy,67.0,96,804.0,6.0,1,1,950,238,38,2.6460817182864815,1,34,19,14,1,0.8827754724016582,0.22478736389167914,0.28984268184254924,14.0,12.0,57.42857142857143,183.4,13.1
Jakobi Meyers,WR,2023,nflreadpy,71.0,106,807.0,8.0,0,0,1028,242,46,1.1538294778700795,0,38,17,8,0,1.2299254065263752,0.20616800406777536,0.2615597324126022,16.0,11.366197183098592,50.4375,199.7,12.48125
Jakobi Meyers,WR,2024,nflreadpy,87.0,129,1027.0,4.0,0,0,1281,293,52,2.160087055016433,1,43,27,16,1,0.8889850811995472,0.2515574916747125,0.322862360465281,15.0,11.804597701149426,68.46666666666667,215.7,14.379999999999999
Jakobi Meyers,WR,2025,nflreadpy,76.0,114,847.0,3.0,1,1,1053,282,44,0.4053326576172818,0,32,16,10,2,0.8483602307978451,0.22312716225584603,0.2749343518267782,17.0,11.144736842105264,49.8235294117647,176.7,10.394117647058822
Jakobi Meyers,WR,2026,nflreadpy,13.0,15,165.0,2.0,0,0,149,36,10,4.565803579292169,0,8,3,3,0,1.1638752052545156,0.15029043018173452,0.19024401821411654,4.0,12.692307692307692,41.25,41.5,10.375
Jakobie Keeney-James,WR,2024,college_data,51.0,0,870.0,6.0,0,0,0,0,0,,0,0,0,0,0,,,,,17.058823529411764,,174.0,
Jalal Dean,WR,2024,college_data,52.0,0,616.0,6.0,0,0,0,0,0,,0,0,0,0,0,,,,,11.846153846153847,,149.6,
Jaleel Sales,WR,2025,college_data,15.0,0,176.0,0.0,0,0,0,0,0,,0,0,0,0,0,,,,,11.733333333333333,,32.6,
Jalen Brooks,WR,2024,nflreadpy,12.0,30,177.0,1.0,0,0,409,37,8,-1.4729314877192208,0,10,5,2,1,0.642653585365994,0.06585028951133506,0.13066898900509807,12.0,14.75,14.75,35.7,2.975
Jalen Brown,WR,2025,college_data,12.0,0,167.0,2.0,0,0,0,0,0,,0,0,0,0,0,,,,,13.916666666666666,,40.7,
Jalen Coker,WR,2024,nflreadpy,32.0,46,478.0,2.0,0,0,516,171,23,2.6431457353165952,0,18,9,6,1,1.0247564333873702,0.14763726814528955,0.20139976972622844,11.0,14.9375,43.45454545454545,91.80000000000001,8.345454545454546
Jalen Coker,WR,2025,nflreadpy,42.0,55,528.0,4.0,1,1,578,158,27,2.2892517407914856,1,20,11,8,1,1.544223624030602,0.1681847591224821,0.21587624966584706,12.0,12.571428571428571,44.0,118.80000000000001,9.9
Jalen Coker,WR,2026,nflreadpy,18.0,22,222.0,2.0,0,0,252,65,10,4.220460846612696,0,8,4,3,1,0.9043010752688172,0.21373132586367882,0.22457518588990732,3.0,12.333333333333334,74.0,52.2,17.400000000000002
Jalen Cooper,WR,2025,college_data,19.0,0,321.0,2.0,0,0,0,0,0,,0,0,0,0,0,,,,,16.894736842105264,,63.1,
Jalen Geer,WR,2024,college_data,13.0,0,159.0,0.0,0,0,0,0,0,,0,0,0,0,0,,,,,12.23076923076923,,28.9,
Jalen Guyton,WR,2020,nflreadpy,28.0,16,511.0,3.0,16,16,16,16,16,0.5272299277463885,16,16,16,16,16,0.7765698616466361,1.0,1.0,16.0,18.25,31.9375,97.1,6.06875
Jalen Guyton,WR,2021,nflreadpy,31.0,33,448.0,3.0,10,10,248,79,23,1.6869459556237416,10,19,15,13,12,1.0471954772345398,0.6589883283242658,0.6706739892431306,16.0,14.451612903225806,28.0,93.80000000000001,5.862500000000001
Jalen Johnson,WR,2025,college_data,52.0,0,622.0,2.0,0,0,0,0,0,,0,0,0,0,0,,,,,11.961538461538462,,126.2,
Jalen Jones,WR,2024,college_data,17.0,0,202.0,2.0,0,0,0,0,0,,0,0,0,0,0,,,,,11.882352941176471,,49.2,
Jalen Jones,WR,2025,college_data,47.0,0,1119.0,9.0,0,0,0,0,0,,0,0,0,0,0,,,,,23.80851063829787,,212.9,
Jalen McDonald,WR,2024,college_data,18.0,0,302.0,4.0,0,0,0,0,0,,0,0,0,0,0,,,,,16.77777777777778,,72.2,
Jalen McDonald,WR,2025,college_data,16.0,0,197.0,0.0,0,0,0,0,0,,0,0,0,0,0,,,,,12.3125,,35.7,
Jalen McMillan,WR,2024,nflreadpy,39.0,62,502.0,8.0,0,0,767,144,25,0.7102708692713632,0,23,12,9,0,1.051672311257014,0.14127121574754048,0.2255441552810412,14.0,12.871794871794872,35.857142857142854,137.2,9.799999999999999
Jalen McMillan,WR,2025,nflreadpy,12.0,15,178.0,0.0,0,0,179,59,8,3.1224453191551564,0,8,5,2,0,1.2313852813852812,0.108125,0.14240912324469795,4.0,14.833333333333334,44.5,29.8,7.45
Jalen Mickens,WR,2025,college_data,20.0,0,177.0,1.0,0,0,0,0,0,,0,0,0,0,0,,,,,8.85,,43.7,
Jalen Moss,WR,2024,college_data,49.0,0,582.0,4.0,0,0,0,0,0,,0,0,0,0,0,,,,,11.877551020408163,,131.2,
Jalen Moss,WR,2025,college_data,16.0,0,273.0,1.0,0,0,0,0,0,,0,0,0,0,0,,,,,17.0625,,49.3,
Jalen Nailor,WR,2024,nflreadpy,31.0,47,447.0,6.0,0,0,559,114,24,1.53744017701412,0,20,13,8,0,0.7114472097142439,0.09712759023065749,0.13585884445225366,16.0,14.419354838709678,27.9375,111.7,6.98125
Jalen Nailor,WR,2025,nflreadpy,29.0,53,444.0,4.0,0,0,656,112,23,0.6801522997237822,1,18,14,9,1,0.6579405455247063,0.11654959347072943,0.17139498862231317,17.0,15.310344827586206,26.11764705882353,99.4,5.847058823529412
Jalen Patrick,WR,2025,college_data,16.0,0,214.0,1.0,0,0,0,0,0,,0,0,0,0,0,,,,,13.375,,43.400000000000006,
Jalen Reagor,WR,2020,nflreadpy,31.0,11,396.0,1.0,11,11,11,11,11,0.3455897498717073,11,11,11,11,11,0.8025897639343793,1.0,1.0,11.0,12.774193548387096,36.0,76.6,6.963636363636363
Jalen Reagor,WR,2021,nflreadpy,34.0,33,301.0,2.0,11,11,253,71,17,-0.764209684114589,11,17,14,13,11,1.0745144127671613,0.6523932416677357,0.6595449487268533,18.0,8.852941176470589,16.72222222222222,76.1,4.227777777777778
Jalen Richmond,WR,2025,college_data,17.0,0,188.0,0.0,0,0,0,0,0,,0,0,0,0,0,,,,,11.058823529411764,,35.8,
Jalen Rogers,WR,2025,college_data,14.0,0,186.0,1.0,0,0,0,0,0,,0,0,0,0,0,,,,,13.285714285714286,,38.6,
Jalen Royals,WR,2024,college_data,55.0,0,834.0,6.0,0,0,0,0,0,,0,0,0,0,0,,,,,15.163636363636364,,174.4,
Jalen Smith,WR,2025,college_data,67.0,0,1169.0,8.0,0,0,0,0,0,,0,0,0,0,0,,,,,17.44776119402985,,231.9,
Jalen Tolbert,WR,2023,nflreadpy,22.0,38,268.0,2.0,0,0,498,34,13,-0.0636662972888804,0,9,6,3,1,0.5010862825590781,0.06562030149910475,0.12066079101572091,15.0,12.181818181818182,17.866666666666667,60.8,4.053333333333333
Jalen Tolbert,WR,2024,nflreadpy,49.0,79,610.0,7.0,0,0,906,166,29,1.4834715460202004,0,22,12,8,1,0.7598964555907718,0.12621494696505176,0.19125437372108534,17.0,12.448979591836734,35.88235294117647,152.0,8.941176470588236
Jalen Tolbert,WR,2025,nflreadpy,18.0,34,203.0,1.0,0,0,408,46,12,0.4464574474340239,1,8,4,2,0,0.5760112887306182,0.07647279733802988,0.11902542003308171,12.0,11.277777777777779,16.916666666666668,46.3,3.858333333333333
Jalen Walthall,WR,2024,college_data,84.0,0,1261.0,14.0,0,0,0,0,0,,0,0,0,0,0,,,,,15.011904761904763,,294.1,
Jalen Walthall,WR,2025,college_data,70.0,0,847.0,8.0,0,0,0,0,0,,0,0,0,0,0,,,,,12.1,,202.7,
Jalil Farooq,WR,2025,college_data,58.0,0,545.0,4.0,0,0,0,0,0,,0,0,0,0,0,,,,,9.39655172413793,,136.5,
Jalin Hyatt,WR,2023,nflreadpy,23.0,40,373.0,0.0,1,0,841,48,11,0.23578138392664627,0,11,8,7,3,0.4463377398379961,0.10841852801408164,0.25769545523250215,13.0,16.217391304347824,28.692307692307693,58.300000000000004,4.484615384615385
Jamaal Pritchett,WR,2024,college_data,91.0,0,1126.0,9.0,0,0,0,0,0,,0,0,0,0,0,,,,,12.373626373626374,,257.6,
Jamal Agnew,WR,2020,nflreadpy,13.0,14,89.0,0.0,14,14,14,14,14,-0.48408856636920644,14,14,14,14,14,0.10907534912669702,1.0,1.0,14.0,6.846153846153846,6.357142857142857,21.9,1.5642857142857143
Jamal Agnew,WR,2021,nflreadpy,24.0,10,229.0,1.0,10,10,10,10,10,0.8155791890827969,10,10,10,10,10,1.066477760756568,1.0,1.0,10.0,9.541666666666666,22.9,52.900000000000006,5.290000000000001
Jamal Agnew,WR,2022,nflreadpy,26.0,34,194.0,3.0,1,1,192,132,9,0.062232784002316355,1,6,4,1,0,0.5451658724340176,0.060696161373071274,0.04710338586291676,17.0,7.461538461538462,11.411764705882353,63.400000000000006,3.729411764705883
Jamal Agnew,WR,2023,nflreadpy,14.0,21,225.0,1.0,1,1,253,76,8,0.42994684857737014,0,8,2,2,2,1.0578380503144655,0.05432747062699825,0.08753215942114165,11.0,16.071428571428573,20.454545454545453,40.5,3.6818181818181817
Jamar Taylor,WR,2025,college_data,11.0,0,105.0,2.0,0,0,0,0,0,,0,0,0,0,0,,,,,9.545454545454545,,33.5,
Jamar Taylor Jr.,WR,2024,college_data,11.0,0,80.0,0.0,0,0,0,0,0,,0,0,0,0,0,,,,,7.2727272727272725,,19.0,
Jamari Gassett,WR,2024,college_data,52.0,0,737.0,7.0,0,0,0,0,0,,0,0,0,0,0,,,,,14.173076923076923,,167.7,
Jamari Hawkins,WR,2025,college_data,38.0,0,623.0,2.0,0,0,0,0,0,,0,0,0,0,0,,,,,16.394736842105264,,112.30000000000001,
Jamari Person,WR,2024,college_data,35.0,0,373.0,1.0,0,0,0,0,0,,0,0,0,0,0,,,,,10.657142857142857,,78.30000000000001,
Jamari Person,WR,2025,college_data,28.0,0,315.0,0.0,0,0,0,0,0,,0,0,0,0,0,,,,,11.25,,59.5,
Jamarien Dalton,WR,2024,college_data,31.0,0,408.0,2.0,0,0,0,0,0,,0,0,0,0,0,,,,,13.161290322580646,,83.80000000000001,
Jamarien Wheeler,WR,2025,college_data,23.0,0,301.0,2.0,0,0,0,0,0,,0,0,0,0,0,,,,,13.08695652173913,,65.1,
Jamarii Robinson,WR,2025,college_data,18.0,0,278.0,4.0,0,0,0,0,0,,0,0,0,0,0,,,,,15.444444444444445,,69.8,
Jameel Gardner Jr.,WR,2024,college_data,12.0,0,145.0,1.0,0,0,0,0,0,,0,0,0,0,0,,,,,12.083333333333334,,32.5,
Jameel Gardner Jr.,WR,2025,college_data,32.0,0,445.0,2.0,0,0,0,0,0,,0,0,0,0,0,,,,,13.90625,,88.5,
Jamel Hardy,WR,2025,college_data,13.0,0,132.0,1.0,0,0,0,0,0,,0,0,0,0,0,,,,,10.153846153846153,,32.2,
James BlackStrain,WR,2024,college_data,23.0,0,353.0,3.0,0,0,0,0,0,,0,0,0,0,0,,,,,15.347826086956522,,76.30000000000001,
James BlackStrain,WR,2025,college_data,22.0,0,224.0,1.0,0,0,0,0,0,,0,0,0,0,0,,,,,10.181818181818182,,50.400000000000006,
James Burns,WR,2024,college_data,30.0,0,473.0,3.0,0,0,0,0,0,,0,0,0,0,0,,,,,15.766666666666667,,95.30000000000001,
James Proche,WR,2021,nflreadpy,16.0,14,202.0,0.0,5,5,83,18,10,2.0450521280623173,5,8,7,5,5,0.839625850340136,0.7488367488367489,0.7545760187120408,7.0,12.625,28.857142857142858,36.2,5.171428571428572
James Tyre,WR,2025,college_data,68.0,0,832.0,11.0,0,0,0,0,0,,0,0,0,0,0,,,,,12.235294117647058,,217.2,
James Washington,WR,2018,nflreadpy,16.0,38,217.0,1.0,0,0,640,53,11,0.24928952458077366,0,8,3,3,1,0.3822382564457818,0.07328511065660348,0.1544287519968646,12.0,13.5625,18.083333333333332,43.7,3.641666666666667
James Washington,WR,2019,nflreadpy,44.0,71,735.0,3.0,3,3,1105,183,31,0.9087084244973375,2,25,18,15,6,0.6719259967111901,0.28698366347404386,0.3985326753234284,15.0,16.704545454545453,49.0,133.5,8.9
James Washington,WR,2020,nflreadpy,35.0,17,464.0,5.0,17,17,17,17,17,0.56828096955638,17,17,17,17,17,1.0411402880112655,1.0,1.0,17.0,13.257142857142858,27.294117647058822,111.4,6.552941176470589
James Washington,WR,2021,nflreadpy,26.0,29,322.0,3.0,9,9,321,25,15,-0.2695492149639851,9,15,13,12,9,0.47328448159438186,0.5985000959185742,0.6530004966656219,16.0,12.384615384615385,20.125,76.2,4.7625
Jameson Garcia,WR,2025,college_data,40.0,0,546.0,3.0,0,0,0,0,0,,0,0,0,0,0,,,,,13.65,,112.6,
Jameson Tucker,WR,2024,college_data,33.0,0,574.0,6.0,0,0,0,0,0,,0,0,0,0,0,,,,,17.393939393939394,,126.4,
Jameson Williams,WR,2023,nflreadpy,30.0,51,433.0,3.0,1,0,822,109,19,1.4235164563016345,0,18,8,7,2,0.7176927760455375,0.09566503622503827,0.21174483946691705,15.0,14.433333333333334,28.866666666666667,89.30000000000001,5.953333333333334
Jameson Williams,WR,2024,nflreadpy,59.0,95,1020.0,7.0,0,0,1148,497,41,2.1250660836144,0,33,24,17,6,1.1092384217178606,0.18155568783697337,0.3152268002768323,16.0,17.28813559322034,63.75,203.0,12.6875
Jameson Williams,WR,2025,nflreadpy,65.0,102,1117.0,7.0,0,0,1289,441,49,3.3040255602378767,0,45,31,23,5,0.9989989653979054,0.18619962021254863,0.3194567738683965,17.0,17.184615384615384,65.70588235294117,218.7,12.86470588235294
Jameson Williams,WR,2026,nflreadpy,16.0,25,229.0,0.0,0,0,361,23,12,3.0985085671636625,0,10,5,3,1,0.6962910104986877,0.15548184795663073,0.321475707376924,4.0,14.3125,57.25,38.900000000000006,9.725000000000001
Jamil Bishop,WR,2024,college_data,13.0,0,167.0,1.0,0,0,0,0,0,,0,0,0,0,0,,,,,12.846153846153847,,35.7,
Jamil Bishop,WR,2025,college_data,24.0,0,324.0,2.0,0,0,0,0,0,,0,0,0,0,0,,,,,13.5,,68.4,
Jamison Crowder,WR,2018,nflreadpy,29.0,49,388.0,2.0,0,0,461,204,15,1.241174450548293,0,15,7,4,1,1.1429378007619926,0.20007027305044964,0.2163627539365921,9.0,13.379310344827585,43.111111111111114,79.80000000000001,8.866666666666667
Jamison Crowder,WR,2019,nflreadpy,78.0,106,833.0,6.0,2,2,806,301,36,0.3210720897429181,2,30,18,11,3,1.058368966201262,0.33041899974428324,0.3226023568032772,16.0,10.679487179487179,52.0625,197.3,12.33125
Jamison Crowder,WR,2020,nflreadpy,59.0,12,699.0,6.0,12,12,12,12,12,2.0270294038014858,12,12,12,12,12,1.0863877843679017,1.0,1.0,12.0,11.847457627118644,58.25,164.9,13.741666666666667
Jamison Crowder,WR,2021,nflreadpy,51.0,29,447.0,2.0,8,8,175,56,16,0.5584120229255624,8,16,11,8,8,1.0278716499386684,0.7277445507708665,0.734750033259394,12.0,8.764705882352942,37.25,107.7,8.975
Jamison Crowder,WR,2023,nflreadpy,16.0,20,159.0,1.0,0,0,122,80,8,0.7601414821235561,0,6,3,1,0,0.5053666921313981,0.02835487888337153,0.020747140683899754,16.0,9.9375,9.9375,37.9,2.36875
Jamison Crowder,WR,2024,nflreadpy,12.0,18,101.0,2.0,0,0,138,24,5,0.6074492739174334,0,4,0,0,0,0.7096560846560847,0.0656505523323412,0.06395752771871449,8.0,8.416666666666666,12.625,34.1,4.2625
Jamison Warren,WR,2024,college_data,15.0,0,202.0,0.0,0,0,0,0,0,,0,0,0,0,0,,,,,13.466666666666667,,35.2,
Jamison Warren,WR,2025,college_data,23.0,0,286.0,2.0,0,0,0,0,0,,0,0,0,0,0,,,,,12.434782608695652,,63.6,
Jamoi Mayes,WR,2024,college_data,29.0,0,349.0,1.0,0,0,0,0,0,,0,0,0,0,0,,,,,12.03448275862069,,69.9,
Janiran Bonner,WR,2024,college_data,11.0,0,67.0,1.0,0,0,0,0,0,,0,0,0,0,0,,,,,6.090909090909091,,23.7,
Jaqai Carter,WR,2025,college_data,32.0,0,389.0,2.0,0,0,0,0,0,,0,0,0,0,0,,,,,12.15625,,82.9,
Jaquaize Pettaway,WR,2025,college_data,13.0,0,32.0,0.0,0,0,0,0,0,,0,0,0,0,0,,,,,2.4615384615384617,,16.2,
Jared Brown,WR,2024,college_data,15.0,0,244.0,1.0,0,0,0,0,0,,0,0,0,0,0,,,,,16.266666666666666,,45.400000000000006,
Jared Gipson,WR,2024,college_data,53.0,0,715.0,9.0,0,0,0,0,0,,0,0,0,0,0,,,,,13.49056603773585,,178.5,
Jared Richardson,WR,2024,college_data,46.0,0,684.0,7.0,0,0,0,0,0,,0,0,0,0,0,,,,,14.869565217391305,,156.4,
Jared Richardson,WR,2025,college_data,80.0,0,1033.0,12.0,0,0,0,0,0,,0,0,0,0,0,,,,,12.9125,,255.3,
Jarius Wright,WR,2018,nflreadpy,43.0,59,447.0,1.0,3,1,365,198,25,0.7173369851506526,1,16,9,8,0,1.4311631377462748,0.10629408848964333,0.08399744638646771,16.0,10.395348837209303,27.9375,89.7,5.60625
Jarius Wright,WR,2019,nflreadpy,28.0,54,296.0,0.0,1,1,590,85,16,-1.2330558701133578,1,13,7,4,1,0.6436761830446583,0.15287364014910154,0.16610322329843105,16.0,10.571428571428571,18.5,57.6,3.6
Jariyah Sawyer,WR,2024,college_data,12.0,0,68.0,0.0,0,0,0,0,0,,0,0,0,0,0,,,,,5.666666666666667,,18.8,
Jarod Bowie,WR,2024,college_data,12.0,0,202.0,0.0,0,0,0,0,0,,0,0,0,0,0,,,,,16.833333333333332,,32.2,
Jaron Brown,WR,2018,nflreadpy,14.0,19,166.0,5.0,0,0,244,46,9,1.7419994652183959,0,6,4,1,1,1.0544414044687642,0.06425603397736816,0.0814486173668086,12.0,11.857142857142858,13.833333333333334,60.6,5.05
Jaron Brown,WR,2019,nflreadpy,16.0,28,220.0,2.0,3,3,253,61,12,-0.16956994509463197,2,9,7,5,3,1.2859197212083269,0.2554333524451112,0.250233200212481,11.0,13.75,20.0,48.0,4.363636363636363
Jaron Glover,WR,2024,college_data,15.0,0,192.0,2.0,0,0,0,0,0,,0,0,0,0,0,,,,,12.8,,46.2,
Jaron Tibbs,WR,2024,college_data,25.0,0,305.0,2.0,0,0,0,0,0,,0,0,0,0,0,,,,,12.2,,67.5,
Jaron Tibbs,WR,2025,college_data,47.0,0,595.0,3.0,0,0,0,0,0,,0,0,0,0,0,,,,,12.659574468085106,,124.5,
Jarvis Landry,WR,2018,nflreadpy,81.0,149,976.0,4.0,1,1,1645,274,44,-0.04184627580057798,0,39,25,13,2,0.5951565025329466,0.26703245877330156,0.30753039915996344,16.0,12.049382716049383,61.0,200.60000000000002,12.537500000000001
Jarvis Landry,WR,2019,nflreadpy,83.0,133,1174.0,6.0,1,1,1240,418,54,1.3798629305861234,1,50,30,19,2,0.9632966707211855,0.3171167820487767,0.340438779171549,16.0,14.144578313253012,73.375,236.4,14.775
Jarvis Landry,WR,2020,nflreadpy,84.0,17,952.0,5.0,17,17,17,17,17,2.875981691558631,17,17,17,17,17,1.3086187309464168,1.0,1.0,17.0,11.333333333333334,56.0,209.2,12.305882352941175
Jarvis Landry,WR,2021,nflreadpy,52.0,43,570.0,2.0,8,8,252,87,18,-1.0985080032014833,8,16,13,12,8,1.209239034556782,0.7606780167264038,0.7705201440523908,12.0,10.961538461538462,47.5,121.0,10.083333333333334
Jarvis Landry,WR,2022,nflreadpy,25.0,39,272.0,1.0,0,0,374,61,12,-0.8601491805197754,1,10,4,2,1,0.7453271353142984,0.1401583701656801,0.13803454465944207,9.0,10.88,30.22222222222222,60.2,6.688888888888889
Jarvis Rush,WR,2025,college_data,42.0,0,367.0,3.0,0,0,0,0,0,,0,0,0,0,0,,,,,8.738095238095237,,96.7,
Jasaiah Gathings,WR,2024,college_data,32.0,0,307.0,3.0,0,0,0,0,0,,0,0,0,0,0,,,,,9.59375,,80.7,
Jasaiah Gathings,WR,2025,college_data,36.0,0,410.0,3.0,0,0,0,0,0,,0,0,0,0,0,,,,,11.38888888888889,,95.0,
Jasiah Barron,WR,2025,college_data,18.0,0,217.0,1.0,0,0,0,0,0,,0,0,0,0,0,,,,,12.055555555555555,,45.7,
Jasiah Williams,WR,2024,college_data,50.0,0,480.0,3.0,0,0,0,0,0,,0,0,0,0,0,,,,,9.6,,116.0,
Jason Barnes Jr.,WR,2024,college_data,20.0,0,134.0,0.0,0,0,0,0,0,,0,0,0,0,0,,,,,6.7,,33.4,
Jason Palmieri,WR,2025,college_data,34.0,0,354.0,4.0,0,0,0,0,0,,0,0,0,0,0,,,,,10.411764705882353,,93.4,
Jathen Jones,WR,2025,college_data,37.0,0,681.0,6.0,0,0,0,0,0,,0,0,0,0,0,,,,,18.405405405405407,,141.10000000000002,
Jauan Jennings,WR,2021,nflreadpy,30.0,44,325.0,5.0,7,6,364,108,23,1.318968235692188,6,19,10,10,6,1.3567724052394963,0.46015583605011545,0.48101829543761415,16.0,10.833333333333334,20.3125,90.5,5.65625
Jauan Jennings,WR,2022,nflreadpy,39.0,63,483.0,1.0,1,0,575,191,27,1.0674355083024305,0,24,7,5,1,1.2257959808302816,0.121209671759183,0.14769019101889205,18.0,12.384615384615385,26.833333333333332,91.30000000000001,5.072222222222223
Jauan Jennings,WR,2023,nflreadpy,29.0,46,376.0,2.0,0,0,452,128,20,1.0361618709658666,0,16,13,6,0,0.9524069563580312,0.0993206498283831,0.11661711249947618,16.0,12.96551724137931,23.5,78.6,4.9125
Jauan Jennings,WR,2024,nflreadpy,77.0,113,975.0,6.0,1,0,1119,238,47,2.882653740976665,0,44,18,12,1,0.8692851986459627,0.25201762383020426,0.3033731380625905,15.0,12.662337662337663,65.0,208.5,13.9
Jauan Jennings,WR,2025,nflreadpy,58.0,98,711.0,9.0,1,1,1006,215,38,-0.11009511551726145,1,32,14,10,2,0.7627117180599835,0.19256872147521178,0.24919944059256352,17.0,12.258620689655173,41.8235294117647,183.10000000000002,10.770588235294118
Javarius Green,WR,2025,college_data,13.0,0,150.0,0.0,0,0,0,0,0,,0,0,0,0,0,,,,,11.538461538461538,,28.0,
Javen Nicholas,WR,2025,college_data,60.0,0,740.0,5.0,0,0,0,0,0,,0,0,0,0,0,,,,,12.333333333333334,,164.0,
Javian Hester,WR,2024,college_data,14.0,0,315.0,1.0,0,0,0,0,0,,0,0,0,0,0,,,,,22.5,,51.5,
Javien Cuff,WR,2024,college_data,11.0,0,155.0,1.0,0,0,0,0,0,,0,0,0,0,0,,,,,14.090909090909092,,32.5,
Javin Whatley,WR,2024,college_data,55.0,0,689.0,6.0,0,0,0,0,0,,0,0,0,0,0,,,,,12.527272727272727,,159.9,
Javin Whatley,WR,2025,college_data,41.0,0,490.0,5.0,0,0,0,0,0,,0,0,0,0,0,,,,,11.951219512195122,,120.0,
Javion Phelps,WR,2024,college_data,17.0,0,206.0,1.0,0,0,0,0,0,,0,0,0,0,0,,,,,12.117647058823529,,43.6,
Javon Gipson,WR,2024,college_data,23.0,0,335.0,2.0,0,0,0,0,0,,0,0,0,0,0,,,,,14.565217391304348,,68.5,
Javon Gipson,WR,2025,college_data,64.0,0,1022.0,6.0,0,0,0,0,0,,0,0,0,0,0,,,,,15.96875,,202.2,
Javon Harvey,WR,2024,college_data,11.0,0,101.0,1.0,0,0,0,0,0,,0,0,0,0,0,,,,,9.181818181818182,,27.1,
Javon Robinson,WR,2024,college_data,37.0,0,459.0,1.0,0,0,0,0,0,,0,0,0,0,0,,,,,12.405405405405405,,88.9,
Javon Robinson,WR,2025,college_data,58.0,0,599.0,4.0,0,0,0,0,0,,0,0,0,0,0,,,,,10.327586206896552,,141.9,
Javon Ross,WR,2025,college_data,50.0,0,603.0,3.0,0,0,0,0,0,,0,0,0,0,0,,,,,12.06,,128.3,
Javon Tracy,WR,2024,college_data,57.0,0,818.0,7.0,0,0,0,0,0,,0,0,0,0,0,,,,,14.350877192982455,,180.8,
Javon Tracy,WR,2025,college_data,37.0,0,454.0,6.0,0,0,0,0,0,,0,0,0,0,0,,,,,12.27027027027027,,118.4,
Javon Wims,WR,2019,nflreadpy,18.0,25,186.0,1.0,2,2,265,23,7,-1.1536248145162566,2,7,4,3,2,0.5549167389665832,0.23909661823602082,0.26894527706557675,11.0,10.333333333333334,16.90909090909091,42.6,3.872727272727273
Jaxon Branch,WR,2025,college_data,14.0,0,172.0,2.0,0,0,0,0,0,,0,0,0,0,0,,,,,12.285714285714286,,43.2,
Jaxon Smith-Njigba,WR,2023,nflreadpy,63.0,93,628.0,4.0,0,0,569,366,29,0.7156136457033326,0,27,12,7,0,0.9788380524041419,0.17532845441614042,0.13899181447501255,17.0,9.968253968253968,36.94117647058823,149.8,8.811764705882354
Jaxon Smith-Njigba,WR,2024,nflreadpy,100.0,137,1130.0,6.0,1,0,1186,477,57,2.849667087863458,0,46,27,14,2,1.5013166769820276,0.2375417269292394,0.29278032752903366,17.0,11.3,66.47058823529412,247.0,14.529411764705882
Jaxon Smith-Njigba,WR,2025,nflreadpy,136.0,189,1992.0,12.0,3,1,2095,596,90,4.834946200001315,0,86,46,28,9,1.076526058708791,0.3565849712363493,0.47292330872676286,20.0,14.647058823529411,99.6,401.20000000000005,20.060000000000002
Jaxon Smith-Njigba,WR,2026,nflreadpy,32.0,42,481.0,6.0,0,0,414,144,25,8.12458429398515,0,20,8,7,2,1.221363041038094,0.3731303418803419,0.49190449046527385,4.0,15.03125,120.25,116.1,29.025
Jaxton Santiago,WR,2025,college_data,50.0,0,687.0,5.0,0,0,0,0,0,,0,0,0,0,0,,,,,13.74,,148.7,
Jay Graves-Billips,WR,2024,college_data,31.0,0,429.0,4.0,0,0,0,0,0,,0,0,0,0,0,,,,,13.838709677419354,,97.9,
Jay Graves-Billips,WR,2025,college_data,34.0,0,395.0,2.0,0,0,0,0,0,,0,0,0,0,0,,,,,11.617647058823529,,85.5,
Jay Jay Etheridge,WR,2024,college_data,14.0,0,137.0,1.0,0,0,0,0,0,,0,0,0,0,0,,,,,9.785714285714286,,33.7,
Jay Maclin,WR,2024,college_data,13.0,0,313.0,4.0,0,0,0,0,0,,0,0,0,0,0,,,,,24.076923076923077,,68.3,
Jay Maclin,WR,2025,college_data,13.0,0,189.0,0.0,0,0,0,0,0,,0,0,0,0,0,,,,,14.538461538461538,,31.900000000000002,
Jay Melchiori,WR,2025,college_data,34.0,0,395.0,1.0,0,0,0,0,0,,0,0,0,0,0,,,,,11.617647058823529,,79.5,
Jay Parker,WR,2024,college_data,14.0,0,174.0,1.0,0,0,0,0,0,,0,0,0,0,0,,,,,12.428571428571429,,37.400000000000006,
Jay Rockwell,WR,2025,college_data,72.0,0,1132.0,7.0,0,0,0,0,0,,0,0,0,0,0,,,,,15.722222222222221,,227.2,
Jay Wilkerson,WR,2024,college_data,13.0,0,262.0,2.0,0,0,0,0,0,,0,0,0,0,0,,,,,20.153846153846153,,51.2,
Jayce Brown,WR,2024,college_data,47.0,0,823.0,5.0,0,0,0,0,0,,0,0,0,0,0,,,,,17.51063829787234,,159.3,
Jayce Brown,WR,2025,college_data,41.0,0,712.0,5.0,0,0,0,0,0,,0,0,0,0,0,,,,,17.365853658536587,,142.2,
Jayce Freeman,WR,2024,college_data,23.0,0,506.0,6.0,0,0,0,0,0,,0,0,0,0,0,,,,,22.0,,109.6,
Jayce Freeman,WR,2025,college_data,41.0,0,774.0,8.0,0,0,0,0,0,,0,0,0,0,0,,,,,18.878048780487806,,166.4,
Jaycob Horn,WR,2024,college_data,12.0,0,97.0,0.0,0,0,0,0,0,,0,0,0,0,0,,,,,8.083333333333334,,21.700000000000003,
Jayden Harrison,WR,2024,college_data,19.0,0,211.0,1.0,0,0,0,0,0,,0,0,0,0,0,,,,,11.105263157894736,,46.1,
Jayden Higgins,WR,2024,college_data,87.0,0,1183.0,9.0,0,0,0,0,0,,0,0,0,0,0,,,,,13.597701149425287,,259.3,
Jayden Higgins,WR,2025,nflreadpy,50.0,82,623.0,6.0,0,0,1022,136,33,1.0710507173546748,0,27,11,5,1,1.0466801136658361,0.12904156469451364,0.18369189806392147,19.0,12.46,32.78947368421053,148.3,7.805263157894737
Jayden Ivory,WR,2024,college_data,22.0,0,268.0,0.0,0,0,0,0,0,,0,0,0,0,0,,,,,12.181818181818182,,48.8,
Jayden Pressey,WR,2024,college_data,18.0,0,203.0,2.0,0,0,0,0,0,,0,0,0,0,0,,,,,11.277777777777779,,50.3,
Jayden Reed,WR,2023,nflreadpy,68.0,101,828.0,8.0,0,0,1011,355,33,1.7784370099166305,1,30,18,14,3,1.0382114378028915,0.1717387446559351,0.18907132480689656,18.0,12.176470588235293,46.0,200.8,11.155555555555557
Jayden Reed,WR,2024,nflreadpy,59.0,79,903.0,6.0,0,0,706,400,32,2.475939542679519,0,26,19,16,5,1.8340015376349872,0.15957256001628825,0.1391038629081477,18.0,15.305084745762711,50.166666666666664,185.3,10.294444444444444
Jayden Reed,WR,2025,nflreadpy,23.0,29,250.0,2.0,0,0,272,101,10,2.365729267499677,0,10,8,5,0,1.2859379401541258,0.17284382728890738,0.13845067738650813,6.0,10.869565217391305,41.666666666666664,60.0,10.0
Jayden Sellers,WR,2025,college_data,22.0,0,337.0,1.0,0,0,0,0,0,,0,0,0,0,0,,,,,15.318181818181818,,61.7,
Jayden Simpson,WR,2025,college_data,25.0,0,291.0,1.0,0,0,0,0,0,,0,0,0,0,0,,,,,11.64,,60.1,
Jayden Thomas,WR,2024,college_data,18.0,0,167.0,2.0,0,0,0,0,0,,0,0,0,0,0,,,,,9.277777777777779,,46.7,
Jayden West,WR,2025,college_data,19.0,0,208.0,2.0,0,0,0,0,0,,0,0,0,0,0,,,,,10.947368421052632,,51.8,
Jaydn Girard,WR,2025,college_data,16.0,0,169.0,2.0,0,0,0,0,0,,0,0,0,0,0,,,,,10.5625,,44.900000000000006,
Jaylan Sanchez,WR,2024,college_data,39.0,0,537.0,3.0,0,0,0,0,0,,0,0,0,0,0,,,,,13.76923076923077,,110.7,
Jaylan Sanchez,WR,2025,college_data,30.0,0,396.0,1.0,0,0,0,0,0,,0,0,0,0,0,,,,,13.2,,75.6,
Jayleen Record,WR,2024,college_data,23.0,0,242.0,4.0,0,0,0,0,0,,0,0,0,0,0,,,,,10.521739130434783,,71.2,
Jayleen Record,WR,2025,college_data,37.0,0,398.0,3.0,0,0,0,0,0,,0,0,0,0,0,,,,,10.756756756756756,,94.80000000000001,
Jaylen Bonelli,WR,2024,college_data,50.0,0,732.0,4.0,0,0,0,0,0,,0,0,0,0,0,,,,,14.64,,147.2,
Jaylen Bonelli,WR,2025,college_data,22.0,0,200.0,3.0,0,0,0,0,0,,0,0,0,0,0,,,,,9.090909090909092,,60.0,
Jaylen Lloyd,WR,2024,college_data,13.0,0,255.0,0.0,0,0,0,0,0,,0,0,0,0,0,,,,,19.615384615384617,,38.5,
Jaylen Lynch,WR,2024,college_data,16.0,0,246.0,0.0,0,0,0,0,0,,0,0,0,0,0,,,,,15.375,,40.6,
Jaylen Lynch,WR,2025,college_data,20.0,0,250.0,1.0,0,0,0,0,0,,0,0,0,0,0,,,,,12.5,,51.0,
Jaylen Sargent,WR,2024,college_data,23.0,0,480.0,2.0,0,0,0,0,0,,0,0,0,0,0,,,,,20.869565217391305,,83.0,
Jaylen Sargent,WR,2025,college_data,20.0,0,240.0,0.0,0,0,0,0,0,,0,0,0,0,0,,,,,12.0,,44.0,
Jaylen Waddle,WR,2021,nflreadpy,104.0,58,1015.0,6.0,11,11,342,185,31,1.2639675287374477,11,24,19,16,13,1.1865425065002417,0.7856222280797315,0.7985016900840469,16.0,9.759615384615385,63.4375,241.5,15.09375
Jaylen Waddle,WR,2022,nflreadpy,78.0,124,1400.0,8.0,1,1,1566,516,61,4.144779755813321,0,56,34,22,6,1.0066553558885563,0.2036070828266625,0.27291482945191803,18.0,17.94871794871795,77.77777777777777,264.0,14.666666666666666
Jaylen Waddle,WR,2023,nflreadpy,74.0,109,1045.0,4.0,0,0,1137,421,49,2.9985266817091936,0,51,24,12,2,0.9946408140854204,0.22839898037149023,0.3369284471612117,15.0,14.121621621621621,69.66666666666667,202.5,13.5
Jaylen Waddle,WR,2024,nflreadpy,58.0,83,744.0,2.0,0,0,827,236,38,2.67705613134958,2,39,20,12,1,0.9433071878634399,0.16320616707848815,0.24425224577670024,15.0,12.827586206896552,49.6,148.4,9.893333333333334
Jaylen Waddle,WR,2025,nflreadpy,64.0,100,910.0,6.0,1,0,1306,228,48,2.1532287534874204,0,43,24,14,3,0.7735079104898676,0.2329432528606754,0.42705269912849214,16.0,14.21875,56.875,189.0,11.8125
Jaylen Waddle,WR,2026,nflreadpy,16.0,26,185.0,1.0,0,0,277,61,8,0.5619737394410096,1,6,4,3,1,0.5864825987375007,0.20990997144325405,0.3276163788846539,4.0,11.5625,46.25,42.5,10.625
Jaylen Ward,WR,2024,college_data,13.0,0,172.0,1.0,0,0,0,0,0,,0,0,0,0,0,,,,,13.23076923076923,,36.2,
Jaylin Lane,WR,2024,college_data,38.0,0,466.0,2.0,0,0,0,0,0,,0,0,0,0,0,,,,,12.263157894736842,,96.6,
Jaylin Lane,WR,2025,nflreadpy,16.0,32,225.0,0.0,0,0,427,39,10,-0.4347452181282457,0,9,5,3,1,0.45977353357369094,0.08255575343873936,0.11616439344921137,15.0,14.0625,15.0,38.5,2.566666666666667
Jaylin Noel,WR,2024,college_data,81.0,0,1194.0,8.0,0,0,0,0,0,,0,0,0,0,0,,,,,14.74074074074074,,248.4,
Jaylin Noel,WR,2025,nflreadpy,26.0,37,292.0,2.0,0,0,373,99,13,0.900715414350005,0,8,6,6,2,0.8148921448921449,0.05684754627339507,0.05809983187872828,19.0,11.23076923076923,15.368421052631579,67.2,3.5368421052631582
Jaylon Domingeaux,WR,2024,college_data,38.0,0,459.0,1.0,0,0,0,0,0,,0,0,0,0,0,,,,,12.078947368421053,,89.9,
Jaylon Domingeaux,WR,2025,college_data,52.0,0,857.0,11.0,0,0,0,0,0,,0,0,0,0,0,,,,,16.48076923076923,,203.7,
Jayon Farrar,WR,2025,college_data,12.0,0,114.0,0.0,0,0,0,0,0,,0,0,0,0,0,,,,,9.5,,23.4,
Jayshon Platt,WR,2025,college_data,46.0,0,720.0,5.0,0,0,0,0,0,,0,0,0,0,0,,,,,15.652173913043478,,148.0,
Jayson Raines,WR,2025,college_data,31.0,0,399.0,2.0,0,0,0,0,0,,0,0,0,0,0,,,,,12.870967741935484,,82.9,
Jayvonne Dillard,WR,2024,college_data,32.0,0,386.0,0.0,0,0,0,0,0,,0,0,0,0,0,,,,,12.0625,,70.6,
Jayvonne Dillard,WR,2025,college_data,43.0,0,539.0,2.0,0,0,0,0,0,,0,0,0,0,0,,,,,12.534883720930232,,108.9,
Jeff Caldwell,WR,2024,college_data,49.0,0,943.0,10.0,0,0,0,0,0,,0,0,0,0,0,,,,,19.244897959183675,,203.3,
Jeff Caldwell,WR,2025,college_data,32.0,0,478.0,6.0,0,0,0,0,0,,0,0,0,0,0,,,,,14.9375,,115.80000000000001,
Jeff Smith,WR,2020,nflreadpy,17.0,9,167.0,0.0,9,9,9,9,9,-1.345887604461921,9,9,9,9,9,0.5166413816265434,1.0,1.0,9.0,9.823529411764707,18.555555555555557,33.7,3.744444444444445
Jeff Weimer,WR,2024,college_data,74.0,0,1003.0,6.0,0,0,0,0,0,,0,0,0,0,0,,,,,13.554054054054054,,210.3,
Jeff Weimer,WR,2025,college_data,21.0,0,383.0,2.0,0,0,0,0,0,,0,0,0,0,0,,,,,18.238095238095237,,71.30000000000001,
Jer'Michael Carter,WR,2024,college_data,34.0,0,495.0,3.0,0,0,0,0,0,,0,0,0,0,0,,,,,14.558823529411764,,101.5,
Jerand Bradley,WR,2025,college_data,13.0,0,184.0,2.0,0,0,0,0,0,,0,0,0,0,0,,,,,14.153846153846153,,43.400000000000006,
Jeremiah Colclough,WR,2025,college_data,34.0,0,272.0,2.0,0,0,0,0,0,,0,0,0,0,0,,,,,8.0,,73.2,
Jeremiah Harrison,WR,2025,college_data,38.0,0,652.0,5.0,0,0,0,0,0,,0,0,0,0,0,,,,,17.157894736842106,,133.2,
Jeremiah Hunter,WR,2024,college_data,36.0,0,490.0,1.0,0,0,0,0,0,,0,0,0,0,0,,,,,13.61111111111111,,91.0,
Jeremiah Koger,WR,2025,college_data,38.0,0,597.0,8.0,0,0,0,0,0,,0,0,0,0,0,,,,,15.710526315789474,,145.7,
Jeremiah McClellan,WR,2025,college_data,38.0,0,557.0,3.0,0,0,0,0,0,,0,0,0,0,0,,,,,14.657894736842104,,111.7,
Jeremiah Noga,WR,2024,college_data,23.0,0,266.0,0.0,0,0,0,0,0,,0,0,0,0,0,,,,,11.565217391304348,,49.6,
Jeremiah Noga,WR,2025,college_data,20.0,0,221.0,1.0,0,0,0,0,0,,0,0,0,0,0,,,,,11.05,,48.1,
Jeremiah Patterson,WR,2024,college_data,26.0,0,196.0,2.0,0,0,0,0,0,,0,0,0,0,0,,,,,7.538461538461538,,57.6,
Jeremiah Ratliff,WR,2024,college_data,15.0,0,148.0,1.0,0,0,0,0,0,,0,0,0,0,0,,,,,9.866666666666667,,35.8,
Jeremiah Smith,WR,2024,college_data,76.0,0,1315.0,15.0,0,0,0,0,0,,0,0,0,0,0,,,,,17.30263157894737,,297.5,
Jeremiah Smith,WR,2025,college_data,87.0,0,1243.0,12.0,0,0,0,0,0,,0,0,0,0,0,,,,,14.28735632183908,,283.3,
Jeremiah Webb,WR,2024,college_data,36.0,0,649.0,5.0,0,0,0,0,0,,0,0,0,0,0,,,,,18.02777777777778,,130.9,
Jeremy Decaro,WR,2025,college_data,30.0,0,233.0,0.0,0,0,0,0,0,,0,0,0,0,0,,,,,7.766666666666667,,53.3,
Jeremy Scott,WR,2025,college_data,24.0,0,417.0,4.0,0,0,0,0,0,,0,0,0,0,0,,,,,17.375,,89.7,
Jerjuan Newton,WR,2024,college_data,72.0,0,1033.0,11.0,0,0,0,0,0,,0,0,0,0,0,,,,,14.347222222222221,,241.3,
Jermaine Johnson Jr.,WR,2024,college_data,16.0,0,175.0,3.0,0,0,0,0,0,,0,0,0,0,0,,,,,10.9375,,51.5,
Jermaine Johnson Jr.,WR,2025,college_data,14.0,0,187.0,2.0,0,0,0,0,0,,0,0,0,0,0,,,,,13.357142857142858,,44.7,
Jermaine Kearse,WR,2018,nflreadpy,37.0,76,371.0,1.0,0,0,707,125,20,-0.5381245639353559,0,15,8,3,0,0.5523866386992606,0.18457216719890301,0.19569874343795596,13.0,10.027027027027026,28.53846153846154,80.1,6.161538461538461
Jerry Garcia Jr.,WR,2024,college_data,29.0,0,378.0,2.0,0,0,0,0,0,,0,0,0,0,0,,,,,13.03448275862069,,78.80000000000001,
Jerry Jeudy,WR,2020,nflreadpy,52.0,16,856.0,3.0,16,16,16,16,16,-0.04225598187432489,16,16,16,16,16,0.5835021647203641,1.0,1.0,16.0,16.46153846153846,53.5,155.60000000000002,9.725000000000001
Jerry Jeudy,WR,2021,nflreadpy,38.0,32,467.0,0.0,4,4,346,102,14,1.539769679902086,4,13,9,8,5,0.9939210967001142,0.5052252964426878,0.5336808720526941,10.0,12.289473684210526,46.7,84.7,8.47
Jerry Jeudy,WR,2022,nflreadpy,67.0,100,972.0,6.0,0,0,1146,396,41,3.1588230538222373,0,37,25,14,5,0.9824373828024281,0.21278367235492368,0.2606630347466486,15.0,14.507462686567164,64.8,200.2,13.346666666666666
Jerry Jeudy,WR,2023,nflreadpy,54.0,87,758.0,2.0,1,0,1109,323,28,1.0595483553815623,0,29,19,10,5,0.8356595856315463,0.19881032521118727,0.33555673366120187,16.0,14.037037037037036,47.375,139.8,8.7375
Jerry Jeudy,WR,2024,nflreadpy,90.0,145,1229.0,4.0,0,0,1611,387,57,2.282268168640724,2,49,26,13,3,0.7274842366266177,0.22645070365398584,0.32625030040007286,17.0,13.655555555555555,72.29411764705883,240.9,14.170588235294119
Jerry Jeudy,WR,2025,nflreadpy,50.0,106,602.0,2.0,1,1,1288,166,31,-1.9003207940013298,0,28,9,6,1,0.4564159115784829,0.20530591733550865,0.35350273994265335,17.0,12.04,35.411764705882355,120.2,7.070588235294117
Jesse Prewitt III,WR,2024,college_data,23.0,0,186.0,2.0,0,0,0,0,0,,0,0,0,0,0,,,,,8.08695652173913,,53.6,
Jessie Campbell,WR,2024,college_data,20.0,0,263.0,1.0,0,0,0,0,0,,0,0,0,0,0,,,,,13.15,,52.3,
Jessie Campbell,WR,2025,college_data,20.0,0,134.0,1.0,0,0,0,0,0,,0,0,0,0,0,,,,,6.7,,39.4,
Jeyquan Smith,WR,2025,college_data,11.0,0,151.0,0.0,0,0,0,0,0,,0,0,0,0,0,,,,,13.727272727272727,,26.1,
Jhari Patterson,WR,2024,college_data,33.0,0,281.0,1.0,0,0,0,0,0,,0,0,0,0,0,,,,,8.515151515151516,,67.1,
Jihad Marks,WR,2025,college_data,14.0,0,464.0,7.0,0,0,0,0,0,,0,0,0,0,0,,,,,33.142857142857146,,102.4,
Jimmy Holiday,WR,2024,college_data,39.0,0,476.0,2.0,0,0,0,0,0,,0,0,0,0,0,,,,,12.205128205128204,,98.6,
Jimmy Horn Jr.,WR,2024,college_data,37.0,0,441.0,1.0,0,0,0,0,0,,0,0,0,0,0,,,,,11.91891891891892,,87.1,
Jimmy Horn Jr.,WR,2025,nflreadpy,11.0,17,108.0,0.0,0,0,126,71,4,0.13208307563337426,0,4,2,1,0,1.0762360248447205,0.06266084307348055,0.03343114043956361,11.0,9.818181818181818,9.818181818181818,21.8,1.981818181818182
Jimmy Kibble,WR,2024,college_data,46.0,0,720.0,3.0,0,0,0,0,0,,0,0,0,0,0,,,,,15.652173913043478,,136.0,
Jimmy Kibble,WR,2025,college_data,63.0,0,1002.0,4.0,0,0,0,0,0,,0,0,0,0,0,,,,,15.904761904761905,,187.2,
Jmariyae Robinson,WR,2024,college_data,38.0,0,585.0,4.0,0,0,0,0,0,,0,0,0,0,0,,,,,15.394736842105264,,120.5,
Jmariyae Robinson,WR,2025,college_data,44.0,0,632.0,7.0,0,0,0,0,0,,0,0,0,0,0,,,,,14.363636363636363,,149.2,
JoJo Earle,WR,2025,college_data,22.0,0,258.0,0.0,0,0,0,0,0,,0,0,0,0,0,,,,,11.727272727272727,,47.8,
JoJo Stone,WR,2025,college_data,23.0,0,272.0,2.0,0,0,0,0,0,,0,0,0,0,0,,,,,11.826086956521738,,62.2,
Joanes Fortilien,WR,2024,college_data,42.0,0,639.0,11.0,0,0,0,0,0,,0,0,0,0,0,,,,,15.214285714285714,,171.9,
Joaquin Davis,WR,2024,college_data,31.0,0,490.0,4.0,0,0,0,0,0,,0,0,0,0,0,,,,,15.806451612903226,,104.0,
Jobe Bryant,WR,2025,college_data,18.0,0,207.0,0.0,0,0,0,0,0,,0,0,0,0,0,,,,,11.5,,38.7,
Joe Crifasi,WR,2025,college_data,11.0,0,159.0,0.0,0,0,0,0,0,,0,0,0,0,0,,,,,14.454545454545455,,26.9,
Joe Gillette,WR,2024,college_data,29.0,0,467.0,2.0,0,0,0,0,0,,0,0,0,0,0,,,,,16.103448275862068,,87.7,
Joe Kerbacher,WR,2024,college_data,29.0,0,245.0,2.0,0,0,0,0,0,,0,0,0,0,0,,,,,8.448275862068966,,65.5,
Joe Kerbacher,WR,2025,college_data,24.0,0,233.0,1.0,0,0,0,0,0,,0,0,0,0,0,,,,,9.708333333333334,,53.3,
Joey Corcoran,WR,2024,college_data,38.0,0,448.0,4.0,0,0,0,0,0,,0,0,0,0,0,,,,,11.789473684210526,,106.80000000000001,
Joey Felton,WR,2024,college_data,21.0,0,261.0,3.0,0,0,0,0,0,,0,0,0,0,0,,,,,12.428571428571429,,65.1,
Joey Hobert,WR,2024,college_data,70.0,0,680.0,8.0,0,0,0,0,0,,0,0,0,0,0,,,,,9.714285714285714,,186.0,
Joey Isabella,WR,2024,college_data,43.0,0,782.0,11.0,0,0,0,0,0,,0,0,0,0,0,,,,,18.186046511627907,,187.2,
Joey Isabella,WR,2025,college_data,63.0,0,839.0,11.0,0,0,0,0,0,,0,0,0,0,0,,,,,13.317460317460318,,212.9,
Joey Stout,WR,2025,college_data,19.0,0,163.0,0.0,0,0,0,0,0,,0,0,0,0,0,,,,,8.578947368421053,,35.3,
John Adams,WR,2024,college_data,16.0,0,194.0,1.0,0,0,0,0,0,,0,0,0,0,0,,,,,12.125,,41.400000000000006,
John Brown,WR,2018,nflreadpy,44.0,100,729.0,5.0,0,0,1602,162,28,0.9755185709484173,0,26,15,11,4,0.5478932671637444,0.17324482951967798,0.29228177512750586,17.0,16.568181818181817,42.88235294117647,146.9,8.641176470588235
John Brown,WR,2019,nflreadpy,76.0,116,1110.0,6.0,1,1,1668,211,54,3.2389184791767085,1,49,28,18,4,0.6443970768465338,0.30462038243295875,0.43280819111339497,16.0,14.605263157894736,69.375,223.0,13.9375
John Brown,WR,2020,nflreadpy,43.0,12,544.0,3.0,12,12,12,12,12,1.4280133646263227,12,12,12,12,12,0.9959462764506551,1.0,1.0,12.0,12.651162790697674,45.333333333333336,115.4,9.616666666666667
John Dunmore,WR,2024,college_data,42.0,0,618.0,5.0,0,0,0,0,0,,0,0,0,0,0,,,,,14.714285714285714,,133.8,
John Dunmore,WR,2025,college_data,54.0,0,633.0,7.0,0,0,0,0,0,,0,0,0,0,0,,,,,11.722222222222221,,159.3,
John Erby,WR,2024,college_data,48.0,0,681.0,8.0,0,0,0,0,0,,0,0,0,0,0,,,,,14.1875,,164.10000000000002,
John Holbrook,WR,2024,college_data,11.0,0,164.0,1.0,0,0,0,0,0,,0,0,0,0,0,,,,,14.909090909090908,,33.400000000000006,
John Metchie III,WR,2023,nflreadpy,19.0,33,202.0,0.0,0,0,295,99,9,-0.2857548684657862,0,9,4,2,0,1.2193571326127106,0.0724355705927464,0.06990659422402126,15.0,10.631578947368421,13.466666666666667,39.2,2.6133333333333337
John Metchie III,WR,2024,nflreadpy,30.0,47,317.0,1.0,2,1,435,79,14,-0.34280318385334874,0,13,7,4,0,0.7263967064563217,0.12698810245598344,0.13590318684017114,12.0,10.566666666666666,26.416666666666668,63.7,5.308333333333334
John Metchie III,WR,2025,nflreadpy,33.0,48,274.0,2.0,0,0,268,140,15,-0.19487920336079564,0,13,6,1,0,1.1834509443481254,0.13206001548579274,0.1047123303898023,13.0,8.303030303030303,21.076923076923077,72.4,5.56923076923077
John Neider,WR,2025,college_data,27.0,0,422.0,2.0,0,0,0,0,0,,0,0,0,0,0,,,,,15.62962962962963,,81.2,
John Paul Richardson,WR,2024,college_data,57.0,0,733.0,2.0,0,0,0,0,0,,0,0,0,0,0,,,,,12.859649122807017,,142.3,
John Ross,WR,2018,nflreadpy,21.0,58,210.0,7.0,0,0,807,59,13,-1.6564026785392738,0,7,4,3,0,0.40336968124759587,0.14636158054301437,0.23063137930537725,13.0,10.0,16.153846153846153,84.0,6.461538461538462
John Ross,WR,2019,nflreadpy,28.0,40,506.0,3.0,3,3,467,176,17,2.0773644509383127,2,15,10,10,4,0.7514413160442873,0.3712743718176926,0.44666858403178256,8.0,18.071428571428573,63.25,94.6,11.825
John Ross,WR,2021,nflreadpy,11.0,9,224.0,1.0,7,7,19,10,7,1.5265128602841287,7,7,7,7,7,0.9168420809057074,0.783969728242174,0.7819390938656994,9.0,20.363636363636363,24.88888888888889,39.400000000000006,4.377777777777778
Johnny Jones,WR,2025,college_data,20.0,0,298.0,1.0,0,0,0,0,0,,0,0,0,0,0,,,,,14.9,,55.8,
Johntay Cook II,WR,2025,college_data,47.0,0,559.0,2.0,0,0,0,0,0,,0,0,0,0,0,,,,,11.893617021276595,,114.9,
Jojo Phillips,WR,2025,college_data,14.0,0,161.0,0.0,0,0,0,0,0,,0,0,0,0,0,,,,,11.5,,30.1,
Jonah Burton,WR,2025,college_data,21.0,0,233.0,0.0,0,0,0,0,0,,0,0,0,0,0,,,,,11.095238095238095,,44.3,
Jonah Dawson,WR,2025,college_data,12.0,0,260.0,1.0,0,0,0,0,0,,0,0,0,0,0,,,,,21.666666666666668,,44.0,
Jonah Panoke,WR,2024,college_data,33.0,0,387.0,3.0,0,0,0,0,0,,0,0,0,0,0,,,,,11.727272727272727,,89.7,
Jonathan Bibbs,WR,2025,college_data,26.0,0,383.0,3.0,0,0,0,0,0,,0,0,0,0,0,,,,,14.73076923076923,,82.30000000000001,
Jonathan Brady,WR,2024,college_data,34.0,0,366.0,3.0,0,0,0,0,0,,0,0,0,0,0,,,,,10.764705882352942,,88.6,
Jonathan Brady,WR,2025,college_data,14.0,0,115.0,3.0,0,0,0,0,0,,0,0,0,0,0,,,,,8.214285714285714,,43.5,
Jonathan Harris,WR,2024,college_data,19.0,0,309.0,1.0,0,0,0,0,0,,0,0,0,0,0,,,,,16.263157894736842,,55.900000000000006,
Jonathan Harris,WR,2025,college_data,25.0,0,297.0,5.0,0,0,0,0,0,,0,0,0,0,0,,,,,11.88,,84.7,
Jonathan Mingo,WR,2023,nflreadpy,43.0,85,418.0,0.0,1,0,921,155,15,-1.643062925510182,0,16,6,6,1,0.4549599238386703,0.1851775452819639,0.22720937577487013,15.0,9.720930232558139,27.866666666666667,82.80000000000001,5.5200000000000005
Jonathan Mingo,WR,2024,nflreadpy,17.0,42,167.0,0.0,0,0,462,67,6,-0.9546632170522055,0,7,2,2,0,0.4255854105852253,0.08802612108765771,0.1239677785432335,14.0,9.823529411764707,11.928571428571429,33.7,2.4071428571428575
Jordan Addison,WR,2023,nflreadpy,70.0,108,911.0,10.0,0,0,1347,262,38,1.5352166071479003,0,36,20,15,3,0.7256871628792522,0.17670867944563423,0.28030322288875054,17.0,13.014285714285714,53.588235294117645,221.10000000000002,13.005882352941178
Jordan Addison,WR,2024,nflreadpy,66.0,107,904.0,9.0,0,0,1438,213,41,1.9521305209650255,0,32,20,13,6,0.697461885074171,0.21125163472251346,0.301548812803348,16.0,13.696969696969697,56.5,210.4,13.15
Jordan Addison,WR,2025,nflreadpy,42.0,79,610.0,3.0,0,0,1083,139,26,0.9992408200652206,0,19,12,11,2,0.5345005797803356,0.1822259638335655,0.3298140495745093,14.0,14.523809523809524,43.57142857142857,121.0,8.642857142857142
Jordan Addison,WR,2026,nflreadpy,11.0,22,163.0,1.0,0,0,272,56,7,-0.5601061102107494,0,6,4,3,1,0.5260016065566839,0.2229831495735386,0.32825441109162395,4.0,14.818181818181818,40.75,33.3,8.325
Jordan Allen,WR,2025,college_data,22.0,0,304.0,0.0,0,0,0,0,0,,0,0,0,0,0,,,,,13.818181818181818,,52.400000000000006,
Jordan Anderson,WR,2025,college_data,24.0,0,361.0,0.0,0,0,0,0,0,,0,0,0,0,0,,,,,15.041666666666666,,60.1,
Jordan Bly,WR,2024,college_data,32.0,0,333.0,3.0,0,0,0,0,0,,0,0,0,0,0,,,,,10.40625,,83.30000000000001,
Jordan Bride,WR,2025,college_data,19.0,0,186.0,1.0,0,0,0,0,0,,0,0,0,0,0,,,,,9.789473684210526,,43.6,
Jordan Brown,WR,2024,college_data,20.0,0,216.0,0.0,0,0,0,0,0,,0,0,0,0,0,,,,,10.8,,41.6,
Jordan Brown,WR,2025,college_data,26.0,0,275.0,1.0,0,0,0,0,0,,0,0,0,0,0,,,,,10.576923076923077,,59.5,
Jordan Chambers-Smith,WR,2025,college_data,24.0,0,282.0,2.0,0,0,0,0,0,,0,0,0,0,0,,,,,11.75,,64.2,
Jordan Davis,WR,2024,college_data,20.0,0,206.0,3.0,0,0,0,0,0,,0,0,0,0,0,,,,,10.3,,58.6,
Jordan Dees,WR,2025,college_data,36.0,0,508.0,3.0,0,0,0,0,0,,0,0,0,0,0,,,,,14.11111111111111,,104.80000000000001,
Jordan Dever,WR,2025,college_data,11.0,0,197.0,1.0,0,0,0,0,0,,0,0,0,0,0,,,,,17.90909090909091,,36.7,
Jordan Dwyer,WR,2024,college_data,78.0,0,1192.0,12.0,0,0,0,0,0,,0,0,0,0,0,,,,,15.282051282051283,,269.2,
Jordan Dwyer,WR,2025,college_data,54.0,0,730.0,7.0,0,0,0,0,0,,0,0,0,0,0,,,,,13.518518518518519,,169.0,
Jordan Edwards,WR,2025,college_data,16.0,0,273.0,2.0,0,0,0,0,0,,0,0,0,0,0,,,,,17.0625,,55.3,
Jordan Faison,WR,2024,college_data,30.0,0,356.0,1.0,0,0,0,0,0,,0,0,0,0,0,,,,,11.866666666666667,,71.6,
Jordan Faison,WR,2025,college_data,49.0,0,640.0,4.0,0,0,0,0,0,,0,0,0,0,0,,,,,13.061224489795919,,137.0,
Jordan Garrison,WR,2024,college_data,13.0,0,103.0,0.0,0,0,0,0,0,,0,0,0,0,0,,,,,7.923076923076923,,23.3,
Jordan Garrison,WR,2025,college_data,25.0,0,359.0,2.0,0,0,0,0,0,,0,0,0,0,0,,,,,14.36,,72.9,
Jordan Hudson,WR,2024,college_data,39.0,0,422.0,5.0,0,0,0,0,0,,0,0,0,0,0,,,,,10.820512820512821,,111.2,
Jordan Hudson,WR,2025,college_data,61.0,0,766.0,6.0,0,0,0,0,0,,0,0,0,0,0,,,,,12.557377049180328,,173.60000000000002,
Jordan Hull,WR,2024,college_data,30.0,0,252.0,1.0,0,0,0,0,0,,0,0,0,0,0,,,,,8.4,,61.2,
Jordan Jackson,WR,2025,college_data,19.0,0,281.0,1.0,0,0,0,0,0,,0,0,0,0,0,,,,,14.789473684210526,,53.1,
Jordan Kelley,WR,2024,college_data,24.0,0,261.0,1.0,0,0,0,0,0,,0,0,0,0,0,,,,,10.875,,56.1,
Jordan Kelley,WR,2025,college_data,11.0,0,77.0,0.0,0,0,0,0,0,,0,0,0,0,0,,,,,7.0,,18.7,
Jordan King,WR,2025,college_data,22.0,0,267.0,2.0,0,0,0,0,0,,0,0,0,0,0,,,,,12.136363636363637,,60.7,
Jordan McCants,WR,2024,college_data,15.0,0,146.0,0.0,0,0,0,0,0,,0,0,0,0,0,,,,,9.733333333333333,,29.6,
Jordan Moore,WR,2024,college_data,55.0,0,861.0,8.0,0,0,0,0,0,,0,0,0,0,0,,,,,15.654545454545454,,189.10000000000002,
Jordan Mosley,WR,2024,college_data,23.0,0,405.0,3.0,0,0,0,0,0,,0,0,0,0,0,,,,,17.608695652173914,,81.5,
Jordan Nabors,WR,2024,college_data,29.0,0,524.0,6.0,0,0,0,0,0,,0,0,0,0,0,,,,,18.06896551724138,,117.4,
Jordan Napier,WR,2024,college_data,43.0,0,440.0,4.0,0,0,0,0,0,,0,0,0,0,0,,,,,10.232558139534884,,111.0,
Jordan Napier,WR,2025,college_data,48.0,0,632.0,2.0,0,0,0,0,0,,0,0,0,0,0,,,,,13.166666666666666,,123.2,
Jordan Rae,WR,2025,college_data,20.0,0,250.0,0.0,0,0,0,0,0,,0,0,0,0,0,,,,,12.5,,45.0,
Jordan Ross,WR,2024,college_data,15.0,0,218.0,1.0,0,0,0,0,0,,0,0,0,0,0,,,,,14.533333333333333,,42.8,
Jordan Ross,WR,2025,college_data,11.0,0,84.0,0.0,0,0,0,0,0,,0,0,0,0,0,,,,,7.636363636363637,,19.4,
Jordan Shipp,WR,2025,college_data,60.0,0,671.0,6.0,0,0,0,0,0,,0,0,0,0,0,,,,,11.183333333333334,,163.10000000000002,
Jordan Smith,WR,2024,college_data,12.0,0,158.0,0.0,0,0,0,0,0,,0,0,0,0,0,,,,,13.166666666666666,,27.8,
Jordan Smith,WR,2025,college_data,63.0,0,942.0,8.0,0,0,0,0,0,,0,0,0,0,0,,,,,14.952380952380953,,205.2,
Jordan Watkins,WR,2024,college_data,49.0,0,906.0,9.0,0,0,0,0,0,,0,0,0,0,0,,,,,18.489795918367346,,193.60000000000002,
Jordan Whittington,WR,2024,nflreadpy,23.0,29,305.0,0.0,0,0,162,204,15,2.5343620674518337,0,12,7,4,1,2.863732317079512,0.05381466914450423,0.036100475659239406,16.0,13.26086956521739,19.0625,53.5,3.34375
Jordan Whittington,WR,2025,nflreadpy,20.0,27,206.0,0.0,0,0,179,115,9,0.4336592428035385,0,8,4,3,1,1.8930170814407268,0.04767066545803421,0.03426644476932895,17.0,10.3,12.117647058823529,40.6,2.388235294117647
Jordin Parker,WR,2024,college_data,12.0,0,140.0,0.0,0,0,0,0,0,,0,0,0,0,0,,,,,11.666666666666666,,26.0,
Jordy Nelson,WR,2018,nflreadpy,63.0,88,739.0,3.0,0,0,812,241,36,1.3415135712343946,1,28,12,7,3,0.8257310661921411,0.17835696956876923,0.24540809536145602,15.0,11.73015873015873,49.266666666666666,156.9,10.46
Jordyn Tyson,WR,2024,college_data,75.0,0,1101.0,10.0,0,0,0,0,0,,0,0,0,0,0,,,,,14.68,,245.10000000000002,
Jordyn Tyson,WR,2025,college_data,61.0,0,711.0,8.0,0,0,0,0,0,,0,0,0,0,0,,,,,11.655737704918034,,180.10000000000002,
Jordyn Williams,WR,2025,college_data,11.0,0,118.0,0.0,0,0,0,0,0,,0,0,0,0,0,,,,,10.727272727272727,,22.8,
Joseph Johnson,WR,2025,college_data,16.0,0,193.0,1.0,0,0,0,0,0,,0,0,0,0,0,,,,,12.0625,,41.3,
Joseph Kennerly,WR,2024,college_data,11.0,0,159.0,1.0,0,0,0,0,0,,0,0,0,0,0,,,,,14.454545454545455,,32.9,
Joseph Kennerly,WR,2025,college_data,24.0,0,241.0,1.0,0,0,0,0,0,,0,0,0,0,0,,,,,10.041666666666666,,54.1,
Joseph Manjack,WR,2024,college_data,22.0,0,351.0,3.0,0,0,0,0,0,,0,0,0,0,0,,,,,15.954545454545455,,75.1,
Joseph Manjack,WR,2025,college_data,44.0,0,579.0,3.0,0,0,0,0,0,,0,0,0,0,0,,,,,13.159090909090908,,119.9,
Joseph Williams,WR,2024,college_data,30.0,0,588.0,5.0,0,0,0,0,0,,0,0,0,0,0,,,,,19.6,,118.80000000000001,
Joseph Williams,WR,2025,college_data,37.0,0,489.0,4.0,0,0,0,0,0,,0,0,0,0,0,,,,,13.216216216216216,,109.9,
Josh Bellamy,WR,2018,nflreadpy,15.0,26,151.0,1.0,0,0,325,49,9,-0.44419880954500035,1,5,3,2,0,0.6093217394484676,0.05778813614092239,0.07217303494036394,15.0,10.066666666666666,10.066666666666666,38.1,2.54
Josh Cameron,WR,2024,college_data,52.0,0,754.0,10.0,0,0,0,0,0,,0,0,0,0,0,,,,,14.5,,187.4,
Josh Cameron,WR,2025,college_data,69.0,0,872.0,9.0,0,0,0,0,0,,0,0,0,0,0,,,,,12.63768115942029,,210.2,
Josh Dallas,WR,2024,college_data,46.0,0,614.0,6.0,0,0,0,0,0,,0,0,0,0,0,,,,,13.347826086956522,,143.4,
Josh Doctson,WR,2018,nflreadpy,44.0,78,532.0,2.0,0,0,1130,132,31,0.004600606115867952,0,27,9,7,0,0.5629812778067205,0.17312318979673333,0.29388791328983377,15.0,12.090909090909092,35.46666666666667,109.2,7.28
Josh Downs,WR,2023,nflreadpy,68.0,98,771.0,2.0,0,0,707,371,30,1.5592706483997596,0,28,12,10,2,1.3824122841898743,0.1733262317921111,0.16527781605803757,17.0,11.338235294117647,45.35294117647059,157.10000000000002,9.241176470588236
Josh Downs,WR,2024,nflreadpy,72.0,107,803.0,5.0,0,0,734,396,40,1.8283759814654832,0,35,13,10,1,0.9537285679114144,0.2605341648429206,0.15915422077550906,14.0,11.152777777777779,57.357142857142854,182.3,13.021428571428572
Josh Downs,WR,2025,nflreadpy,58.0,88,566.0,4.0,0,0,659,144,36,0.5410943857895582,0,22,10,4,0,0.9133922547925415,0.174591074026471,0.1677717770466987,16.0,9.758620689655173,35.375,138.6,8.6625
Josh Downs,WR,2026,nflreadpy,17.0,28,202.0,0.0,0,0,279,83,12,3.403773703306797,0,9,5,3,0,0.6154383915613606,0.22253694581280786,0.3065491014226679,4.0,11.882352941176471,50.5,37.2,9.3
Josh Evans,WR,2025,college_data,11.0,0,229.0,0.0,0,0,0,0,0,,0,0,0,0,0,,,,,20.818181818181817,,33.900000000000006,
Josh Fillion,WR,2025,college_data,23.0,0,230.0,2.0,0,0,0,0,0,,0,0,0,0,0,,,,,10.0,,58.0,
Josh Gary,WR,2024,college_data,53.0,0,645.0,4.0,0,0,0,0,0,,0,0,0,0,0,,,,,12.169811320754716,,141.5,
Josh Gary,WR,2025,college_data,35.0,0,325.0,1.0,0,0,0,0,0,,0,0,0,0,0,,,,,9.285714285714286,,73.5,
Josh Gordon,WR,2018,nflreadpy,41.0,71,737.0,4.0,0,0,1014,264,30,2.9454047183519543,0,32,23,12,3,0.9810221678101662,0.16119732893040017,0.278467210092164,12.0,17.975609756097562,61.416666666666664,138.7,11.558333333333332
Josh Gordon,WR,2019,nflreadpy,27.0,47,426.0,1.0,0,0,518,149,16,2.1342113951800035,0,17,10,8,2,1.1321410935990992,0.1221910804898178,0.1566541768235904,11.0,15.777777777777779,38.72727272727273,75.6,6.872727272727272
Josh Heverly,WR,2024,college_data,27.0,0,398.0,6.0,0,0,0,0,0,,0,0,0,0,0,,,,,14.74074074074074,,102.80000000000001,
Josh Heverly,WR,2025,college_data,47.0,0,614.0,6.0,0,0,0,0,0,,0,0,0,0,0,,,,,13.063829787234043,,144.4,
Josh Kelly,WR,2024,college_data,89.0,0,1023.0,5.0,0,0,0,0,0,,0,0,0,0,0,,,,,11.49438202247191,,221.3,
Josh Lorick,WR,2024,college_data,47.0,0,486.0,0.0,0,0,0,0,0,,0,0,0,0,0,,,,,10.340425531914894,,95.6,
Josh Lorick,WR,2025,college_data,59.0,0,503.0,3.0,0,0,0,0,0,,0,0,0,0,0,,,,,8.525423728813559,,127.30000000000001,
Josh Meredith,WR,2024,college_data,39.0,0,477.0,2.0,0,0,0,0,0,,0,0,0,0,0,,,,,12.23076923076923,,98.7,
Josh Meredith,WR,2025,college_data,57.0,0,725.0,3.0,0,0,0,0,0,,0,0,0,0,0,,,,,12.719298245614034,,147.5,
Josh Palmer,WR,2021,nflreadpy,33.0,39,353.0,4.0,8,8,347,79,20,0.8344601103453914,8,17,11,10,8,1.0681046062609283,0.5878765726192197,0.6004523912365122,15.0,10.696969696969697,23.533333333333335,92.30000000000001,6.153333333333334
Josh Palmer,WR,2022,nflreadpy,74.0,113,800.0,3.0,1,0,999,261,41,1.3550755937840826,1,35,15,7,2,0.7931581728964336,0.165029110854501,0.2359982389579829,17.0,10.81081081081081,47.05882352941177,172.0,10.117647058823529
Josh Palmer,WR,2023,nflreadpy,38.0,61,581.0,2.0,1,1,693,196,22,0.8454436657690362,0,16,14,9,3,0.9941384533814819,0.17686700200919217,0.25087832078869826,10.0,15.289473684210526,58.1,106.1,10.61
Josh Palmer,WR,2024,nflreadpy,39.0,65,584.0,1.0,0,0,991,101,28,1.8217139353367964,2,25,13,10,1,0.8167718177384502,0.14552047138028149,0.251304176634056,15.0,14.974358974358974,38.93333333333333,107.4,7.16
Josh Palmer,WR,2025,nflreadpy,22.0,37,303.0,0.0,0,0,424,54,14,0.5619677032905194,0,14,5,4,1,0.6611738261738261,0.1024070528237195,0.14218271899897544,12.0,13.772727272727273,25.25,52.3,4.358333333333333
Josh Reynolds,WR,2018,nflreadpy,37.0,71,523.0,5.0,0,0,864,167,29,0.6004470428072851,0,25,15,7,0,0.5568144711399274,0.1326627786850779,0.1813475183326445,15.0,14.135135135135135,34.86666666666667,119.30000000000001,7.953333333333334
Josh Reynolds,WR,2019,nflreadpy,21.0,41,326.0,1.0,2,2,429,110,16,0.2397229901217866,2,15,11,9,2,0.7939317413673519,0.20319012607182368,0.22814604767619473,16.0,15.523809523809524,20.375,59.6,3.725
Josh Reynolds,WR,2020,nflreadpy,55.0,17,683.0,2.0,17,17,17,17,17,0.8162554649386979,17,17,17,17,17,1.1098974348102726,1.0,1.0,17.0,12.418181818181818,40.1764705882353,135.3,7.958823529411766
Josh Reynolds,WR,2021,nflreadpy,29.0,34,396.0,2.0,6,6,350,70,18,1.8884278442147462,6,17,12,11,6,1.3082562757052503,0.62272790730141,0.6754164516960146,11.0,13.655172413793103,36.0,80.6,7.327272727272727
Josh Reynolds,WR,2022,nflreadpy,38.0,59,479.0,3.0,0,0,704,115,25,0.9670585758128797,0,18,13,8,0,0.7864262012090011,0.13927818516566096,0.20678275876171626,12.0,12.605263157894736,39.916666666666664,103.9,8.658333333333333
Josh Reynolds,WR,2023,nflreadpy,48.0,78,740.0,6.0,1,1,814,209,39,0.9338282253501929,0,31,24,20,0,0.9688295967357967,0.1269526331973574,0.1979335224101504,19.0,15.416666666666666,38.94736842105263,156.0,8.210526315789474
Josh Reynolds,WR,2024,nflreadpy,13.0,24,194.0,1.0,0,0,270,35,8,1.0359510671554326,0,6,4,4,1,0.5154897538701414,0.08829242304993595,0.12773736244181613,8.0,14.923076923076923,24.25,38.400000000000006,4.800000000000001
Josh Reynolds,WR,2025,nflreadpy,11.0,21,101.0,0.0,0,0,276,14,4,-0.48444163581295874,1,5,0,0,0,0.5938552295305625,0.15713257769709382,0.215137350352934,5.0,9.181818181818182,20.2,23.1,4.62
Josh Rillos,WR,2024,college_data,11.0,0,108.0,0.0,0,0,0,0,0,,0,0,0,0,0,,,,,9.818181818181818,,21.8,
Josh Rillos,WR,2025,college_data,22.0,0,255.0,1.0,0,0,0,0,0,,0,0,0,0,0,,,,,11.590909090909092,,53.5,
Josh Robinson,WR,2025,college_data,46.0,0,569.0,2.0,0,0,0,0,0,,0,0,0,0,0,,,,,12.369565217391305,,114.9,
Josh Williams,WR,2025,college_data,44.0,0,585.0,4.0,0,0,0,0,0,,0,0,0,0,0,,,,,13.295454545454545,,126.5,
Joshisa Trader,WR,2025,college_data,13.0,0,178.0,1.0,0,0,0,0,0,,0,0,0,0,0,,,,,13.692307692307692,,36.8,
Joshua Derry,WR,2024,college_data,60.0,0,917.0,5.0,0,0,0,0,0,,0,0,0,0,0,,,,,15.283333333333333,,181.7,
Joshua Derry,WR,2025,college_data,73.0,0,1101.0,13.0,0,0,0,0,0,,0,0,0,0,0,,,,,15.082191780821917,,261.1,
Joshua Harris,WR,2024,college_data,13.0,0,257.0,2.0,0,0,0,0,0,,0,0,0,0,0,,,,,19.76923076923077,,50.7,
Joshua Jackson,WR,2025,college_data,20.0,0,258.0,0.0,0,0,0,0,0,,0,0,0,0,0,,,,,12.9,,45.8,
Joshua Manning,WR,2024,college_data,13.0,0,192.0,1.0,0,0,0,0,0,,0,0,0,0,0,,,,,14.76923076923077,,38.2,
Joshua Manning,WR,2025,college_data,29.0,0,318.0,2.0,0,0,0,0,0,,0,0,0,0,0,,,,,10.96551724137931,,72.8,
Joshua Moore,WR,2025,college_data,17.0,0,210.0,2.0,0,0,0,0,0,,0,0,0,0,0,,,,,12.352941176470589,,50.0,
Joshua Nieves,WR,2025,college_data,14.0,0,95.0,0.0,0,0,0,0,0,,0,0,0,0,0,,,,,6.785714285714286,,23.5,
Joshua Porter,WR,2024,college_data,24.0,0,210.0,0.0,0,0,0,0,0,,0,0,0,0,0,,,,,8.75,,45.0,
Joshua Porter,WR,2025,college_data,11.0,0,81.0,1.0,0,0,0,0,0,,0,0,0,0,0,,,,,7.363636363636363,,25.1,
Joshua Tracey,WR,2025,college_data,24.0,0,391.0,4.0,0,0,0,0,0,,0,0,0,0,0,,,,,16.291666666666668,,87.1,
Josiah Freeman,WR,2025,college_data,52.0,0,642.0,6.0,0,0,0,0,0,,0,0,0,0,0,,,,,12.346153846153847,,152.2,
Josiah Martin,WR,2024,college_data,12.0,0,112.0,0.0,0,0,0,0,0,,0,0,0,0,0,,,,,9.333333333333334,,23.200000000000003,
Jovanni Bermudez,WR,2024,college_data,25.0,0,216.0,1.0,0,0,0,0,0,,0,0,0,0,0,,,,,8.64,,52.6,
Jovanni Bermudez,WR,2025,college_data,39.0,0,501.0,4.0,0,0,0,0,0,,0,0,0,0,0,,,,,12.846153846153847,,113.1,
JuJu Smith-Schuster,WR,2018,nflreadpy,111.0,166,1426.0,7.0,1,1,1461,648,67,3.2563067990254475,1,48,28,18,5,1.0898624955620413,0.2401281322901251,0.28600489320150757,16.0,12.846846846846846,89.125,295.6,18.475
JuJu Smith-Schuster,WR,2019,nflreadpy,42.0,62,552.0,3.0,3,3,622,206,22,-0.2543022994826161,2,20,14,9,4,0.9418896464618794,0.31902250204802507,0.37689164754040977,12.0,13.142857142857142,46.0,113.2,9.433333333333334
JuJu Smith-Schuster,WR,2020,nflreadpy,110.0,17,988.0,10.0,17,17,17,17,17,1.9734624942367376,17,17,17,17,17,1.2285088675717284,1.0,1.0,17.0,8.981818181818182,58.11764705882353,268.8,15.811764705882354
JuJu Smith-Schuster,WR,2021,nflreadpy,20.0,13,155.0,0.0,5,5,38,20,8,-1.4123139245330751,5,5,5,5,5,1.142572161240892,0.8636363636363636,0.8505208333333334,6.0,7.75,25.833333333333332,35.5,5.916666666666667
JuJu Smith-Schuster,WR,2022,nflreadpy,88.0,113,1022.0,3.0,3,2,836,477,54,2.765462719887281,0,43,17,9,4,1.5728867300915912,0.1660278974422433,0.1674323167085008,19.0,11.613636363636363,53.78947368421053,202.2,10.642105263157895
JuJu Smith-Schuster,WR,2023,nflreadpy,29.0,47,260.0,1.0,0,0,338,94,13,-0.9405241861029274,0,10,4,3,0,0.740228346283294,0.12655140015191235,0.1334674173165159,11.0,8.96551724137931,23.636363636363637,61.0,5.545454545454546
JuJu Smith-Schuster,WR,2024,nflreadpy,22.0,32,307.0,2.0,0,0,193,202,14,0.2511419654337313,0,11,5,5,1,1.4001370369791422,0.07278848590199627,0.07207235116714643,14.0,13.954545454545455,21.928571428571427,64.7,4.621428571428572
JuJu Smith-Schuster,WR,2025,nflreadpy,33.0,45,345.0,1.0,0,0,244,191,19,0.1638172251230581,0,15,7,3,0,1.5301534330700053,0.08627339681132395,0.05977923523815038,17.0,10.454545454545455,20.294117647058822,73.5,4.323529411764706
Julian Edelman,WR,2018,nflreadpy,100.0,143,1238.0,6.0,0,0,1144,490,63,3.2751686653383785,0,53,31,19,0,1.0997590904963117,0.2635011864730847,0.2937721832184576,15.0,12.38,82.53333333333333,259.8,17.32
Julian Edelman,WR,2019,nflreadpy,103.0,148,1147.0,6.0,4,3,1376,330,55,1.1620702222854549,3,51,22,15,3,0.8241799458832776,0.3462151729859166,0.39569313719122595,17.0,11.135922330097088,67.47058823529412,251.7,14.805882352941175
Julian Edelman,WR,2020,nflreadpy,21.0,6,315.0,0.0,6,6,6,6,6,-0.05762309192118723,6,6,6,6,6,0.6684587315925478,1.0,1.0,6.0,15.0,52.5,52.5,8.75
Julian Fleming,WR,2024,college_data,14.0,0,176.0,1.0,0,0,0,0,0,,0,0,0,0,0,,,,,12.571428571428571,,37.6,
Julian Mason,WR,2025,college_data,12.0,0,154.0,1.0,0,0,0,0,0,,0,0,0,0,0,,,,,12.833333333333334,,33.4,
Julio DaSilva,WR,2024,college_data,18.0,0,161.0,0.0,0,0,0,0,0,,0,0,0,0,0,,,,,8.944444444444445,,34.1,
Julio Jones,WR,2018,nflreadpy,113.0,170,1677.0,8.0,2,2,2377,448,80,4.310110117972936,0,78,41,24,2,0.7585193331487865,0.2812035118862445,0.44701200877533065,16.0,14.84070796460177,104.8125,324.70000000000005,20.293750000000003
Julio Jones,WR,2019,nflreadpy,99.0,145,1394.0,6.0,2,1,1849,321,73,4.378602758161254,1,60,35,21,4,0.7016123571379735,0.31192452531502124,0.439333374883149,15.0,14.080808080808081,92.93333333333334,272.4,18.16
Julio Jones,WR,2020,nflreadpy,51.0,9,771.0,3.0,9,9,9,9,9,5.9365178154183464,9,9,9,9,9,1.2303486086039745,1.0,1.0,9.0,15.117647058823529,85.66666666666667,146.10000000000002,16.233333333333334
Julio Jones,WR,2021,nflreadpy,37.0,30,496.0,1.0,6,6,259,50,16,1.3630667966912935,6,15,9,6,6,0.9704840247999471,0.6215909090909091,0.632408461227072,11.0,13.405405405405405,45.09090909090909,92.6,8.418181818181818
Julio Jones,WR,2022,nflreadpy,31.0,54,373.0,3.0,0,0,675,131,16,0.9760879830292498,0,12,6,4,1,0.5452717228969808,0.11064815214013429,0.19672927310683505,11.0,12.03225806451613,33.90909090909091,86.30000000000001,7.845454545454547
Julio Jones,WR,2023,nflreadpy,14.0,22,96.0,3.0,1,0,153,28,5,0.39351245471184193,0,3,1,1,0,0.6176880881448905,0.08213558113920433,0.058481042377124495,9.0,6.857142857142857,10.666666666666666,39.6,4.4
Junior Bergen,WR,2024,college_data,48.0,0,542.0,3.0,0,0,0,0,0,,0,0,0,0,0,,,,,11.291666666666666,,120.2,
Junior Sherrill,WR,2024,college_data,29.0,0,411.0,3.0,0,0,0,0,0,,0,0,0,0,0,,,,,14.172413793103448,,88.1,
Junior Sherrill,WR,2025,college_data,54.0,0,784.0,7.0,0,0,0,0,0,,0,0,0,0,0,,,,,14.518518518518519,,174.4,
Junior Vandeross,WR,2024,college_data,85.0,0,957.0,5.0,0,0,0,0,0,,0,0,0,0,0,,,,,11.258823529411766,,210.7,
Junior Vandeross,WR,2025,college_data,82.0,0,1008.0,11.0,0,0,0,0,0,,0,0,0,0,0,,,,,12.292682926829269,,248.8,
Justice Hill,WR,2024,college_data,24.0,0,341.0,2.0,0,0,0,0,0,,0,0,0,0,0,,,,,14.208333333333334,,70.1,
Justin Bowick,WR,2024,college_data,20.0,0,383.0,3.0,0,0,0,0,0,,0,0,0,0,0,,,,,19.15,,76.30000000000001,
Justin Bowick,WR,2025,college_data,22.0,0,265.0,5.0,0,0,0,0,0,,0,0,0,0,0,,,,,12.045454545454545,,78.5,
Justin Hardy,WR,2018,nflreadpy,14.0,22,133.0,2.0,0,0,132,71,8,-0.015117289854970295,0,4,3,0,0,0.9689699317226891,0.03374044646570843,0.023732542989168506,16.0,9.5,8.3125,39.3,2.45625
Justin Hardy,WR,2019,nflreadpy,19.0,24,195.0,0.0,2,2,169,67,9,0.3113826563938727,2,9,4,3,2,1.0174717439423322,0.21289633763140628,0.20757112221302987,12.0,10.263157894736842,16.25,38.5,3.2083333333333335
Justin Jefferson,WR,2020,nflreadpy,88.0,16,1400.0,7.0,16,16,16,16,16,4.136560945491311,16,16,16,16,16,1.0861939947810444,1.0,1.0,16.0,15.909090909090908,87.5,270.0,16.875
Justin Jefferson,WR,2021,nflreadpy,108.0,88,1616.0,10.0,10,10,1013,186,41,4.572360604340851,10,39,28,20,12,0.7984464399575592,0.7373304476711359,0.787427312176994,17.0,14.962962962962964,95.05882352941177,329.6,19.38823529411765
Justin Jefferson,WR,2022,nflreadpy,135.0,193,1856.0,8.0,0,0,1966,620,83,4.219935922180637,1,76,43,28,6,0.9784705580569553,0.27979676886024596,0.3786956489318998,18.0,13.748148148148148,103.11111111111111,370.6,20.58888888888889
Justin Jefferson,WR,2023,nflreadpy,68.0,100,1074.0,5.0,1,1,1258,260,51,4.282270591843973,0,42,28,25,2,0.8442528883061453,0.2813606387198154,0.3950130831777706,10.0,15.794117647058824,107.4,203.4,20.34
Justin Jefferson,WR,2024,nflreadpy,108.0,162,1591.0,10.0,1,0,1831,498,64,3.3643218691955687,0,58,39,29,4,0.9526386924831106,0.2950921169073816,0.370108550721339,18.0,14.731481481481481,88.38888888888889,325.1,18.061111111111114
Justin Jefferson,WR,2025,nflreadpy,84.0,141,1048.0,2.0,0,0,1438,451,47,-0.8134518962355125,0,52,25,12,2,0.8160027741734589,0.30669593764750314,0.4014692945076781,17.0,12.476190476190476,61.64705882352941,200.8,11.811764705882354
Justin Jefferson,WR,2026,nflreadpy,13.0,17,179.0,2.0,0,0,189,52,8,5.240725903810676,1,6,5,3,0,1.1773911273911273,0.2623646071700992,0.3685306201229768,3.0,13.76923076923077,59.666666666666664,44.900000000000006,14.966666666666669
Justin Lockhart,WR,2024,college_data,53.0,0,983.0,5.0,0,0,0,0,0,,0,0,0,0,0,,,,,18.547169811320753,,181.3,
Justin Pegues,WR,2024,college_data,11.0,0,44.0,0.0,0,0,0,0,0,,0,0,0,0,0,,,,,4.0,,15.4,
Justin Pegues,WR,2025,college_data,46.0,0,459.0,4.0,0,0,0,0,0,,0,0,0,0,0,,,,,9.978260869565217,,115.9,
Justin Perry,WR,2025,college_data,22.0,0,405.0,5.0,0,0,0,0,0,,0,0,0,0,0,,,,,18.40909090909091,,92.5,
Justin Reshard,WR,2025,college_data,13.0,0,76.0,0.0,0,0,0,0,0,,0,0,0,0,0,,,,,5.846153846153846,,20.6,
Justin Robinson,WR,2024,college_data,16.0,0,244.0,3.0,0,0,0,0,0,,0,0,0,0,0,,,,,15.25,,58.400000000000006,
Justin Shorter,WR,2024,college_data,34.0,0,367.0,3.0,0,0,0,0,0,,0,0,0,0,0,,,,,10.794117647058824,,88.7,
Justin Smith-Brown,WR,2024,college_data,50.0,0,712.0,4.0,0,0,0,0,0,,0,0,0,0,0,,,,,14.24,,145.2,
Justin Stevenson,WR,2024,college_data,17.0,0,204.0,3.0,0,0,0,0,0,,0,0,0,0,0,,,,,12.0,,55.400000000000006,
Justin Watson,WR,2019,nflreadpy,15.0,14,159.0,2.0,2,2,144,5,8,0.31934807091177336,2,8,3,2,2,0.599964355864977,0.2535401439872984,0.26200786429370393,9.0,10.6,17.666666666666668,42.9,4.766666666666667
Justin Watson,WR,2022,nflreadpy,18.0,37,345.0,2.0,0,0,666,61,15,0.5876210767217893,0,14,6,6,2,0.622384393747931,0.05665252252558003,0.13195693493997238,19.0,19.166666666666668,18.157894736842106,64.5,3.3947368421052633
Justin Watson,WR,2023,nflreadpy,33.0,63,550.0,3.0,1,1,1060,71,25,0.4425644152671467,0,24,15,10,1,0.5755852494742798,0.0930030518023817,0.2347138542164706,19.0,16.666666666666668,28.94736842105263,104.0,5.473684210526316
Justin Watson,WR,2024,nflreadpy,22.0,32,289.0,2.0,0,0,486,68,13,1.2466446703520806,2,14,7,2,1,0.8777293979125302,0.06024652377883689,0.12732196504289228,17.0,13.136363636363637,17.0,66.9,3.935294117647059
Justius Lowe,WR,2024,college_data,21.0,0,203.0,1.0,0,0,0,0,0,,0,0,0,0,0,,,,,9.666666666666666,,47.3,
Justus Ross-Simmons,WR,2025,college_data,20.0,0,312.0,5.0,0,0,0,0,0,,0,0,0,0,0,,,,,15.6,,81.2,
K.D. Hutchinson,WR,2024,college_data,26.0,0,392.0,3.0,0,0,0,0,0,,0,0,0,0,0,,,,,15.076923076923077,,83.2,
K.D. Hutchinson,WR,2025,college_data,66.0,0,618.0,3.0,0,0,0,0,0,,0,0,0,0,0,,,,,9.363636363636363,,145.8,
K.J. Osborn,WR,2021,nflreadpy,50.0,47,655.0,7.0,10,10,458,69,22,0.8592440486519767,10,19,16,15,11,0.9212254964181864,0.6579723088198351,0.6750173618886455,17.0,13.1,38.529411764705884,157.5,9.264705882352942
K.J. Osborn,WR,2022,nflreadpy,62.0,93,670.0,6.0,1,0,783,304,33,1.250769325976209,0,22,8,6,2,0.9565804875758638,0.13383980360063255,0.1438115618093245,18.0,10.806451612903226,37.22222222222222,163.0,9.055555555555555
K.J. Osborn,WR,2023,nflreadpy,48.0,75,540.0,3.0,1,0,659,185,28,0.42001426750515874,0,24,11,7,1,0.7984210232478743,0.13817114521385848,0.15320459590293914,15.0,11.25,36.0,118.0,7.866666666666666
KC Concepcion,WR,2026,nflreadpy,17.0,28,144.0,0.0,1,1,173,69,6,-0.2526179126642025,0,3,3,3,0,1.0745327700972864,0.24242424242424243,0.21093529458935645,4.0,8.470588235294118,36.0,29.4,7.35
KJ Duff,WR,2024,college_data,28.0,0,433.0,1.0,0,0,0,0,0,,0,0,0,0,0,,,,,15.464285714285714,,77.30000000000001,
KJ Duff,WR,2025,college_data,60.0,0,1084.0,7.0,0,0,0,0,0,,0,0,0,0,0,,,,,18.066666666666666,,210.4,
KJ Fields,WR,2025,college_data,30.0,0,302.0,2.0,0,0,0,0,0,,0,0,0,0,0,,,,,10.066666666666666,,72.2,
KJ Hamler,WR,2020,nflreadpy,30.0,12,381.0,3.0,12,12,12,12,12,0.016413016054638695,12,12,12,12,12,0.7199460703821758,1.0,1.0,12.0,12.7,31.75,86.1,7.175
KaVontae Turpin,WR,2023,nflreadpy,12.0,18,127.0,3.0,0,0,163,39,9,1.110660052310494,0,5,2,2,0,1.1381172616466735,0.031350480649788605,0.03205978249291327,17.0,10.583333333333334,7.470588235294118,42.7,2.511764705882353
KaVontae Turpin,WR,2024,nflreadpy,31.0,52,420.0,2.0,1,1,439,260,18,0.6132439165069843,0,15,12,6,1,0.9226385109711788,0.08095250607518395,0.08742612875230556,17.0,13.548387096774194,24.705882352941178,83.0,4.882352941176471
KaVontae Turpin,WR,2025,nflreadpy,26.0,38,396.0,2.0,0,0,339,214,16,1.1147334858598128,0,13,9,5,2,0.977459265338187,0.06934312810706501,0.07592911243545397,15.0,15.23076923076923,26.4,77.6,5.173333333333333
Kadarius Toney,WR,2021,nflreadpy,39.0,17,420.0,0.0,8,8,36,19,10,1.6041775536057061,8,8,8,8,8,1.2847403500071384,0.9132791327913279,0.9019060901906091,9.0,10.76923076923077,46.666666666666664,81.0,9.0
Kadarius Toney,WR,2022,nflreadpy,23.0,30,221.0,3.0,0,0,110,149,11,0.972953561115061,0,6,4,4,0,3.46077380952381,0.07243853221782345,0.03130244825709055,12.0,9.608695652173912,18.416666666666668,63.1,5.258333333333334
Kadarius Toney,WR,2023,nflreadpy,27.0,38,169.0,1.0,1,0,112,128,12,-0.696395005250293,0,6,2,0,0,1.7748229243656073,0.0784379359976177,0.031479886200593665,13.0,6.2592592592592595,13.0,47.900000000000006,3.684615384615385
Kade Neely,WR,2024,college_data,11.0,0,194.0,3.0,0,0,0,0,0,,0,0,0,0,0,,,,,17.636363636363637,,48.400000000000006,
Kaden Prather,WR,2024,college_data,56.0,0,624.0,4.0,0,0,0,0,0,,0,0,0,0,0,,,,,11.142857142857142,,142.4,
Kaden Wetjen,WR,2025,college_data,20.0,0,151.0,1.0,0,0,0,0,0,,0,0,0,0,0,,,,,7.55,,41.1,
Kaedin Robinson,WR,2024,college_data,53.0,0,840.0,2.0,0,0,0,0,0,,0,0,0,0,0,,,,,15.849056603773585,,149.0,
Kaedyn Odermann,WR,2024,college_data,19.0,0,213.0,1.0,0,0,0,0,0,,0,0,0,0,0,,,,,11.210526315789474,,46.3,
Kai Holloway,WR,2025,college_data,15.0,0,175.0,1.0,0,0,0,0,0,,0,0,0,0,0,,,,,11.666666666666666,,38.5,
Kajiya Hollawayne,WR,2025,college_data,39.0,0,489.0,6.0,0,0,0,0,0,,0,0,0,0,0,,,,,12.538461538461538,,123.9,
Kaleb Brown,WR,2025,college_data,17.0,0,255.0,2.0,0,0,0,0,0,,0,0,0,0,0,,,,,15.0,,54.5,
Kaleb Webb,WR,2025,college_data,22.0,0,318.0,2.0,0,0,0,0,0,,0,0,0,0,0,,,,,14.454545454545455,,65.8,
Kalif Raymond,WR,2021,nflreadpy,48.0,31,576.0,4.0,11,11,205,111,19,1.0654552047408234,11,15,14,13,12,0.8968038739603014,0.7259291298538122,0.7380154492354145,16.0,12.0,36.0,129.6,8.1
Kalif Raymond,WR,2022,nflreadpy,47.0,64,616.0,0.0,1,1,638,218,24,1.3138457024534944,0,25,15,10,3,1.2208353948119068,0.12134060679545619,0.15792521227048045,17.0,13.106382978723405,36.23529411764706,106.6,6.270588235294118
Kalif Raymond,WR,2023,nflreadpy,35.0,44,489.0,1.0,0,0,388,214,20,1.8713702672233379,0,23,10,9,2,1.2012109501085826,0.07619463556526387,0.09345452349816409,17.0,13.971428571428572,28.764705882352942,89.9,5.288235294117648
Kalif Raymond,WR,2024,nflreadpy,20.0,25,252.0,2.0,0,0,189,161,12,1.654082487896435,0,10,5,3,0,0.9582792631097716,0.06726375743479035,0.05897948538232864,13.0,12.6,19.384615384615383,57.2,4.4
Kalif Raymond,WR,2025,nflreadpy,24.0,30,289.0,1.0,0,0,169,157,14,1.2670902514869349,0,11,6,4,0,1.7414277466008015,0.059927028741910776,0.04984829259704095,15.0,12.041666666666666,19.266666666666666,58.900000000000006,3.926666666666667
Kalif Raymond,WR,2026,nflreadpy,21.0,23,220.0,1.0,0,0,130,101,11,4.564337408171037,0,8,3,2,1,2.13957938613111,0.19580474869848682,0.12957768856135463,4.0,10.476190476190476,55.0,49.0,12.25
Kalvin Gilbert,WR,2025,college_data,46.0,0,653.0,7.0,0,0,0,0,0,,0,0,0,0,0,,,,,14.195652173913043,,153.3,
Kam Robinson,WR,2024,college_data,32.0,0,359.0,0.0,0,0,0,0,0,,0,0,0,0,0,,,,,11.21875,,67.9,
Kam Robinson,WR,2025,college_data,14.0,0,117.0,0.0,0,0,0,0,0,,0,0,0,0,0,,,,,8.357142857142858,,25.700000000000003,
Kam'ryn Thomas,WR,2024,college_data,24.0,0,364.0,2.0,0,0,0,0,0,,0,0,0,0,0,,,,,15.166666666666666,,72.4,
Kam'ryn Thomas,WR,2025,college_data,50.0,0,774.0,5.0,0,0,0,0,0,,0,0,0,0,0,,,,,15.48,,157.4,
Kamari Maxwell,WR,2025,college_data,22.0,0,363.0,4.0,0,0,0,0,0,,0,0,0,0,0,,,,,16.5,,82.30000000000001,
Kamdyn Benjamin,WR,2024,college_data,70.0,0,822.0,6.0,0,0,0,0,0,,0,0,0,0,0,,,,,11.742857142857142,,188.2,
Kameran Senegal,WR,2024,college_data,21.0,0,274.0,1.0,0,0,0,0,0,,0,0,0,0,0,,,,,13.047619047619047,,54.400000000000006,
Kameran Senegal,WR,2025,college_data,23.0,0,252.0,1.0,0,0,0,0,0,,0,0,0,0,0,,,,,10.956521739130435,,54.2,
Kameran Shanks,WR,2024,college_data,62.0,0,656.0,6.0,0,0,0,0,0,,0,0,0,0,0,,,,,10.580645161290322,,163.60000000000002,
Kameron Courtney,WR,2024,college_data,12.0,0,114.0,0.0,0,0,0,0,0,,0,0,0,0,0,,,,,9.5,,23.4,
Kameron Courtney,WR,2025,college_data,25.0,0,234.0,0.0,0,0,0,0,0,,0,0,0,0,0,,,,,9.36,,48.400000000000006,
Kamryn Perry,WR,2025,college_data,43.0,0,976.0,6.0,0,0,0,0,0,,0,0,0,0,0,,,,,22.697674418604652,,176.60000000000002,
Karaaz Johnson,WR,2025,college_data,21.0,0,252.0,2.0,0,0,0,0,0,,0,0,0,0,0,,,,,12.0,,58.2,
Kareem Burke,WR,2025,college_data,34.0,0,480.0,2.0,0,0,0,0,0,,0,0,0,0,0,,,,,14.117647058823529,,94.0,
Karim Page,WR,2024,college_data,30.0,0,373.0,0.0,0,0,0,0,0,,0,0,0,0,0,,,,,12.433333333333334,,67.30000000000001,
Karim Page,WR,2025,college_data,30.0,0,304.0,3.0,0,0,0,0,0,,0,0,0,0,0,,,,,10.133333333333333,,78.4,
Karmello English,WR,2024,college_data,40.0,0,617.0,2.0,0,0,0,0,0,,0,0,0,0,0,,,,,15.425,,113.7,
Karmello English,WR,2025,college_data,20.0,0,185.0,3.0,0,0,0,0,0,,0,0,0,0,0,,,,,9.25,,56.5,
Karsyn Pupunu,WR,2025,college_data,33.0,0,306.0,0.0,0,0,0,0,0,,0,0,0,0,0,,,,,9.272727272727273,,63.6,
Kasey Hawthorne,WR,2024,college_data,37.0,0,414.0,3.0,0,0,0,0,0,,0,0,0,0,0,,,,,11.18918918918919,,96.4,
Kayshon Boutte,WR,2024,nflreadpy,43.0,68,589.0,3.0,0,0,1011,150,25,1.3824350289416771,1,21,12,11,2,0.7507908475669737,0.15573675669803008,0.2870730403655506,15.0,13.69767441860465,39.266666666666666,121.9,8.126666666666667
Kayshon Boutte,WR,2025,nflreadpy,42.0,66,719.0,7.0,0,0,1114,90,33,1.8032012574161211,0,32,23,14,1,0.752134070765788,0.13552988767841587,0.23196261587433453,18.0,17.11904761904762,39.94444444444444,155.9,8.661111111111111
Ke'Nard King,WR,2024,college_data,13.0,0,211.0,0.0,0,0,0,0,0,,0,0,0,0,0,,,,,16.23076923076923,,34.1,
Ke'Shawn Williams,WR,2024,college_data,39.0,0,448.0,5.0,0,0,0,0,0,,0,0,0,0,0,,,,,11.487179487179487,,113.80000000000001,
Keagan Johnson,WR,2024,college_data,29.0,0,359.0,1.0,0,0,0,0,0,,0,0,0,0,0,,,,,12.379310344827585,,70.9,
Keagan Johnson,WR,2025,college_data,59.0,0,754.0,3.0,0,0,0,0,0,,0,0,0,0,0,,,,,12.779661016949152,,152.4,
Keandre Lambert,WR,2024,college_data,50.0,0,981.0,8.0,0,0,0,0,0,,0,0,0,0,0,,,,,19.62,,196.10000000000002,
Keaton Kubecka,WR,2025,college_data,17.0,0,157.0,1.0,0,0,0,0,0,,0,0,0,0,0,,,,,9.235294117647058,,38.7,
KeeSean Johnson,WR,2019,nflreadpy,21.0,42,187.0,1.0,1,1,394,43,10,-0.6419638571299059,1,6,1,1,0,0.621351550406646,0.11895656303366926,0.14793975835232992,10.0,8.904761904761905,18.7,45.7,4.57
KeeSean Johnson,WR,2020,nflreadpy,15.0,8,173.0,0.0,8,8,8,8,8,-0.31098631217173534,8,8,8,8,8,1.3700056002443743,1.0,1.0,8.0,11.533333333333333,21.625,32.3,4.0375
Keelan Cole,WR,2018,nflreadpy,38.0,70,491.0,1.0,2,2,691,136,25,-0.3553794345240861,0,22,10,7,0,0.7982716275220914,0.14116550718839183,0.1836541022692857,14.0,12.921052631578947,35.07142857142857,89.1,6.364285714285714
Keelan Cole,WR,2019,nflreadpy,24.0,31,361.0,3.0,2,2,286,95,18,1.7748397741173394,2,15,7,5,3,0.9738882059119244,0.23348307002840754,0.24742064769850838,12.0,15.041666666666666,30.083333333333332,78.1,6.508333333333333
Keelan Cole,WR,2020,nflreadpy,55.0,16,642.0,5.0,16,16,16,16,16,1.629878783298828,16,16,16,16,16,0.8721448516566701,1.0,1.0,16.0,11.672727272727272,40.125,149.2,9.325
Keelan Cole,WR,2021,nflreadpy,28.0,27,449.0,1.0,9,9,265,59,14,0.5201138845647016,9,14,13,12,10,0.8025762879428981,0.6900506135468542,0.7287267065509597,14.0,16.035714285714285,32.07142857142857,78.9,5.635714285714286
Keelan Doss,WR,2019,nflreadpy,11.0,14,133.0,0.0,0,0,124,57,6,1.4001647703601823,0,6,3,1,0,1.2603729603729603,0.0775374068384821,0.08086261216367875,6.0,12.090909090909092,22.166666666666668,24.3,4.05
Keelan Marion,WR,2024,college_data,24.0,0,346.0,1.0,0,0,0,0,0,,0,0,0,0,0,,,,,14.416666666666666,,64.6,
Keelan Marion,WR,2025,college_data,57.0,0,746.0,2.0,0,0,0,0,0,,0,0,0,0,0,,,,,13.087719298245615,,143.60000000000002,
Keelan White,WR,2024,college_data,52.0,0,557.0,3.0,0,0,0,0,0,,0,0,0,0,0,,,,,10.711538461538462,,125.7,
Keenan Allen,WR,2018,nflreadpy,103.0,148,1308.0,7.0,1,1,1346,424,66,3.7120997834123584,2,62,35,15,2,1.0739695653994894,0.2783756451695885,0.32068750702184956,17.0,12.699029126213592,76.94117647058823,277.8,16.341176470588238
Keenan Allen,WR,2019,nflreadpy,104.0,140,1199.0,6.0,1,1,1432,345,59,2.6790437034422565,1,49,26,16,2,0.9871511504179148,0.3074651406362746,0.34068589426910534,16.0,11.528846153846153,74.9375,259.9,16.24375
Keenan Allen,WR,2020,nflreadpy,100.0,14,992.0,8.0,14,14,14,14,14,2.1416186053942945,14,14,14,14,14,1.0126808846269504,1.0,1.0,14.0,9.92,70.85714285714286,247.2,17.657142857142855
Keenan Allen,WR,2021,nflreadpy,106.0,52,1138.0,6.0,11,11,399,57,29,1.9188225131991203,11,22,13,12,11,0.933720881742727,0.756269517942312,0.7696347652258931,16.0,10.735849056603774,71.125,255.8,15.9875
Keenan Allen,WR,2022,nflreadpy,72.0,102,813.0,4.0,1,1,833,291,43,2.6081659514136764,0,35,13,8,2,1.1709165205850858,0.24009270278222805,0.2858563520134244,11.0,11.291666666666666,73.9090909090909,175.3,15.936363636363637
Keenan Allen,WR,2023,nflreadpy,108.0,150,1243.0,7.0,2,1,1452,396,57,4.679482505245945,0,47,23,19,1,0.8470904151418026,0.3139221441716051,0.4063307396551108,13.0,11.50925925925926,95.61538461538461,270.3,20.792307692307695
Keenan Allen,WR,2024,nflreadpy,70.0,121,744.0,7.0,1,0,1115,240,43,1.4180559930366992,0,31,15,9,2,0.8759022695622402,0.2650210156848739,0.29002586075571807,15.0,10.628571428571428,49.6,184.4,12.293333333333333
Keenan Allen,WR,2025,nflreadpy,84.0,130,802.0,4.0,2,0,1084,236,51,1.6602176736747722,0,29,10,6,0,0.8142062051954917,0.22316943988624216,0.22831959223464718,18.0,9.547619047619047,44.55555555555556,184.2,10.233333333333333
Keenan Allen,WR,2026,nflreadpy,13.0,20,100.0,1.0,0,0,124,29,4,-0.7733872297181849,0,2,2,2,0,0.8343865735960239,0.21023535851122058,0.1844932667185578,3.0,7.6923076923076925,33.333333333333336,29.0,9.666666666666666
Keenan Hambrick,WR,2024,college_data,52.0,0,774.0,5.0,0,0,0,0,0,,0,0,0,0,0,,,,,14.884615384615385,,159.4,
Keenan Jackson,WR,2024,college_data,12.0,0,124.0,2.0,0,0,0,0,0,,0,0,0,0,0,,,,,10.333333333333334,,36.4,
Keenan Jackson,WR,2025,college_data,28.0,0,281.0,2.0,0,0,0,0,0,,0,0,0,0,0,,,,,10.035714285714286,,68.1,
Keith Jones,WR,2025,college_data,31.0,0,438.0,4.0,0,0,0,0,0,,0,0,0,0,0,,,,,14.129032258064516,,98.80000000000001,
Keith Kirkwood,WR,2018,nflreadpy,15.0,23,217.0,3.0,0,0,296,49,11,1.873464400487137,0,9,6,4,1,0.8489979962579303,0.09422354783034337,0.17739383536223333,8.0,14.466666666666667,27.125,54.7,6.8375
Keith Reynolds,WR,2025,college_data,36.0,0,352.0,1.0,0,0,0,0,0,,0,0,0,0,0,,,,,9.777777777777779,,77.2,
Keith Wheeler,WR,2025,college_data,24.0,0,245.0,1.0,0,0,0,0,0,,0,0,0,0,0,,,,,10.208333333333334,,54.5,
Keke Coutee,WR,2018,nflreadpy,39.0,55,397.0,2.0,0,0,269,259,19,1.3802893158464522,0,19,8,3,1,1.364679401815371,0.23070389316382475,0.16607687530045248,7.0,10.179487179487179,56.714285714285715,90.7,12.957142857142857
Keke Coutee,WR,2019,nflreadpy,22.0,34,254.0,0.0,2,2,258,136,11,-1.4960257579897116,1,10,6,5,2,0.9003491767520405,0.2396847770030776,0.22311657648201438,8.0,11.545454545454545,31.75,45.400000000000006,5.675000000000001
Keke Coutee,WR,2020,nflreadpy,33.0,8,400.0,3.0,8,8,8,8,8,1.4619593865933327,8,8,8,8,8,2.6597226340499134,1.0,1.0,8.0,12.121212121212121,50.0,91.0,11.375
Kelby Williams,WR,2025,college_data,11.0,0,165.0,0.0,0,0,0,0,0,,0,0,0,0,0,,,,,15.0,,27.5,
Kelly Akharaiyi,WR,2024,college_data,25.0,0,391.0,2.0,0,0,0,0,0,,0,0,0,0,0,,,,,15.64,,76.1,
Kelton Wafer,WR,2025,college_data,19.0,0,188.0,0.0,0,0,0,0,0,,0,0,0,0,0,,,,,9.894736842105264,,37.8,
Kelvin Benjamin,WR,2018,nflreadpy,25.0,67,380.0,1.0,0,0,1045,64,16,-2.075877772289754,0,16,8,5,1,0.41096491796651347,0.14861990532626404,0.25872790976013926,15.0,15.2,25.333333333333332,69.0,4.6
Kelvin Harmon,WR,2019,nflreadpy,30.0,35,365.0,0.0,2,2,412,75,14,0.7778042855923538,2,13,9,8,2,0.9561469988897044,0.21389024647177549,0.23780187306613734,15.0,12.166666666666666,24.333333333333332,66.5,4.433333333333334
Kelvontay Dixon,WR,2024,college_data,21.0,0,386.0,1.0,0,0,0,0,0,,0,0,0,0,0,,,,,18.38095238095238,,65.6,
Kenari Wilcher,WR,2025,college_data,34.0,0,552.0,4.0,0,0,0,0,0,,0,0,0,0,0,,,,,16.235294117647058,,113.2,
Kenaz McMillian,WR,2025,college_data,22.0,0,235.0,0.0,0,0,0,0,0,,0,0,0,0,0,,,,,10.681818181818182,,45.5,
Kendall Harris,WR,2024,college_data,34.0,0,339.0,1.0,0,0,0,0,0,,0,0,0,0,0,,,,,9.970588235294118,,73.9,
Kendall Harris,WR,2025,college_data,37.0,0,478.0,3.0,0,0,0,0,0,,0,0,0,0,0,,,,,12.91891891891892,,102.80000000000001,
Kendall Hinton,WR,2021,nflreadpy,15.0,15,175.0,1.0,7,7,78,11,8,1.006909498119787,7,8,7,7,7,1.1855125083736584,0.6625173839847753,0.6648660639047702,11.0,11.666666666666666,15.909090909090908,38.5,3.5
Kendall Hinton,WR,2022,nflreadpy,24.0,33,311.0,0.0,0,0,303,139,14,1.5011348411022813,0,13,7,5,0,1.2853222713214405,0.09168127092545696,0.09281984077242561,11.0,12.958333333333334,28.272727272727273,55.1,5.009090909090909
Kendrick Bourne,WR,2018,nflreadpy,42.0,67,487.0,4.0,1,0,568,147,30,0.4056188156653942,0,25,10,6,0,0.7571865514544475,0.12807434365245807,0.1466330212310297,16.0,11.595238095238095,30.4375,112.7,7.04375
Kendrick Bourne,WR,2019,nflreadpy,36.0,46,446.0,6.0,5,5,361,119,26,1.5816722029086676,6,20,11,9,5,1.6879173966898826,0.335258548385168,0.3545333694559884,19.0,12.38888888888889,23.473684210526315,118.6,6.242105263157894
Kendrick Bourne,WR,2020,nflreadpy,49.0,15,667.0,2.0,15,15,15,15,15,2.0794530858153935,15,15,15,15,15,0.9874702800836246,1.0,1.0,15.0,13.612244897959183,44.46666666666667,127.69999999999999,8.513333333333332
Kendrick Bourne,WR,2021,nflreadpy,62.0,37,877.0,7.0,12,12,193,126,23,3.188427571262179,12,20,17,16,14,1.8036970487540196,0.7078298344427377,0.7006117867592728,18.0,14.14516129032258,48.72222222222222,191.7,10.649999999999999
Kendrick Bourne,WR,2022,nflreadpy,35.0,48,434.0,1.0,2,0,493,145,22,0.8360878801838509,0,21,12,6,1,1.2007249057568223,0.09705620303138787,0.10871332785994178,16.0,12.4,27.125,80.4,5.025
Kendrick Bourne,WR,2023,nflreadpy,37.0,55,406.0,4.0,1,1,574,203,15,-1.192553171743472,0,14,10,5,0,1.6630752752515199,0.1998677984356516,0.2330790951627885,8.0,10.972972972972974,50.75,99.6,12.45
Kendrick Bourne,WR,2024,nflreadpy,28.0,38,305.0,1.0,0,0,353,94,13,0.6773668635614362,0,13,7,2,0,1.1340212294480587,0.10177185370395218,0.12127917258126146,12.0,10.892857142857142,25.416666666666668,64.5,5.375
Kendrick Bourne,WR,2025,nflreadpy,37.0,55,551.0,0.0,0,0,619,165,27,1.108911420856302,0,27,13,5,2,0.7732597880290598,0.10572491153339311,0.147528516949766,15.0,14.891891891891891,36.733333333333334,92.1,6.14
Kendrick Bourne,WR,2026,nflreadpy,12.0,14,108.0,0.0,0,0,56,59,6,1.531569929550945,0,6,0,0,0,2.213888888888889,0.13053361053361054,0.08398459999270085,3.0,9.0,36.0,22.8,7.6000000000000005
Kendrick Law,WR,2025,college_data,53.0,0,540.0,3.0,0,0,0,0,0,,0,0,0,0,0,,,,,10.18867924528302,,125.0,
Kenneth Womack,WR,2024,college_data,39.0,0,545.0,1.0,0,0,0,0,0,,0,0,0,0,0,,,,,13.974358974358974,,99.5,
Kenny Golladay,WR,2018,nflreadpy,70.0,119,1063.0,5.0,1,0,1475,350,56,3.3173190048155514,0,48,26,19,3,0.9572622969733698,0.22290261541782838,0.39140565725673554,15.0,15.185714285714285,70.86666666666666,204.3,13.620000000000001
Kenny Golladay,WR,2019,nflreadpy,65.0,102,1190.0,11.0,3,3,1494,267,47,2.8201254948967005,2,40,27,22,7,0.7565938635819157,0.30636006818416733,0.38982578859958855,16.0,18.307692307692307,74.375,248.0,15.5
Kenny Golladay,WR,2020,nflreadpy,20.0,5,338.0,2.0,5,5,5,5,5,4.332491414753489,5,5,5,5,5,0.6436637362637363,1.0,1.0,5.0,16.9,67.6,65.80000000000001,13.160000000000002
Kenny Golladay,WR,2021,nflreadpy,37.0,43,521.0,0.0,8,8,512,38,15,-0.24636175949754202,8,14,10,10,8,0.501682382483722,0.6458423568594981,0.7130798939506173,14.0,14.08108108108108,37.214285714285715,89.1,6.364285714285714
Kenny Johnson,WR,2024,college_data,46.0,0,537.0,3.0,0,0,0,0,0,,0,0,0,0,0,,,,,11.673913043478262,,117.7,
Kenny Johnson,WR,2025,college_data,47.0,0,658.0,5.0,0,0,0,0,0,,0,0,0,0,0,,,,,14.0,,142.8,
Kenny Odom,WR,2024,college_data,47.0,0,761.0,8.0,0,0,0,0,0,,0,0,0,0,0,,,,,16.19148936170213,,171.10000000000002,
Kenny Odom,WR,2025,college_data,62.0,0,582.0,6.0,0,0,0,0,0,,0,0,0,0,0,,,,,9.387096774193548,,156.2,
Kenny Stills,WR,2018,nflreadpy,37.0,64,553.0,6.0,0,0,1040,131,27,1.9256100789797153,1,24,10,7,2,0.6976466431851672,0.1691333108793063,0.3129278437561421,15.0,14.945945945945946,36.86666666666667,130.3,8.686666666666667
Kenny Stills,WR,2019,nflreadpy,47.0,57,687.0,5.0,2,2,578,146,29,2.4721818888819214,2,26,13,11,4,0.9827039779065431,0.2516153087865045,0.2892305083038799,15.0,14.617021276595745,45.8,145.7,9.713333333333333
Kenny Stills,WR,2020,nflreadpy,11.0,7,144.0,1.0,7,7,7,7,7,0.5716187562959801,7,7,7,7,7,0.9129168884394294,1.0,1.0,7.0,13.090909090909092,20.571428571428573,31.4,4.485714285714286
Kentrell Prejean,WR,2024,college_data,18.0,0,155.0,1.0,0,0,0,0,0,,0,0,0,0,0,,,,,8.61111111111111,,39.5,
Kentrell Prejean,WR,2025,college_data,14.0,0,134.0,1.0,0,0,0,0,0,,0,0,0,0,0,,,,,9.571428571428571,,33.4,
Kenyon Massey,WR,2025,college_data,17.0,0,104.0,0.0,0,0,0,0,0,,0,0,0,0,0,,,,,6.117647058823529,,27.4,
Kenyon Miles,WR,2024,college_data,12.0,0,116.0,1.0,0,0,0,0,0,,0,0,0,0,0,,,,,9.666666666666666,,29.6,
Keon Coleman,WR,2024,nflreadpy,32.0,65,578.0,4.0,0,0,987,219,23,1.3575331163872768,2,22,13,12,4,0.7077584762125111,0.1443047511062697,0.2499424550917407,16.0,18.0625,36.125,117.80000000000001,7.362500000000001
Keon Coleman,WR,2025,nflreadpy,40.0,63,450.0,5.0,1,1,728,113,28,1.1459430634564547,1,16,8,6,0,0.9266695412890116,0.15053229494223283,0.21011250765218079,14.0,11.25,32.142857142857146,115.0,8.214285714285714
Keon Coleman,WR,2026,nflreadpy,14.0,16,217.0,1.0,0,0,205,44,10,4.478762341506838,0,8,6,6,0,0.859672619047619,0.14006410256410257,0.1932424650176076,4.0,15.5,54.25,41.7,10.425
Keontez Lewis,WR,2024,college_data,49.0,0,790.0,5.0,0,0,0,0,0,,0,0,0,0,0,,,,,16.122448979591837,,158.0,
Keontez Lewis,WR,2025,college_data,21.0,0,243.0,2.0,0,0,0,0,0,,0,0,0,0,0,,,,,11.571428571428571,,57.3,
Kerien Charlo,WR,2024,college_data,16.0,0,151.0,0.0,0,0,0,0,0,,0,0,0,0,0,,,,,9.4375,,31.1,
Kerien Charlo,WR,2025,college_data,30.0,0,284.0,1.0,0,0,0,0,0,,0,0,0,0,0,,,,,9.466666666666667,,64.4,
Kerrick Ross,WR,2024,college_data,27.0,0,288.0,3.0,0,0,0,0,0,,0,0,0,0,0,,,,,10.666666666666666,,73.8,
Kerry King,WR,2025,college_data,43.0,0,405.0,1.0,0,0,0,0,0,,0,0,0,0,0,,,,,9.418604651162791,,89.5,
Keshaun Singleton,WR,2024,college_data,27.0,0,428.0,3.0,0,0,0,0,0,,0,0,0,0,0,,,,,15.851851851851851,,87.80000000000001,
Keshaun Singleton,WR,2025,college_data,50.0,0,877.0,8.0,0,0,0,0,0,,0,0,0,0,0,,,,,17.54,,185.7,
Keshon Singleton,WR,2025,college_data,25.0,0,328.0,2.0,0,0,0,0,0,,0,0,0,0,0,,,,,13.12,,69.80000000000001,
Ketron Jackson,WR,2024,college_data,12.0,0,236.0,2.0,0,0,0,0,0,,0,0,0,0,0,,,,,19.666666666666668,,47.6,
Kevin Austin Jr.,WR,2024,nflreadpy,11.0,22,151.0,0.0,1,0,259,37,10,0.2939314812756493,0,8,5,2,0,1.0756349206349207,0.09337028214212013,0.11700095760368812,8.0,13.727272727272727,18.875,24.1,3.0125
Kevin Austin Jr.,WR,2025,nflreadpy,13.0,23,140.0,1.0,0,0,191,56,7,0.06824998928984334,0,7,2,1,0,0.7361461008519832,0.13988028425105062,0.1303083405311768,5.0,10.76923076923077,28.0,33.0,6.6
Kevin Barnett,WR,2024,college_data,15.0,0,177.0,1.0,0,0,0,0,0,,0,0,0,0,0,,,,,11.8,,38.7,
Kevin Coleman Jr.,WR,2024,college_data,69.0,0,844.0,5.0,0,0,0,0,0,,0,0,0,0,0,,,,,12.231884057971014,,183.4,
Kevin Coleman Jr.,WR,2025,college_data,66.0,0,732.0,1.0,0,0,0,0,0,,0,0,0,0,0,,,,,11.090909090909092,,145.2,
Kevin Concepcion,WR,2024,college_data,53.0,0,459.0,6.0,0,0,0,0,0,,0,0,0,0,0,,,,,8.660377358490566,,134.9,
Kevin Concepcion,WR,2025,college_data,61.0,0,919.0,9.0,0,0,0,0,0,,0,0,0,0,0,,,,,15.065573770491802,,206.9,
Kevin Johnson,WR,2024,college_data,12.0,0,131.0,1.0,0,0,0,0,0,,0,0,0,0,0,,,,,10.916666666666666,,31.1,
Kevin McGuire,WR,2024,college_data,16.0,0,218.0,1.0,0,0,0,0,0,,0,0,0,0,0,,,,,13.625,,43.8,
Kevin McGuire,WR,2025,college_data,28.0,0,320.0,0.0,0,0,0,0,0,,0,0,0,0,0,,,,,11.428571428571429,,60.0,
Kevonne Wilder,WR,2025,college_data,47.0,0,619.0,4.0,0,0,0,0,0,,0,0,0,0,0,,,,,13.170212765957446,,132.9,
Keyshawn Smith,WR,2024,college_data,33.0,0,527.0,5.0,0,0,0,0,0,,0,0,0,0,0,,,,,15.969696969696969,,115.7,
KhaDarel Hodge,WR,2020,nflreadpy,11.0,7,180.0,0.0,7,7,7,7,7,1.4978346078631668,7,7,7,7,7,0.6988997113997115,1.0,1.0,7.0,16.363636363636363,25.714285714285715,29.0,4.142857142857143
KhaDarel Hodge,WR,2021,nflreadpy,13.0,20,157.0,0.0,7,7,147,35,11,-0.631410539101227,7,11,9,9,8,0.6962950937950938,0.612622773149089,0.6278972366483385,12.0,12.076923076923077,13.083333333333334,28.700000000000003,2.391666666666667
KhaDarel Hodge,WR,2022,nflreadpy,13.0,20,202.0,1.0,0,0,268,61,7,1.5069918726852372,1,10,5,2,0,0.8516120882787549,0.0624961397506375,0.07969474075365167,13.0,15.538461538461538,15.538461538461538,41.2,3.1692307692307695
KhaDarel Hodge,WR,2023,nflreadpy,14.0,23,232.0,0.0,0,0,330,83,13,0.40331544617438225,0,10,5,3,1,0.8760761934542423,0.05142563237789715,0.07400702884370237,14.0,16.571428571428573,16.571428571428573,37.2,2.6571428571428575
Khalil Shakir,WR,2022,nflreadpy,15.0,27,252.0,1.0,0,0,340,84,11,1.0077027471525113,1,11,8,6,0,1.512169823234385,0.06561648898686766,0.06809741798795894,12.0,16.8,21.0,48.2,4.016666666666667
Khalil Shakir,WR,2023,nflreadpy,49.0,57,686.0,4.0,0,0,456,335,32,2.920865496714153,0,28,13,10,2,2.0498120023778776,0.09769394262312982,0.09694598674089748,18.0,14.0,38.111111111111114,141.60000000000002,7.866666666666668
Khalil Shakir,WR,2024,nflreadpy,94.0,120,995.0,4.0,1,0,651,696,42,2.921854440149412,0,40,16,11,2,2.5384741183172346,0.23591224317100487,0.15431237892499744,18.0,10.585106382978724,55.27777777777778,215.5,11.972222222222221
Khalil Shakir,WR,2025,nflreadpy,91.0,116,876.0,4.0,1,1,394,654,34,0.8170364609619329,0,29,14,9,4,5.430355440319208,0.21978904638928792,0.08457527964794546,18.0,9.626373626373626,48.666666666666664,200.60000000000002,11.144444444444446
Khalil Shakir,WR,2026,nflreadpy,15.0,23,176.0,0.0,1,1,152,103,7,0.3716783651682345,0,6,4,1,1,1.2939099949019646,0.20265567765567766,0.13934769653565612,4.0,11.733333333333333,44.0,30.6,7.65
Khiryn Boyd,WR,2025,college_data,12.0,0,165.0,0.0,0,0,0,0,0,,0,0,0,0,0,,,,,13.75,,28.5,
Kian Salehi,WR,2025,college_data,19.0,0,248.0,1.0,0,0,0,0,0,,0,0,0,0,0,,,,,13.052631578947368,,49.8,
Kisean Johnson,WR,2024,college_data,75.0,0,925.0,7.0,0,0,0,0,0,,0,0,0,0,0,,,,,12.333333333333334,,209.5,
Kj Reed,WR,2024,college_data,16.0,0,156.0,1.0,0,0,0,0,0,,0,0,0,0,0,,,,,9.75,,37.6,
Kobe Brown,WR,2024,college_data,13.0,0,100.0,0.0,0,0,0,0,0,,0,0,0,0,0,,,,,7.6923076923076925,,23.0,
Kobe Brown,WR,2025,college_data,19.0,0,146.0,0.0,0,0,0,0,0,,0,0,0,0,0,,,,,7.684210526315789,,33.6,
Kobe Drake,WR,2024,college_data,39.0,0,484.0,1.0,0,0,0,0,0,,0,0,0,0,0,,,,,12.41025641025641,,93.4,
Kobe Hudson,WR,2024,college_data,47.0,0,770.0,4.0,0,0,0,0,0,,0,0,0,0,0,,,,,16.382978723404257,,148.0,
Kobe Paul,WR,2025,college_data,13.0,0,208.0,0.0,0,0,0,0,0,,0,0,0,0,0,,,,,16.0,,33.8,
Kobe Paysour,WR,2024,college_data,21.0,0,365.0,0.0,0,0,0,0,0,,0,0,0,0,0,,,,,17.38095238095238,,57.5,
Kobe Paysour,WR,2025,college_data,35.0,0,438.0,1.0,0,0,0,0,0,,0,0,0,0,0,,,,,12.514285714285714,,84.80000000000001,
Kobe Prentice,WR,2024,college_data,11.0,0,129.0,1.0,0,0,0,0,0,,0,0,0,0,0,,,,,11.727272727272727,,29.9,
Kobe Prentice,WR,2025,college_data,26.0,0,380.0,6.0,0,0,0,0,0,,0,0,0,0,0,,,,,14.615384615384615,,100.0,
Kobe Warden,WR,2024,college_data,39.0,0,462.0,3.0,0,0,0,0,0,,0,0,0,0,0,,,,,11.846153846153847,,103.2,
Kobie Campbell,WR,2024,college_data,32.0,0,372.0,1.0,0,0,0,0,0,,0,0,0,0,0,,,,,11.625,,75.2,
Koby Young,WR,2025,college_data,12.0,0,191.0,0.0,0,0,0,0,0,,0,0,0,0,0,,,,,15.916666666666666,,31.1,
Kolbe Katsis,WR,2024,college_data,35.0,0,498.0,2.0,0,0,0,0,0,,0,0,0,0,0,,,,,14.228571428571428,,96.80000000000001,
Kolbe Katsis,WR,2025,college_data,54.0,0,881.0,8.0,0,0,0,0,0,,0,0,0,0,0,,,,,16.314814814814813,,190.10000000000002,
Kole Wilson,WR,2024,college_data,43.0,0,630.0,4.0,0,0,0,0,0,,0,0,0,0,0,,,,,14.651162790697674,,130.0,
Kole Wilson,WR,2025,college_data,44.0,0,591.0,5.0,0,0,0,0,0,,0,0,0,0,0,,,,,13.431818181818182,,133.1,
Konata Mumpfield,WR,2024,college_data,52.0,0,813.0,5.0,0,0,0,0,0,,0,0,0,0,0,,,,,15.634615384615385,,163.3,
Konata Mumpfield,WR,2025,nflreadpy,13.0,29,114.0,1.0,0,0,369,38,8,-0.981311258328844,0,6,1,0,0,0.630576279657162,0.05951251198794776,0.06870681387761193,13.0,8.76923076923077,8.76923076923077,30.4,2.338461538461538
Korbin Hendrix,WR,2025,college_data,12.0,0,174.0,3.0,0,0,0,0,0,,0,0,0,0,0,,,,,14.5,,47.400000000000006,
Kordell David,WR,2024,college_data,18.0,0,191.0,0.0,0,0,0,0,0,,0,0,0,0,0,,,,,10.61111111111111,,37.1,
Korey Tai,WR,2025,college_data,23.0,0,245.0,2.0,0,0,0,0,0,,0,0,0,0,0,,,,,10.652173913043478,,59.5,
Koy Moore,WR,2025,college_data,12.0,0,120.0,0.0,0,0,0,0,0,,0,0,0,0,0,,,,,10.0,,24.0,
Kris Hutson,WR,2024,college_data,55.0,0,691.0,2.0,0,0,0,0,0,,0,0,0,0,0,,,,,12.563636363636364,,136.10000000000002,
Kris Hutson,WR,2025,college_data,60.0,0,764.0,4.0,0,0,0,0,0,,0,0,0,0,0,,,,,12.733333333333333,,160.4,
Kris Mitchell,WR,2024,college_data,22.0,0,224.0,2.0,0,0,0,0,0,,0,0,0,0,0,,,,,10.181818181818182,,56.400000000000006,
Kristen Hoskins,WR,2025,college_data,11.0,0,63.0,0.0,0,0,0,0,0,,0,0,0,0,0,,,,,5.7272727272727275,,17.3,
Kristian Gammage,WR,2024,college_data,16.0,0,223.0,1.0,0,0,0,0,0,,0,0,0,0,0,,,,,13.9375,,44.3,
Kristian Tate,WR,2024,college_data,26.0,0,368.0,3.0,0,0,0,0,0,,0,0,0,0,0,,,,,14.153846153846153,,80.80000000000001,
Kwazi Gilmer,WR,2024,college_data,31.0,0,345.0,2.0,0,0,0,0,0,,0,0,0,0,0,,,,,11.129032258064516,,77.5,
Kwazi Gilmer,WR,2025,college_data,50.0,0,535.0,4.0,0,0,0,0,0,,0,0,0,0,0,,,,,10.7,,127.5,
Ky Wilson,WR,2025,college_data,64.0,0,652.0,6.0,0,0,0,0,0,,0,0,0,0,0,,,,,10.1875,,165.2,
Ky'Dric Fisher,WR,2025,college_data,21.0,0,341.0,2.0,0,0,0,0,0,,0,0,0,0,0,,,,,16.238095238095237,,67.1,
Kyan Mason,WR,2025,college_data,33.0,0,481.0,5.0,0,0,0,0,0,,0,0,0,0,0,,,,,14.575757575757576,,111.1,
Kyle Ford,WR,2024,college_data,26.0,0,317.0,3.0,0,0,0,0,0,,0,0,0,0,0,,,,,12.192307692307692,,75.7,
Kyle Mcneal,WR,2025,college_data,31.0,0,310.0,1.0,0,0,0,0,0,,0,0,0,0,0,,,,,10.0,,68.0,
Kyle Parker,WR,2025,college_data,31.0,0,330.0,4.0,0,0,0,0,0,,0,0,0,0,0,,,,,10.64516129032258,,88.0,
Kyle Philips,WR,2023,nflreadpy,15.0,22,181.0,0.0,0,0,197,79,9,0.8169173572500442,0,9,4,4,0,0.8258034910995437,0.0945523577876519,0.09264462313019439,8.0,12.066666666666666,22.625,33.1,4.1375
Kyle Watkins,WR,2024,college_data,49.0,0,822.0,1.0,0,0,0,0,0,,0,0,0,0,0,,,,,16.775510204081634,,137.2,
Kyle Williams,WR,2024,college_data,70.0,0,1193.0,14.0,0,0,0,0,0,,0,0,0,0,0,,,,,17.042857142857144,,273.3,
Kyle Williams,WR,2025,nflreadpy,12.0,27,223.0,3.0,0,0,510,79,8,0.32456096035033505,0,6,4,3,1,0.7487295135231465,0.05334446877389538,0.0976295221976149,17.0,18.583333333333332,13.117647058823529,52.3,3.076470588235294
Kylen Austin,WR,2025,college_data,18.0,0,196.0,0.0,0,0,0,0,0,,0,0,0,0,0,,,,,10.88888888888889,,37.6,
Kylen Evans,WR,2025,college_data,15.0,0,211.0,1.0,0,0,0,0,0,,0,0,0,0,0,,,,,14.066666666666666,,42.1,
Kylon Harris,WR,2024,college_data,87.0,0,1039.0,10.0,0,0,0,0,0,,0,0,0,0,0,,,,,11.942528735632184,,250.9,
Kylon Harris,WR,2025,college_data,86.0,0,1068.0,10.0,0,0,0,0,0,,0,0,0,0,0,,,,,12.418604651162791,,252.8,
Kymari Gray,WR,2024,college_data,24.0,0,228.0,2.0,0,0,0,0,0,,0,0,0,0,0,,,,,9.5,,58.8,
Kyndon Fuselier,WR,2024,college_data,31.0,0,513.0,2.0,0,0,0,0,0,,0,0,0,0,0,,,,,16.548387096774192,,94.30000000000001,
Kyndon Fuselier,WR,2025,college_data,45.0,0,419.0,4.0,0,0,0,0,0,,0,0,0,0,0,,,,,9.311111111111112,,110.9,
Kyran Lee,WR,2025,college_data,13.0,0,159.0,2.0,0,0,0,0,0,,0,0,0,0,0,,,,,12.23076923076923,,40.9,
Kyre Duplessis,WR,2025,college_data,63.0,0,863.0,5.0,0,0,0,0,0,,0,0,0,0,0,,,,,13.698412698412698,,179.3,
Kyree Benton,WR,2024,college_data,25.0,0,256.0,2.0,0,0,0,0,0,,0,0,0,0,0,,,,,10.24,,62.6,
Kyree Benton,WR,2025,college_data,17.0,0,195.0,0.0,0,0,0,0,0,,0,0,0,0,0,,,,,11.470588235294118,,36.5,
Kyren Lacy,WR,2024,college_data,58.0,0,866.0,9.0,0,0,0,0,0,,0,0,0,0,0,,,,,14.931034482758621,,198.60000000000002,
Kyrese Rowan,WR,2024,college_data,44.0,0,526.0,3.0,0,0,0,0,0,,0,0,0,0,0,,,,,11.954545454545455,,114.6,
Kyri Shoels,WR,2025,college_data,59.0,0,768.0,2.0,0,0,0,0,0,,0,0,0,0,0,,,,,13.016949152542374,,147.8,
Kyron Downing,WR,2024,college_data,18.0,0,173.0,2.0,0,0,0,0,0,,0,0,0,0,0,,,,,9.61111111111111,,47.3,
Kyron Ware-Hudson,WR,2024,college_data,38.0,0,462.0,3.0,0,0,0,0,0,,0,0,0,0,0,,,,,12.157894736842104,,102.2,
Kyron Ware-Hudson,WR,2025,college_data,23.0,0,288.0,2.0,0,0,0,0,0,,0,0,0,0,0,,,,,12.521739130434783,,63.8,
LV Bunkley-Shelton,WR,2024,college_data,30.0,0,322.0,0.0,0,0,0,0,0,,0,0,0,0,0,,,,,10.733333333333333,,62.2,
LaJohntay Wester,WR,2024,college_data,74.0,0,931.0,10.0,0,0,0,0,0,,0,0,0,0,0,,,,,12.58108108108108,,227.10000000000002,
Ladd McConkey,WR,2024,nflreadpy,91.0,126,1346.0,8.0,2,0,1324,469,60,4.3516823526324275,1,57,32,16,5,1.1356774631763564,0.2569050589622596,0.3016323135884244,17.0,14.791208791208792,79.17647058823529,271.6,15.976470588235296
Ladd McConkey,WR,2025,nflreadpy,69.0,110,821.0,6.0,0,0,1094,320,37,0.49248816985317356,0,34,16,9,2,0.8410524675355097,0.20628081497129325,0.256825959636138,17.0,11.898550724637682,48.294117647058826,187.10000000000002,11.005882352941178
Ladd McConkey,WR,2026,nflreadpy,12.0,17,183.0,1.0,0,0,228,23,10,2.671340333379203,0,9,6,2,0,0.6829788616477519,0.14766878879782105,0.2086724379446664,4.0,15.25,45.75,36.3,9.075
Lance LeGendre,WR,2024,college_data,49.0,0,826.0,6.0,0,0,0,0,0,,0,0,0,0,0,,,,,16.857142857142858,,167.60000000000002,
Lance Martinez,WR,2025,college_data,29.0,0,575.0,4.0,0,0,0,0,0,,0,0,0,0,0,,,,,19.82758620689655,,110.5,
Landers Green,WR,2025,college_data,16.0,0,258.0,1.0,0,0,0,0,0,,0,0,0,0,0,,,,,16.125,,47.8,
Landon Collins,WR,2025,college_data,16.0,0,187.0,1.0,0,0,0,0,0,,0,0,0,0,0,,,,,11.6875,,40.7,
Landon Ellis,WR,2024,college_data,50.0,0,588.0,4.0,0,0,0,0,0,,0,0,0,0,0,,,,,11.76,,132.8,
Landon Ellis,WR,2025,college_data,36.0,0,624.0,5.0,0,0,0,0,0,,0,0,0,0,0,,,,,17.333333333333332,,128.4,
Landon Parker,WR,2024,college_data,27.0,0,350.0,0.0,0,0,0,0,0,,0,0,0,0,0,,,,,12.962962962962964,,62.0,
Landon Ruggieri,WR,2024,college_data,62.0,0,881.0,13.0,0,0,0,0,0,,0,0,0,0,0,,,,,14.209677419354838,,228.10000000000002,
Landon Sides,WR,2024,college_data,24.0,0,280.0,1.0,0,0,0,0,0,,0,0,0,0,0,,,,,11.666666666666666,,58.0,
Landon Sides,WR,2025,college_data,34.0,0,449.0,1.0,0,0,0,0,0,,0,0,0,0,0,,,,,13.205882352941176,,84.9,
Landyn Backey,WR,2025,college_data,26.0,0,457.0,4.0,0,0,0,0,0,,0,0,0,0,0,,,,,17.576923076923077,,95.7,
Langston Lewis,WR,2025,college_data,43.0,0,596.0,3.0,0,0,0,0,0,,0,0,0,0,0,,,,,13.86046511627907,,120.6,
Laquan Veney,WR,2024,college_data,15.0,0,157.0,1.0,0,0,0,0,0,,0,0,0,0,0,,,,,10.466666666666667,,36.7,
Laquon Treadwell,WR,2018,nflreadpy,35.0,53,302.0,1.0,0,0,320,120,16,-0.770970926307301,0,11,3,1,0,1.6227808647957902,0.0926223519771907,0.07843575968041393,15.0,8.628571428571428,20.133333333333333,71.2,4.746666666666667
Laquon Treadwell,WR,2021,nflreadpy,33.0,42,434.0,1.0,6,6,409,96,23,1.9276928541952918,6,18,14,11,8,0.6743170599801146,0.5933841636966637,0.6395741160151328,12.0,13.151515151515152,36.166666666666664,82.4,6.866666666666667
Larenzo Fenner,WR,2025,college_data,41.0,0,961.0,15.0,0,0,0,0,0,,0,0,0,0,0,,,,,23.4390243902439,,227.10000000000002,
Larry Fitzgerald,WR,2018,nflreadpy,69.0,112,734.0,6.0,0,0,1033,205,39,0.10420851294480885,1,33,14,8,0,0.8737859240261242,0.2282786636256368,0.26606935679121946,16.0,10.63768115942029,45.875,180.4,11.275
Larry Fitzgerald,WR,2019,nflreadpy,75.0,103,804.0,4.0,2,2,785,316,40,0.2865089451361375,1,32,16,10,5,1.4311546440048108,0.2553356375336157,0.24616429482706226,16.0,10.72,50.25,177.4,11.0875
Larry Fitzgerald,WR,2020,nflreadpy,54.0,13,409.0,1.0,13,13,13,13,13,-0.13625776285555455,13,13,13,13,13,1.0049130072292114,1.0,1.0,13.0,7.574074074074074,31.46153846153846,100.9,7.761538461538462
Larry Simmons,WR,2024,college_data,27.0,0,421.0,1.0,0,0,0,0,0,,0,0,0,0,0,,,,,15.592592592592593,,75.1,
Larry Simmons,WR,2025,college_data,15.0,0,280.0,6.0,0,0,0,0,0,,0,0,0,0,0,,,,,18.666666666666668,,79.0,
Lasalle Rose Jr.,WR,2025,college_data,15.0,0,196.0,4.0,0,0,0,0,0,,0,0,0,0,0,,,,,13.066666666666666,,58.6,
Latrell Caples,WR,2024,college_data,38.0,0,473.0,5.0,0,0,0,0,0,,0,0,0,0,0,,,,,12.447368421052632,,115.30000000000001,
Latrell Caples,WR,2025,college_data,51.0,0,616.0,3.0,0,0,0,0,0,,0,0,0,0,0,,,,,12.07843137254902,,130.6,
Latrell Fordham,WR,2024,college_data,15.0,0,148.0,1.0,0,0,0,0,0,,0,0,0,0,0,,,,,9.866666666666667,,35.8,
Laviska Shenault Jr.,WR,2020,nflreadpy,58.0,14,600.0,5.0,14,14,14,14,14,1.4139934899402384,14,14,14,14,14,1.6131762858865846,1.0,1.0,14.0,10.344827586206897,42.857142857142854,148.0,10.571428571428571
Laviska Shenault Jr.,WR,2021,nflreadpy,63.0,48,619.0,0.0,10,10,199,160,23,0.22085616295299715,10,24,13,11,10,2.014134024392171,0.6947407420444768,0.6692625170063172,16.0,9.825396825396826,38.6875,124.9,7.80625
Laviska Shenault Jr.,WR,2022,nflreadpy,27.0,32,272.0,1.0,0,0,-22,330,10,0.860495845855136,0,7,3,3,2,7.716666666666666,0.10852336185403198,-0.019617990453484006,13.0,10.074074074074074,20.923076923076923,60.2,4.630769230769231
Lavon Brown,WR,2025,college_data,22.0,0,244.0,0.0,0,0,0,0,0,,0,0,0,0,0,,,,,11.090909090909092,,46.400000000000006,
Lawayne McCoy,WR,2025,college_data,27.0,0,403.0,3.0,0,0,0,0,0,,0,0,0,0,0,,,,,14.925925925925926,,85.30000000000001,
Lawrence Arnold,WR,2024,college_data,26.0,0,360.0,1.0,0,0,0,0,0,,0,0,0,0,0,,,,,13.846153846153847,,68.0,
Leland Smith,WR,2025,college_data,43.0,0,695.0,3.0,0,0,0,0,0,,0,0,0,0,0,,,,,16.162790697674417,,130.5,
Lemeke Brockington,WR,2024,college_data,18.0,0,282.0,1.0,0,0,0,0,0,,0,0,0,0,0,,,,,15.666666666666666,,52.2,
Lemeke Brockington,WR,2025,college_data,46.0,0,484.0,4.0,0,0,0,0,0,,0,0,0,0,0,,,,,10.521739130434783,,118.4,
Leo Blackburn,WR,2025,college_data,14.0,0,129.0,2.0,0,0,0,0,0,,0,0,0,0,0,,,,,9.214285714285714,,38.9,
Leon Neal Jr.,WR,2025,college_data,13.0,0,110.0,1.0,0,0,0,0,0,,0,0,0,0,0,,,,,8.461538461538462,,30.0,
Levi Wentz,WR,2024,college_data,34.0,0,530.0,1.0,0,0,0,0,0,,0,0,0,0,0,,,,,15.588235294117647,,93.0,
Levi Wentz,WR,2025,college_data,16.0,0,258.0,2.0,0,0,0,0,0,,0,0,0,0,0,,,,,16.125,,53.8,
Lewis Bond,WR,2024,college_data,67.0,0,689.0,3.0,0,0,0,0,0,,0,0,0,0,0,,,,,10.283582089552239,,153.9,
Lewis Bond,WR,2025,college_data,89.0,0,1010.0,1.0,0,0,0,0,0,,0,0,0,0,0,,,,,11.348314606741573,,196.0,
Liam Clifford,WR,2024,college_data,18.0,0,286.0,1.0,0,0,0,0,0,,0,0,0,0,0,,,,,15.88888888888889,,52.6,
Lil'Jordan Humphrey,WR,2021,nflreadpy,13.0,18,249.0,2.0,3,3,155,95,10,0.693723820808909,3,10,9,8,4,1.3153172559346318,0.4544455595953475,0.5021501732515243,8.0,19.153846153846153,31.125,49.900000000000006,6.237500000000001
Lil'Jordan Humphrey,WR,2023,nflreadpy,13.0,19,162.0,3.0,0,0,186,99,9,1.2909808743544007,0,7,1,1,1,1.5690365190365192,0.05936097746442574,0.07481517044537764,11.0,12.461538461538462,14.727272727272727,47.2,4.290909090909091
Lil'Jordan Humphrey,WR,2024,nflreadpy,31.0,45,293.0,1.0,2,1,293,192,12,-0.617321200949074,0,8,7,5,1,1.1490482816064211,0.09982022925424151,0.09078527214585257,14.0,9.451612903225806,20.928571428571427,62.3,4.45
Lil'Jordan Humphrey,WR,2025,nflreadpy,16.0,33,194.0,2.0,0,0,381,30,11,1.071789957914771,0,6,4,3,0,0.5697505602088728,0.11207329352762449,0.16350878788519818,9.0,12.125,21.555555555555557,47.400000000000006,5.2666666666666675
Lincoln Fisher,WR,2025,college_data,14.0,0,142.0,3.0,0,0,0,0,0,,0,0,0,0,0,,,,,10.142857142857142,,46.2,
Lofton O'Groske,WR,2024,college_data,15.0,0,212.0,1.0,0,0,0,0,0,,0,0,0,0,0,,,,,14.133333333333333,,42.2,
Lofton O'Groske,WR,2025,college_data,26.0,0,361.0,3.0,0,0,0,0,0,,0,0,0,0,0,,,,,13.884615384615385,,80.1,
Logan Booher,WR,2024,college_data,34.0,0,335.0,2.0,0,0,0,0,0,,0,0,0,0,0,,,,,9.852941176470589,,79.5,
Logan Booher,WR,2025,college_data,35.0,0,427.0,4.0,0,0,0,0,0,,0,0,0,0,0,,,,,12.2,,101.7,
Logan Loya,WR,2024,college_data,29.0,0,348.0,4.0,0,0,0,0,0,,0,0,0,0,0,,,,,12.0,,87.80000000000001,
Loic Fouonji,WR,2024,college_data,12.0,0,187.0,0.0,0,0,0,0,0,,0,0,0,0,0,,,,,15.583333333333334,,30.7,
London Humphreys,WR,2024,college_data,15.0,0,244.0,2.0,0,0,0,0,0,,0,0,0,0,0,,,,,16.266666666666666,,51.400000000000006,
London Humphreys,WR,2025,college_data,18.0,0,276.0,3.0,0,0,0,0,0,,0,0,0,0,0,,,,,15.333333333333334,,63.6,
Lonyatta Alexander,WR,2024,college_data,22.0,0,264.0,0.0,0,0,0,0,0,,0,0,0,0,0,,,,,12.0,,48.400000000000006,
Lorenzo Jenkins,WR,2024,college_data,22.0,0,279.0,2.0,0,0,0,0,0,,0,0,0,0,0,,,,,12.681818181818182,,61.900000000000006,
Lorenzo Jenkins,WR,2025,college_data,23.0,0,361.0,2.0,0,0,0,0,0,,0,0,0,0,0,,,,,15.695652173913043,,71.1,
Lotzeir Brooks,WR,2025,college_data,32.0,0,441.0,2.0,0,0,0,0,0,,0,0,0,0,0,,,,,13.78125,,88.1,
Louis Brown,WR,2024,college_data,38.0,0,620.0,3.0,0,0,0,0,0,,0,0,0,0,0,,,,,16.31578947368421,,118.0,
Lucas Desjardins,WR,2025,college_data,45.0,0,526.0,2.0,0,0,0,0,0,,0,0,0,0,0,,,,,11.688888888888888,,109.6,
Lucas Kopecky,WR,2024,college_data,26.0,0,302.0,2.0,0,0,0,0,0,,0,0,0,0,0,,,,,11.615384615384615,,68.2,
Lucas Kopecky,WR,2025,college_data,33.0,0,551.0,4.0,0,0,0,0,0,,0,0,0,0,0,,,,,16.696969696969695,,112.1,
Lucius Anderson,WR,2025,college_data,14.0,0,216.0,2.0,0,0,0,0,0,,0,0,0,0,0,,,,,15.428571428571429,,47.6,
Luke Brenner,WR,2024,college_data,24.0,0,305.0,4.0,0,0,0,0,0,,0,0,0,0,0,,,,,12.708333333333334,,78.5,
Luke Colella,WR,2024,college_data,43.0,0,562.0,5.0,0,0,0,0,0,,0,0,0,0,0,,,,,13.069767441860465,,129.2,
Luke Colella,WR,2025,college_data,77.0,0,1071.0,8.0,0,0,0,0,0,,0,0,0,0,0,,,,,13.909090909090908,,232.10000000000002,
Luke Floriea,WR,2024,college_data,44.0,0,688.0,7.0,0,0,0,0,0,,0,0,0,0,0,,,,,15.636363636363637,,154.8,
Luke Grimm,WR,2024,college_data,51.0,0,690.0,6.0,0,0,0,0,0,,0,0,0,0,0,,,,,13.529411764705882,,156.0,
Luke Hensley,WR,2024,college_data,11.0,0,145.0,0.0,0,0,0,0,0,,0,0,0,0,0,,,,,13.181818181818182,,25.5,
Luke Hensley,WR,2025,college_data,14.0,0,189.0,0.0,0,0,0,0,0,,0,0,0,0,0,,,,,13.5,,32.900000000000006,
Luke Mailander,WR,2025,college_data,44.0,0,671.0,4.0,0,0,0,0,0,,0,0,0,0,0,,,,,15.25,,135.10000000000002,
Luke McCaffrey,WR,2024,nflreadpy,18.0,25,168.0,0.0,0,0,180,97,8,0.17054399115262095,0,6,3,2,0,0.793352658737274,0.056463480782308485,0.05069306127881369,15.0,9.333333333333334,11.2,34.8,2.32
Luke McCaffrey,WR,2025,nflreadpy,11.0,15,203.0,3.0,0,0,218,69,6,1.3501871958496843,1,6,6,3,2,1.39327731092437,0.06775622045608021,0.09978421975321863,9.0,18.454545454545453,22.555555555555557,51.3,5.699999999999999
Luke Rives,WR,2025,college_data,14.0,0,177.0,1.0,0,0,0,0,0,,0,0,0,0,0,,,,,12.642857142857142,,37.7,
Luke Wooten,WR,2024,college_data,35.0,0,604.0,2.0,0,0,0,0,0,,0,0,0,0,0,,,,,17.257142857142856,,107.4,
Luke Wooten,WR,2025,college_data,15.0,0,141.0,0.0,0,0,0,0,0,,0,0,0,0,0,,,,,9.4,,29.1,
Luke Wysong,WR,2024,college_data,69.0,0,840.0,1.0,0,0,0,0,0,,0,0,0,0,0,,,,,12.173913043478262,,159.0,
Luke Wysong,WR,2025,college_data,24.0,0,278.0,2.0,0,0,0,0,0,,0,0,0,0,0,,,,,11.583333333333334,,63.8,
Lukkas Londono,WR,2024,college_data,12.0,0,148.0,0.0,0,0,0,0,0,,0,0,0,0,0,,,,,12.333333333333334,,26.8,
Lukkas Londono,WR,2025,college_data,22.0,0,310.0,4.0,0,0,0,0,0,,0,0,0,0,0,,,,,14.090909090909092,,77.0,
Luther Burden III,WR,2024,college_data,60.0,0,666.0,6.0,0,0,0,0,0,,0,0,0,0,0,,,,,11.1,,162.60000000000002,
Luther Burden III,WR,2025,nflreadpy,53.0,74,718.0,2.0,0,0,603,373,30,1.5311713900420514,0,31,16,12,2,1.1198827540630858,0.1339044675378282,0.11262961784687003,17.0,13.547169811320755,42.23529411764706,136.8,8.047058823529412
Luther Burden III,WR,2026,nflreadpy,19.0,29,219.0,1.0,1,1,238,79,9,0.03461463562869016,0,9,5,4,0,1.0687246041023073,0.23567970612562644,0.2795270034476599,4.0,11.526315789473685,54.75,44.900000000000006,11.225000000000001
Lyndon Ravare,WR,2025,college_data,21.0,0,237.0,1.0,0,0,0,0,0,,0,0,0,0,0,,,,,11.285714285714286,,50.7,
Lynn Bowden,WR,2020,nflreadpy,28.0,9,211.0,0.0,9,9,9,9,9,-0.9995700808543658,9,9,9,9,9,1.143408306718914,1.0,1.0,9.0,7.535714285714286,23.444444444444443,49.099999999999994,5.455555555555555
Lynn Bowden,WR,2023,nflreadpy,11.0,16,83.0,0.0,0,0,80,57,2,-0.28106152629671793,0,4,1,0,0,0.38263888888888886,0.07120674715549008,0.038844700445516724,8.0,7.545454545454546,10.375,19.3,2.4125
Mac Dalena,WR,2024,college_data,60.0,0,998.0,8.0,0,0,0,0,0,,0,0,0,0,0,,,,,16.633333333333333,,207.8,
Mack Hollins,WR,2020,nflreadpy,16.0,11,176.0,1.0,11,11,11,11,11,-0.18295326595093023,11,11,11,11,11,0.7537918871252205,1.0,1.0,11.0,11.0,16.0,39.6,3.6
Mack Hollins,WR,2021,nflreadpy,14.0,16,223.0,4.0,10,10,130,13,12,0.9689101937023233,10,11,11,11,11,0.365253219432786,0.6809139797586524,0.7074732324427703,15.0,15.928571428571429,14.866666666666667,60.3,4.02
Mack Hollins,WR,2022,nflreadpy,57.0,94,690.0,4.0,0,0,1196,192,34,1.849099286786267,0,25,13,9,2,0.7698091485179214,0.16836585540862162,0.21739159737160862,17.0,12.105263157894736,40.588235294117645,150.0,8.823529411764707
Mack Hollins,WR,2023,nflreadpy,18.0,30,251.0,0.0,0,0,375,55,9,1.0775897786588695,0,10,7,3,1,0.8941817565344667,0.0813176217200985,0.14210876647718182,12.0,13.944444444444445,20.916666666666668,43.1,3.591666666666667
Mack Hollins,WR,2024,nflreadpy,36.0,58,482.0,6.0,0,0,805,107,29,1.7139059749617676,0,23,11,6,1,0.6789190448984531,0.09961328680194226,0.14951817843258405,20.0,13.38888888888889,24.1,120.2,6.01
Mack Hollins,WR,2025,nflreadpy,52.0,75,679.0,3.0,1,0,1065,125,33,2.2349931672082124,0,27,18,12,1,0.7751564769287338,0.16062397622315408,0.2141612213494034,16.0,13.057692307692308,42.4375,135.9,8.49375
Mack Hollins,WR,2026,nflreadpy,15.0,20,209.0,0.0,0,0,297,38,7,3.221229204020359,0,11,6,2,0,0.8905359379893517,0.1669098822324629,0.2386699884889406,4.0,13.933333333333334,52.25,35.900000000000006,8.975000000000001
Maguire Anderson,WR,2025,college_data,25.0,0,280.0,1.0,0,0,0,0,0,,0,0,0,0,0,,,,,11.2,,59.0,
Major Everhart,WR,2025,college_data,14.0,0,149.0,0.0,0,0,0,0,0,,0,0,0,0,0,,,,,10.642857142857142,,28.9,
Makai Cope,WR,2025,college_data,20.0,0,269.0,0.0,0,0,0,0,0,,0,0,0,0,0,,,,,13.45,,46.900000000000006,
Makai Jackson,WR,2024,college_data,46.0,0,745.0,5.0,0,0,0,0,0,,0,0,0,0,0,,,,,16.195652173913043,,150.5,
Makai Lemon,WR,2024,college_data,52.0,0,764.0,3.0,0,0,0,0,0,,0,0,0,0,0,,,,,14.692307692307692,,146.4,
Makai Lemon,WR,2025,college_data,79.0,0,1156.0,11.0,0,0,0,0,0,,0,0,0,0,0,,,,,14.632911392405063,,260.6,
Makhi Paris,WR,2025,college_data,14.0,0,187.0,0.0,0,0,0,0,0,,0,0,0,0,0,,,,,13.357142857142858,,32.7,
Malachi Corley,WR,2025,nflreadpy,11.0,14,79.0,0.0,0,0,-7,68,5,-0.4029769207263598,0,4,2,0,0,4.0,0.04975326961988369,-0.006601797748073068,12.0,7.181818181818182,6.583333333333333,18.9,1.575
Malachi Fields,WR,2024,college_data,55.0,0,808.0,5.0,0,0,0,0,0,,0,0,0,0,0,,,,,14.690909090909091,,165.8,
Malachi Fields,WR,2025,college_data,36.0,0,630.0,5.0,0,0,0,0,0,,0,0,0,0,0,,,,,17.5,,129.0,
Malachi Henry,WR,2024,college_data,35.0,0,532.0,4.0,0,0,0,0,0,,0,0,0,0,0,,,,,15.2,,112.2,
Malachi Henry,WR,2025,college_data,69.0,0,889.0,10.0,0,0,0,0,0,,0,0,0,0,0,,,,,12.884057971014492,,217.9,
Malachi Holt-Bennett,WR,2024,college_data,16.0,0,241.0,1.0,0,0,0,0,0,,0,0,0,0,0,,,,,15.0625,,46.1,
Malachi Jackson,WR,2025,college_data,20.0,0,290.0,1.0,0,0,0,0,0,,0,0,0,0,0,,,,,14.5,,55.0,
Malachi Toney,WR,2025,college_data,109.0,0,1211.0,10.0,0,0,0,0,0,,0,0,0,0,0,,,,,11.110091743119266,,290.1,
Malachi Townsend,WR,2025,college_data,17.0,0,188.0,0.0,0,0,0,0,0,,0,0,0,0,0,,,,,11.058823529411764,,35.8,
Malcolm Gillie,WR,2024,college_data,19.0,0,267.0,2.0,0,0,0,0,0,,0,0,0,0,0,,,,,14.052631578947368,,57.7,
Malcolm Johnson Jr.,WR,2024,college_data,49.0,0,573.0,3.0,0,0,0,0,0,,0,0,0,0,0,,,,,11.693877551020408,,124.30000000000001,
Malcolm Simmons,WR,2024,college_data,40.0,0,451.0,3.0,0,0,0,0,0,,0,0,0,0,0,,,,,11.275,,103.1,
Malcolm Simmons,WR,2025,college_data,25.0,0,457.0,2.0,0,0,0,0,0,,0,0,0,0,0,,,,,18.28,,82.7,
Maleek Huggins,WR,2024,college_data,35.0,0,513.0,3.0,0,0,0,0,0,,0,0,0,0,0,,,,,14.657142857142857,,104.30000000000001,
Maleek Huggins,WR,2025,college_data,56.0,0,808.0,7.0,0,0,0,0,0,,0,0,0,0,0,,,,,14.428571428571429,,178.8,
Malick Meiga,WR,2025,college_data,19.0,0,209.0,1.0,0,0,0,0,0,,0,0,0,0,0,,,,,11.0,,45.900000000000006,
Malik Benson,WR,2024,college_data,25.0,0,311.0,1.0,0,0,0,0,0,,0,0,0,0,0,,,,,12.44,,62.1,
Malik Benson,WR,2025,college_data,43.0,0,719.0,6.0,0,0,0,0,0,,0,0,0,0,0,,,,,16.72093023255814,,150.9,
Malik Bowen-Sims,WR,2024,college_data,20.0,0,203.0,0.0,0,0,0,0,0,,0,0,0,0,0,,,,,10.15,,40.3,
Malik Cooper,WR,2024,college_data,11.0,0,120.0,0.0,0,0,0,0,0,,0,0,0,0,0,,,,,10.909090909090908,,23.0,
Malik Cooper,WR,2025,college_data,13.0,0,168.0,1.0,0,0,0,0,0,,0,0,0,0,0,,,,,12.923076923076923,,35.8,
Malik Heath,WR,2023,nflreadpy,15.0,24,125.0,1.0,0,0,210,35,6,0.3953209572976406,0,6,1,0,0,1.0370552882960096,0.061549218753991115,0.06366051734373758,12.0,8.333333333333334,10.416666666666666,33.5,2.7916666666666665
Malik Knight,WR,2024,college_data,22.0,0,377.0,1.0,0,0,0,0,0,,0,0,0,0,0,,,,,17.136363636363637,,65.7,
Malik Knight,WR,2025,college_data,47.0,0,774.0,7.0,0,0,0,0,0,,0,0,0,0,0,,,,,16.46808510638298,,166.4,
Malik McClain,WR,2025,college_data,31.0,0,441.0,1.0,0,0,0,0,0,,0,0,0,0,0,,,,,14.225806451612904,,81.1,
Malik McNeely,WR,2025,college_data,24.0,0,331.0,2.0,0,0,0,0,0,,0,0,0,0,0,,,,,13.791666666666666,,69.1,
Malik Nabers,WR,2024,nflreadpy,109.0,170,1204.0,7.0,1,0,1609,462,55,3.046294405883407,1,46,26,16,2,0.8644495067043756,0.357040667160524,0.44963357317907876,15.0,11.045871559633028,80.26666666666667,271.4,18.09333333333333
Malik Nabers,WR,2025,nflreadpy,18.0,35,271.0,2.0,0,0,555,52,11,0.577222131507324,0,11,6,5,1,0.5348306577329136,0.2708333333333333,0.4386150612479355,4.0,15.055555555555555,67.75,57.1,14.275
Malik Nabers,WR,2026,nflreadpy,18.0,26,208.0,1.0,0,0,298,42,9,1.4657251045258772,0,8,5,3,0,1.7185100920215621,0.24060960591133004,0.2558351916359237,4.0,11.555555555555555,52.0,44.8,11.2
Malik Phillips,WR,2025,college_data,18.0,0,174.0,1.0,0,0,0,0,0,,0,0,0,0,0,,,,,9.666666666666666,,41.400000000000006,
Malik Redd,WR,2025,college_data,16.0,0,206.0,2.0,0,0,0,0,0,,0,0,0,0,0,,,,,12.875,,48.6,
Malik Rutherford,WR,2024,college_data,62.0,0,702.0,3.0,0,0,0,0,0,,0,0,0,0,0,,,,,11.32258064516129,,150.2,
Malik Rutherford,WR,2025,college_data,46.0,0,523.0,3.0,0,0,0,0,0,,0,0,0,0,0,,,,,11.369565217391305,,116.30000000000001,
Malik Turner,WR,2019,nflreadpy,15.0,21,245.0,1.0,2,2,217,81,11,0.44736342835405635,2,11,7,7,2,1.0494342133394576,0.21808076164555,0.22093052305418617,12.0,16.333333333333332,20.416666666666668,45.5,3.7916666666666665
Malik Turner,WR,2021,nflreadpy,13.0,10,155.0,3.0,4,4,35,77,8,0.8228600991205894,4,7,5,5,5,1.5309001670843776,0.5186259103179834,0.511073858791726,8.0,11.923076923076923,19.375,46.5,5.8125
Malik Washington,WR,2024,nflreadpy,26.0,36,223.0,0.0,0,0,195,123,13,0.6383924072566018,0,8,4,2,0,0.9564564282323268,0.08047508324757373,0.0693413084066635,14.0,8.576923076923077,15.928571428571429,48.3,3.4499999999999997
Malik Washington,WR,2025,nflreadpy,46.0,65,317.0,3.0,0,0,337,253,16,-0.5779916049006274,0,11,5,2,0,1.9792739478898649,0.14419246062768662,0.10523969812995097,17.0,6.891304347826087,18.647058823529413,95.7,5.629411764705883
Malik Washington,WR,2026,nflreadpy,17.0,28,219.0,0.0,1,1,312,118,7,-0.3453923310007667,0,10,7,4,0,1.0728928043087333,0.2733798833543079,0.2807245003820234,4.0,12.882352941176471,54.75,36.900000000000006,9.225000000000001
Malique Dieudonne,WR,2024,college_data,13.0,0,230.0,2.0,0,0,0,0,0,,0,0,0,0,0,,,,,17.692307692307693,,48.0,
Malique Leatherbury,WR,2024,college_data,29.0,0,250.0,1.0,0,0,0,0,0,,0,0,0,0,0,,,,,8.620689655172415,,60.0,
Malique Leatherbury,WR,2025,college_data,31.0,0,310.0,2.0,0,0,0,0,0,,0,0,0,0,0,,,,,10.0,,74.0,
Marcel Williams,WR,2025,college_data,45.0,0,641.0,2.0,0,0,0,0,0,,0,0,0,0,0,,,,,14.244444444444444,,121.10000000000001,
Marcell Ateman,WR,2018,nflreadpy,15.0,31,154.0,1.0,0,0,339,31,7,-0.2722129390087035,0,5,2,2,0,0.5169229859638899,0.13713928446071305,0.16940654796489643,7.0,10.266666666666667,22.0,36.4,5.2
Marcello Bussey,WR,2025,college_data,27.0,0,287.0,0.0,0,0,0,0,0,,0,0,0,0,0,,,,,10.62962962962963,,55.7,
Marcus Bellon,WR,2024,college_data,39.0,0,522.0,4.0,0,0,0,0,0,,0,0,0,0,0,,,,,13.384615384615385,,115.2,
Marcus Bellon,WR,2025,college_data,25.0,0,242.0,1.0,0,0,0,0,0,,0,0,0,0,0,,,,,9.68,,55.2,
Marcus Brown,WR,2025,college_data,12.0,0,86.0,1.0,0,0,0,0,0,,0,0,0,0,0,,,,,7.166666666666667,,26.6,
Marcus Burke,WR,2025,college_data,13.0,0,181.0,0.0,0,0,0,0,0,,0,0,0,0,0,,,,,13.923076923076923,,31.1,
Marcus Calwise Jr.,WR,2024,college_data,40.0,0,452.0,4.0,0,0,0,0,0,,0,0,0,0,0,,,,,11.3,,109.2,
Marcus Calwise Jr.,WR,2025,college_data,32.0,0,417.0,5.0,0,0,0,0,0,,0,0,0,0,0,,,,,13.03125,,103.7,
Marcus Chretien,WR,2024,college_data,35.0,0,320.0,1.0,0,0,0,0,0,,0,0,0,0,0,,,,,9.142857142857142,,73.0,
Marcus Johnson,WR,2019,nflreadpy,17.0,27,277.0,2.0,2,2,436,40,12,1.0412040573792183,2,12,9,5,4,0.4674867370408683,0.3490550271800272,0.42681301702219354,8.0,16.294117647058822,34.625,56.7,7.0875
Marcus Johnson,WR,2020,nflreadpy,14.0,9,255.0,0.0,9,9,9,9,9,1.099347470064346,9,9,9,9,9,0.521629385209596,1.0,1.0,9.0,18.214285714285715,28.333333333333332,39.5,4.388888888888889
Marcus Libman,WR,2024,college_data,24.0,0,309.0,2.0,0,0,0,0,0,,0,0,0,0,0,,,,,12.875,,66.9,
Marcus Sanders Jr.,WR,2025,college_data,50.0,0,797.0,5.0,0,0,0,0,0,,0,0,0,0,0,,,,,15.94,,159.7,
Marcus Striggles,WR,2025,college_data,11.0,0,136.0,1.0,0,0,0,0,0,,0,0,0,0,0,,,,,12.363636363636363,,30.6,
Mario Craver,WR,2024,college_data,17.0,0,368.0,3.0,0,0,0,0,0,,0,0,0,0,0,,,,,21.647058823529413,,71.80000000000001,
Mario Craver,WR,2025,college_data,58.0,0,911.0,4.0,0,0,0,0,0,,0,0,0,0,0,,,,,15.706896551724139,,173.10000000000002,
Mario Williams,WR,2024,college_data,60.0,0,1031.0,6.0,0,0,0,0,0,,0,0,0,0,0,,,,,17.183333333333334,,199.10000000000002,
Mark Bails,WR,2024,college_data,12.0,0,97.0,0.0,0,0,0,0,0,,0,0,0,0,0,,,,,8.083333333333334,,21.700000000000003,
Mark Didio,WR,2024,college_data,26.0,0,273.0,2.0,0,0,0,0,0,,0,0,0,0,0,,,,,10.5,,65.3,
Mark Hamper,WR,2024,college_data,48.0,0,966.0,6.0,0,0,0,0,0,,0,0,0,0,0,,,,,20.125,,180.60000000000002,
Mark Hamper,WR,2025,college_data,17.0,0,202.0,0.0,0,0,0,0,0,,0,0,0,0,0,,,,,11.882352941176471,,37.2,
Mark Mahoney,WR,2024,college_data,40.0,0,443.0,5.0,0,0,0,0,0,,0,0,0,0,0,,,,,11.075,,114.30000000000001,
Markell Quick,WR,2024,college_data,26.0,0,527.0,5.0,0,0,0,0,0,,0,0,0,0,0,,,,,20.26923076923077,,108.7,
Markell Quick,WR,2025,college_data,37.0,0,686.0,4.0,0,0,0,0,0,,0,0,0,0,0,,,,,18.54054054054054,,129.60000000000002,
Markus Allen,WR,2024,college_data,42.0,0,636.0,3.0,0,0,0,0,0,,0,0,0,0,0,,,,,15.142857142857142,,123.6,
Marlion Jackson,WR,2024,college_data,14.0,0,222.0,1.0,0,0,0,0,0,,0,0,0,0,0,,,,,15.857142857142858,,42.2,
Marlion Jackson,WR,2025,college_data,20.0,0,370.0,2.0,0,0,0,0,0,,0,0,0,0,0,,,,,18.5,,69.0,
Marlyn Johnson,WR,2024,college_data,17.0,0,169.0,0.0,0,0,0,0,0,,0,0,0,0,0,,,,,9.941176470588236,,33.900000000000006,
Marqeese Dietz,WR,2024,college_data,29.0,0,291.0,0.0,0,0,0,0,0,,0,0,0,0,0,,,,,10.03448275862069,,58.1,
Marqeese Dietz,WR,2025,college_data,66.0,0,532.0,1.0,0,0,0,0,0,,0,0,0,0,0,,,,,8.06060606060606,,125.2,
Marquawn McCraney,WR,2025,college_data,22.0,0,306.0,2.0,0,0,0,0,0,,0,0,0,0,0,,,,,13.909090909090908,,64.6,
Marques Singleton Jr.,WR,2025,college_data,24.0,0,165.0,1.0,0,0,0,0,0,,0,0,0,0,0,,,,,6.875,,46.5,
Marquez Bell,WR,2024,college_data,16.0,0,148.0,0.0,0,0,0,0,0,,0,0,0,0,0,,,,,9.25,,30.8,
Marquez Callaway,WR,2020,nflreadpy,21.0,10,213.0,0.0,10,10,10,10,10,1.3608798834111957,10,10,10,10,10,1.0819022821697069,1.0,1.0,10.0,10.142857142857142,21.3,42.3,4.2299999999999995
Marquez Callaway,WR,2021,nflreadpy,46.0,47,698.0,6.0,10,10,421,119,24,1.645226775884675,10,22,18,15,11,0.6294403649009908,0.6792313503697697,0.7361052745739558,17.0,15.173913043478262,41.05882352941177,151.8,8.929411764705883
Marquez Callaway,WR,2022,nflreadpy,16.0,32,158.0,1.0,0,0,389,35,11,-0.6193596414298177,0,6,2,2,0,0.6006504803512918,0.10408240588044235,0.13905560215640236,10.0,9.875,15.8,37.8,3.78
Marquez Phillips,WR,2024,college_data,19.0,0,259.0,2.0,0,0,0,0,0,,0,0,0,0,0,,,,,13.631578947368421,,56.900000000000006,
Marquez Valdes-Scantling,WR,2018,nflreadpy,38.0,73,581.0,2.0,0,0,889,213,23,0.48313955026201455,0,22,9,8,4,0.9580639416498208,0.11860156546941006,0.14778087726652828,16.0,15.289473684210526,36.3125,108.1,6.75625
Marquez Valdes-Scantling,WR,2019,nflreadpy,27.0,51,460.0,2.0,3,3,822,142,15,0.3220314424581676,3,14,12,10,8,0.9149720086713218,0.28246884960363255,0.3694470328941688,16.0,17.037037037037038,28.75,85.0,5.3125
Marquez Valdes-Scantling,WR,2020,nflreadpy,41.0,16,838.0,7.0,16,16,16,16,16,2.345922062782531,16,16,16,16,16,0.6228240614496818,1.0,1.0,16.0,20.4390243902439,52.375,166.8,10.425
Marquez Valdes-Scantling,WR,2021,nflreadpy,26.0,31,430.0,3.0,6,6,405,56,15,0.8918414790075104,6,11,10,10,6,0.44525868227962706,0.6066553680923182,0.6578412251457555,11.0,16.53846153846154,39.09090909090909,87.0,7.909090909090909
Marquez Valdes-Scantling,WR,2022,nflreadpy,49.0,92,809.0,4.0,0,0,1335,161,39,1.318621894909553,0,31,22,16,3,0.6117946488635009,0.13486830559125065,0.2546543322882878,20.0,16.510204081632654,40.45,153.9,7.695
Marquez Valdes-Scantling,WR,2023,nflreadpy,29.0,55,443.0,2.0,1,1,979,99,19,0.29254545495907686,0,17,11,8,1,0.45756791339559744,0.08153294688926152,0.1975829700640535,20.0,15.275862068965518,22.15,83.30000000000001,4.165000000000001
Marquez Valdes-Scantling,WR,2024,nflreadpy,19.0,44,411.0,4.0,0,0,765,143,14,0.7887422906872674,0,12,11,8,3,0.47478742200290236,0.11465118606956752,0.23413578627964926,13.0,21.63157894736842,31.615384615384617,84.1,6.4692307692307685
Marquez Valdes-Scantling,WR,2025,nflreadpy,17.0,34,146.0,1.0,1,0,376,33,7,-0.4790470170101228,0,4,2,0,0,0.5002049203519792,0.0906124570704367,0.14334447848651286,10.0,8.588235294117647,14.6,35.6,3.56
Marquis Buchanan,WR,2024,college_data,78.0,0,1030.0,8.0,0,0,0,0,0,,0,0,0,0,0,,,,,13.205128205128204,,229.0,
Marquis Buchanan,WR,2025,college_data,78.0,0,1337.0,8.0,0,0,0,0,0,,0,0,0,0,0,,,,,17.141025641025642,,259.70000000000005,
Marquis Johnson,WR,2024,college_data,25.0,0,352.0,1.0,0,0,0,0,0,,0,0,0,0,0,,,,,14.08,,66.2,
Marquis Johnson,WR,2025,college_data,28.0,0,345.0,2.0,0,0,0,0,0,,0,0,0,0,0,,,,,12.321428571428571,,74.5,
Marquis Willis,WR,2025,college_data,23.0,0,515.0,4.0,0,0,0,0,0,,0,0,0,0,0,,,,,22.391304347826086,,98.5,
Marquise Brown,WR,2019,nflreadpy,53.0,70,710.0,7.0,3,3,735,222,27,2.1885336941110776,3,20,16,11,7,1.0147190501518413,0.36009014827686886,0.3593823791094337,15.0,13.39622641509434,47.333333333333336,166.0,11.066666666666666
Marquise Brown,WR,2020,nflreadpy,69.0,18,965.0,8.0,18,18,18,18,18,2.0978166186936367,18,18,18,18,18,0.6700715113173292,1.0,1.0,18.0,13.985507246376812,53.611111111111114,213.5,11.86111111111111
Marquise Brown,WR,2021,nflreadpy,91.0,73,1008.0,6.0,9,9,531,123,23,0.743095631742267,9,23,11,10,9,0.7248407423789575,0.6768605537732693,0.68142363507049,16.0,11.076923076923077,63.0,227.8,14.2375
Marquise Brown,WR,2022,nflreadpy,67.0,107,709.0,3.0,1,0,1205,236,33,-0.27765832449556466,0,32,15,9,1,0.5788751297861537,0.2354694838099177,0.3628467688364972,12.0,10.582089552238806,59.083333333333336,153.9,12.825000000000001
Marquise Brown,WR,2023,nflreadpy,51.0,101,574.0,4.0,0,0,1186,164,32,-0.5827184996115107,0,26,12,8,1,0.5185373608493553,0.2521743354923301,0.363874000608918,13.0,11.254901960784315,44.15384615384615,132.4,10.184615384615386
Marquise Brown,WR,2024,nflreadpy,14.0,28,141.0,0.0,0,0,290,72,8,-0.7252037922072553,0,7,2,1,0,0.4764000708355024,0.170033162173727,0.29251024518416313,5.0,10.071428571428571,28.2,28.1,5.62
Marquise Brown,WR,2025,nflreadpy,49.0,74,587.0,5.0,1,0,836,190,29,1.396706458995359,0,24,12,7,3,2.0349708089034744,0.1419715999064999,0.19738969246199353,16.0,11.979591836734693,36.6875,135.7,8.48125
Marquise Goodwin,WR,2018,nflreadpy,23.0,44,395.0,4.0,1,0,615,126,19,0.8688257010627157,0,16,9,5,2,0.5291178124149799,0.1355745826058965,0.23955181976566173,11.0,17.17391304347826,35.90909090909091,84.5,7.681818181818182
Marquise Goodwin,WR,2019,nflreadpy,12.0,21,186.0,1.0,0,0,281,33,10,1.3762462350302693,0,8,6,3,0,0.5574431237102796,0.08678494444623477,0.17858787635301746,8.0,15.5,23.25,36.6,4.575
Marquise Goodwin,WR,2021,nflreadpy,20.0,18,313.0,1.0,11,11,63,20,13,0.8481776057091065,11,12,11,11,11,0.6182220449610385,0.7987833077895189,0.7995078374858364,14.0,15.65,22.357142857142858,57.3,4.0928571428571425
Marquise Goodwin,WR,2022,nflreadpy,27.0,42,387.0,4.0,0,0,442,114,18,1.7416814149374826,0,16,14,9,0,1.081312059941231,0.09393504010369814,0.1286474789893059,13.0,14.333333333333334,29.76923076923077,89.7,6.9
Marshaun Brown,WR,2025,college_data,16.0,0,164.0,1.0,0,0,0,0,0,,0,0,0,0,0,,,,,10.25,,38.400000000000006,
Marshawn Ferguson,WR,2025,college_data,27.0,0,270.0,1.0,0,0,0,0,0,,0,0,0,0,0,,,,,10.0,,60.0,
Martavis Bryant,WR,2018,nflreadpy,19.0,27,266.0,0.0,1,1,320,131,10,0.0856096820955697,0,10,8,6,1,2.2049178531182805,0.10847221740988415,0.21288595141843064,7.0,14.0,38.0,43.6,6.228571428571429
Marvin Hall,WR,2020,nflreadpy,18.0,11,302.0,2.0,11,11,11,11,11,1.5469951900410128,11,11,11,11,11,0.5885122026338265,1.0,1.0,11.0,16.77777777777778,27.454545454545453,60.2,5.472727272727273
Marvin Harrison Jr.,WR,2024,nflreadpy,62.0,116,885.0,8.0,1,1,1566,148,43,1.6064045393640205,0,41,22,14,1,0.5767716202801108,0.22580166954521233,0.41905643059787184,17.0,14.274193548387096,52.05882352941177,196.5,11.558823529411764
Marvin Harrison Jr.,WR,2025,nflreadpy,41.0,73,608.0,4.0,0,0,946,119,30,2.5928964562879595,1,28,18,9,2,0.6701877225063715,0.18054584989169167,0.3304431512354945,12.0,14.829268292682928,50.666666666666664,127.80000000000001,10.65
Marvin Jones,WR,2018,nflreadpy,35.0,62,508.0,5.0,0,0,904,107,27,1.92149761689557,0,23,13,5,0,0.5816881891072171,0.18880928627378932,0.36943176271878586,9.0,14.514285714285714,56.44444444444444,115.80000000000001,12.866666666666667
Marvin Jones,WR,2019,nflreadpy,62.0,91,779.0,9.0,0,0,1186,106,41,2.8286843239516646,0,35,20,12,1,0.6786343390596637,0.2021191452964291,0.2686768529697651,13.0,12.564516129032258,59.92307692307692,193.9,14.915384615384616
Marvin Jones,WR,2020,nflreadpy,76.0,16,978.0,9.0,16,16,16,16,16,1.5997328946199907,16,16,16,16,16,0.7678050613500835,1.0,1.0,16.0,12.868421052631579,61.125,227.8,14.2375
Marvin Jones,WR,2021,nflreadpy,73.0,52,832.0,4.0,11,11,453,60,27,1.5031735437869467,11,23,18,15,11,0.6321236127165418,0.7211553505671153,0.7541810681717633,17.0,11.397260273972602,48.94117647058823,180.2,10.6
Marvin Jones,WR,2022,nflreadpy,50.0,90,579.0,4.0,0,0,1203,109,34,0.8909529367221312,0,27,11,7,0,0.5244495211602486,0.14173974520648253,0.2507493295409846,18.0,11.58,32.166666666666664,131.9,7.327777777777778
Marvin Mims Jr.,WR,2023,nflreadpy,22.0,33,377.0,1.0,0,0,497,154,9,0.6021635430762651,0,8,8,6,4,1.1080324987096986,0.0718190155151362,0.11103128232436456,16.0,17.136363636363637,23.5625,65.7,4.10625
Marvin Mims Jr.,WR,2024,nflreadpy,41.0,56,515.0,6.0,1,0,422,480,15,1.3726360135103592,0,12,7,7,3,1.0079502639877658,0.09997041873217172,0.09077215043080596,18.0,12.560975609756097,28.61111111111111,126.5,7.027777777777778
Marvin Mims Jr.,WR,2025,nflreadpy,49.0,65,477.0,2.0,0,0,601,294,21,0.8064917829690608,0,15,10,9,1,1.072739232895078,0.11199769092248126,0.118120068006807,17.0,9.73469387755102,28.058823529411764,108.7,6.394117647058824
Marvin Session,WR,2024,college_data,12.0,0,118.0,1.0,0,0,0,0,0,,0,0,0,0,0,,,,,9.833333333333334,,29.8,
Marvin Session,WR,2025,college_data,32.0,0,415.0,1.0,0,0,0,0,0,,0,0,0,0,0,,,,,12.96875,,79.5,
Mason Humphrey,WR,2024,college_data,45.0,0,587.0,5.0,0,0,0,0,0,,0,0,0,0,0,,,,,13.044444444444444,,133.7,
Mason Humphrey,WR,2025,college_data,35.0,0,651.0,4.0,0,0,0,0,0,,0,0,0,0,0,,,,,18.6,,124.10000000000001,
Mason Kuehner,WR,2024,college_data,17.0,0,258.0,1.0,0,0,0,0,0,,0,0,0,0,0,,,,,15.176470588235293,,48.8,
Mason Kuehner,WR,2025,college_data,52.0,0,572.0,1.0,0,0,0,0,0,,0,0,0,0,0,,,,,11.0,,115.2,
Mason Pierce,WR,2024,college_data,27.0,0,157.0,1.0,0,0,0,0,0,,0,0,0,0,0,,,,,5.814814814814815,,48.7,
Mason Shipp,WR,2024,college_data,39.0,0,431.0,2.0,0,0,0,0,0,,0,0,0,0,0,,,,,11.051282051282051,,94.1,
Mason Shipp,WR,2025,college_data,11.0,0,116.0,0.0,0,0,0,0,0,,0,0,0,0,0,,,,,10.545454545454545,,22.6,
Mason Stahl,WR,2024,college_data,12.0,0,155.0,0.0,0,0,0,0,0,,0,0,0,0,0,,,,,12.916666666666666,,27.5,
Mason Tipton,WR,2024,nflreadpy,14.0,26,99.0,0.0,0,0,326,27,2,-1.1645338212765597,0,2,0,0,0,0.6819689315049662,0.0893076398415834,0.12783974045586602,9.0,7.071428571428571,11.0,23.9,2.6555555555555554
Mason Tipton,WR,2025,nflreadpy,11.0,17,76.0,0.0,0,0,149,37,4,-1.243457805293466,0,2,0,0,0,0.44325646401118096,0.05422843586365928,0.05666916283277894,8.0,6.909090909090909,9.5,18.6,2.325
Matt Chandler,WR,2025,college_data,11.0,0,106.0,1.0,0,0,0,0,0,,0,0,0,0,0,,,,,9.636363636363637,,27.6,
Matt D'Avino,WR,2025,college_data,18.0,0,257.0,2.0,0,0,0,0,0,,0,0,0,0,0,,,,,14.277777777777779,,55.7,
Matt Fogler,WR,2025,college_data,23.0,0,413.0,7.0,0,0,0,0,0,,0,0,0,0,0,,,,,17.956521739130434,,106.30000000000001,
Matt Sykes,WR,2024,college_data,65.0,0,795.0,5.0,0,0,0,0,0,,0,0,0,0,0,,,,,12.23076923076923,,174.5,
Matthew Coleman,WR,2024,college_data,34.0,0,401.0,2.0,0,0,0,0,0,,0,0,0,0,0,,,,,11.794117647058824,,86.1,
Matthew Coleman,WR,2025,college_data,20.0,0,131.0,1.0,0,0,0,0,0,,0,0,0,0,0,,,,,6.55,,39.1,
Matthew Golden,WR,2024,college_data,58.0,0,987.0,9.0,0,0,0,0,0,,0,0,0,0,0,,,,,17.017241379310345,,210.7,
Matthew Golden,WR,2025,nflreadpy,33.0,49,445.0,1.0,0,0,623,143,20,1.637084519254453,0,18,11,9,1,0.8867930828027267,0.12440521495060014,0.19125042578321844,15.0,13.484848484848484,29.666666666666668,83.5,5.566666666666666
Matthew Golden,WR,2026,nflreadpy,18.0,37,274.0,2.0,0,0,505,106,13,1.2550779037070712,0,11,6,4,2,0.5392245689820381,0.24388100067613253,0.3960219485418449,4.0,15.222222222222221,68.5,57.400000000000006,14.350000000000001
Matthew Henry,WR,2024,college_data,63.0,0,1179.0,6.0,0,0,0,0,0,,0,0,0,0,0,,,,,18.714285714285715,,216.9,
Matthew Henry,WR,2025,college_data,55.0,0,888.0,6.0,0,0,0,0,0,,0,0,0,0,0,,,,,16.145454545454545,,179.8,
Matthew McCallister,WR,2025,college_data,13.0,0,236.0,1.0,0,0,0,0,0,,0,0,0,0,0,,,,,18.153846153846153,,42.6,
Matthew Scerbo,WR,2025,college_data,13.0,0,196.0,3.0,0,0,0,0,0,,0,0,0,0,0,,,,,15.076923076923077,,50.6,
Maurice Harris,WR,2018,nflreadpy,28.0,47,304.0,0.0,0,0,464,100,12,-0.8030893958265007,0,12,5,3,1,0.9086195132145947,0.12651953008554304,0.131882723800572,11.0,10.857142857142858,27.636363636363637,58.400000000000006,5.3090909090909095
Maury Sullivan,WR,2025,college_data,49.0,0,596.0,4.0,0,0,0,0,0,,0,0,0,0,0,,,,,12.16326530612245,,132.6,
Mavin Anderson,WR,2024,college_data,14.0,0,99.0,0.0,0,0,0,0,0,,0,0,0,0,0,,,,,7.071428571428571,,23.9,
Max Mosey,WR,2024,college_data,36.0,0,703.0,6.0,0,0,0,0,0,,0,0,0,0,0,,,,,19.52777777777778,,142.3,
Max Mosey,WR,2025,college_data,50.0,0,490.0,0.0,0,0,0,0,0,,0,0,0,0,0,,,,,9.8,,99.0,
Max Patterson,WR,2024,college_data,25.0,0,286.0,0.0,0,0,0,0,0,,0,0,0,0,0,,,,,11.44,,53.6,
Max Patterson,WR,2025,college_data,20.0,0,275.0,3.0,0,0,0,0,0,,0,0,0,0,0,,,,,13.75,,65.5,
Max Tomczak,WR,2024,college_data,72.0,0,890.0,4.0,0,0,0,0,0,,0,0,0,0,0,,,,,12.36111111111111,,185.0,
Max Tomczak,WR,2025,college_data,70.0,0,1021.0,8.0,0,0,0,0,0,,0,0,0,0,0,,,,,14.585714285714285,,220.10000000000002,
Maxwell James,WR,2024,college_data,22.0,0,293.0,4.0,0,0,0,0,0,,0,0,0,0,0,,,,,13.318181818181818,,75.3,
Maxwell James,WR,2025,college_data,23.0,0,304.0,4.0,0,0,0,0,0,,0,0,0,0,0,,,,,13.217391304347826,,77.4,
Maxwell Moss,WR,2025,college_data,31.0,0,430.0,1.0,0,0,0,0,0,,0,0,0,0,0,,,,,13.870967741935484,,80.0,
Mazeo Bennett,WR,2024,college_data,30.0,0,337.0,3.0,0,0,0,0,0,,0,0,0,0,0,,,,,11.233333333333333,,81.7,
Mecole Hardman,WR,2019,nflreadpy,30.0,45,567.0,6.0,5,5,428,297,22,2.303578591257367,5,22,15,13,9,1.3626119305746238,0.321249968415931,0.323193187651754,19.0,18.9,29.842105263157894,122.69999999999999,6.457894736842104
Mecole Hardman,WR,2020,nflreadpy,49.0,19,626.0,5.0,19,19,19,19,19,1.6411957666484738,19,19,19,19,19,0.6141493907205009,1.0,1.0,19.0,12.775510204081632,32.94736842105263,141.6,7.4526315789473685
Mecole Hardman,WR,2021,nflreadpy,67.0,44,814.0,3.0,11,11,259,276,28,1.2773848098921008,11,23,18,18,16,3.2237359180617773,0.595887306318074,0.6017502038683468,20.0,12.149253731343284,40.7,166.4,8.32
Mecole Hardman,WR,2022,nflreadpy,27.0,37,307.0,4.0,0,0,290,163,15,2.0472504390012487,0,11,6,5,0,1.1701465053045554,0.10005782465170626,0.108377461663409,9.0,11.37037037037037,34.111111111111114,81.7,9.077777777777778
Mecole Hardman,WR,2023,nflreadpy,20.0,31,186.0,1.0,1,1,244,124,10,-0.39300454265475837,0,6,2,2,1,0.3405146929763155,0.09746782810778754,0.10129796126289177,10.0,9.3,18.6,42.6,4.26
Mecole Hardman,WR,2024,nflreadpy,12.0,14,90.0,0.0,0,0,-14,99,6,0.7180166072891249,0,4,1,0,0,3.0238095238095237,0.03495177103099304,-0.00676990837920001,12.0,7.5,7.5,21.0,1.75
Mehki Larronte Campfield,WR,2025,college_data,31.0,0,394.0,1.0,0,0,0,0,0,,0,0,0,0,0,,,,,12.709677419354838,,76.4,
Mehki Wall,WR,2025,college_data,28.0,0,510.0,4.0,0,0,0,0,0,,0,0,0,0,0,,,,,18.214285714285715,,103.0,
Mekai Felton,WR,2024,college_data,22.0,0,329.0,1.0,0,0,0,0,0,,0,0,0,0,0,,,,,14.954545454545455,,60.9,
Mekhi Collins,WR,2024,college_data,16.0,0,303.0,3.0,0,0,0,0,0,,0,0,0,0,0,,,,,18.9375,,64.3,
Mekhi Mews,WR,2024,college_data,29.0,0,253.0,1.0,0,0,0,0,0,,0,0,0,0,0,,,,,8.724137931034482,,60.3,
Mekhi Norris,WR,2025,college_data,31.0,0,516.0,1.0,0,0,0,0,0,,0,0,0,0,0,,,,,16.64516129032258,,88.6,
Mekhi Shaw,WR,2024,college_data,15.0,0,160.0,2.0,0,0,0,0,0,,0,0,0,0,0,,,,,10.666666666666666,,43.0,
Melquan Stovall,WR,2024,college_data,24.0,0,287.0,0.0,0,0,0,0,0,,0,0,0,0,0,,,,,11.958333333333334,,52.7,
Micah Davis,WR,2025,college_data,31.0,0,429.0,5.0,0,0,0,0,0,,0,0,0,0,0,,,,,13.838709677419354,,103.9,
Micah Mackay,WR,2025,college_data,12.0,0,196.0,1.0,0,0,0,0,0,,0,0,0,0,0,,,,,16.333333333333332,,37.6,
Micah Mays Jr.,WR,2024,college_data,16.0,0,218.0,2.0,0,0,0,0,0,,0,0,0,0,0,,,,,13.625,,49.8,
Micah Mays Jr.,WR,2025,college_data,18.0,0,302.0,2.0,0,0,0,0,0,,0,0,0,0,0,,,,,16.77777777777778,,60.2,
Micah Tease,WR,2025,college_data,12.0,0,196.0,1.0,0,0,0,0,0,,0,0,0,0,0,,,,,16.333333333333332,,37.6,
Micah Woods,WR,2025,college_data,11.0,0,113.0,1.0,0,0,0,0,0,,0,0,0,0,0,,,,,10.272727272727273,,28.3,
Micahi Danzy,WR,2025,college_data,27.0,0,571.0,3.0,0,0,0,0,0,,0,0,0,0,0,,,,,21.14814814814815,,102.1,
Michael Briscoe,WR,2024,college_data,23.0,0,510.0,4.0,0,0,0,0,0,,0,0,0,0,0,,,,,22.17391304347826,,98.0,
Michael Briscoe,WR,2025,college_data,43.0,0,779.0,7.0,0,0,0,0,0,,0,0,0,0,0,,,,,18.11627906976744,,162.9,
Michael Crabtree,WR,2018,nflreadpy,56.0,104,645.0,5.0,0,0,1170,130,37,0.15283271799156656,0,31,15,7,0,0.7290024490656369,0.17732884604816884,0.22504992480613106,17.0,11.517857142857142,37.94117647058823,150.5,8.852941176470589
Michael Fitzgerald,WR,2025,college_data,16.0,0,228.0,3.0,0,0,0,0,0,,0,0,0,0,0,,,,,14.25,,56.8,
Michael Gallup,WR,2018,nflreadpy,41.0,83,644.0,3.0,0,0,1152,202,26,0.8111999322034568,1,28,15,13,3,0.6849313465890873,0.151227816122262,0.28840309753522636,17.0,15.707317073170731,37.88235294117647,125.4,7.376470588235295
Michael Gallup,WR,2019,nflreadpy,66.0,97,1107.0,6.0,2,2,1177,261,44,3.1977780142264294,2,45,22,17,5,0.86158307476204,0.32392724767519254,0.38390502272581495,14.0,16.772727272727273,79.07142857142857,212.7,15.192857142857141
Michael Gallup,WR,2020,nflreadpy,59.0,16,843.0,5.0,16,16,16,16,16,1.8233173527455957,16,16,16,16,16,0.6475296310107912,1.0,1.0,16.0,14.288135593220339,52.6875,173.3,10.83125
Michael Gallup,WR,2021,nflreadpy,35.0,43,445.0,2.0,3,3,522,75,17,2.044904103893647,3,14,11,8,5,0.7334528244350123,0.44314794547430497,0.5250412827152549,9.0,12.714285714285714,49.44444444444444,91.5,10.166666666666666
Michael Gallup,WR,2022,nflreadpy,44.0,83,470.0,5.0,0,0,940,116,29,0.002433433342511726,0,23,8,4,0,0.5802648484998865,0.1676740139960283,0.2247509741258655,16.0,10.681818181818182,29.375,121.0,7.5625
Michael Gallup,WR,2023,nflreadpy,40.0,63,521.0,2.0,0,0,690,141,23,0.6863681572894659,0,19,12,7,2,0.7719569415084612,0.10435741161012609,0.14732506407383525,17.0,13.025,30.647058823529413,104.1,6.123529411764705
Michael Jackson III,WR,2025,college_data,63.0,0,570.0,1.0,0,0,0,0,0,,0,0,0,0,0,,,,,9.047619047619047,,126.0,
Michael Love,WR,2024,college_data,50.0,0,608.0,7.0,0,0,0,0,0,,0,0,0,0,0,,,,,12.16,,152.8,
Michael Mathison,WR,2024,college_data,13.0,0,143.0,2.0,0,0,0,0,0,,0,0,0,0,0,,,,,11.0,,39.3,
Michael Mussari,WR,2025,college_data,34.0,0,621.0,7.0,0,0,0,0,0,,0,0,0,0,0,,,,,18.264705882352942,,138.1,
Michael Nesbit,WR,2025,college_data,17.0,0,169.0,0.0,0,0,0,0,0,,0,0,0,0,0,,,,,9.941176470588236,,33.900000000000006,
Michael Pettway,WR,2024,college_data,25.0,0,454.0,3.0,0,0,0,0,0,,0,0,0,0,0,,,,,18.16,,88.4,
Michael Phoenix II,WR,2024,college_data,15.0,0,219.0,3.0,0,0,0,0,0,,0,0,0,0,0,,,,,14.6,,54.900000000000006,
Michael Pittman,WR,2020,nflreadpy,45.0,14,593.0,1.0,14,14,14,14,14,1.5667489550354932,14,14,14,14,14,1.8670633691615606,1.0,1.0,14.0,13.177777777777777,42.357142857142854,110.30000000000001,7.878571428571429
Michael Pittman,WR,2021,nflreadpy,88.0,59,1082.0,6.0,11,11,437,139,28,2.8293981733846643,12,27,16,14,11,1.1074057726317317,0.7607536416914218,0.7676044236466858,17.0,12.295454545454545,63.64705882352941,234.2,13.776470588235293
Michael Pittman,WR,2022,nflreadpy,99.0,141,925.0,4.0,2,1,985,344,51,1.2883918131703957,0,40,16,8,0,0.9755944229065118,0.26107219228558576,0.2783998026765544,16.0,9.343434343434344,57.8125,211.5,13.21875
Michael Pittman,WR,2023,nflreadpy,109.0,156,1152.0,4.0,1,0,1227,513,53,1.7556115299786725,2,42,15,10,3,0.992687012252017,0.3040816068584316,0.326680705261295,16.0,10.568807339449542,72.0,250.2,15.6375
Michael Pittman,WR,2024,nflreadpy,69.0,111,808.0,3.0,1,1,1234,259,35,0.07740262985767465,0,33,20,12,0,0.6956716209764938,0.25240563208570427,0.24598341492256123,16.0,11.710144927536232,50.5,165.8,10.3625
Michael Pittman,WR,2025,nflreadpy,80.0,111,784.0,7.0,0,0,907,259,47,1.312862805259549,1,39,14,5,0,0.9599539620825283,0.20648718139189579,0.20988291429328165,17.0,9.8,46.11764705882353,202.4,11.905882352941177
Michael Plaskon,WR,2024,college_data,47.0,0,595.0,1.0,0,0,0,0,0,,0,0,0,0,0,,,,,12.659574468085106,,112.5,
Michael Rossin,WR,2025,college_data,22.0,0,462.0,6.0,0,0,0,0,0,,0,0,0,0,0,,,,,21.0,,104.2,
Michael Thomas,WR,2018,nflreadpy,141.0,170,1612.0,10.0,2,2,1360,584,83,5.353253435613753,0,60,30,22,3,1.2440679376239443,0.28871385624779,0.3402344537848243,18.0,11.432624113475176,89.55555555555556,358.20000000000005,19.900000000000002
Michael Thomas,WR,2019,nflreadpy,156.0,162,1795.0,9.0,4,3,1254,521,81,5.901379820969198,3,68,32,18,6,1.2645980918086772,0.4434702997786382,0.5023436413389243,17.0,11.506410256410257,105.58823529411765,387.5,22.794117647058822
Michael Thomas,WR,2020,nflreadpy,45.0,9,511.0,1.0,9,9,9,9,9,1.118776486865066,9,9,9,9,9,0.7395867660480131,1.0,1.0,9.0,11.355555555555556,56.77777777777778,102.1,11.344444444444443
Michael Thomas,WR,2022,nflreadpy,16.0,22,171.0,3.0,0,0,237,21,13,5.565435772548274,0,9,3,2,0,0.8230191826522102,0.20106837606837605,0.19547612007678258,3.0,10.6875,57.0,51.1,17.033333333333335
Michael Thomas,WR,2023,nflreadpy,39.0,64,448.0,1.0,0,0,650,100,21,1.2608109096507383,0,18,10,4,0,0.6832470029498892,0.18383485694934318,0.20427679366779064,10.0,11.487179487179487,44.8,89.80000000000001,8.98
Michael Trovarelli,WR,2025,college_data,43.0,0,488.0,6.0,0,0,0,0,0,,0,0,0,0,0,,,,,11.348837209302326,,127.80000000000001,
Michael Wilson,WR,2023,nflreadpy,38.0,58,565.0,3.0,0,0,720,139,29,1.4699074937126269,1,26,16,7,1,0.7963646308874384,0.13645475822620304,0.24527525206150302,13.0,14.868421052631579,43.46153846153846,114.5,8.807692307692308
Michael Wilson,WR,2024,nflreadpy,47.0,71,548.0,4.0,1,1,805,130,27,0.6327226095915398,0,21,12,10,1,0.6863781353687458,0.1449004207890856,0.24074220648528716,16.0,11.659574468085106,34.25,123.80000000000001,7.737500000000001
Michael Wilson,WR,2025,nflreadpy,78.0,126,1006.0,7.0,0,0,1502,273,51,1.5148341589628027,0,43,20,14,2,0.6632313209668897,0.1922149200063066,0.3124362128546307,17.0,12.897435897435898,59.1764705882353,220.60000000000002,12.976470588235296
Michael Wilson,WR,2026,nflreadpy,25.0,44,258.0,1.0,0,0,418,68,17,-1.6331594934291713,0,11,5,2,0,0.5891098087018354,0.2924621324621325,0.446769200829181,4.0,10.32,64.5,56.8,14.2
Michael Wortham,WR,2024,college_data,24.0,0,204.0,1.0,0,0,0,0,0,,0,0,0,0,0,,,,,8.5,,50.400000000000006,
Michael Wortham,WR,2025,college_data,85.0,0,1224.0,10.0,0,0,0,0,0,,0,0,0,0,0,,,,,14.4,,267.4,
Mike Brown-Stephens,WR,2024,college_data,28.0,0,350.0,4.0,0,0,0,0,0,,0,0,0,0,0,,,,,12.5,,87.0,
Mike Evans,WR,2018,nflreadpy,86.0,138,1524.0,8.0,1,1,2147,282,69,3.7322415425236453,0,62,40,26,6,0.7556083812272636,0.22767044303790132,0.3306806575135865,16.0,17.72093023255814,95.25,284.4,17.775
Mike Evans,WR,2019,nflreadpy,67.0,118,1157.0,8.0,0,0,1777,261,54,2.212331410055242,1,49,29,17,7,0.6337205482587862,0.24126783431682378,0.33491857418605997,13.0,17.26865671641791,89.0,232.7,17.9
Mike Evans,WR,2020,nflreadpy,81.0,20,1210.0,15.0,20,20,20,20,20,2.7945987810295114,20,20,20,20,20,0.7803866743696487,1.0,1.0,20.0,14.938271604938272,60.5,292.0,14.6
Mike Evans,WR,2021,nflreadpy,91.0,68,1271.0,16.0,11,11,682,166,41,4.362628881746712,11,33,25,20,12,0.8181869207845502,0.6807821548176732,0.7223071308835203,18.0,13.967032967032967,70.61111111111111,314.1,17.450000000000003
Mike Evans,WR,2022,nflreadpy,83.0,138,1198.0,6.0,0,0,1822,233,57,1.8765997767841474,1,47,28,20,5,0.7173977756954084,0.1959631894168389,0.35170027486501465,16.0,14.433734939759036,74.875,240.8,15.05
Mike Evans,WR,2023,nflreadpy,90.0,155,1450.0,14.0,0,0,2218,357,61,3.2620075411103535,0,54,39,25,6,0.6944533319659939,0.2521040745378149,0.400789934965394,19.0,16.11111111111111,76.3157894736842,319.0,16.789473684210527
Mike Evans,WR,2024,nflreadpy,81.0,117,1096.0,12.0,0,0,1337,255,60,3.2420111621563352,0,51,23,17,1,0.8430090480540845,0.2611783641976499,0.39973816056324385,15.0,13.530864197530864,73.06666666666666,262.6,17.506666666666668
Mike Evans,WR,2025,nflreadpy,30.0,62,368.0,3.0,0,0,824,37,23,0.6582906203593526,0,17,6,5,1,0.5003582029044501,0.24344588122605365,0.34794504416303484,8.0,12.266666666666667,46.0,84.80000000000001,10.600000000000001
Mike Evans,WR,2026,nflreadpy,17.0,24,213.0,2.0,0,0,315,29,16,6.203883609837233,0,9,6,3,0,0.8021915584415584,0.21384269888326685,0.3536599212250914,4.0,12.529411764705882,53.25,50.3,12.575
Mike Matthews,WR,2025,college_data,53.0,0,813.0,4.0,0,0,0,0,0,,0,0,0,0,0,,,,,15.339622641509434,,158.3,
Mike Solomon,WR,2025,college_data,20.0,0,329.0,2.0,0,0,0,0,0,,0,0,0,0,0,,,,,16.45,,64.9,
Mike Thomas,WR,2020,nflreadpy,13.0,12,132.0,1.0,12,12,12,12,12,-0.6572233258571941,12,12,12,12,12,0.9731688311688311,1.0,1.0,12.0,10.153846153846153,11.0,32.2,2.6833333333333336
Mike Williams,WR,2018,nflreadpy,50.0,82,774.0,10.0,0,0,1228,141,42,3.1129418896677836,2,35,22,13,2,0.6829997263809436,0.1417623947449612,0.26499216985698726,18.0,15.48,43.0,191.4,10.633333333333333
Mike Williams,WR,2019,nflreadpy,49.0,83,1001.0,2.0,2,2,1448,176,38,2.2382182095944243,2,38,24,17,10,0.7581552402927726,0.2814449190994677,0.4435753733459254,15.0,20.428571428571427,66.73333333333333,161.10000000000002,10.740000000000002
Mike Williams,WR,2020,nflreadpy,48.0,14,756.0,5.0,14,14,14,14,14,2.129833312698229,14,14,14,14,14,0.6447773401034599,1.0,1.0,14.0,15.75,54.0,153.60000000000002,10.971428571428573
Mike Williams,WR,2021,nflreadpy,76.0,54,1146.0,9.0,11,11,575,141,28,4.1667680514111805,11,24,20,17,15,1.0869184755850125,0.7526375985360361,0.7783708460691398,16.0,15.078947368421053,71.625,244.60000000000002,15.287500000000001
Mike Williams,WR,2022,nflreadpy,63.0,93,895.0,4.0,0,0,1111,324,39,2.4295630384931095,0,38,22,11,2,0.886867174714981,0.18444134089923342,0.3258944034979466,13.0,14.206349206349206,68.84615384615384,176.5,13.576923076923077
Mike Williams,WR,2023,nflreadpy,19.0,26,249.0,1.0,0,0,307,108,9,4.2842383004819755,0,10,5,4,1,0.9141865079365079,0.22043010752688172,0.2834056198111498,3.0,13.105263157894736,83.0,49.900000000000006,16.633333333333336
Mike Williams,WR,2024,nflreadpy,22.0,36,335.0,1.0,0,0,543,52,15,1.1759411120694339,0,14,10,7,0,0.7667282141215698,0.0759219575561781,0.14626630615554911,15.0,15.227272727272727,22.333333333333332,61.5,4.1
Mikey Matthews,WR,2024,college_data,34.0,0,292.0,1.0,0,0,0,0,0,,0,0,0,0,0,,,,,8.588235294117647,,69.2,
Mikey Matthews,WR,2025,college_data,33.0,0,348.0,2.0,0,0,0,0,0,,0,0,0,0,0,,,,,10.545454545454545,,79.80000000000001,
Mikey Welsh,WR,2025,college_data,12.0,0,129.0,0.0,0,0,0,0,0,,0,0,0,0,0,,,,,10.75,,24.9,
Milan Tucker,WR,2024,college_data,13.0,0,145.0,0.0,0,0,0,0,0,,0,0,0,0,0,,,,,11.153846153846153,,27.5,
Miles Boykin,WR,2019,nflreadpy,16.0,22,224.0,3.0,3,3,322,15,13,0.8806568593707008,3,10,7,5,4,0.5596037543928363,0.28440334136509304,0.3357361503749739,13.0,14.0,17.23076923076923,56.400000000000006,4.338461538461539
Miles Boykin,WR,2020,nflreadpy,22.0,16,286.0,4.0,16,16,16,16,16,0.5543593814738205,16,16,16,16,16,0.8128178603006189,1.0,1.0,16.0,13.0,17.875,74.6,4.6625
Miles Burris,WR,2025,college_data,14.0,0,134.0,0.0,0,0,0,0,0,,0,0,0,0,0,,,,,9.571428571428571,,27.4,
Miles Coleman,WR,2024,college_data,36.0,0,378.0,2.0,0,0,0,0,0,,0,0,0,0,0,,,,,10.5,,85.80000000000001,
Miles Coleman,WR,2025,college_data,47.0,0,550.0,2.0,0,0,0,0,0,,0,0,0,0,0,,,,,11.702127659574469,,114.0,
Miles Cross,WR,2024,college_data,27.0,0,324.0,4.0,0,0,0,0,0,,0,0,0,0,0,,,,,12.0,,83.4,
Miles Williams,WR,2024,college_data,14.0,0,115.0,1.0,0,0,0,0,0,,0,0,0,0,0,,,,,8.214285714285714,,31.5,
Miles Williams,WR,2025,college_data,41.0,0,524.0,2.0,0,0,0,0,0,,0,0,0,0,0,,,,,12.78048780487805,,105.4,
Mitchell January,WR,2024,college_data,42.0,0,520.0,2.0,0,0,0,0,0,,0,0,0,0,0,,,,,12.380952380952381,,106.0,
Mohamed Sanu,WR,2018,nflreadpy,66.0,94,838.0,4.0,2,1,754,401,41,2.8759295006148946,1,39,13,7,2,1.5065434757007914,0.15793794289752733,0.1394996377284899,16.0,12.696969696969697,52.375,171.8,10.7375
Mohamed Sanu,WR,2019,nflreadpy,60.0,86,531.0,2.0,2,2,642,184,30,-0.03864220285955505,2,24,7,4,2,0.7961099929546523,0.26113005155073427,0.2655074110148601,16.0,8.85,33.1875,125.1,7.81875
Mohamed Sanu,WR,2020,nflreadpy,17.0,7,187.0,1.0,7,7,7,7,7,2.4619273086797837,7,7,7,7,7,1.0343973727422002,1.0,1.0,7.0,11.0,26.714285714285715,41.7,5.957142857142857
Mohamed Sanu,WR,2021,nflreadpy,15.0,8,177.0,0.0,8,8,8,8,8,1.5073427972261384,8,8,8,8,8,0.8114942183130307,1.0,1.0,8.0,11.8,22.125,32.7,4.0875
Molayo Irefin,WR,2024,college_data,19.0,0,302.0,1.0,0,0,0,0,0,,0,0,0,0,0,,,,,15.894736842105264,,55.2,
Molayo Irefin,WR,2025,college_data,34.0,0,400.0,1.0,0,0,0,0,0,,0,0,0,0,0,,,,,11.764705882352942,,80.0,
Monaray Baldwin,WR,2024,college_data,27.0,0,478.0,5.0,0,0,0,0,0,,0,0,0,0,0,,,,,17.703703703703702,,104.80000000000001,
Money Parks,WR,2024,college_data,21.0,0,294.0,3.0,0,0,0,0,0,,0,0,0,0,0,,,,,14.0,,68.4,
Montana Lemonious-Craig,WR,2024,college_data,17.0,0,172.0,1.0,0,0,0,0,0,,0,0,0,0,0,,,,,10.117647058823529,,40.2,
Montez Green,WR,2025,college_data,29.0,0,346.0,2.0,0,0,0,0,0,,0,0,0,0,0,,,,,11.931034482758621,,75.6,
Montigo Moss,WR,2024,college_data,61.0,0,722.0,7.0,0,0,0,0,0,,0,0,0,0,0,,,,,11.836065573770492,,175.2,
Montorie Foster,WR,2024,college_data,46.0,0,588.0,3.0,0,0,0,0,0,,0,0,0,0,0,,,,,12.782608695652174,,122.80000000000001,
Mookie Cooper,WR,2024,college_data,12.0,0,235.0,0.0,0,0,0,0,0,,0,0,0,0,0,,,,,19.583333333333332,,35.5,
Moussa Barry,WR,2025,college_data,34.0,0,488.0,1.0,0,0,0,0,0,,0,0,0,0,0,,,,,14.352941176470589,,88.80000000000001,
Mudia Reuben,WR,2025,college_data,36.0,0,495.0,5.0,0,0,0,0,0,,0,0,0,0,0,,,,,13.75,,115.5,
Myles Alston,WR,2024,college_data,23.0,0,246.0,0.0,0,0,0,0,0,,0,0,0,0,0,,,,,10.695652173913043,,47.6,
Myles Butler,WR,2024,college_data,30.0,0,366.0,3.0,0,0,0,0,0,,0,0,0,0,0,,,,,12.2,,84.6,
Myles Butler,WR,2025,college_data,52.0,0,518.0,2.0,0,0,0,0,0,,0,0,0,0,0,,,,,9.961538461538462,,115.80000000000001,
Myles Kitt-Denton,WR,2024,college_data,26.0,0,453.0,5.0,0,0,0,0,0,,0,0,0,0,0,,,,,17.423076923076923,,101.30000000000001,
Myles Parker,WR,2024,college_data,14.0,0,123.0,0.0,0,0,0,0,0,,0,0,0,0,0,,,,,8.785714285714286,,26.3,
Myles Parker,WR,2025,college_data,25.0,0,207.0,1.0,0,0,0,0,0,,0,0,0,0,0,,,,,8.28,,51.7,
Myles Price,WR,2024,college_data,38.0,0,466.0,3.0,0,0,0,0,0,,0,0,0,0,0,,,,,12.263157894736842,,102.6,
Myles Walker,WR,2025,college_data,20.0,0,209.0,0.0,0,0,0,0,0,,0,0,0,0,0,,,,,10.45,,40.900000000000006,
Myles Wilson,WR,2024,college_data,11.0,0,68.0,0.0,0,0,0,0,0,,0,0,0,0,0,,,,,6.181818181818182,,17.8,
Myles Wilson,WR,2025,college_data,16.0,0,180.0,1.0,0,0,0,0,0,,0,0,0,0,0,,,,,11.25,,40.0,
Na'eem Abdul-Rahim Gladding,WR,2025,college_data,51.0,0,667.0,6.0,0,0,0,0,0,,0,0,0,0,0,,,,,13.07843137254902,,153.7,
Nah'Shawn Hezekiah,WR,2024,college_data,25.0,0,398.0,3.0,0,0,0,0,0,,0,0,0,0,0,,,,,15.92,,82.80000000000001,
Nahzae Cox,WR,2025,college_data,40.0,0,473.0,5.0,0,0,0,0,0,,0,0,0,0,0,,,,,11.825,,117.30000000000001,
Najih Rahman,WR,2024,college_data,12.0,0,97.0,0.0,0,0,0,0,0,,0,0,0,0,0,,,,,8.083333333333334,,21.700000000000003,
Najih Rahman,WR,2025,college_data,11.0,0,142.0,0.0,0,0,0,0,0,,0,0,0,0,0,,,,,12.909090909090908,,25.200000000000003,
Nasim Cosby,WR,2025,college_data,22.0,0,315.0,1.0,0,0,0,0,0,,0,0,0,0,0,,,,,14.318181818181818,,59.5,
Nate Anderson,WR,2024,college_data,44.0,0,530.0,5.0,0,0,0,0,0,,0,0,0,0,0,,,,,12.045454545454545,,127.0,
Nate Anderson,WR,2025,college_data,23.0,0,272.0,3.0,0,0,0,0,0,,0,0,0,0,0,,,,,11.826086956521738,,68.2,
Nate Bennett,WR,2024,college_data,22.0,0,314.0,1.0,0,0,0,0,0,,0,0,0,0,0,,,,,14.272727272727273,,59.400000000000006,
Nate DeMontagnac,WR,2024,college_data,19.0,0,238.0,2.0,0,0,0,0,0,,0,0,0,0,0,,,,,12.526315789473685,,54.8,
Nate DeMontagnac,WR,2025,college_data,38.0,0,462.0,2.0,0,0,0,0,0,,0,0,0,0,0,,,,,12.157894736842104,,96.2,
Nate Garnett,WR,2024,college_data,41.0,0,921.0,6.0,0,0,0,0,0,,0,0,0,0,0,,,,,22.463414634146343,,169.10000000000002,
Nate Garnett,WR,2025,college_data,18.0,0,322.0,2.0,0,0,0,0,0,,0,0,0,0,0,,,,,17.88888888888889,,62.2,
Nate Mccollum,WR,2024,college_data,24.0,0,274.0,0.0,0,0,0,0,0,,0,0,0,0,0,,,,,11.416666666666666,,51.400000000000006,
Nathan Acevedo,WR,2025,college_data,16.0,0,190.0,0.0,0,0,0,0,0,,0,0,0,0,0,,,,,11.875,,35.0,
Nathan Rembert,WR,2024,college_data,70.0,0,1038.0,4.0,0,0,0,0,0,,0,0,0,0,0,,,,,14.82857142857143,,197.8,
Nathan Rembert,WR,2025,college_data,45.0,0,774.0,7.0,0,0,0,0,0,,0,0,0,0,0,,,,,17.2,,164.4,
Nathan Stewart,WR,2025,college_data,19.0,0,233.0,0.0,0,0,0,0,0,,0,0,0,0,0,,,,,12.263157894736842,,42.3,
Nazeviah Burris,WR,2024,college_data,22.0,0,209.0,1.0,0,0,0,0,0,,0,0,0,0,0,,,,,9.5,,48.900000000000006,
Nehemiah Martinez,WR,2024,college_data,76.0,0,1022.0,10.0,0,0,0,0,0,,0,0,0,0,0,,,,,13.447368421052632,,238.2,
Neico Sandifer,WR,2025,college_data,11.0,0,87.0,0.0,0,0,0,0,0,,0,0,0,0,0,,,,,7.909090909090909,,19.700000000000003,
Nelson Agholor,WR,2018,nflreadpy,68.0,106,774.0,4.0,1,0,1098,357,31,1.6213949588979173,0,25,11,10,5,1.5239007230218276,0.15351400340672164,0.20214486080433172,18.0,11.382352941176471,43.0,167.4,9.3
Nelson Agholor,WR,2019,nflreadpy,39.0,69,363.0,3.0,2,1,764,132,17,-0.31443809981546217,1,12,8,5,1,1.0300205624571508,0.17022390241984375,0.2026358091043661,11.0,9.307692307692308,33.0,91.30000000000001,8.3
Nelson Agholor,WR,2020,nflreadpy,48.0,16,896.0,8.0,16,16,16,16,16,2.3090325438947534,16,16,16,16,16,1.3044033512276727,1.0,1.0,16.0,18.666666666666668,56.0,185.60000000000002,11.600000000000001
Nelson Agholor,WR,2021,nflreadpy,38.0,23,491.0,3.0,11,11,199,33,14,0.05786712015528505,11,15,13,12,11,0.667885115474595,0.7751226551226551,0.8066720618030087,15.0,12.921052631578947,32.733333333333334,105.1,7.006666666666666
Nelson Agholor,WR,2022,nflreadpy,31.0,53,362.0,2.0,2,2,653,147,12,-0.892279093253488,0,14,8,6,1,0.415285099959357,0.12423641076477211,0.20316372921150908,14.0,11.67741935483871,25.857142857142858,75.2,5.371428571428572
Nelson Agholor,WR,2023,nflreadpy,38.0,52,432.0,5.0,1,0,498,164,21,1.0228112673406073,0,19,10,5,0,1.1294057649222946,0.10065948391377878,0.11219211176329072,18.0,11.368421052631579,24.0,109.2,6.066666666666666
Nelson Agholor,WR,2024,nflreadpy,15.0,31,256.0,2.0,0,0,405,94,11,0.52525903865033,0,11,6,6,1,1.1799860267406852,0.07663963245380695,0.1175876957560729,15.0,17.066666666666666,17.066666666666666,52.6,3.506666666666667
Nic Anderson,WR,2025,college_data,12.0,0,106.0,2.0,0,0,0,0,0,,0,0,0,0,0,,,,,8.833333333333334,,34.6,
Nic Trujillo,WR,2024,college_data,16.0,0,305.0,1.0,0,0,0,0,0,,0,0,0,0,0,,,,,19.0625,,52.5,
Nic Trujillo,WR,2025,college_data,23.0,0,368.0,4.0,0,0,0,0,0,,0,0,0,0,0,,,,,16.0,,83.80000000000001,
Nicholas Cenacle,WR,2024,college_data,63.0,0,721.0,6.0,0,0,0,0,0,,0,0,0,0,0,,,,,11.444444444444445,,171.10000000000002,
Nicholas Cenacle,WR,2025,college_data,28.0,0,223.0,2.0,0,0,0,0,0,,0,0,0,0,0,,,,,7.964285714285714,,62.3,
Nicholas Dunneman,WR,2024,college_data,48.0,0,433.0,4.0,0,0,0,0,0,,0,0,0,0,0,,,,,9.020833333333334,,115.30000000000001,
Nicholas Howard,WR,2024,college_data,22.0,0,267.0,2.0,0,0,0,0,0,,0,0,0,0,0,,,,,12.136363636363637,,60.7,
Nicholas Howard,WR,2025,college_data,11.0,0,110.0,0.0,0,0,0,0,0,,0,0,0,0,0,,,,,10.0,,22.0,
Nicholas Laboy,WR,2024,college_data,15.0,0,164.0,1.0,0,0,0,0,0,,0,0,0,0,0,,,,,10.933333333333334,,37.400000000000006,
Nicholas Sowell,WR,2025,college_data,21.0,0,247.0,1.0,0,0,0,0,0,,0,0,0,0,0,,,,,11.761904761904763,,51.7,
Nick Crayton,WR,2025,college_data,21.0,0,181.0,0.0,0,0,0,0,0,,0,0,0,0,0,,,,,8.619047619047619,,39.1,
Nick DeGennaro,WR,2024,college_data,40.0,0,576.0,4.0,0,0,0,0,0,,0,0,0,0,0,,,,,14.4,,121.6,
Nick DeGennaro,WR,2025,college_data,28.0,0,500.0,5.0,0,0,0,0,0,,0,0,0,0,0,,,,,17.857142857142858,,108.0,
Nick Devereaux,WR,2025,college_data,34.0,0,510.0,7.0,0,0,0,0,0,,0,0,0,0,0,,,,,15.0,,127.0,
Nick Kupfer,WR,2024,college_data,22.0,0,211.0,1.0,0,0,0,0,0,,0,0,0,0,0,,,,,9.590909090909092,,49.1,
Nick Lemon,WR,2025,college_data,14.0,0,198.0,0.0,0,0,0,0,0,,0,0,0,0,0,,,,,14.142857142857142,,33.8,
Nick Marsh,WR,2024,college_data,41.0,0,649.0,3.0,0,0,0,0,0,,0,0,0,0,0,,,,,15.829268292682928,,123.9,
Nick Marsh,WR,2025,college_data,59.0,0,662.0,6.0,0,0,0,0,0,,0,0,0,0,0,,,,,11.220338983050848,,161.2,
Nick Munson,WR,2025,college_data,28.0,0,216.0,1.0,0,0,0,0,0,,0,0,0,0,0,,,,,7.714285714285714,,55.6,
Nick Nash,WR,2024,college_data,104.0,0,1382.0,16.0,0,0,0,0,0,,0,0,0,0,0,,,,,13.288461538461538,,338.20000000000005,
Nick Rempert,WR,2024,college_data,11.0,0,127.0,1.0,0,0,0,0,0,,0,0,0,0,0,,,,,11.545454545454545,,29.700000000000003,
Nick Westbrook-Ikhine,WR,2021,nflreadpy,38.0,36,476.0,4.0,9,9,343,63,19,1.259551683117655,9,16,13,13,9,0.9899704440082185,0.625843253968254,0.6688486267217698,16.0,12.526315789473685,29.75,109.6,6.85
Nick Westbrook-Ikhine,WR,2022,nflreadpy,25.0,50,397.0,3.0,0,0,662,107,18,0.16799196972507366,0,16,7,5,2,0.5616865697951928,0.1104607706330711,0.17850522869526222,16.0,15.88,24.8125,82.7,5.16875
Nick Westbrook-Ikhine,WR,2023,nflreadpy,28.0,45,370.0,3.0,0,0,552,107,18,1.590712755900479,1,13,9,8,0,0.8010879499279547,0.12196861054327118,0.1421532689966162,13.0,13.214285714285714,28.46153846153846,85.0,6.538461538461538
Nick Westbrook-Ikhine,WR,2024,nflreadpy,32.0,60,497.0,9.0,0,0,700,124,25,0.9759607136403727,0,19,11,4,1,0.6879259051834398,0.1428857242974855,0.18669675952548417,14.0,15.53125,35.5,135.7,9.692857142857141
Nick Westbrook-Ikhine,WR,2025,nflreadpy,11.0,20,89.0,0.0,0,0,110,28,8,0.12912661561535466,0,4,2,0,0,0.5705128205128206,0.051556353922979234,0.04550760118940144,13.0,8.090909090909092,6.846153846153846,19.9,1.5307692307692307
Nico Brown,WR,2025,college_data,71.0,0,1085.0,11.0,0,0,0,0,0,,0,0,0,0,0,,,,,15.28169014084507,,245.5,
Nico Collins,WR,2021,nflreadpy,33.0,43,446.0,1.0,7,7,424,73,18,-0.01797457832246791,7,18,13,12,7,0.9004739063346309,0.5790000508750508,0.6158414099951245,14.0,13.515151515151516,31.857142857142858,83.6,5.971428571428571
Nico Collins,WR,2022,nflreadpy,37.0,66,481.0,2.0,0,0,775,143,21,-0.13270556627888638,0,19,12,8,1,0.7873051314965189,0.1919598623301934,0.3090219845485856,10.0,13.0,48.1,97.1,9.709999999999999
Nico Collins,WR,2023,nflreadpy,91.0,126,1461.0,9.0,1,0,1370,641,62,4.691892561654901,1,57,35,28,5,1.1212461974552916,0.23820075452656386,0.30463444008508034,17.0,16.054945054945055,85.94117647058823,291.1,17.123529411764707
Nico Collins,WR,2024,nflreadpy,80.0,115,1209.0,8.0,0,0,1297,432,59,4.201075780485022,0,50,30,17,5,0.978576142424904,0.2485985744452462,0.3369981098596588,14.0,15.1125,86.35714285714286,248.9,17.77857142857143
Nico Collins,WR,2025,nflreadpy,74.0,127,1138.0,6.0,1,1,1587,332,49,2.349357342889387,1,47,30,18,5,0.8465326629308493,0.24094125913911177,0.34158676116707976,16.0,15.378378378378379,71.125,223.8,13.9875
Nico Collins,WR,2026,nflreadpy,14.0,18,193.0,3.0,0,0,232,46,8,7.164493773863361,0,7,4,3,1,0.8392857142857143,0.288981288981289,0.3317899491812535,2.0,13.785714285714286,96.5,51.3,25.65
Nigel Johnson,WR,2025,college_data,11.0,0,295.0,3.0,0,0,0,0,0,,0,0,0,0,0,,,,,26.818181818181817,,58.5,
Nik McMillan,WR,2025,college_data,61.0,0,975.0,3.0,0,0,0,0,0,,0,0,0,0,0,,,,,15.98360655737705,,176.5,
Nitro Tuggle,WR,2025,college_data,34.0,0,505.0,4.0,0,0,0,0,0,,0,0,0,0,0,,,,,14.852941176470589,,108.5,
Noah Brown,WR,2020,nflreadpy,14.0,10,154.0,0.0,10,10,10,10,10,0.6032441332671028,10,10,10,10,10,0.8327070569440342,1.0,1.0,10.0,11.0,15.4,29.4,2.94
Noah Brown,WR,2021,nflreadpy,16.0,11,184.0,0.0,8,8,30,12,8,0.02190259547205642,8,8,8,8,8,1.1689222519009754,0.8972222222222221,0.8961424332344213,9.0,11.5,20.444444444444443,34.400000000000006,3.822222222222223
Noah Brown,WR,2022,nflreadpy,47.0,78,594.0,3.0,1,1,805,162,27,0.05852382320678117,0,24,11,6,2,0.8539893340736436,0.1362430910296764,0.17285511811051762,18.0,12.638297872340425,33.0,122.4,6.800000000000001
Noah Brown,WR,2023,nflreadpy,33.0,56,567.0,2.0,0,0,675,223,24,1.7309862164696452,0,19,15,14,1,0.6327599541433533,0.15557323120863933,0.20419516607929483,11.0,17.181818181818183,51.54545454545455,101.7,9.245454545454546
Noah Brown,WR,2024,nflreadpy,35.0,56,453.0,1.0,0,0,637,83,21,1.0937845210653638,0,20,8,4,1,0.829885223305989,0.17391833423090927,0.26629546984190083,11.0,12.942857142857143,41.18181818181818,86.30000000000001,7.845454545454547
Noah Cronquist,WR,2024,college_data,15.0,0,215.0,2.0,0,0,0,0,0,,0,0,0,0,0,,,,,14.333333333333334,,48.5,
Noah Cronquist,WR,2025,college_data,32.0,0,374.0,1.0,0,0,0,0,0,,0,0,0,0,0,,,,,11.6875,,75.4,
Noah Gregg,WR,2025,college_data,18.0,0,246.0,4.0,0,0,0,0,0,,0,0,0,0,0,,,,,13.666666666666666,,66.6,
Noah Grevious,WR,2025,college_data,52.0,0,731.0,3.0,0,0,0,0,0,,0,0,0,0,0,,,,,14.057692307692308,,143.10000000000002,
Noah Jennings,WR,2024,college_data,44.0,0,447.0,3.0,0,0,0,0,0,,0,0,0,0,0,,,,,10.159090909090908,,106.7,
Noah Jennings,WR,2025,college_data,23.0,0,323.0,0.0,0,0,0,0,0,,0,0,0,0,0,,,,,14.043478260869565,,55.300000000000004,
Noah Kjar,WR,2024,college_data,16.0,0,200.0,0.0,0,0,0,0,0,,0,0,0,0,0,,,,,12.5,,36.0,
Noah Robinson,WR,2024,college_data,56.0,0,776.0,5.0,0,0,0,0,0,,0,0,0,0,0,,,,,13.857142857142858,,163.60000000000002,
Noah Robinson,WR,2025,college_data,37.0,0,557.0,6.0,0,0,0,0,0,,0,0,0,0,0,,,,,15.054054054054054,,128.7,
Noah Rogers,WR,2024,college_data,35.0,0,478.0,1.0,0,0,0,0,0,,0,0,0,0,0,,,,,13.657142857142857,,88.80000000000001,
Noah Rogers,WR,2025,college_data,31.0,0,413.0,2.0,0,0,0,0,0,,0,0,0,0,0,,,,,13.32258064516129,,84.30000000000001,
Noah Short,WR,2024,college_data,17.0,0,318.0,3.0,0,0,0,0,0,,0,0,0,0,0,,,,,18.705882352941178,,66.8,
Noah Short,WR,2025,college_data,32.0,0,438.0,2.0,0,0,0,0,0,,0,0,0,0,0,,,,,13.6875,,87.80000000000001,
Noah Smith,WR,2024,college_data,40.0,0,313.0,0.0,0,0,0,0,0,,0,0,0,0,0,,,,,7.825,,71.3,
Noah Thomas,WR,2024,college_data,39.0,0,574.0,8.0,0,0,0,0,0,,0,0,0,0,0,,,,,14.717948717948717,,144.4,
Noah Thomas,WR,2025,college_data,16.0,0,254.0,4.0,0,0,0,0,0,,0,0,0,0,0,,,,,15.875,,65.4,
Nodin Tracy,WR,2025,college_data,45.0,0,443.0,1.0,0,0,0,0,0,,0,0,0,0,0,,,,,9.844444444444445,,95.30000000000001,
Nolan McWilliams,WR,2025,college_data,19.0,0,229.0,1.0,0,0,0,0,0,,0,0,0,0,0,,,,,12.052631578947368,,47.900000000000006,
Nolan Ulm,WR,2025,college_data,28.0,0,264.0,1.0,0,0,0,0,0,,0,0,0,0,0,,,,,9.428571428571429,,60.400000000000006,
NyGhee Lolley,WR,2024,college_data,38.0,0,545.0,1.0,0,0,0,0,0,,0,0,0,0,0,,,,,14.342105263157896,,98.5,
NyGhee Lolley,WR,2025,college_data,23.0,0,264.0,3.0,0,0,0,0,0,,0,0,0,0,0,,,,,11.478260869565217,,67.4,
Nyck Harbor,WR,2024,college_data,26.0,0,376.0,3.0,0,0,0,0,0,,0,0,0,0,0,,,,,14.461538461538462,,81.6,
Nyck Harbor,WR,2025,college_data,30.0,0,618.0,6.0,0,0,0,0,0,,0,0,0,0,0,,,,,20.6,,127.80000000000001,
Nyziah Hunter,WR,2024,college_data,40.0,0,578.0,5.0,0,0,0,0,0,,0,0,0,0,0,,,,,14.45,,127.80000000000001,
Nyziah Hunter,WR,2025,college_data,43.0,0,617.0,5.0,0,0,0,0,0,,0,0,0,0,0,,,,,14.348837209302326,,134.7,
O'Mega Blake,WR,2024,college_data,32.0,0,795.0,9.0,0,0,0,0,0,,0,0,0,0,0,,,,,24.84375,,165.5,
O'Mega Blake,WR,2025,college_data,57.0,0,760.0,5.0,0,0,0,0,0,,0,0,0,0,0,,,,,13.333333333333334,,163.0,
Octavian Smith Jr.,WR,2024,college_data,30.0,0,315.0,2.0,0,0,0,0,0,,0,0,0,0,0,,,,,10.5,,73.5,
Octavian Smith Jr.,WR,2025,college_data,43.0,0,529.0,0.0,0,0,0,0,0,,0,0,0,0,0,,,,,12.30232558139535,,95.9,
Odell Beckham Jr.,WR,2018,nflreadpy,77.0,124,1052.0,6.0,0,0,1412,315,51,2.5863101661706938,0,47,26,17,3,0.8075842285206424,0.2882619727187298,0.43091650298926387,12.0,13.662337662337663,87.66666666666667,218.2,18.183333333333334
Odell Beckham Jr.,WR,2019,nflreadpy,74.0,128,1035.0,4.0,1,1,1558,318,42,0.21633306720450018,1,36,24,14,4,0.6529374439034958,0.3032352467405648,0.40862760997382175,16.0,13.986486486486486,64.6875,201.5,12.59375
Odell Beckham Jr.,WR,2020,nflreadpy,23.0,7,319.0,3.0,7,7,7,7,7,0.3071696533867649,7,7,7,7,7,0.5233911753759876,1.0,1.0,7.0,13.869565217391305,45.57142857142857,72.9,10.414285714285715
Odell Beckham Jr.,WR,2021,nflreadpy,65.0,69,825.0,7.0,8,8,704,165,37,1.8707388820498503,8,27,22,15,9,0.7078325569021282,0.5458740092719978,0.5743226562620538,18.0,12.692307692307692,45.833333333333336,189.5,10.527777777777779
Odell Beckham Jr.,WR,2023,nflreadpy,39.0,71,599.0,3.0,1,1,999,157,29,1.5230588644616814,0,23,11,10,3,1.231071592331097,0.15162780517630606,0.23521864056818917,16.0,15.35897435897436,37.4375,114.9,7.18125
Olamide Zaccheaus,WR,2020,nflreadpy,20.0,10,274.0,1.0,10,10,10,10,10,1.5425728400569823,10,10,10,10,10,0.6430708197795636,1.0,1.0,10.0,13.7,27.4,53.400000000000006,5.340000000000001
Olamide Zaccheaus,WR,2021,nflreadpy,31.0,28,406.0,3.0,9,9,194,55,16,0.7728475278039774,9,15,13,12,10,0.834330762252511,0.6461125075641205,0.6499968227900607,15.0,13.096774193548388,27.066666666666666,89.6,5.973333333333333
Olamide Zaccheaus,WR,2022,nflreadpy,40.0,61,533.0,3.0,1,1,718,193,25,1.4798474320767048,0,24,11,9,2,0.8317270422883766,0.16947870258947528,0.21563804263740569,16.0,13.325,33.3125,109.30000000000001,6.831250000000001
Olamide Zaccheaus,WR,2023,nflreadpy,11.0,21,169.0,2.0,0,0,212,52,7,0.9057234097078132,0,6,4,4,0,0.6836826201214996,0.056337603898735905,0.05652890364878497,12.0,15.363636363636363,14.083333333333334,39.900000000000006,3.3250000000000006
Olamide Zaccheaus,WR,2024,nflreadpy,52.0,74,551.0,3.0,0,0,442,320,30,1.5173059299408065,1,21,7,5,2,2.078628851746967,0.12612973639226457,0.10328692083382629,19.0,10.596153846153847,29.0,127.1,6.689473684210526
Olamide Zaccheaus,WR,2025,nflreadpy,41.0,69,330.0,3.0,0,0,509,144,16,-0.18896100973524776,0,12,2,1,0,0.7833943177706156,0.134316968602613,0.10782043581656943,16.0,8.048780487804878,20.625,92.0,5.75
Omar Cooper Jr.,WR,2024,college_data,28.0,0,594.0,7.0,0,0,0,0,0,,0,0,0,0,0,,,,,21.214285714285715,,129.4,
Omar Cooper Jr.,WR,2025,college_data,70.0,0,961.0,13.0,0,0,0,0,0,,0,0,0,0,0,,,,,13.728571428571428,,244.10000000000002,
Omari Evans,WR,2024,college_data,20.0,0,403.0,5.0,0,0,0,0,0,,0,0,0,0,0,,,,,20.15,,90.30000000000001,
Omari Evans,WR,2025,college_data,17.0,0,254.0,1.0,0,0,0,0,0,,0,0,0,0,0,,,,,14.941176470588236,,48.400000000000006,
Omari Hayes,WR,2024,college_data,39.0,0,590.0,3.0,0,0,0,0,0,,0,0,0,0,0,,,,,15.128205128205128,,116.0,
Omari Hayes,WR,2025,college_data,39.0,0,515.0,1.0,0,0,0,0,0,,0,0,0,0,0,,,,,13.205128205128204,,96.5,
Omari Kelly,WR,2024,college_data,53.0,0,869.0,4.0,0,0,0,0,0,,0,0,0,0,0,,,,,16.39622641509434,,163.9,
Omari Kelly,WR,2025,college_data,47.0,0,626.0,2.0,0,0,0,0,0,,0,0,0,0,0,,,,,13.319148936170214,,121.6,
Omari Walker,WR,2024,college_data,12.0,0,153.0,0.0,0,0,0,0,0,,0,0,0,0,0,,,,,12.75,,27.3,
Omari Walker,WR,2025,college_data,12.0,0,229.0,2.0,0,0,0,0,0,,0,0,0,0,0,,,,,19.083333333333332,,46.900000000000006,
Omarion Blakes,WR,2025,college_data,34.0,0,256.0,2.0,0,0,0,0,0,,0,0,0,0,0,,,,,7.529411764705882,,71.6,
Omarion Dollison,WR,2024,college_data,37.0,0,633.0,6.0,0,0,0,0,0,,0,0,0,0,0,,,,,17.10810810810811,,136.3,
Omarion Miller,WR,2025,college_data,44.0,0,807.0,8.0,0,0,0,0,0,,0,0,0,0,0,,,,,18.34090909090909,,172.7,
Onuma Dieke,WR,2024,college_data,35.0,0,548.0,2.0,0,0,0,0,0,,0,0,0,0,0,,,,,15.657142857142857,,101.80000000000001,
Oran Singleton Jr.,WR,2024,college_data,64.0,0,644.0,2.0,0,0,0,0,0,,0,0,0,0,0,,,,,10.0625,,140.4,
Owen Dupree,WR,2025,college_data,26.0,0,310.0,4.0,0,0,0,0,0,,0,0,0,0,0,,,,,11.923076923076923,,81.0,
Owen Sweeney,WR,2025,college_data,44.0,0,723.0,8.0,0,0,0,0,0,,0,0,0,0,0,,,,,16.431818181818183,,164.3,
P.J. Wells,WR,2024,college_data,12.0,0,72.0,0.0,0,0,0,0,0,,0,0,0,0,0,,,,,6.0,,19.2,
Painter Richards-Baker,WR,2024,college_data,14.0,0,260.0,2.0,0,0,0,0,0,,0,0,0,0,0,,,,,18.571428571428573,,52.0,
Painter Richards-Baker,WR,2025,college_data,20.0,0,276.0,2.0,0,0,0,0,0,,0,0,0,0,0,,,,,13.8,,59.6,
Parker Jones,WR,2025,college_data,18.0,0,214.0,0.0,0,0,0,0,0,,0,0,0,0,0,,,,,11.88888888888889,,39.400000000000006,
Parker Kingston,WR,2024,college_data,13.0,0,196.0,1.0,0,0,0,0,0,,0,0,0,0,0,,,,,15.076923076923077,,38.6,
Parker Kingston,WR,2025,college_data,66.0,0,924.0,5.0,0,0,0,0,0,,0,0,0,0,0,,,,,14.0,,188.4,
Parker Livingstone,WR,2025,college_data,29.0,0,516.0,6.0,0,0,0,0,0,,0,0,0,0,0,,,,,17.79310344827586,,116.6,
Parker Washington,WR,2023,nflreadpy,16.0,21,132.0,2.0,1,1,155,34,5,-0.2532676887058187,0,5,2,0,0,0.8748440065681445,0.06458817277253878,0.04611731723254986,8.0,8.25,16.5,39.2,4.9
Parker Washington,WR,2024,nflreadpy,32.0,51,390.0,3.0,1,0,601,108,19,1.1200468644793053,1,16,9,6,0,0.6278126428107983,0.10954003093532337,0.14478726698129715,14.0,12.1875,27.857142857142858,89.0,6.357142857142857
Parker Washington,WR,2025,nflreadpy,65.0,107,954.0,6.0,0,0,1333,286,42,1.809248831046427,0,37,25,19,2,0.8420777813837945,0.1929919494060894,0.25718798531208037,17.0,14.676923076923076,56.11764705882353,196.4,11.552941176470588
Parker Washington,WR,2026,nflreadpy,16.0,26,228.0,2.0,0,0,367,20,9,2.7417228255409216,0,10,7,3,0,0.5879020832240122,0.2574764205198988,0.3799814993874797,4.0,14.25,57.0,50.8,12.7
Parker Woodring,WR,2024,college_data,36.0,0,293.0,5.0,0,0,0,0,0,,0,0,0,0,0,,,,,8.13888888888889,,95.3,
Parker Wroble,WR,2024,college_data,25.0,0,347.0,4.0,0,0,0,0,0,,0,0,0,0,0,,,,,13.88,,83.7,
Parris Campbell,WR,2019,nflreadpy,18.0,24,127.0,1.0,2,1,188,106,6,-0.6105430312341339,0,5,2,1,0,1.5394838295138145,0.09770506121437797,0.07499267837972587,7.0,7.055555555555555,18.142857142857142,32.7,4.671428571428572
Parris Campbell,WR,2022,nflreadpy,63.0,91,623.0,3.0,1,0,582,276,32,-0.47026241803089613,0,25,8,7,1,1.948627288356727,0.15770589463842538,0.15540934078070104,17.0,9.88888888888889,36.64705882352941,141.3,8.311764705882354
Parris Campbell,WR,2023,nflreadpy,20.0,27,104.0,0.0,0,0,91,65,2,-2.7871463259620834,0,2,1,0,0,0.6267344497607655,0.08688699949475812,0.05005556956175754,10.0,5.2,10.4,30.4,3.04
Pat Bryant,WR,2025,nflreadpy,35.0,53,412.0,1.0,0,0,431,160,25,1.1292745999586038,0,18,6,4,2,1.0866169227099538,0.10221074679183909,0.14502168493548667,15.0,11.771428571428572,27.466666666666665,82.2,5.48
Patrick Bryant,WR,2024,college_data,53.0,0,978.0,10.0,0,0,0,0,0,,0,0,0,0,0,,,,,18.452830188679247,,210.8,
Patrick Clacks III,WR,2025,college_data,12.0,0,71.0,2.0,0,0,0,0,0,,0,0,0,0,0,,,,,5.916666666666667,,31.1,
Paul Marsh,WR,2024,college_data,19.0,0,302.0,3.0,0,0,0,0,0,,0,0,0,0,0,,,,,15.894736842105264,,67.2,
Paul Marsh,WR,2025,college_data,16.0,0,274.0,2.0,0,0,0,0,0,,0,0,0,0,0,,,,,17.125,,55.400000000000006,
Paul Odidi,WR,2025,college_data,39.0,0,422.0,3.0,0,0,0,0,0,,0,0,0,0,0,,,,,10.820512820512821,,99.2,
Paul Richardson,WR,2018,nflreadpy,20.0,35,262.0,2.0,0,0,432,46,12,1.1177216223524218,0,8,7,5,1,0.6770400845422296,0.14636201866457707,0.24154789134592408,7.0,13.1,37.42857142857143,58.2,8.314285714285715
Paul Richardson,WR,2019,nflreadpy,28.0,42,245.0,2.0,0,0,403,50,13,0.494714808392766,0,8,3,1,0,0.6130806183435779,0.14612536944132776,0.1982365372265084,10.0,8.75,24.5,64.5,6.45
Paxton Scott,WR,2024,college_data,31.0,0,397.0,2.0,0,0,0,0,0,,0,0,0,0,0,,,,,12.806451612903226,,82.7,
Payton Rhoades,WR,2024,college_data,22.0,0,222.0,0.0,0,0,0,0,0,,0,0,0,0,0,,,,,10.090909090909092,,44.2,
Payton Rhoades,WR,2025,college_data,41.0,0,519.0,2.0,0,0,0,0,0,,0,0,0,0,0,,,,,12.658536585365853,,104.9,
Pearson Hill,WR,2025,college_data,12.0,0,146.0,2.0,0,0,0,0,0,,0,0,0,0,0,,,,,12.166666666666666,,38.6,
Perry Thompson,WR,2025,college_data,17.0,0,154.0,0.0,0,0,0,0,0,,0,0,0,0,0,,,,,9.058823529411764,,32.4,
Petey Tucker,WR,2024,college_data,30.0,0,324.0,0.0,0,0,0,0,0,,0,0,0,0,0,,,,,10.8,,62.4,
Peyton Higgins,WR,2024,college_data,31.0,0,301.0,1.0,0,0,0,0,0,,0,0,0,0,0,,,,,9.709677419354838,,67.1,
Peyton Higgins,WR,2025,college_data,36.0,0,301.0,1.0,0,0,0,0,0,,0,0,0,0,0,,,,,8.36111111111111,,72.1,
Peyton Kramer,WR,2025,college_data,54.0,0,1024.0,8.0,0,0,0,0,0,,0,0,0,0,0,,,,,18.962962962962962,,204.4,
Peyton Nelson,WR,2025,college_data,32.0,0,245.0,0.0,0,0,0,0,0,,0,0,0,0,0,,,,,7.65625,,56.5,
Phaizon Wilson,WR,2025,college_data,35.0,0,450.0,1.0,0,0,0,0,0,,0,0,0,0,0,,,,,12.857142857142858,,86.0,
Pharoh Cooper,WR,2019,nflreadpy,25.0,31,243.0,1.0,2,2,284,70,10,1.4115479351999278,2,7,6,5,2,1.5966775407951879,0.24622803957624076,0.2561601057906217,12.0,9.72,20.25,55.3,4.608333333333333
Phil Lutz,WR,2024,college_data,45.0,0,857.0,11.0,0,0,0,0,0,,0,0,0,0,0,,,,,19.044444444444444,,196.7,
Phillip Dorsett,WR,2018,nflreadpy,37.0,50,360.0,5.0,0,0,580,105,22,0.9047733419623304,0,16,5,2,0,1.0210824827495981,0.1093891128381095,0.16340660109021263,13.0,9.72972972972973,27.692307692307693,103.0,7.923076923076923
Phillip Dorsett,WR,2019,nflreadpy,30.0,52,403.0,5.0,2,2,677,69,18,0.8392923414204141,2,14,9,7,3,0.5820684498811268,0.27705282647612317,0.35214459695488126,12.0,13.433333333333334,33.583333333333336,100.30000000000001,8.358333333333334
Phillip Dorsett,WR,2022,nflreadpy,20.0,40,257.0,1.0,0,0,445,62,11,-0.26498510755346427,0,9,7,5,0,0.6118756138819164,0.08522358853943167,0.1289061833341841,15.0,12.85,17.133333333333333,51.7,3.4466666666666668
Phillippe Wesley,WR,2025,college_data,14.0,0,158.0,1.0,0,0,0,0,0,,0,0,0,0,0,,,,,11.285714285714286,,35.8,
Pierre Garcon,WR,2018,nflreadpy,24.0,46,286.0,1.0,0,0,407,98,14,0.602830701378497,0,13,7,5,0,1.0799057396499714,0.18014973100570927,0.2394732693404727,8.0,11.916666666666666,35.75,58.6,7.325
Pofele Ashlock,WR,2024,college_data,61.0,0,629.0,6.0,0,0,0,0,0,,0,0,0,0,0,,,,,10.311475409836065,,159.9,
Pofele Ashlock,WR,2025,college_data,76.0,0,827.0,8.0,0,0,0,0,0,,0,0,0,0,0,,,,,10.881578947368421,,206.7,
Porter Rooks,WR,2025,college_data,27.0,0,221.0,0.0,0,0,0,0,0,,0,0,0,0,0,,,,,8.185185185185185,,49.1,
Preston Bird,WR,2024,college_data,18.0,0,203.0,1.0,0,0,0,0,0,,0,0,0,0,0,,,,,11.277777777777779,,44.3,
Preston Bird,WR,2025,college_data,53.0,0,617.0,4.0,0,0,0,0,0,,0,0,0,0,0,,,,,11.641509433962264,,138.7,
Preston Fox,WR,2024,college_data,12.0,0,131.0,0.0,0,0,0,0,0,,0,0,0,0,0,,,,,10.916666666666666,,25.1,
Preston Williams,WR,2019,nflreadpy,32.0,60,428.0,3.0,2,1,841,61,24,-0.00032651568567798606,0,22,9,6,0,0.5014252852003305,0.21683977749593783,0.3471622358422521,8.0,13.375,53.5,88.80000000000001,11.100000000000001
Preston Williams,WR,2020,nflreadpy,18.0,8,288.0,4.0,8,8,8,8,8,0.7763888345029157,8,8,8,8,8,0.5696502832490904,1.0,1.0,8.0,16.0,36.0,70.8,8.85
Prince Strachan,WR,2024,college_data,25.0,0,304.0,1.0,0,0,0,0,0,,0,0,0,0,0,,,,,12.16,,61.400000000000006,
Puka Nacua,WR,2023,nflreadpy,114.0,170,1667.0,7.0,1,0,1549,742,74,4.5784888107535595,0,65,40,30,4,1.1387383335750174,0.28692356863001833,0.3128001365154615,18.0,14.62280701754386,92.61111111111111,320.70000000000005,17.81666666666667
Puka Nacua,WR,2024,nflreadpy,90.0,129,1131.0,3.0,0,0,1046,577,53,3.785239022657063,0,50,32,14,1,2.4920371806803487,0.3259500261379591,0.2994243023405102,13.0,12.566666666666666,87.0,221.10000000000002,17.00769230769231
Puka Nacua,WR,2025,nflreadpy,153.0,208,2047.0,12.0,1,1,2101,760,97,6.826022510803052,0,84,44,32,4,1.0975406235758218,0.3110872558164948,0.3302826580817871,19.0,13.379084967320262,107.73684210526316,427.70000000000005,22.510526315789477
Puka Nacua,WR,2026,nflreadpy,14.0,21,199.0,0.0,0,0,251,79,7,0.5546061095926718,0,6,5,4,1,0.7812979539641943,0.2866666666666666,0.37560057135436953,2.0,14.214285714285714,99.5,33.900000000000006,16.950000000000003
Qian Magwood,WR,2024,college_data,23.0,0,207.0,4.0,0,0,0,0,0,,0,0,0,0,0,,,,,9.0,,67.7,
Qian Magwood,WR,2025,college_data,19.0,0,320.0,1.0,0,0,0,0,0,,0,0,0,0,0,,,,,16.842105263157894,,57.0,
Qua'Vez Humphreys,WR,2024,college_data,20.0,0,385.0,4.0,0,0,0,0,0,,0,0,0,0,0,,,,,19.25,,82.5,
Qua'Vez Humphreys,WR,2025,college_data,12.0,0,132.0,1.0,0,0,0,0,0,,0,0,0,0,0,,,,,11.0,,31.200000000000003,
Quan Lee,WR,2024,college_data,27.0,0,310.0,2.0,0,0,0,0,0,,0,0,0,0,0,,,,,11.481481481481481,,70.0,
Quanye Veney,WR,2024,college_data,11.0,0,109.0,0.0,0,0,0,0,0,,0,0,0,0,0,,,,,9.909090909090908,,21.9,
Quanye Veney,WR,2025,college_data,20.0,0,260.0,1.0,0,0,0,0,0,,0,0,0,0,0,,,,,13.0,,52.0,
Quaron Adams,WR,2024,college_data,18.0,0,543.0,5.0,0,0,0,0,0,,0,0,0,0,0,,,,,30.166666666666668,,102.30000000000001,
Quaron Adams,WR,2025,college_data,20.0,0,273.0,1.0,0,0,0,0,0,,0,0,0,0,0,,,,,13.65,,53.3,
Quay Kindell,WR,2025,college_data,13.0,0,221.0,2.0,0,0,0,0,0,,0,0,0,0,0,,,,,17.0,,47.1,
Quaydarius Davis,WR,2024,college_data,15.0,0,151.0,1.0,0,0,0,0,0,,0,0,0,0,0,,,,,10.066666666666666,,36.1,
Que'Sean Brown,WR,2024,college_data,41.0,0,445.0,2.0,0,0,0,0,0,,0,0,0,0,0,,,,,10.853658536585366,,97.5,
Que'Sean Brown,WR,2025,college_data,63.0,0,842.0,5.0,0,0,0,0,0,,0,0,0,0,0,,,,,13.365079365079366,,177.2,
Quentin Cobb-Butler,WR,2025,college_data,51.0,0,772.0,7.0,0,0,0,0,0,,0,0,0,0,0,,,,,15.137254901960784,,170.2,
Quentin Gibson,WR,2025,college_data,15.0,0,71.0,0.0,0,0,0,0,0,,0,0,0,0,0,,,,,4.733333333333333,,22.1,
Quentin Johnston,WR,2023,nflreadpy,38.0,67,431.0,2.0,0,0,861,152,20,0.4152578403646943,0,17,10,5,1,0.7761004735420105,0.11055616734035094,0.20068252426593136,17.0,11.342105263157896,25.352941176470587,93.1,5.476470588235294
Quentin Johnston,WR,2024,nflreadpy,55.0,96,711.0,8.0,0,0,1072,306,32,1.5823895296717139,0,23,17,12,1,0.7067504991252287,0.20604987416075485,0.25507539566441917,16.0,12.927272727272728,44.4375,174.10000000000002,10.881250000000001
Quentin Johnston,WR,2025,nflreadpy,54.0,90,755.0,8.0,1,1,1044,229,27,1.617285096418929,0,26,16,13,3,0.8010481541523907,0.1996858481394113,0.27666164942240534,14.0,13.981481481481481,53.92857142857143,175.5,12.535714285714286
Quentin Skinner,WR,2024,college_data,25.0,0,557.0,4.0,0,0,0,0,0,,0,0,0,0,0,,,,,22.28,,104.7,
Quenton Rogers,WR,2024,college_data,22.0,0,349.0,1.0,0,0,0,0,0,,0,0,0,0,0,,,,,15.863636363636363,,62.9,
Quez Watkins,WR,2021,nflreadpy,45.0,42,682.0,1.0,11,11,462,94,22,1.647587994863429,11,22,18,17,11,0.7888370966384648,0.6678620230082564,0.6993427471258445,18.0,15.155555555555555,37.888888888888886,119.19999999999999,6.622222222222222
Quez Watkins,WR,2022,nflreadpy,34.0,54,362.0,3.0,1,1,544,153,13,-0.8175991608131347,0,11,9,5,2,0.9762175944565816,0.0937630448603132,0.10182210527600721,19.0,10.647058823529411,19.05263157894737,86.2,4.536842105263158
Quez Watkins,WR,2023,nflreadpy,18.0,25,154.0,1.0,0,0,270,61,8,-0.7681203554777767,0,6,2,0,0,1.2704800136054069,0.12363445378151261,0.13583736351497888,6.0,8.555555555555555,25.666666666666668,39.4,6.566666666666666
Quin Smith,WR,2025,college_data,15.0,0,358.0,4.0,0,0,0,0,0,,0,0,0,0,0,,,,,23.866666666666667,,74.80000000000001,
Quincy Brown,WR,2024,college_data,25.0,0,305.0,3.0,0,0,0,0,0,,0,0,0,0,0,,,,,12.2,,73.5,
Quincy Enunwa,WR,2018,nflreadpy,38.0,68,449.0,1.0,2,1,487,285,22,-0.26401349122849627,0,18,11,6,2,0.9531062611140219,0.20918673822786885,0.16869243025659142,11.0,11.81578947368421,40.81818181818182,84.9,7.718181818181819
Quincy Skinner Jr.,WR,2024,college_data,29.0,0,367.0,3.0,0,0,0,0,0,,0,0,0,0,0,,,,,12.655172413793103,,83.7,
Quintez Cephus,WR,2020,nflreadpy,20.0,12,349.0,2.0,12,12,12,12,12,1.3578181120543562,12,12,12,12,12,1.0221233828319145,1.0,1.0,12.0,17.45,29.083333333333332,66.9,5.575
Quintez Cephus,WR,2021,nflreadpy,15.0,5,204.0,2.0,5,5,5,5,5,1.880288323576219,5,5,5,5,5,1.378554340595504,1.0,1.0,5.0,13.6,40.8,47.400000000000006,9.48
RJ Garcia II,WR,2025,college_data,27.0,0,283.0,0.0,0,0,0,0,0,,0,0,0,0,0,,,,,10.481481481481481,,55.3,
RJ Jackson,WR,2024,college_data,12.0,0,163.0,0.0,0,0,0,0,0,,0,0,0,0,0,,,,,13.583333333333334,,28.3,
RJ Lamarre,WR,2024,college_data,22.0,0,267.0,0.0,0,0,0,0,0,,0,0,0,0,0,,,,,12.136363636363637,,48.7,
RJ Lamarre,WR,2025,college_data,19.0,0,189.0,0.0,0,0,0,0,0,,0,0,0,0,0,,,,,9.947368421052632,,37.900000000000006,
RaJa Nelson,WR,2024,college_data,26.0,0,273.0,3.0,0,0,0,0,0,,0,0,0,0,0,,,,,10.5,,71.3,
RaJa Nelson,WR,2025,college_data,29.0,0,440.0,4.0,0,0,0,0,0,,0,0,0,0,0,,,,,15.172413793103448,,97.0,
Rahkeem Smith,WR,2024,college_data,25.0,0,349.0,3.0,0,0,0,0,0,,0,0,0,0,0,,,,,13.96,,77.9,
Raiden Brown,WR,2024,college_data,38.0,0,339.0,3.0,0,0,0,0,0,,0,0,0,0,0,,,,,8.921052631578947,,89.9,
Raiden Vines-Bright,WR,2025,college_data,24.0,0,238.0,1.0,0,0,0,0,0,,0,0,0,0,0,,,,,9.916666666666666,,53.8,
Randall Cobb,WR,2018,nflreadpy,38.0,61,383.0,2.0,1,1,522,233,18,0.23111978892600726,0,10,6,4,1,1.0548742950452499,0.17785338320022295,0.1611188069223994,9.0,10.078947368421053,42.55555555555556,86.30000000000001,9.58888888888889
Randall Cobb,WR,2019,nflreadpy,55.0,78,828.0,3.0,3,2,794,282,38,1.9174086651804916,1,32,22,15,3,1.0615634834739964,0.21091856487874025,0.20415008264304657,15.0,15.054545454545455,55.2,151.8,10.120000000000001
Randall Cobb,WR,2020,nflreadpy,38.0,10,441.0,3.0,10,10,10,10,10,2.3973501399431547,10,10,10,10,10,1.470410564346715,1.0,1.0,10.0,11.605263157894736,44.1,100.1,10.01
Randall Cobb,WR,2021,nflreadpy,28.0,12,375.0,5.0,11,11,15,11,11,1.7371013976623362,11,11,11,11,11,1.1618662406738947,0.9197530864197531,0.9181818181818181,12.0,13.392857142857142,31.25,95.5,7.958333333333333
Randall Cobb,WR,2022,nflreadpy,34.0,50,417.0,1.0,1,0,475,185,19,1.735756754907563,0,14,8,7,1,1.3158672039001411,0.11926375325637054,0.14602866602776243,13.0,12.264705882352942,32.07692307692308,79.7,6.130769230769231
Randall King,WR,2024,college_data,28.0,0,380.0,2.0,0,0,0,0,0,,0,0,0,0,0,,,,,13.571428571428571,,78.0,
Randall King,WR,2025,college_data,59.0,0,689.0,5.0,0,0,0,0,0,,0,0,0,0,0,,,,,11.677966101694915,,157.9,
Raphael Williams,WR,2024,college_data,36.0,0,419.0,6.0,0,0,0,0,0,,0,0,0,0,0,,,,,11.63888888888889,,113.9,
Raphael Williams,WR,2025,college_data,52.0,0,741.0,7.0,0,0,0,0,0,,0,0,0,0,0,,,,,14.25,,168.10000000000002,
Rara Thomas,WR,2025,college_data,39.0,0,629.0,5.0,0,0,0,0,0,,0,0,0,0,0,,,,,16.128205128205128,,131.9,
Rashad Rochelle,WR,2024,college_data,58.0,0,525.0,4.0,0,0,0,0,0,,0,0,0,0,0,,,,,9.051724137931034,,134.5,
Rashad Rochelle,WR,2025,college_data,44.0,0,863.0,9.0,0,0,0,0,0,,0,0,0,0,0,,,,,19.613636363636363,,184.3,
Rashard Higgins,WR,2018,nflreadpy,39.0,53,572.0,4.0,2,1,594,146,27,2.244485352581031,0,24,19,11,1,0.9450268667539204,0.11796827473380535,0.1387891070693207,13.0,14.666666666666666,44.0,116.2,8.938461538461539
Rashard Higgins,WR,2020,nflreadpy,44.0,14,715.0,4.0,14,14,14,14,14,2.447577875729319,14,14,14,14,14,0.8251821139193342,1.0,1.0,14.0,16.25,51.07142857142857,139.5,9.964285714285714
Rashard Higgins,WR,2021,nflreadpy,24.0,25,275.0,1.0,9,9,155,28,14,0.43942460966666713,9,14,10,9,9,0.5046217530866653,0.7898307790549169,0.7953759201816292,12.0,11.458333333333334,22.916666666666668,57.5,4.791666666666667
Rashawn Cunningham,WR,2025,college_data,34.0,0,628.0,7.0,0,0,0,0,0,,0,0,0,0,0,,,,,18.470588235294116,,138.8,
Rashee Rice,WR,2023,nflreadpy,105.0,135,1200.0,8.0,3,1,616,849,59,2.861759269279335,0,46,21,14,1,2.809833157154913,0.19395957475284517,0.1372052452910065,20.0,11.428571428571429,60.0,267.0,13.35
Rashee Rice,WR,2024,nflreadpy,24.0,29,288.0,2.0,0,0,151,186,15,5.491090736177284,0,13,6,3,1,1.907784237726098,0.24577294685990336,0.24890819132323985,4.0,12.0,72.0,64.8,16.2
Rashee Rice,WR,2025,nflreadpy,53.0,78,571.0,5.0,1,0,338,414,28,2.0024310076291503,1,21,11,9,2,2.3332690676440677,0.2903309732573863,0.13699770453087143,8.0,10.773584905660377,71.375,140.1,17.5125
Rashee Rice,WR,2026,nflreadpy,13.0,17,190.0,1.0,0,0,126,119,6,1.230850891897944,0,8,4,3,0,2.0614814814814815,0.2036130771823391,0.22756900548749903,3.0,14.615384615384615,63.333333333333336,38.0,12.666666666666666
Rashid Shaheed,WR,2022,nflreadpy,28.0,34,488.0,2.0,1,0,397,175,18,2.8231912743263536,0,15,11,6,4,1.258003038205878,0.1245984529788447,0.15647127198200783,12.0,17.428571428571427,40.666666666666664,86.80000000000001,7.233333333333334
Rashid Shaheed,WR,2023,nflreadpy,46.0,75,719.0,5.0,0,0,1094,151,27,0.8060360944278661,0,23,15,12,7,0.885218549955009,0.138486888211758,0.223163332252674,15.0,15.630434782608695,47.93333333333333,147.9,9.860000000000001
Rashid Shaheed,WR,2024,nflreadpy,20.0,41,349.0,3.0,0,0,721,106,12,-0.9889765151049463,0,11,7,5,3,0.60744240511803,0.24390123103652853,0.5072823178477094,6.0,17.45,58.166666666666664,72.9,12.15
Rashid Shaheed,WR,2025,nflreadpy,62.0,102,765.0,2.0,1,1,1316,194,32,-0.2047862170147191,0,30,13,7,2,0.5949698738319655,0.15539064544210968,0.23991650430751787,21.0,12.338709677419354,36.42857142857143,148.5,7.071428571428571
Rashid Williams,WR,2024,college_data,11.0,0,138.0,1.0,0,0,0,0,0,,0,0,0,0,0,,,,,12.545454545454545,,30.8,
Rashod Bateman,WR,2021,nflreadpy,46.0,39,515.0,1.0,5,5,280,69,17,1.24034597269287,5,13,9,8,5,0.9059515110763798,0.5006893166375925,0.49872151687922855,12.0,11.195652173913043,42.916666666666664,103.5,8.625
Rashod Bateman,WR,2022,nflreadpy,15.0,28,285.0,2.0,1,1,374,133,7,0.44126950958408656,0,7,6,5,2,0.7053814286657424,0.18635645509800344,0.27634037393261346,6.0,19.0,47.5,53.5,8.916666666666666
Rashod Bateman,WR,2023,nflreadpy,36.0,62,408.0,1.0,0,0,901,64,22,0.21957935611668797,0,18,7,3,0,0.560553089094576,0.13331472810249004,0.2173898875994591,17.0,11.333333333333334,24.0,82.80000000000001,4.870588235294118
Rashod Bateman,WR,2024,nflreadpy,51.0,79,846.0,11.0,0,0,1080,197,39,2.889394602443497,0,34,20,12,5,0.8607591221658462,0.16681008258723767,0.27367761477765784,18.0,16.58823529411765,47.0,201.60000000000002,11.200000000000001
Rashod Bateman,WR,2025,nflreadpy,19.0,38,224.0,2.0,0,0,468,39,12,-0.12890459495520387,1,10,5,3,0,0.70815947497293,0.11943864202159396,0.17461728613584387,13.0,11.789473684210526,17.23076923076923,55.400000000000006,4.261538461538462
Rashod Bateman,WR,2026,nflreadpy,11.0,15,171.0,1.0,0,0,201,34,6,2.739304452072247,0,6,6,3,0,0.9609002849002849,0.14274425287356324,0.18772762435886198,4.0,15.545454545454545,42.75,34.1,8.525
Rashod Owens,WR,2024,college_data,32.0,0,515.0,4.0,0,0,0,0,0,,0,0,0,0,0,,,,,16.09375,,107.5,
Ray-Ray McCloud,WR,2020,nflreadpy,20.0,17,77.0,0.0,17,17,17,17,17,0.008213595672383566,17,17,17,17,17,0.8,1.0,1.0,17.0,3.85,4.529411764705882,27.700000000000003,1.6294117647058826
Ray-Ray McCloud,WR,2021,nflreadpy,41.0,54,297.0,0.0,10,10,300,87,20,-0.9649406533986921,10,17,12,11,10,1.2890609972124454,0.6539017078403268,0.6561105419704104,17.0,7.2439024390243905,17.470588235294116,70.7,4.158823529411765
Ray-Ray McCloud,WR,2022,nflreadpy,14.0,25,243.0,1.0,0,0,295,92,11,0.8851780945759467,0,12,7,5,1,1.2212962962962963,0.04337574103368609,0.0683797490941459,20.0,17.357142857142858,12.15,44.3,2.215
Ray-Ray McCloud,WR,2023,nflreadpy,14.0,18,161.0,0.0,0,0,142,88,8,0.259811011957936,0,6,3,2,1,0.6390251898093386,0.044306819134405345,0.0370176744357297,15.0,11.5,10.733333333333333,30.1,2.006666666666667
Ray-Ray McCloud,WR,2024,nflreadpy,62.0,87,686.0,1.0,3,1,589,335,29,0.3309017990636871,0,27,12,8,2,1.480687567430647,0.1629947187190886,0.14248850805506616,17.0,11.064516129032258,40.35294117647059,130.60000000000002,7.682352941176472
Raydrian Baltrip,WR,2025,college_data,24.0,0,227.0,2.0,0,0,0,0,0,,0,0,0,0,0,,,,,9.458333333333334,,58.7,
Raylen Sharpe,WR,2024,college_data,51.0,0,523.0,3.0,0,0,0,0,0,,0,0,0,0,0,,,,,10.254901960784315,,121.30000000000001,
Raylen Sharpe,WR,2025,college_data,41.0,0,592.0,3.0,0,0,0,0,0,,0,0,0,0,0,,,,,14.439024390243903,,118.2,
Reagan Ealy,WR,2024,college_data,23.0,0,262.0,0.0,0,0,0,0,0,,0,0,0,0,0,,,,,11.391304347826088,,49.2,
Reece Thomas,WR,2024,college_data,26.0,0,311.0,2.0,0,0,0,0,0,,0,0,0,0,0,,,,,11.961538461538462,,69.1,
Reece Vander Zee,WR,2024,college_data,14.0,0,176.0,3.0,0,0,0,0,0,,0,0,0,0,0,,,,,12.571428571428571,,49.6,
Reece Vander Zee,WR,2025,college_data,15.0,0,219.0,2.0,0,0,0,0,0,,0,0,0,0,0,,,,,14.6,,48.900000000000006,
Reed Dexter,WR,2024,college_data,11.0,0,91.0,1.0,0,0,0,0,0,,0,0,0,0,0,,,,,8.272727272727273,,26.1,
Reed Harris,WR,2024,college_data,17.0,0,486.0,4.0,0,0,0,0,0,,0,0,0,0,0,,,,,28.58823529411765,,89.6,
Reed Harris,WR,2025,college_data,39.0,0,673.0,5.0,0,0,0,0,0,,0,0,0,0,0,,,,,17.256410256410255,,136.3,
Reed Shumpert,WR,2025,college_data,34.0,0,382.0,0.0,0,0,0,0,0,,0,0,0,0,0,,,,,11.235294117647058,,72.2,
Reed Swanson,WR,2024,college_data,20.0,0,223.0,4.0,0,0,0,0,0,,0,0,0,0,0,,,,,11.15,,66.3,
Reed Swanson,WR,2025,college_data,57.0,0,939.0,8.0,0,0,0,0,0,,0,0,0,0,0,,,,,16.473684210526315,,198.9,
Reese Smith,WR,2024,college_data,18.0,0,277.0,4.0,0,0,0,0,0,,0,0,0,0,0,,,,,15.38888888888889,,69.7,
Reese Smith,WR,2025,college_data,23.0,0,209.0,1.0,0,0,0,0,0,,0,0,0,0,0,,,,,9.08695652173913,,49.900000000000006,
Refeno Vangates,WR,2025,college_data,26.0,0,357.0,3.0,0,0,0,0,0,,0,0,0,0,0,,,,,13.73076923076923,,79.7,
Reginald Virgil,WR,2024,college_data,41.0,0,816.0,9.0,0,0,0,0,0,,0,0,0,0,0,,,,,19.902439024390244,,176.60000000000002,
Reginald Virgil,WR,2025,college_data,57.0,0,705.0,6.0,0,0,0,0,0,,0,0,0,0,0,,,,,12.368421052631579,,163.5,
Reymello Murphy,WR,2025,college_data,39.0,0,446.0,3.0,0,0,0,0,0,,0,0,0,0,0,,,,,11.435897435897436,,101.6,
Richie Hoskins,WR,2024,college_data,11.0,0,131.0,2.0,0,0,0,0,0,,0,0,0,0,0,,,,,11.909090909090908,,36.1,
Richie Hoskins,WR,2025,college_data,28.0,0,321.0,3.0,0,0,0,0,0,,0,0,0,0,0,,,,,11.464285714285714,,78.1,
Richie Ilarraza,WR,2024,college_data,16.0,0,169.0,1.0,0,0,0,0,0,,0,0,0,0,0,,,,,10.5625,,38.900000000000006,
Richie James,WR,2020,nflreadpy,23.0,10,394.0,1.0,10,10,10,10,10,3.380358718718136,10,10,10,10,10,1.0904712114004527,1.0,1.0,10.0,17.130434782608695,39.4,68.4,6.840000000000001
Richie James,WR,2022,nflreadpy,68.0,86,651.0,4.0,0,0,586,220,34,1.5887215946772177,0,31,10,3,0,1.2339191389333073,0.16841016838109757,0.17511473888864096,18.0,9.573529411764707,36.166666666666664,157.10000000000002,8.72777777777778
Richie James,WR,2023,nflreadpy,11.0,18,120.0,0.0,0,0,148,61,6,0.2352583296676378,0,4,2,1,1,0.8997865242579831,0.03952581278740376,0.045229756455575816,13.0,10.909090909090908,9.23076923076923,23.0,1.7692307692307692
Rickie Shaw II,WR,2025,college_data,15.0,0,167.0,2.0,0,0,0,0,0,,0,0,0,0,0,,,,,11.133333333333333,,43.7,
Ricky Gonzalez II,WR,2024,college_data,20.0,0,244.0,1.0,0,0,0,0,0,,0,0,0,0,0,,,,,12.2,,50.400000000000006,
Ricky Gonzalez II,WR,2025,college_data,14.0,0,153.0,0.0,0,0,0,0,0,,0,0,0,0,0,,,,,10.928571428571429,,29.3,
Ricky Ortega,WR,2025,college_data,20.0,0,187.0,1.0,0,0,0,0,0,,0,0,0,0,0,,,,,9.35,,44.7,
Ricky Pearsall,WR,2024,nflreadpy,31.0,46,400.0,3.0,0,0,528,114,19,0.7521673774945365,0,15,6,5,2,0.6636053213451,0.12821185663690407,0.183686428939987,11.0,12.903225806451612,36.36363636363637,89.0,8.090909090909092
Ricky Pearsall,WR,2025,nflreadpy,36.0,55,528.0,0.0,0,0,761,74,28,2.426459955423154,0,24,11,9,1,0.5424177282776008,0.16903190082359554,0.29134906448311604,10.0,14.666666666666666,52.8,88.80000000000001,8.88
Ricky White,WR,2024,college_data,79.0,0,1041.0,11.0,0,0,0,0,0,,0,0,0,0,0,,,,,13.177215189873417,,249.10000000000002,
Rico Bond,WR,2025,college_data,60.0,0,694.0,6.0,0,0,0,0,0,,0,0,0,0,0,,,,,11.566666666666666,,165.4,
Rico Flores,WR,2024,college_data,12.0,0,187.0,1.0,0,0,0,0,0,,0,0,0,0,0,,,,,15.583333333333334,,36.7,
Rico Flores,WR,2025,college_data,26.0,0,274.0,0.0,0,0,0,0,0,,0,0,0,0,0,,,,,10.538461538461538,,53.400000000000006,
Rico Scott,WR,2025,college_data,11.0,0,98.0,2.0,0,0,0,0,0,,0,0,0,0,0,,,,,8.909090909090908,,32.8,
River Cracraft,WR,2023,nflreadpy,11.0,15,154.0,1.0,0,0,122,63,10,1.0505359071706022,0,9,4,2,0,1.3249433106575965,0.06315404997541373,0.05558584396602302,7.0,14.0,22.0,32.4,4.628571428571428
Robbie Chosen,WR,2018,nflreadpy,50.0,94,752.0,6.0,2,2,1495,180,30,0.6323114596317042,0,30,18,10,2,0.5678597811599657,0.20988565572425566,0.34896830830286607,14.0,15.04,53.714285714285715,157.2,11.228571428571428
Robbie Chosen,WR,2019,nflreadpy,52.0,87,779.0,5.0,3,2,1340,187,35,0.32578306158936005,3,31,18,14,4,0.5681283745726343,0.2946693393134052,0.4282217035226859,16.0,14.98076923076923,48.6875,159.9,9.99375
Robbie Chosen,WR,2020,nflreadpy,95.0,16,1096.0,3.0,16,16,16,16,16,1.7587231738320155,16,16,16,16,16,0.9329603449779329,1.0,1.0,16.0,11.536842105263158,68.5,222.60000000000002,13.912500000000001
Robbie Chosen,WR,2021,nflreadpy,53.0,53,519.0,5.0,12,12,439,76,25,-1.6820194131093287,12,23,16,13,12,0.5972998930696054,0.7703092089548997,0.7892448775015867,17.0,9.79245283018868,30.529411764705884,134.9,7.935294117647059
Robbie Chosen,WR,2022,nflreadpy,20.0,44,282.0,1.0,1,1,625,92,10,-0.5953829936236855,0,10,5,3,1,0.5218787684711521,0.11756025609672523,0.22710444617196987,12.0,14.1,23.5,52.2,4.3500000000000005
Robby Washington,WR,2025,college_data,29.0,0,278.0,3.0,0,0,0,0,0,,0,0,0,0,0,,,,,9.586206896551724,,74.8,
Robert Foster,WR,2018,nflreadpy,27.0,44,541.0,3.0,0,0,906,167,20,3.3071533026203834,0,19,14,9,4,0.5913774446500257,0.14313825609018588,0.2526115053819613,11.0,20.037037037037038,49.18181818181818,99.1,9.009090909090908
Robert Lewis,WR,2024,college_data,16.0,0,155.0,0.0,0,0,0,0,0,,0,0,0,0,0,,,,,9.6875,,31.5,
Robert McMinn,WR,2024,college_data,13.0,0,322.0,4.0,0,0,0,0,0,,0,0,0,0,0,,,,,24.76923076923077,,69.2,
Robert Williams,WR,2024,college_data,26.0,0,290.0,1.0,0,0,0,0,0,,0,0,0,0,0,,,,,11.153846153846153,,61.0,
Robert Williams,WR,2025,college_data,25.0,0,309.0,0.0,0,0,0,0,0,,0,0,0,0,0,,,,,12.36,,55.900000000000006,
Robert Woods,WR,2018,nflreadpy,103.0,159,1391.0,6.0,0,0,1679,477,74,3.1137556669794706,0,62,39,20,0,0.9798653762685396,0.2485541201882443,0.2941246840492313,19.0,13.504854368932039,73.21052631578948,278.1,14.63684210526316
Robert Woods,WR,2019,nflreadpy,90.0,128,1134.0,2.0,1,1,1054,552,52,1.510162966326927,1,52,29,14,2,1.037805822390131,0.27702111580947836,0.29616795101217935,15.0,12.6,75.6,215.4,14.360000000000001
Robert Woods,WR,2020,nflreadpy,102.0,18,1032.0,7.0,18,18,18,18,18,0.7606058529950499,18,18,18,18,18,1.7278601609596902,1.0,1.0,18.0,10.117647058823529,57.333333333333336,247.2,13.733333333333333
Robert Woods,WR,2021,nflreadpy,45.0,9,556.0,4.0,9,9,9,9,9,3.4020352957708457,9,9,9,9,9,1.04610806319146,1.0,1.0,9.0,12.355555555555556,61.77777777777778,124.6,13.844444444444443
Robert Woods,WR,2022,nflreadpy,53.0,91,527.0,2.0,0,0,716,156,31,0.5262728421587632,0,21,8,3,1,0.8471926575116756,0.21238046902129887,0.20075485118008363,17.0,9.943396226415095,31.0,117.7,6.923529411764706
Robert Woods,WR,2023,nflreadpy,42.0,81,443.0,1.0,0,0,774,131,27,-0.08933280549512329,0,21,8,2,0,0.6126450691709818,0.14875971917419809,0.16526714359277056,16.0,10.547619047619047,27.6875,92.30000000000001,5.768750000000001
Robert Woods,WR,2024,nflreadpy,22.0,34,225.0,0.0,3,1,318,75,14,0.07603232554444948,0,11,4,2,0,0.7583195704640553,0.06488605250063596,0.06594419293849776,16.0,10.227272727272727,14.0625,38.5,2.40625
Roc Taylor,WR,2024,college_data,66.0,0,950.0,2.0,0,0,0,0,0,,0,0,0,0,0,,,,,14.393939393939394,,173.0,
Roderick Daniels,WR,2024,college_data,42.0,0,601.0,4.0,0,0,0,0,0,,0,0,0,0,0,,,,,14.30952380952381,,126.1,
Rodney Gallagher,WR,2024,college_data,26.0,0,288.0,3.0,0,0,0,0,0,,0,0,0,0,0,,,,,11.076923076923077,,72.8,
Rodney Gallagher,WR,2025,college_data,28.0,0,243.0,0.0,0,0,0,0,0,,0,0,0,0,0,,,,,8.678571428571429,,52.3,
Rodney Harris II,WR,2024,college_data,23.0,0,299.0,0.0,0,0,0,0,0,,0,0,0,0,0,,,,,13.0,,52.900000000000006,
Rodney Harris II,WR,2025,college_data,30.0,0,419.0,2.0,0,0,0,0,0,,0,0,0,0,0,,,,,13.966666666666667,,83.9,
Rodny Ojo,WR,2025,college_data,29.0,0,362.0,2.0,0,0,0,0,0,,0,0,0,0,0,,,,,12.482758620689655,,77.2,
Rohan Fluellen,WR,2024,college_data,21.0,0,221.0,2.0,0,0,0,0,0,,0,0,0,0,0,,,,,10.523809523809524,,55.1,
Roman Laurio,WR,2025,college_data,19.0,0,306.0,0.0,0,0,0,0,0,,0,0,0,0,0,,,,,16.105263157894736,,49.6,
Roman Mothershed,WR,2025,college_data,25.0,0,259.0,1.0,0,0,0,0,0,,0,0,0,0,0,,,,,10.36,,56.900000000000006,
Roman Wilson,WR,2025,nflreadpy,12.0,21,166.0,2.0,1,1,277,66,7,0.4521250171864004,0,6,4,3,1,0.6139291465378423,0.07681499097655939,0.1548316596758154,9.0,13.833333333333334,18.444444444444443,38.6,4.288888888888889
Roman Wilson,WR,2026,nflreadpy,14.0,24,188.0,2.0,0,0,368,84,9,1.8467402039605076,0,6,4,3,1,0.6878131969041059,0.16792971631681308,0.23677175322154453,4.0,13.428571428571429,47.0,44.8,11.2
Rome Odunze,WR,2024,nflreadpy,54.0,101,734.0,3.0,2,1,1398,253,37,0.944774193900853,0,35,17,8,2,0.6447063593500852,0.18912815551581788,0.2997299790399457,17.0,13.592592592592593,43.1764705882353,141.4,8.31764705882353
Rome Odunze,WR,2025,nflreadpy,48.0,102,749.0,6.0,0,0,1469,222,41,1.8369918584190892,0,37,23,15,0,0.4718797216030577,0.2221057305980863,0.3360623500732097,14.0,15.604166666666666,53.5,158.9,11.35
Rome Odunze,WR,2026,nflreadpy,14.0,20,233.0,0.0,0,0,305,37,9,2.737852646329069,0,8,6,6,1,0.7897280870990825,0.16274874714153653,0.331839635710958,4.0,16.642857142857142,58.25,37.3,9.325
Romello Brinson,WR,2024,college_data,14.0,0,141.0,0.0,0,0,0,0,0,,0,0,0,0,0,,,,,10.071428571428571,,28.1,
Romello Brinson,WR,2025,college_data,43.0,0,638.0,3.0,0,0,0,0,0,,0,0,0,0,0,,,,,14.837209302325581,,124.80000000000001,
Romeo Doubs,WR,2022,nflreadpy,42.0,67,425.0,3.0,2,1,637,191,20,-0.18306123981404238,0,18,10,7,0,0.7727652481690093,0.15659451315342293,0.18311816396487407,13.0,10.119047619047619,32.69230769230769,98.5,7.576923076923077
Romeo Doubs,WR,2023,nflreadpy,69.0,108,908.0,9.0,1,0,1306,210,49,2.537887247626824,0,39,18,13,1,0.708897429847011,0.17421652021992462,0.2406798655190733,19.0,13.159420289855072,47.78947368421053,211.8,11.147368421052633
Romeo Doubs,WR,2024,nflreadpy,48.0,74,614.0,4.0,0,0,897,137,34,2.203408163487705,1,29,14,8,0,0.7253633447309762,0.1875757139762532,0.27803392837378416,14.0,12.791666666666666,43.857142857142854,135.4,9.671428571428573
Romeo Doubs,WR,2025,nflreadpy,63.0,96,848.0,7.0,1,0,1198,205,48,2.8014187113610416,1,34,21,15,2,0.893993191436783,0.19470590682774064,0.2781140836289266,17.0,13.46031746031746,49.88235294117647,189.8,11.164705882352942
Romeo Doubs,WR,2026,nflreadpy,12.0,20,203.0,2.0,1,0,322,38,9,2.1184501412477115,0,7,4,4,1,0.6768188854489164,0.16764592933947772,0.2989686120593723,4.0,16.916666666666668,50.75,42.3,10.575
Romon Copeland,WR,2024,college_data,64.0,0,593.0,3.0,0,0,0,0,0,,0,0,0,0,0,,,,,9.265625,,141.3,
Ron Vann,WR,2024,college_data,21.0,0,210.0,1.0,0,0,0,0,0,,0,0,0,0,0,,,,,10.0,,48.0,
Rondale Moore,WR,2021,nflreadpy,59.0,26,467.0,1.0,11,11,30,75,15,-0.28708109498004375,11,14,11,11,11,0.7572582207064966,0.7635957716419901,0.7306042335012309,15.0,7.915254237288136,31.133333333333333,111.69999999999999,7.446666666666666
Rondale Moore,WR,2022,nflreadpy,41.0,56,414.0,1.0,0,0,309,281,16,1.6250315777704112,0,16,9,6,0,2.5617962319245398,0.19738316493450717,0.17520056027054717,8.0,10.097560975609756,51.75,88.4,11.05
Rondale Moore,WR,2023,nflreadpy,40.0,62,352.0,1.0,1,0,322,216,17,-0.2527067014321991,0,13,5,4,1,3.001499040696475,0.11962119382403134,0.07461207256522505,17.0,8.8,20.705882352941178,79.2,4.658823529411765
Ronnel Johnson,WR,2024,college_data,33.0,0,438.0,2.0,0,0,0,0,0,,0,0,0,0,0,,,,,13.272727272727273,,88.80000000000001,
Ronnel Johnson,WR,2025,college_data,35.0,0,463.0,2.0,0,0,0,0,0,,0,0,0,0,0,,,,,13.228571428571428,,93.30000000000001,
Roriyon Richardson,WR,2025,college_data,30.0,0,444.0,4.0,0,0,0,0,0,,0,0,0,0,0,,,,,14.8,,98.4,
Roy Alexander,WR,2024,college_data,98.0,0,1093.0,13.0,0,0,0,0,0,,0,0,0,0,0,,,,,11.153061224489797,,285.3,
Russell Gage,WR,2019,nflreadpy,49.0,57,446.0,1.0,2,2,380,120,19,0.48438799937725197,2,17,5,2,2,0.9683253756131806,0.2382268125366078,0.219360534889391,14.0,9.10204081632653,31.857142857142858,99.6,7.114285714285714
Russell Gage,WR,2020,nflreadpy,72.0,16,786.0,4.0,16,16,16,16,16,1.964302632551997,16,16,16,16,16,2.424760031371025,1.0,1.0,16.0,10.916666666666666,49.125,174.60000000000002,10.912500000000001
Russell Gage,WR,2021,nflreadpy,66.0,66,770.0,4.0,8,8,631,188,35,0.7305451004510755,6,32,19,12,6,1.1228124990880382,0.6206807529388174,0.6600367928124323,13.0,11.666666666666666,59.23076923076923,163.0,12.538461538461538
Russell Gage,WR,2022,nflreadpy,53.0,78,436.0,5.0,1,1,422,184,31,0.7440295020185045,1,18,3,3,0,1.2849867017348007,0.13166302130982604,0.10393826344448108,14.0,8.226415094339623,31.142857142857142,126.6,9.042857142857143
Ryan Davis,WR,2024,college_data,54.0,0,747.0,3.0,0,0,0,0,0,,0,0,0,0,0,,,,,13.833333333333334,,146.7,
Ryan Davis,WR,2025,college_data,62.0,0,725.0,4.0,0,0,0,0,0,,0,0,0,0,0,,,,,11.693548387096774,,158.5,
Ryan Flournoy,WR,2025,nflreadpy,40.0,56,475.0,4.0,0,0,466,204,29,2.2026794669519925,0,22,8,5,3,1.12302179323063,0.11057427951792834,0.10530331458004373,15.0,11.875,31.666666666666668,111.5,7.433333333333334
Ryan Flournoy,WR,2026,nflreadpy,13.0,23,104.0,0.0,0,0,123,64,6,0.8980185310192552,0,4,2,0,0,2.8710988255872065,0.16079019754938734,0.11157606315276757,4.0,8.0,26.0,23.4,5.85
Ryan Grant,WR,2018,nflreadpy,35.0,52,334.0,1.0,0,0,475,93,18,0.721825874795156,0,14,4,3,0,1.289153605445446,0.08340604730379522,0.1017902540757647,14.0,9.542857142857143,23.857142857142858,74.4,5.314285714285715
Ryan Jezioro,WR,2025,college_data,27.0,0,347.0,4.0,0,0,0,0,0,,0,0,0,0,0,,,,,12.851851851851851,,85.7,
Ryan King,WR,2024,college_data,15.0,0,162.0,0.0,0,0,0,0,0,,0,0,0,0,0,,,,,10.8,,31.2,
Ryan King,WR,2025,college_data,11.0,0,211.0,1.0,0,0,0,0,0,,0,0,0,0,0,,,,,19.181818181818183,,38.1,
Ryan Matulevich,WR,2025,college_data,16.0,0,183.0,0.0,0,0,0,0,0,,0,0,0,0,0,,,,,11.4375,,34.3,
Ryan Miller,WR,2024,nflreadpy,12.0,20,128.0,2.0,0,0,195,55,7,0.6059832438172356,0,5,2,2,0,5.283804513337185,0.05800023990639954,0.08557452873642457,10.0,10.666666666666666,12.8,36.8,3.6799999999999997
Ryan Petras,WR,2025,college_data,13.0,0,249.0,5.0,0,0,0,0,0,,0,0,0,0,0,,,,,19.153846153846153,,67.9,
Ryan Ricketti,WR,2025,college_data,44.0,0,457.0,3.0,0,0,0,0,0,,0,0,0,0,0,,,,,10.386363636363637,,107.7,
Ryan Switzer,WR,2018,nflreadpy,36.0,44,253.0,1.0,0,0,148,137,15,0.39684621695905353,0,11,2,1,0,1.0830176767676767,0.0627239730005638,0.030249906819751433,16.0,7.027777777777778,15.8125,67.3,4.20625
Ryan Tattersall,WR,2025,college_data,19.0,0,293.0,3.0,0,0,0,0,0,,0,0,0,0,0,,,,,15.421052631578947,,66.3,
Ryan Upp,WR,2024,college_data,42.0,0,573.0,5.0,0,0,0,0,0,,0,0,0,0,0,,,,,13.642857142857142,,129.3,
Ryan Upp,WR,2025,college_data,78.0,0,1089.0,5.0,0,0,0,0,0,,0,0,0,0,0,,,,,13.961538461538462,,216.9,
Ryan Williams,WR,2024,college_data,48.0,0,865.0,8.0,0,0,0,0,0,,0,0,0,0,0,,,,,18.020833333333332,,182.5,
Ryan Williams,WR,2025,college_data,49.0,0,689.0,4.0,0,0,0,0,0,,0,0,0,0,0,,,,,14.061224489795919,,141.9,
Ryan Wingo,WR,2024,college_data,27.0,0,423.0,2.0,0,0,0,0,0,,0,0,0,0,0,,,,,15.666666666666666,,81.30000000000001,
Ryan Wingo,WR,2025,college_data,54.0,0,834.0,7.0,0,0,0,0,0,,0,0,0,0,0,,,,,15.444444444444445,,179.4,
Ryder MacGillivray,WR,2024,college_data,14.0,0,139.0,0.0,0,0,0,0,0,,0,0,0,0,0,,,,,9.928571428571429,,27.9,
Ryder Treadway,WR,2025,college_data,13.0,0,176.0,3.0,0,0,0,0,0,,0,0,0,0,0,,,,,13.538461538461538,,48.6,
Rylan Davison,WR,2024,college_data,39.0,0,421.0,4.0,0,0,0,0,0,,0,0,0,0,0,,,,,10.794871794871796,,105.1,
Rylan Davison,WR,2025,college_data,46.0,0,582.0,1.0,0,0,0,0,0,,0,0,0,0,0,,,,,12.652173913043478,,110.2,
Sahmir Hagans,WR,2024,college_data,47.0,0,413.0,3.0,0,0,0,0,0,,0,0,0,0,0,,,,,8.787234042553191,,106.30000000000001,
Sahmir Hagans,WR,2025,college_data,44.0,0,512.0,6.0,0,0,0,0,0,,0,0,0,0,0,,,,,11.636363636363637,,131.2,
Sam Brown,WR,2024,college_data,36.0,0,509.0,2.0,0,0,0,0,0,,0,0,0,0,0,,,,,14.13888888888889,,98.9,
Sam Mbake,WR,2025,college_data,24.0,0,207.0,1.0,0,0,0,0,0,,0,0,0,0,0,,,,,8.625,,50.7,
Sam Milligan,WR,2024,college_data,18.0,0,271.0,5.0,0,0,0,0,0,,0,0,0,0,0,,,,,15.055555555555555,,75.1,
Sam Milligan,WR,2025,college_data,56.0,0,975.0,10.0,0,0,0,0,0,,0,0,0,0,0,,,,,17.410714285714285,,213.5,
Sam Phillips,WR,2024,college_data,48.0,0,790.0,3.0,0,0,0,0,0,,0,0,0,0,0,,,,,16.458333333333332,,145.0,
Sam Phillips,WR,2025,college_data,16.0,0,261.0,0.0,0,0,0,0,0,,0,0,0,0,0,,,,,16.3125,,42.1,
Sam Pickett III,WR,2025,college_data,33.0,0,450.0,2.0,0,0,0,0,0,,0,0,0,0,0,,,,,13.636363636363637,,90.0,
Sam Reynolds,WR,2024,college_data,15.0,0,209.0,1.0,0,0,0,0,0,,0,0,0,0,0,,,,,13.933333333333334,,41.900000000000006,
Sam Reynolds,WR,2025,college_data,20.0,0,206.0,0.0,0,0,0,0,0,,0,0,0,0,0,,,,,10.3,,40.6,
Samari Howard,WR,2025,college_data,11.0,0,133.0,1.0,0,0,0,0,0,,0,0,0,0,0,,,,,12.090909090909092,,30.3,
Sammy Watkins,WR,2018,nflreadpy,50.0,71,695.0,3.0,1,1,642,309,30,3.0386758722049563,0,28,13,10,3,0.9372691710892945,0.17961395167834524,0.16598704488115576,12.0,13.9,57.916666666666664,135.5,11.291666666666666
Sammy Watkins,WR,2019,nflreadpy,66.0,92,961.0,4.0,6,5,843,301,34,2.4147226505114388,5,32,17,13,6,0.909792418431926,0.4001291953990221,0.4297522970920995,16.0,14.56060606060606,60.0625,184.10000000000002,11.506250000000001
Sammy Watkins,WR,2020,nflreadpy,38.0,11,434.0,2.0,11,11,11,11,11,2.022155516958963,11,11,11,11,11,0.9684455751404905,1.0,1.0,11.0,11.421052631578947,39.45454545454545,93.4,8.490909090909092
Sammy Watkins,WR,2021,nflreadpy,27.0,17,394.0,1.0,8,8,103,19,11,-0.18156705466329467,8,10,8,8,8,0.6474989335451623,0.7494011056511056,0.7588736052789937,11.0,14.592592592592593,35.81818181818182,72.4,6.581818181818182
Sammy Watkins,WR,2022,nflreadpy,17.0,30,337.0,0.0,1,1,367,131,12,1.0169887146853818,0,10,7,7,3,1.6919753432309377,0.10032389088242082,0.17160053371180406,10.0,19.823529411764707,33.7,48.7,4.87
Samuel Baddoo,WR,2024,college_data,20.0,0,114.0,0.0,0,0,0,0,0,,0,0,0,0,0,,,,,5.7,,31.4,
Samuel Gbatu Jr.,WR,2024,college_data,43.0,0,765.0,7.0,0,0,0,0,0,,0,0,0,0,0,,,,,17.790697674418606,,161.5,
Samuel Gbatu Jr.,WR,2025,college_data,70.0,0,1169.0,11.0,0,0,0,0,0,,0,0,0,0,0,,,,,16.7,,252.9,
Samuel Musungu,WR,2024,college_data,80.0,0,900.0,10.0,0,0,0,0,0,,0,0,0,0,0,,,,,11.25,,230.0,
Savion Williams,WR,2024,college_data,60.0,0,611.0,6.0,0,0,0,0,0,,0,0,0,0,0,,,,,10.183333333333334,,157.1,
Sawyer Racanelli,WR,2024,college_data,30.0,0,409.0,2.0,0,0,0,0,0,,0,0,0,0,0,,,,,13.633333333333333,,82.9,
Sawyer Racanelli,WR,2025,college_data,18.0,0,315.0,1.0,0,0,0,0,0,,0,0,0,0,0,,,,,17.5,,55.5,
Scott Miller,WR,2019,nflreadpy,13.0,26,200.0,1.0,0,0,465,36,5,0.5915966884332106,0,6,4,3,1,0.3078735197782817,0.06741819426119275,0.11111082911141464,9.0,15.384615384615385,22.22222222222222,39.0,4.333333333333333
Scott Miller,WR,2020,nflreadpy,37.0,18,581.0,4.0,18,18,18,18,18,1.3182530884558719,18,18,18,18,18,0.6688141434026298,1.0,1.0,18.0,15.702702702702704,32.27777777777778,119.1,6.616666666666666
Scott Miller,WR,2022,nflreadpy,23.0,40,185.0,0.0,0,0,512,33,8,0.06428084407936821,0,6,2,2,0,0.5957664783599158,0.0791594254615945,0.14352508587798463,12.0,8.043478260869565,15.416666666666666,41.5,3.4583333333333335
Scott Miller,WR,2023,nflreadpy,11.0,16,161.0,2.0,0,0,195,80,6,0.9547734101781518,0,4,2,2,2,1.154427314076437,0.047436239196340886,0.06435070886329493,11.0,14.636363636363637,14.636363636363637,39.1,3.5545454545454547
Scott Woods II,WR,2024,college_data,51.0,0,542.0,3.0,0,0,0,0,0,,0,0,0,0,0,,,,,10.627450980392156,,123.2,
Scott Woods II,WR,2025,college_data,55.0,0,654.0,5.0,0,0,0,0,0,,0,0,0,0,0,,,,,11.89090909090909,,150.4,
Scottie Alexander,WR,2025,college_data,25.0,0,284.0,1.0,0,0,0,0,0,,0,0,0,0,0,,,,,11.36,,59.400000000000006,
Scrappy Osby,WR,2024,college_data,28.0,0,346.0,2.0,0,0,0,0,0,,0,0,0,0,0,,,,,12.357142857142858,,74.6,
Scrappy Osby,WR,2025,college_data,36.0,0,295.0,0.0,0,0,0,0,0,,0,0,0,0,0,,,,,8.194444444444445,,65.5,
Se'Quan Osborne,WR,2024,college_data,11.0,0,159.0,1.0,0,0,0,0,0,,0,0,0,0,0,,,,,14.454545454545455,,32.9,
Sean Atkins,WR,2024,college_data,80.0,0,799.0,2.0,0,0,0,0,0,,0,0,0,0,0,,,,,9.9875,,171.9,
Sean Brown,WR,2024,college_data,35.0,0,470.0,1.0,0,0,0,0,0,,0,0,0,0,0,,,,,13.428571428571429,,88.0,
Sean Brown,WR,2025,college_data,36.0,0,508.0,1.0,0,0,0,0,0,,0,0,0,0,0,,,,,14.11111111111111,,92.80000000000001,
Sean Wilson,WR,2025,college_data,67.0,0,854.0,3.0,0,0,0,0,0,,0,0,0,0,0,,,,,12.746268656716419,,170.4,
Sebastian Brown,WR,2025,college_data,12.0,0,148.0,1.0,0,0,0,0,0,,0,0,0,0,0,,,,,12.333333333333334,,32.8,
Sebastian Macaluso,WR,2024,college_data,15.0,0,187.0,0.0,0,0,0,0,0,,0,0,0,0,0,,,,,12.466666666666667,,33.7,
Semaj Morgan,WR,2024,college_data,27.0,0,139.0,1.0,0,0,0,0,0,,0,0,0,0,0,,,,,5.148148148148148,,46.9,
Semaj Morgan,WR,2025,college_data,20.0,0,223.0,1.0,0,0,0,0,0,,0,0,0,0,0,,,,,11.15,,48.3,
Senika McKie,WR,2024,college_data,24.0,0,319.0,4.0,0,0,0,0,0,,0,0,0,0,0,,,,,13.291666666666666,,79.9,
Sergio Morancy,WR,2024,college_data,38.0,0,543.0,7.0,0,0,0,0,0,,0,0,0,0,0,,,,,14.289473684210526,,134.3,
Seth Roberts,WR,2018,nflreadpy,45.0,64,494.0,2.0,0,0,572,211,24,1.6488545797255592,0,19,8,7,1,1.05045630388956,0.1358614122090353,0.16024663233850892,15.0,10.977777777777778,32.93333333333333,106.4,7.093333333333334
Seth Roberts,WR,2019,nflreadpy,23.0,36,301.0,2.0,2,2,329,72,20,0.9659646984474646,2,17,7,5,2,0.8809407721907722,0.2225325032931927,0.22956860898082143,15.0,13.08695652173913,20.066666666666666,65.1,4.34
Seth Sweitzer,WR,2024,college_data,20.0,0,272.0,2.0,0,0,0,0,0,,0,0,0,0,0,,,,,13.6,,59.2,
Seth Sweitzer,WR,2025,college_data,31.0,0,403.0,3.0,0,0,0,0,0,,0,0,0,0,0,,,,,13.0,,89.30000000000001,
Seven Mcgee,WR,2024,college_data,39.0,0,592.0,6.0,0,0,0,0,0,,0,0,0,0,0,,,,,15.179487179487179,,134.2,
Sevonne Rhea,WR,2024,college_data,31.0,0,553.0,6.0,0,0,0,0,0,,0,0,0,0,0,,,,,17.838709677419356,,122.30000000000001,
Shaleak Knotts,WR,2024,college_data,11.0,0,161.0,1.0,0,0,0,0,0,,0,0,0,0,0,,,,,14.636363636363637,,33.1,
Shaleak Knotts,WR,2025,college_data,44.0,0,717.0,6.0,0,0,0,0,0,,0,0,0,0,0,,,,,16.295454545454547,,151.7,
Shamar Garrett,WR,2024,college_data,35.0,0,248.0,1.0,0,0,0,0,0,,0,0,0,0,0,,,,,7.085714285714285,,65.8,
Shamar Garrett,WR,2025,college_data,19.0,0,147.0,0.0,0,0,0,0,0,,0,0,0,0,0,,,,,7.7368421052631575,,33.7,
Shamar Porter,WR,2025,college_data,17.0,0,219.0,1.0,0,0,0,0,0,,0,0,0,0,0,,,,,12.882352941176471,,44.900000000000006,
Shamar Rigby,WR,2024,college_data,11.0,0,113.0,0.0,0,0,0,0,0,,0,0,0,0,0,,,,,10.272727272727273,,22.3,
Shamar Rigby,WR,2025,college_data,25.0,0,351.0,1.0,0,0,0,0,0,,0,0,0,0,0,,,,,14.04,,66.1,
Shamar Sandgren,WR,2024,college_data,19.0,0,208.0,1.0,0,0,0,0,0,,0,0,0,0,0,,,,,10.947368421052632,,45.8,
Shanard Clower,WR,2025,college_data,12.0,0,98.0,0.0,0,0,0,0,0,,0,0,0,0,0,,,,,8.166666666666666,,21.8,
Shane Carr,WR,2024,college_data,28.0,0,599.0,6.0,0,0,0,0,0,,0,0,0,0,0,,,,,21.392857142857142,,123.9,
Shane Carr,WR,2025,college_data,47.0,0,655.0,3.0,0,0,0,0,0,,0,0,0,0,0,,,,,13.936170212765957,,130.5,
Shawn Charles,WR,2024,college_data,30.0,0,553.0,5.0,0,0,0,0,0,,0,0,0,0,0,,,,,18.433333333333334,,115.30000000000001,
Shawn Harris Jr.,WR,2024,college_data,23.0,0,301.0,0.0,0,0,0,0,0,,0,0,0,0,0,,,,,13.08695652173913,,53.1,
Shawn Miller,WR,2025,college_data,15.0,0,199.0,1.0,0,0,0,0,0,,0,0,0,0,0,,,,,13.266666666666667,,40.900000000000006,
Shazz Preston,WR,2025,college_data,43.0,0,723.0,4.0,0,0,0,0,0,,0,0,0,0,0,,,,,16.813953488372093,,139.3,
Shelton Sampson Jr.,WR,2025,college_data,32.0,0,537.0,6.0,0,0,0,0,0,,0,0,0,0,0,,,,,16.78125,,121.7,
Shemar Kirk,WR,2025,college_data,42.0,0,685.0,8.0,0,0,0,0,0,,0,0,0,0,0,,,,,16.30952380952381,,158.5,
Shemar Savage,WR,2024,college_data,23.0,0,422.0,3.0,0,0,0,0,0,,0,0,0,0,0,,,,,18.347826086956523,,83.2,
Shi Smith,WR,2022,nflreadpy,22.0,41,296.0,2.0,1,1,351,97,14,-0.6222103368912991,0,13,9,6,0,0.8073189239297069,0.09341428057721876,0.11338348967369707,17.0,13.454545454545455,17.41176470588235,61.6,3.623529411764706
Silas Bolden,WR,2024,college_data,23.0,0,267.0,1.0,0,0,0,0,0,,0,0,0,0,0,,,,,11.608695652173912,,55.7,
Simeon Evans,WR,2024,college_data,50.0,0,559.0,6.0,0,0,0,0,0,,0,0,0,0,0,,,,,11.18,,141.9,
Simeon Evans,WR,2025,college_data,16.0,0,136.0,0.0,0,0,0,0,0,,0,0,0,0,0,,,,,8.5,,29.6,
Sincere Brown,WR,2024,college_data,57.0,0,976.0,12.0,0,0,0,0,0,,0,0,0,0,0,,,,,17.12280701754386,,226.60000000000002,
Sincere Brown,WR,2025,college_data,22.0,0,376.0,2.0,0,0,0,0,0,,0,0,0,0,0,,,,,17.09090909090909,,71.6,
Skyler Bell,WR,2024,college_data,50.0,0,860.0,5.0,0,0,0,0,0,,0,0,0,0,0,,,,,17.2,,166.0,
Skyler Bell,WR,2025,college_data,101.0,0,1276.0,13.0,0,0,0,0,0,,0,0,0,0,0,,,,,12.633663366336634,,306.6,
Skyy Moore,WR,2022,nflreadpy,27.0,42,267.0,1.0,0,0,284,172,14,0.3221445925602964,0,10,6,2,0,0.8168710248050578,0.060619679608214024,0.048802230966642504,19.0,9.88888888888889,14.052631578947368,59.7,3.142105263157895
Skyy Moore,WR,2023,nflreadpy,21.0,38,244.0,1.0,0,0,339,109,13,-0.7399121905234083,0,10,4,3,1,0.8326070094735946,0.08204758431880449,0.10057816217380723,13.0,11.619047619047619,18.76923076923077,51.400000000000006,3.9538461538461545
Snap Reed,WR,2025,college_data,35.0,0,376.0,4.0,0,0,0,0,0,,0,0,0,0,0,,,,,10.742857142857142,,96.6,
Solomon Davis,WR,2024,college_data,19.0,0,350.0,2.0,0,0,0,0,0,,0,0,0,0,0,,,,,18.42105263157895,,66.0,
Solomon Lewis,WR,2024,college_data,16.0,0,220.0,3.0,0,0,0,0,0,,0,0,0,0,0,,,,,13.75,,56.0,
Solomon Lewis,WR,2025,college_data,18.0,0,106.0,0.0,0,0,0,0,0,,0,0,0,0,0,,,,,5.888888888888889,,28.6,
Solomon Miller,WR,2024,college_data,22.0,0,324.0,3.0,0,0,0,0,0,,0,0,0,0,0,,,,,14.727272727272727,,72.4,
Solomon Miller,WR,2025,college_data,34.0,0,359.0,2.0,0,0,0,0,0,,0,0,0,0,0,,,,,10.558823529411764,,81.9,
Spencer Curtis,WR,2024,college_data,19.0,0,244.0,0.0,0,0,0,0,0,,0,0,0,0,0,,,,,12.842105263157896,,43.400000000000006,
Squirrel White,WR,2024,college_data,34.0,0,381.0,2.0,0,0,0,0,0,,0,0,0,0,0,,,,,11.205882352941176,,84.1,
Stacy Dobbins,WR,2024,college_data,15.0,0,154.0,0.0,0,0,0,0,0,,0,0,0,0,0,,,,,10.266666666666667,,30.4,
Stacy Dobbins,WR,2025,college_data,58.0,0,701.0,4.0,0,0,0,0,0,,0,0,0,0,0,,,,,12.086206896551724,,152.10000000000002,
Stefon Diggs,WR,2018,nflreadpy,102.0,149,1021.0,9.0,0,0,1286,438,49,0.5699001097953023,1,39,21,13,2,0.9548285125776903,0.26201487704943927,0.295193891369112,15.0,10.009803921568627,68.06666666666666,260.1,17.34
Stefon Diggs,WR,2019,nflreadpy,67.0,92,1206.0,7.0,6,5,1314,295,41,2.8528500703769097,3,38,24,21,11,0.8437435181848153,0.365116570163027,0.5264664300564287,17.0,18.0,70.94117647058823,223.60000000000002,13.15294117647059
Stefon Diggs,WR,2020,nflreadpy,147.0,19,1846.0,10.0,19,19,19,19,19,5.425197421653998,19,19,19,19,19,0.9245490442986057,1.0,1.0,19.0,12.5578231292517,97.15789473684211,391.6,20.610526315789475
Stefon Diggs,WR,2021,nflreadpy,109.0,84,1292.0,10.0,11,11,791,124,35,1.841684962781204,12,32,17,15,12,0.7007791630082604,0.6855074000210091,0.7193439976129707,19.0,11.853211009174313,68.0,300.20000000000005,15.800000000000002
Stefon Diggs,WR,2022,nflreadpy,119.0,173,1578.0,11.0,1,0,2028,439,78,4.4887611042615445,0,61,38,19,7,0.8395385295520315,0.2716029557415464,0.324564235942924,18.0,13.260504201680673,87.66666666666667,340.8,18.933333333333334
Stefon Diggs,WR,2023,nflreadpy,117.0,177,1256.0,8.0,3,1,1802,456,63,2.084708813571018,1,54,24,10,2,0.853538024543503,0.2962157739520327,0.31957176321664205,19.0,10.735042735042734,66.10526315789474,286.6,15.084210526315792
Stefon Diggs,WR,2024,nflreadpy,47.0,64,496.0,3.0,0,0,556,185,31,2.2601336271842065,0,23,12,5,1,1.2049397593684146,0.24408211329488377,0.27841364605366126,8.0,10.553191489361701,62.0,114.6,14.325
Stefon Diggs,WR,2025,nflreadpy,99.0,122,1123.0,5.0,0,0,1000,398,55,3.395662455088503,0,47,24,18,0,1.227338399185545,0.21457180169897902,0.18430254548842206,21.0,11.343434343434344,53.476190476190474,241.3,11.49047619047619
Stefon Diggs,WR,2026,nflreadpy,18.0,31,170.0,3.0,0,0,280,49,11,1.1676735420929596,0,9,2,1,0,0.673965790699028,0.2425371872887086,0.20455289068671131,4.0,9.444444444444445,42.5,53.0,13.25
Stephen Gosnell,WR,2024,college_data,28.0,0,506.0,1.0,0,0,0,0,0,,0,0,0,0,0,,,,,18.071428571428573,,84.6,
Stephon Johnson Jr.,WR,2024,college_data,32.0,0,402.0,2.0,0,0,0,0,0,,0,0,0,0,0,,,,,12.5625,,84.2,
Stephon Johnson Jr.,WR,2025,college_data,13.0,0,275.0,2.0,0,0,0,0,0,,0,0,0,0,0,,,,,21.153846153846153,,52.5,
Sterling Berkhalter,WR,2024,college_data,11.0,0,191.0,1.0,0,0,0,0,0,,0,0,0,0,0,,,,,17.363636363636363,,36.1,
Sterling Berkhalter,WR,2025,college_data,30.0,0,416.0,2.0,0,0,0,0,0,,0,0,0,0,0,,,,,13.866666666666667,,83.6,
Sterling Galban,WR,2024,college_data,25.0,0,210.0,0.0,0,0,0,0,0,,0,0,0,0,0,,,,,8.4,,46.0,
Sterling Shepard,WR,2018,nflreadpy,66.0,107,872.0,4.0,0,0,1082,309,47,2.2317060474618415,1,34,21,12,3,0.8627301368628965,0.18555238187219764,0.24652698625789657,16.0,13.212121212121213,54.5,179.2,11.2
Sterling Shepard,WR,2019,nflreadpy,57.0,69,576.0,3.0,2,2,624,169,26,0.7504501938508465,3,19,10,8,2,0.8146807029900556,0.4001475693928092,0.4211564049737168,10.0,10.105263157894736,57.6,134.6,13.459999999999999
Sterling Shepard,WR,2020,nflreadpy,66.0,12,656.0,3.0,12,12,12,12,12,2.1638978562259776,12,12,12,12,12,0.9200284768865439,1.0,1.0,12.0,9.93939393939394,54.666666666666664,149.60000000000002,12.466666666666669
Sterling Shepard,WR,2021,nflreadpy,36.0,15,366.0,1.0,5,5,98,17,7,0.25963965041428694,5,6,6,6,5,0.9229756987974781,0.7549019607843137,0.7575102886875804,7.0,10.166666666666666,52.285714285714285,78.6,11.228571428571428
Sterling Shepard,WR,2022,nflreadpy,13.0,24,154.0,1.0,0,0,225,55,4,-1.0422512174875298,0,5,2,1,1,0.8634920634920635,0.2718253968253968,0.3804355415902941,3.0,11.846153846153847,51.333333333333336,34.4,11.466666666666667
Sterling Shepard,WR,2024,nflreadpy,32.0,51,334.0,1.0,0,0,473,99,16,1.201417536450377,1,13,8,4,0,0.7482923969408714,0.11713310814778335,0.16767331040666394,13.0,10.4375,25.692307692307693,73.4,5.6461538461538465
Sterling Shepard,WR,2025,nflreadpy,39.0,53,371.0,1.0,1,1,453,149,18,-0.2174358077421806,0,16,8,5,0,0.8285167716829597,0.1267879422259875,0.1336504824822114,13.0,9.512820512820513,28.53846153846154,80.1,6.161538461538461
Steven Sims,WR,2019,nflreadpy,34.0,40,310.0,4.0,2,2,223,98,13,-0.7500341367482917,2,10,3,2,2,0.5167127705414113,0.2199051307348721,0.18090211366239187,16.0,9.117647058823529,19.375,89.0,5.5625
Steven Sims,WR,2020,nflreadpy,30.0,13,298.0,2.0,13,13,13,13,13,1.2790091196422468,13,13,13,13,13,1.172773558408639,1.0,1.0,13.0,9.933333333333334,22.923076923076923,71.8,5.523076923076923
Steven Sims,WR,2022,nflreadpy,14.0,23,104.0,0.0,0,0,129,60,5,-0.643719947278323,0,5,1,1,0,0.7194600062247122,0.06549732219299281,0.04424069359861608,12.0,7.428571428571429,8.666666666666666,24.4,2.033333333333333
Suderian Harrison,WR,2024,college_data,11.0,0,99.0,0.0,0,0,0,0,0,,0,0,0,0,0,,,,,9.0,,20.9,
T'iar Young,WR,2025,college_data,12.0,0,166.0,3.0,0,0,0,0,0,,0,0,0,0,0,,,,,13.833333333333334,,46.6,
T.J. Jones,WR,2018,nflreadpy,19.0,27,190.0,2.0,0,0,268,36,10,0.8833146910425663,0,8,3,3,0,0.8483595588645557,0.06410836999072293,0.09695872367032447,12.0,10.0,15.833333333333334,50.0,4.166666666666667
T.J. Lockley,WR,2024,college_data,49.0,0,458.0,2.0,0,0,0,0,0,,0,0,0,0,0,,,,,9.346938775510203,,106.80000000000001,
T.J. Moore,WR,2024,college_data,45.0,0,651.0,5.0,0,0,0,0,0,,0,0,0,0,0,,,,,14.466666666666667,,140.10000000000002,
T.J. Moore,WR,2025,college_data,52.0,0,837.0,4.0,0,0,0,0,0,,0,0,0,0,0,,,,,16.096153846153847,,159.7,
T.Y. Hilton,WR,2018,nflreadpy,85.0,141,1415.0,7.0,0,0,1568,479,62,4.234126939409525,0,51,32,25,6,0.9134631182222284,0.24241913117340366,0.34747020735983203,16.0,16.647058823529413,88.4375,268.5,16.78125
T.Y. Hilton,WR,2019,nflreadpy,45.0,66,501.0,5.0,1,1,688,152,22,2.232530835185154,1,19,10,5,1,1.3786226875790137,0.3240675990675991,0.4190277239499184,10.0,11.133333333333333,50.1,125.1,12.51
T.Y. Hilton,WR,2020,nflreadpy,58.0,16,794.0,5.0,16,16,16,16,16,1.8312656893070245,16,16,16,16,16,1.198031494704331,1.0,1.0,16.0,13.689655172413794,49.625,167.4,10.4625
T.Y. Hilton,WR,2021,nflreadpy,23.0,21,331.0,3.0,5,5,231,38,12,2.0310024556005373,5,10,9,8,6,1.1879993375669224,0.5650227645917301,0.617570193796876,10.0,14.391304347826088,33.1,74.1,7.409999999999999
TJ Cadden,WR,2024,college_data,27.0,0,378.0,3.0,0,0,0,0,0,,0,0,0,0,0,,,,,14.0,,82.80000000000001,
TJ Cadden,WR,2025,college_data,45.0,0,589.0,6.0,0,0,0,0,0,,0,0,0,0,0,,,,,13.088888888888889,,139.9,
TJ Hamilton,WR,2025,college_data,11.0,0,192.0,1.0,0,0,0,0,0,,0,0,0,0,0,,,,,17.454545454545453,,36.2,
TJ Pride,WR,2024,college_data,34.0,0,374.0,2.0,0,0,0,0,0,,0,0,0,0,0,,,,,11.0,,83.4,
TJ Sheffield,WR,2024,college_data,54.0,0,505.0,3.0,0,0,0,0,0,,0,0,0,0,0,,,,,9.351851851851851,,122.5,
TJ Speight,WR,2024,college_data,61.0,0,896.0,6.0,0,0,0,0,0,,0,0,0,0,0,,,,,14.688524590163935,,186.60000000000002,
TJ Speight,WR,2025,college_data,69.0,0,813.0,6.0,0,0,0,0,0,,0,0,0,0,0,,,,,11.782608695652174,,186.3,
Ta'ir Brooks,WR,2024,college_data,22.0,0,367.0,4.0,0,0,0,0,0,,0,0,0,0,0,,,,,16.681818181818183,,82.7,
Taco Dowler,WR,2024,college_data,37.0,0,593.0,11.0,0,0,0,0,0,,0,0,0,0,0,,,,,16.027027027027028,,162.3,
Taco Dowler,WR,2025,college_data,77.0,0,1025.0,7.0,0,0,0,0,0,,0,0,0,0,0,,,,,13.311688311688311,,221.5,
Tae Marrero Jr.,WR,2025,college_data,14.0,0,96.0,1.0,0,0,0,0,0,,0,0,0,0,0,,,,,6.857142857142857,,29.6,
Tae'Shaun Johnson,WR,2025,college_data,35.0,0,403.0,2.0,0,0,0,0,0,,0,0,0,0,0,,,,,11.514285714285714,,87.30000000000001,
Taeshaun Lyons,WR,2025,college_data,15.0,0,234.0,3.0,0,0,0,0,0,,0,0,0,0,0,,,,,15.6,,56.400000000000006,
Tai Felton,WR,2024,college_data,96.0,0,1124.0,9.0,0,0,0,0,0,,0,0,0,0,0,,,,,11.708333333333334,,262.4,
Tailique Williams,WR,2024,college_data,16.0,0,165.0,0.0,0,0,0,0,0,,0,0,0,0,0,,,,,10.3125,,32.5,
Tailique Williams,WR,2025,college_data,35.0,0,478.0,2.0,0,0,0,0,0,,0,0,0,0,0,,,,,13.657142857142857,,94.80000000000001,
Tajae Sharpe,WR,2018,nflreadpy,26.0,47,316.0,2.0,0,0,503,83,22,0.34547653466341094,0,18,12,2,0,0.4966891105955638,0.11424827867008751,0.17291966888143218,15.0,12.153846153846153,21.066666666666666,69.6,4.64
Tajae Sharpe,WR,2019,nflreadpy,26.0,32,335.0,4.0,5,5,393,28,20,1.5422638915964693,5,15,10,8,6,0.6592665817195739,0.36925772398917817,0.40349463588152884,16.0,12.884615384615385,20.9375,83.5,5.21875
Tajae Sharpe,WR,2021,nflreadpy,25.0,20,230.0,0.0,10,10,106,18,10,0.34058524407460833,10,10,10,10,10,0.7715199897183646,0.735494538317119,0.7410916194577774,14.0,9.2,16.428571428571427,48.0,3.4285714285714284
Taji Johnson,WR,2024,college_data,19.0,0,215.0,2.0,0,0,0,0,0,,0,0,0,0,0,,,,,11.31578947368421,,52.5,
Takairee Kenebrew,WR,2024,college_data,42.0,0,695.0,4.0,0,0,0,0,0,,0,0,0,0,0,,,,,16.547619047619047,,135.5,
Takye Heath,WR,2025,college_data,22.0,0,200.0,3.0,0,0,0,0,0,,0,0,0,0,0,,,,,9.090909090909092,,60.0,
Talyn Shettron,WR,2024,college_data,12.0,0,245.0,1.0,0,0,0,0,0,,0,0,0,0,0,,,,,20.416666666666668,,42.5,
Tama Uiliata,WR,2025,college_data,28.0,0,231.0,0.0,0,0,0,0,0,,0,0,0,0,0,,,,,8.25,,51.1,
Tamarcus Gray Jr.,WR,2025,college_data,19.0,0,138.0,0.0,0,0,0,0,0,,0,0,0,0,0,,,,,7.2631578947368425,,32.8,
Tamatoa Mokiao-Atimalala,WR,2024,college_data,12.0,0,91.0,3.0,0,0,0,0,0,,0,0,0,0,0,,,,,7.583333333333333,,39.1,
Tanaka Scott,WR,2024,college_data,23.0,0,361.0,2.0,0,0,0,0,0,,0,0,0,0,0,,,,,15.695652173913043,,71.1,
Tanaka Scott,WR,2025,college_data,30.0,0,528.0,4.0,0,0,0,0,0,,0,0,0,0,0,,,,,17.6,,106.80000000000001,
Tank Dell,WR,2023,nflreadpy,47.0,75,709.0,7.0,0,0,1070,152,34,3.007528327010287,0,28,19,10,3,0.7137340817961059,0.2103566643615392,0.3009282389259216,10.0,15.085106382978724,70.9,159.9,15.99
Tank Dell,WR,2024,nflreadpy,51.0,81,667.0,3.0,0,0,1016,164,35,1.564175478315494,0,30,17,9,1,0.7450083580486565,0.18318869919129985,0.2617342064317269,14.0,13.07843137254902,47.642857142857146,135.7,9.692857142857141
Tanook Hines,WR,2025,college_data,34.0,0,561.0,2.0,0,0,0,0,0,,0,0,0,0,0,,,,,16.5,,102.1,
Taron Biles-Walker,WR,2025,college_data,14.0,0,110.0,0.0,0,0,0,0,0,,0,0,0,0,0,,,,,7.857142857142857,,25.0,
Tastean Reddicks,WR,2024,college_data,17.0,0,222.0,0.0,0,0,0,0,0,,0,0,0,0,0,,,,,13.058823529411764,,39.2,
Tastean Reddicks,WR,2025,college_data,30.0,0,391.0,0.0,0,0,0,0,0,,0,0,0,0,0,,,,,13.033333333333333,,69.1,
Tavahri Groves,WR,2025,college_data,17.0,0,242.0,2.0,0,0,0,0,0,,0,0,0,0,0,,,,,14.235294117647058,,53.2,
Tavian Cord,WR,2025,college_data,17.0,0,302.0,4.0,0,0,0,0,0,,0,0,0,0,0,,,,,17.764705882352942,,71.2,
Tavian Morris,WR,2024,college_data,15.0,0,253.0,1.0,0,0,0,0,0,,0,0,0,0,0,,,,,16.866666666666667,,46.3,
Tavion Smith,WR,2024,college_data,12.0,0,168.0,4.0,0,0,0,0,0,,0,0,0,0,0,,,,,14.0,,52.8,
Tavon Austin,WR,2019,nflreadpy,13.0,23,177.0,1.0,1,1,289,84,9,0.37138140800897473,1,8,4,3,2,0.5630040108380353,0.11229567152260143,0.14090336498412023,14.0,13.615384615384615,12.642857142857142,36.7,2.6214285714285714
Tavon Austin,WR,2021,nflreadpy,24.0,27,213.0,1.0,6,6,173,43,12,-0.850733148467961,6,10,9,7,6,0.9011389630347904,0.603976653976654,0.5925915464221516,11.0,8.875,19.363636363636363,51.3,4.663636363636363
Tawaski Abrams,WR,2025,college_data,14.0,0,202.0,0.0,0,0,0,0,0,,0,0,0,0,0,,,,,14.428571428571429,,34.2,
Tay Lanier,WR,2024,college_data,27.0,0,457.0,4.0,0,0,0,0,0,,0,0,0,0,0,,,,,16.925925925925927,,96.7,
Tay Lanier,WR,2025,college_data,35.0,0,315.0,2.0,0,0,0,0,0,,0,0,0,0,0,,,,,9.0,,78.5,
Taylor Bradshaw,WR,2025,college_data,16.0,0,131.0,1.0,0,0,0,0,0,,0,0,0,0,0,,,,,8.1875,,35.1,
Taylor Gabriel,WR,2018,nflreadpy,71.0,102,725.0,2.0,1,1,1127,221,34,1.5150488602201369,0,26,10,7,3,1.1161596506606022,0.19051264169929563,0.22715920014193916,17.0,10.211267605633802,42.64705882352941,153.5,9.029411764705882
Taylor Gabriel,WR,2019,nflreadpy,29.0,48,353.0,4.0,0,0,556,79,17,1.504043627510934,0,14,5,4,1,0.6218409960771647,0.1580621453676661,0.23515670646855374,9.0,12.172413793103448,39.22222222222222,88.30000000000001,9.811111111111112
Taylor Morin,WR,2024,college_data,64.0,0,756.0,2.0,0,0,0,0,0,,0,0,0,0,0,,,,,11.8125,,151.60000000000002,
Taylor Shields,WR,2024,college_data,12.0,0,243.0,3.0,0,0,0,0,0,,0,0,0,0,0,,,,,20.25,,54.3,
Taylor Wright-Rawls,WR,2025,college_data,13.0,0,151.0,1.0,0,0,0,0,0,,0,0,0,0,0,,,,,11.615384615384615,,34.1,
Taywan Taylor,WR,2018,nflreadpy,37.0,56,466.0,1.0,1,1,732,161,19,0.03577035980698485,0,17,8,3,2,1.1572892773363648,0.1676244078289766,0.27613183222768484,13.0,12.594594594594595,35.84615384615385,87.6,6.738461538461538
Teagan Brown,WR,2025,college_data,16.0,0,143.0,0.0,0,0,0,0,0,,0,0,0,0,0,,,,,8.9375,,30.3,
Ted Ginn,WR,2018,nflreadpy,23.0,43,311.0,2.0,2,1,700,57,14,-0.2503971963659195,1,11,6,5,2,0.4340943320490998,0.15684075071830175,0.33081973411307597,7.0,13.521739130434783,44.42857142857143,64.1,9.157142857142857
Ted Ginn,WR,2019,nflreadpy,31.0,56,439.0,2.0,2,2,844,49,21,0.17237808874809227,2,18,9,9,4,0.5078291282217676,0.22078099281993097,0.34695522132334866,16.0,14.161290322580646,27.4375,86.9,5.43125
Ted Hurst,WR,2024,college_data,56.0,0,961.0,9.0,0,0,0,0,0,,0,0,0,0,0,,,,,17.160714285714285,,206.10000000000002,
Ted Hurst,WR,2025,college_data,71.0,0,1004.0,6.0,0,0,0,0,0,,0,0,0,0,0,,,,,14.140845070422536,,207.4,
Teddy Davenport,WR,2025,college_data,19.0,0,158.0,0.0,0,0,0,0,0,,0,0,0,0,0,,,,,8.31578947368421,,34.8,
Teddy Hoffmann,WR,2025,college_data,25.0,0,349.0,3.0,0,0,0,0,0,,0,0,0,0,0,,,,,13.96,,77.9,
Tedy Afful,WR,2024,college_data,45.0,0,568.0,6.0,0,0,0,0,0,,0,0,0,0,0,,,,,12.622222222222222,,137.8,
Tee Higgins,WR,2020,nflreadpy,67.0,15,908.0,6.0,15,15,15,15,15,3.5252318388288386,15,15,15,15,15,0.9016005264994338,1.0,1.0,15.0,13.552238805970148,60.53333333333333,193.8,12.92
Tee Higgins,WR,2021,nflreadpy,92.0,88,1400.0,8.0,8,8,1009,308,54,4.201883423836348,8,49,36,23,11,0.9147043489548703,0.5742624095458707,0.6625254681625673,18.0,15.217391304347826,77.77777777777777,280.0,15.555555555555555
Tee Higgins,WR,2022,nflreadpy,87.0,130,1177.0,8.0,0,0,1428,320,54,3.4306383983240822,2,50,26,16,3,0.8897459328973197,0.21212604780859057,0.3199614779510129,17.0,13.528735632183908,69.23529411764706,256.7,15.1
Tee Higgins,WR,2023,nflreadpy,42.0,76,656.0,5.0,0,0,973,235,33,2.2061685709925656,0,30,13,8,2,0.7747846582960438,0.17579055451104306,0.35638156104191837,12.0,15.619047619047619,54.666666666666664,137.60000000000002,11.466666666666669
Tee Higgins,WR,2024,nflreadpy,73.0,109,911.0,10.0,1,1,1067,228,48,4.700107999399884,0,40,19,12,1,0.8925853912561245,0.2610053172538443,0.3349365972616353,12.0,12.479452054794521,75.91666666666667,222.10000000000002,18.508333333333336
Tee Higgins,WR,2025,nflreadpy,59.0,98,846.0,11.0,0,0,1314,166,41,2.399124439326533,1,34,20,14,3,0.6752795396432733,0.18264826578870344,0.3299325402843764,15.0,14.338983050847459,56.4,211.60000000000002,14.106666666666667
Tee Higgins,WR,2026,nflreadpy,25.0,39,401.0,1.0,0,0,521,96,20,6.158343690478366,0,22,13,6,0,0.8052336818379393,0.24753180375965095,0.4706166208031382,4.0,16.04,100.25,71.1,17.775
Teree McDonald,WR,2024,college_data,26.0,0,309.0,5.0,0,0,0,0,0,,0,0,0,0,0,,,,,11.884615384615385,,86.9,
Teree McDonald,WR,2025,college_data,32.0,0,190.0,0.0,0,0,0,0,0,,0,0,0,0,0,,,,,5.9375,,51.0,
Terence Loville,WR,2025,college_data,33.0,0,517.0,1.0,0,0,0,0,0,,0,0,0,0,0,,,,,15.666666666666666,,90.7,
Terrace Marshall Jr.,WR,2021,nflreadpy,17.0,13,138.0,0.0,9,9,34,14,10,-0.6666389789708215,9,9,9,9,9,0.5341789746201511,0.7611972437553832,0.7648166654978142,12.0,8.117647058823529,11.5,30.799999999999997,2.5666666666666664
Terrace Marshall Jr.,WR,2022,nflreadpy,28.0,47,490.0,1.0,2,0,586,132,24,1.6461672334459811,0,21,15,10,2,0.881482193870367,0.15044219321408975,0.2500856221901523,13.0,17.5,37.69230769230769,79.0,6.076923076923077
Terrace Marshall Jr.,WR,2023,nflreadpy,19.0,33,139.0,0.0,1,0,238,48,8,-0.9011136908437865,0,6,0,0,0,0.7663925438596491,0.11815876704771142,0.11054579896748926,8.0,7.315789473684211,17.375,30.9,3.8625
Terrance Honeywood,WR,2025,college_data,19.0,0,195.0,2.0,0,0,0,0,0,,0,0,0,0,0,,,,,10.263157894736842,,50.5,
Terrell Anderson,WR,2024,college_data,14.0,0,158.0,1.0,0,0,0,0,0,,0,0,0,0,0,,,,,11.285714285714286,,35.8,
Terrell Anderson,WR,2025,college_data,39.0,0,629.0,5.0,0,0,0,0,0,,0,0,0,0,0,,,,,16.128205128205128,,131.9,
Terrell Crosby Jr.,WR,2025,college_data,16.0,0,194.0,1.0,0,0,0,0,0,,0,0,0,0,0,,,,,12.125,,41.400000000000006,
Terrelle Pryor,WR,2018,nflreadpy,16.0,30,252.0,2.0,0,0,372,62,11,0.5028177655871677,0,11,9,5,1,0.6618917002537692,0.1186929591011557,0.1804020555098323,8.0,15.75,31.5,53.2,6.65
Terrence Lewis,WR,2025,college_data,11.0,0,184.0,3.0,0,0,0,0,0,,0,0,0,0,0,,,,,16.727272727272727,,47.400000000000006,
Terrence Rone,WR,2025,college_data,14.0,0,227.0,0.0,0,0,0,0,0,,0,0,0,0,0,,,,,16.214285714285715,,36.7,
Terrill Davis,WR,2025,college_data,29.0,0,373.0,0.0,0,0,0,0,0,,0,0,0,0,0,,,,,12.862068965517242,,66.30000000000001,
Terry Bussey,WR,2024,college_data,17.0,0,216.0,0.0,0,0,0,0,0,,0,0,0,0,0,,,,,12.705882352941176,,38.6,
Terry Bussey,WR,2025,college_data,18.0,0,195.0,1.0,0,0,0,0,0,,0,0,0,0,0,,,,,10.833333333333334,,43.5,
Terry Lockett,WR,2024,college_data,46.0,0,660.0,5.0,0,0,0,0,0,,0,0,0,0,0,,,,,14.347826086956522,,142.0,
Terry Lockett,WR,2025,college_data,19.0,0,263.0,1.0,0,0,0,0,0,,0,0,0,0,0,,,,,13.842105263157896,,51.3,
Terry Matthews,WR,2024,college_data,36.0,0,463.0,0.0,0,0,0,0,0,,0,0,0,0,0,,,,,12.86111111111111,,82.30000000000001,
Terry McLaurin,WR,2019,nflreadpy,58.0,85,919.0,7.0,1,1,1199,197,41,3.3911887162873113,1,38,19,15,4,0.9216498191779351,0.2880300004970643,0.4358754224431483,14.0,15.844827586206897,65.64285714285714,191.9,13.707142857142857
Terry McLaurin,WR,2020,nflreadpy,93.0,16,1193.0,4.0,16,16,16,16,16,1.7813434841615343,16,16,16,16,16,0.8885594359980025,1.0,1.0,16.0,12.827956989247312,74.5625,236.3,14.76875
Terry McLaurin,WR,2021,nflreadpy,77.0,49,1053.0,5.0,10,10,549,129,23,0.7162243766976506,10,24,15,14,12,0.7837609276759167,0.6697074551745832,0.7428170716084178,17.0,13.675324675324676,61.94117647058823,212.3,12.488235294117647
Terry McLaurin,WR,2022,nflreadpy,77.0,120,1191.0,5.0,0,0,1549,382,56,2.8623538279087812,0,48,28,16,6,0.8732388506879395,0.23816039029324318,0.3628595577603854,17.0,15.467532467532468,70.05882352941177,226.10000000000002,13.3
Terry McLaurin,WR,2023,nflreadpy,79.0,132,1002.0,4.0,0,0,1514,350,47,0.5454255543169422,0,41,22,15,2,0.8208294887892962,0.22826115563035382,0.3172806826728958,17.0,12.683544303797468,58.94117647058823,203.2,11.952941176470588
Terry McLaurin,WR,2024,nflreadpy,96.0,140,1323.0,16.0,0,0,1770,422,66,4.302460901399423,0,47,26,15,6,1.8021601214248821,0.23145276428782013,0.3724488351858516,20.0,13.78125,66.15,324.3,16.215
Terry McLaurin,WR,2025,nflreadpy,38.0,60,582.0,3.0,0,0,839,93,33,3.1749826540501753,0,26,12,7,3,0.8142236291304062,0.23234573502722325,0.3713463687382351,10.0,15.31578947368421,58.2,114.2,11.42
Tetairoa McMillan,WR,2025,nflreadpy,75.0,129,1095.0,7.0,0,0,1508,289,60,1.6312003457452031,0,52,30,18,3,0.7061239974055009,0.2536128357828366,0.44884210396272844,18.0,14.6,60.833333333333336,226.5,12.583333333333334
Tetairoa McMillan,WR,2026,nflreadpy,26.0,39,385.0,2.0,2,1,447,104,17,3.9746849187840443,0,18,10,7,0,0.7612312867730824,0.269274536737772,0.3233352886496844,4.0,14.807692307692308,96.25,72.5,18.125
Tetairoa Mcmillan,WR,2024,college_data,84.0,0,1319.0,8.0,0,0,0,0,0,,0,0,0,0,0,,,,,15.702380952380953,,263.9,
Tevarrius Adams,WR,2024,college_data,13.0,0,133.0,0.0,0,0,0,0,0,,0,0,0,0,0,,,,,10.23076923076923,,26.3,
Tez Johnson,WR,2024,college_data,83.0,0,898.0,10.0,0,0,0,0,0,,0,0,0,0,0,,,,,10.819277108433734,,232.8,
Tez Johnson,WR,2025,nflreadpy,28.0,44,322.0,5.0,0,0,516,110,16,1.0894929456833444,0,16,7,3,1,0.5715753512132822,0.09162643379859875,0.13771533606969405,15.0,11.5,21.466666666666665,90.2,6.013333333333334
Thai Chiaokhiao-Bowman,WR,2024,college_data,15.0,0,125.0,1.0,0,0,0,0,0,,0,0,0,0,0,,,,,8.333333333333334,,33.5,
Theo Wease,WR,2024,college_data,60.0,0,884.0,4.0,0,0,0,0,0,,0,0,0,0,0,,,,,14.733333333333333,,172.4,
Thomas Lee,WR,2025,college_data,25.0,0,364.0,3.0,0,0,0,0,0,,0,0,0,0,0,,,,,14.56,,79.4,
Thomas Zsiros,WR,2024,college_data,12.0,0,148.0,1.0,0,0,0,0,0,,0,0,0,0,0,,,,,12.333333333333334,,32.8,
Tiaquelin Mims,WR,2024,college_data,33.0,0,393.0,1.0,0,0,0,0,0,,0,0,0,0,0,,,,,11.909090909090908,,78.30000000000001,
Tim Burns Jr.,WR,2025,college_data,12.0,0,228.0,1.0,0,0,0,0,0,,0,0,0,0,0,,,,,19.0,,40.8,
Tim Grear Jr.,WR,2025,college_data,14.0,0,178.0,1.0,0,0,0,0,0,,0,0,0,0,0,,,,,12.714285714285714,,37.8,
Tim Jones,WR,2023,nflreadpy,11.0,18,83.0,0.0,0,0,152,31,4,-0.1149792325650368,0,4,0,0,0,0.6855402394876079,0.04980792940111176,0.04907994629219046,10.0,7.545454545454546,8.3,19.3,1.9300000000000002
Tim Patrick,WR,2018,nflreadpy,23.0,41,315.0,1.0,2,1,435,112,15,0.33267717899369564,0,16,8,6,0,1.0009247453566021,0.08552486734677016,0.12637078576517904,12.0,13.695652173913043,26.25,56.5,4.708333333333333
Tim Patrick,WR,2019,nflreadpy,16.0,25,218.0,0.0,2,2,238,30,11,1.0048426197733664,2,8,5,5,2,0.584830188072867,0.3387820512820513,0.3694638860753569,8.0,13.625,27.25,37.8,4.725
Tim Patrick,WR,2020,nflreadpy,51.0,15,742.0,6.0,15,15,15,15,15,2.292649462221735,15,15,15,15,15,0.8748590815122881,1.0,1.0,15.0,14.549019607843137,49.46666666666667,161.2,10.746666666666666
Tim Patrick,WR,2021,nflreadpy,53.0,40,734.0,5.0,11,11,371,55,21,2.353674926517868,11,18,14,14,11,0.7614524464332512,0.7558514835858586,0.7718728538679837,16.0,13.849056603773585,45.875,156.4,9.775
Tim Patrick,WR,2024,nflreadpy,34.0,48,416.0,3.0,0,0,494,159,21,0.6559326169737323,1,17,10,7,1,1.0095903293197503,0.08995855572915198,0.15091423874472107,16.0,12.235294117647058,26.0,95.6,5.975
Tim Patrick,WR,2025,nflreadpy,15.0,25,187.0,3.0,0,0,279,54,10,0.37568282613650233,0,8,5,4,0,1.2310435435435436,0.05992966013999061,0.06893209129775665,14.0,12.466666666666667,13.357142857142858,51.7,3.692857142857143
Titus Evans,WR,2025,college_data,46.0,0,584.0,6.0,0,0,0,0,0,,0,0,0,0,0,,,,,12.695652173913043,,140.4,
Titus Mokiao-Atimalala,WR,2024,college_data,28.0,0,294.0,1.0,0,0,0,0,0,,0,0,0,0,0,,,,,10.5,,63.400000000000006,
Titus Mokiao-Atimalala,WR,2025,college_data,25.0,0,322.0,3.0,0,0,0,0,0,,0,0,0,0,0,,,,,12.88,,75.2,
Tobias Merriweather,WR,2024,college_data,11.0,0,125.0,1.0,0,0,0,0,0,,0,0,0,0,0,,,,,11.363636363636363,,29.5,
Tommy Maher,WR,2025,college_data,32.0,0,358.0,0.0,0,0,0,0,0,,0,0,0,0,0,,,,,11.1875,,67.80000000000001,
Tommy Mcintosh,WR,2025,college_data,31.0,0,422.0,3.0,0,0,0,0,0,,0,0,0,0,0,,,,,13.612903225806452,,91.2,
Tonorris Brookins II,WR,2024,college_data,13.0,0,146.0,0.0,0,0,0,0,0,,0,0,0,0,0,,,,,11.23076923076923,,27.6,
Tony Diaz,WR,2025,college_data,67.0,0,881.0,11.0,0,0,0,0,0,,0,0,0,0,0,,,,,13.149253731343284,,221.10000000000002,
Tony Freeman,WR,2025,college_data,54.0,0,588.0,3.0,0,0,0,0,0,,0,0,0,0,0,,,,,10.88888888888889,,130.8,
Tony Harste,WR,2025,college_data,12.0,0,143.0,1.0,0,0,0,0,0,,0,0,0,0,0,,,,,11.916666666666666,,32.3,
Tony Johnson,WR,2024,college_data,49.0,0,452.0,6.0,0,0,0,0,0,,0,0,0,0,0,,,,,9.224489795918368,,130.2,
Torance Washington,WR,2025,college_data,27.0,0,264.0,2.0,0,0,0,0,0,,0,0,0,0,0,,,,,9.777777777777779,,65.4,
Torey French,WR,2025,college_data,11.0,0,165.0,1.0,0,0,0,0,0,,0,0,0,0,0,,,,,15.0,,33.5,
Toric Goins Jr.,WR,2025,college_data,13.0,0,206.0,1.0,0,0,0,0,0,,0,0,0,0,0,,,,,15.846153846153847,,39.6,
Torrey Smith,WR,2018,nflreadpy,17.0,31,190.0,2.0,0,0,417,48,12,0.9249579344305093,1,7,3,2,0,0.45541433008170534,0.11441186507362978,0.1858110343599989,8.0,11.176470588235293,23.75,50.0,6.25
Torrey Ward,WR,2025,college_data,17.0,0,200.0,1.0,0,0,0,0,0,,0,0,0,0,0,,,,,11.764705882352942,,43.0,
Tory Horton,WR,2024,college_data,25.0,0,331.0,1.0,0,0,0,0,0,,0,0,0,0,0,,,,,13.24,,64.1,
Tory Horton,WR,2025,nflreadpy,13.0,22,161.0,5.0,0,0,337,33,7,1.4636822309125495,0,8,3,3,0,0.5709150403544616,0.1057619168356998,0.16793184865911379,8.0,12.384615384615385,20.125,59.1,7.3875
Tra Neal,WR,2024,college_data,34.0,0,490.0,7.0,0,0,0,0,0,,0,0,0,0,0,,,,,14.411764705882353,,125.0,
Tra Neal,WR,2025,college_data,30.0,0,431.0,7.0,0,0,0,0,0,,0,0,0,0,0,,,,,14.366666666666667,,115.1,
Traeshon Holden,WR,2024,college_data,45.0,0,718.0,5.0,0,0,0,0,0,,0,0,0,0,0,,,,,15.955555555555556,,146.8,
Travion Solomon,WR,2025,college_data,13.0,0,141.0,0.0,0,0,0,0,0,,0,0,0,0,0,,,,,10.846153846153847,,27.1,
Travis Benjamin,WR,2018,nflreadpy,15.0,29,197.0,1.0,0,0,506,90,9,-0.40228707918028633,0,8,4,4,1,0.6300892268478917,0.057950436663771664,0.11984831977899282,14.0,13.133333333333333,14.071428571428571,40.7,2.9071428571428575
Travis Fulgham,WR,2020,nflreadpy,38.0,12,539.0,4.0,12,12,12,12,12,1.9931575558482766,12,12,12,12,12,0.6843641320299364,1.0,1.0,12.0,14.18421052631579,44.916666666666664,115.9,9.658333333333333
Travis Hunter,WR,2024,college_data,96.0,0,1258.0,15.0,0,0,0,0,0,,0,0,0,0,0,,,,,13.104166666666666,,311.8,
Tray Taylor,WR,2024,college_data,18.0,0,262.0,1.0,0,0,0,0,0,,0,0,0,0,0,,,,,14.555555555555555,,50.2,
Tray Taylor,WR,2025,college_data,31.0,0,513.0,3.0,0,0,0,0,0,,0,0,0,0,0,,,,,16.548387096774192,,100.30000000000001,
Trayjen Llanas-Wilcox,WR,2025,college_data,22.0,0,367.0,1.0,0,0,0,0,0,,0,0,0,0,0,,,,,16.681818181818183,,64.7,
Traylon Ray,WR,2024,college_data,28.0,0,426.0,4.0,0,0,0,0,0,,0,0,0,0,0,,,,,15.214285714285714,,94.6,
Trayvon Rudolph,WR,2024,college_data,37.0,0,403.0,1.0,0,0,0,0,0,,0,0,0,0,0,,,,,10.891891891891891,,83.30000000000001,
Trayvon Rudolph,WR,2025,college_data,39.0,0,435.0,2.0,0,0,0,0,0,,0,0,0,0,0,,,,,11.153846153846153,,94.5,
Tre Harris,WR,2024,college_data,61.0,0,1063.0,7.0,0,0,0,0,0,,0,0,0,0,0,,,,,17.42622950819672,,209.3,
Tre Harris,WR,2025,nflreadpy,32.0,46,344.0,1.0,0,0,433,149,20,0.9605919809123883,0,15,6,3,0,0.7307601425635482,0.09136330225915683,0.09252372223160048,17.0,10.75,20.235294117647058,72.4,4.258823529411765
Tre Harris,WR,2026,nflreadpy,13.0,21,209.0,0.0,0,0,253,78,7,1.4705119073347348,0,8,5,5,1,0.8298591847207967,0.17775459307717373,0.24716110133585753,4.0,16.076923076923077,52.25,33.900000000000006,8.475000000000001
Tre Richardson,WR,2025,college_data,47.0,0,810.0,7.0,0,0,0,0,0,,0,0,0,0,0,,,,,17.23404255319149,,170.0,
Tre Shackelford,WR,2025,college_data,13.0,0,193.0,1.0,0,0,0,0,0,,0,0,0,0,0,,,,,14.846153846153847,,38.3,
Tre Spivey,WR,2024,college_data,14.0,0,160.0,1.0,0,0,0,0,0,,0,0,0,0,0,,,,,11.428571428571429,,36.0,
Tre Spivey,WR,2025,college_data,23.0,0,381.0,7.0,0,0,0,0,0,,0,0,0,0,0,,,,,16.565217391304348,,103.1,
Tre Tucker,WR,2023,nflreadpy,19.0,34,331.0,2.0,0,0,624,28,12,0.5202016831220438,0,12,9,6,3,0.418911897769789,0.08063435194274267,0.17689862282952762,13.0,17.42105263157895,25.46153846153846,64.1,4.93076923076923
Tre Tucker,WR,2024,nflreadpy,47.0,81,539.0,3.0,0,0,1017,208,24,0.7219702794181047,0,21,8,6,2,0.5730640218154383,0.13773577718684535,0.22293979325541835,17.0,11.46808510638298,31.705882352941178,118.9,6.9941176470588236
Tre Tucker,WR,2025,nflreadpy,57.0,92,696.0,5.0,0,0,935,291,32,1.2834630942639407,0,31,13,9,1,1.2375664021272286,0.18959043657272526,0.2639591973045314,17.0,12.210526315789474,40.94117647058823,156.60000000000002,9.211764705882354
Tre Tucker,WR,2026,nflreadpy,15.0,23,233.0,1.0,0,0,357,21,9,2.03413200841305,0,9,4,4,2,0.7354561330142726,0.16982758620689656,0.2844097891143053,4.0,15.533333333333333,58.25,44.3,11.075
Tre' Brown III,WR,2025,college_data,38.0,0,762.0,4.0,0,0,0,0,0,,0,0,0,0,0,,,,,20.05263157894737,,138.2,
Tre' Holloway,WR,2025,college_data,39.0,0,528.0,3.0,0,0,0,0,0,,0,0,0,0,0,,,,,13.538461538461538,,109.80000000000001,
Tre'Quan Smith,WR,2018,nflreadpy,30.0,48,452.0,5.0,0,0,574,118,25,1.4597737397571715,0,17,9,6,1,0.8278237813258332,0.10658812386569358,0.16279299770379876,15.0,15.066666666666666,30.133333333333333,105.2,7.013333333333334
Tre'Quan Smith,WR,2019,nflreadpy,18.0,21,234.0,5.0,3,3,193,75,14,1.361226740649076,3,12,6,5,3,1.2651861517890226,0.31806414145890916,0.341224642957314,11.0,13.0,21.272727272727273,71.4,6.490909090909091
Tre'Quan Smith,WR,2020,nflreadpy,37.0,14,533.0,6.0,14,14,14,14,14,2.3939702792169952,14,14,14,14,14,0.8535355725527162,1.0,1.0,14.0,14.405405405405405,38.07142857142857,126.30000000000001,9.021428571428572
Tre'Quan Smith,WR,2021,nflreadpy,32.0,30,377.0,3.0,6,5,233,65,13,1.251862809272691,5,10,7,7,5,0.9251008644573299,0.5916508104832602,0.613930244715097,10.0,11.78125,37.7,85.7,8.57
Tre'Quan Smith,WR,2022,nflreadpy,19.0,27,278.0,1.0,0,0,331,66,14,0.8206291773084682,0,12,7,4,1,0.8840581934939011,0.08363664853145919,0.10756289894293951,10.0,14.631578947368421,27.8,52.8,5.279999999999999
Tre'jon Spiller,WR,2024,college_data,30.0,0,374.0,1.0,0,0,0,0,0,,0,0,0,0,0,,,,,12.466666666666667,,73.4,
Trebor Pena,WR,2024,college_data,84.0,0,941.0,9.0,0,0,0,0,0,,0,0,0,0,0,,,,,11.202380952380953,,232.10000000000002,
Trebor Pena,WR,2025,college_data,49.0,0,552.0,2.0,0,0,0,0,0,,0,0,0,0,0,,,,,11.26530612244898,,116.2,
Trech Kekahuna,WR,2024,college_data,25.0,0,339.0,2.0,0,0,0,0,0,,0,0,0,0,0,,,,,13.56,,70.9,
Trech Kekahuna,WR,2025,college_data,26.0,0,211.0,0.0,0,0,0,0,0,,0,0,0,0,0,,,,,8.115384615384615,,47.1,
Trejan Bridges,WR,2024,college_data,47.0,0,646.0,5.0,0,0,0,0,0,,0,0,0,0,0,,,,,13.74468085106383,,141.60000000000002,
Trell Harris,WR,2024,college_data,15.0,0,221.0,2.0,0,0,0,0,0,,0,0,0,0,0,,,,,14.733333333333333,,49.1,
Trell Harris,WR,2025,college_data,59.0,0,847.0,5.0,0,0,0,0,0,,0,0,0,0,0,,,,,14.35593220338983,,173.7,
Tremel Jones,WR,2024,college_data,26.0,0,274.0,1.0,0,0,0,0,0,,0,0,0,0,0,,,,,10.538461538461538,,59.400000000000006,
Tremel Jones,WR,2025,college_data,39.0,0,384.0,2.0,0,0,0,0,0,,0,0,0,0,0,,,,,9.846153846153847,,89.4,
Trenell Ridgley,WR,2024,college_data,18.0,0,201.0,1.0,0,0,0,0,0,,0,0,0,0,0,,,,,11.166666666666666,,44.1,
Trent Sherfield,WR,2018,nflreadpy,19.0,28,210.0,1.0,0,0,315,38,11,0.8555216849318832,0,10,5,1,0,0.7304572099020695,0.1019373384210681,0.12546866008134322,9.0,11.052631578947368,23.333333333333332,46.0,5.111111111111111
Trent Sherfield,WR,2022,nflreadpy,30.0,53,417.0,2.0,0,0,606,138,18,0.20110430873856852,0,17,9,5,1,0.7735109289579865,0.09251997350173727,0.10429739481507883,17.0,13.9,24.529411764705884,83.7,4.923529411764706
Trent Sherfield,WR,2023,nflreadpy,12.0,25,93.0,1.0,0,0,271,53,5,-0.2826519485458916,0,1,0,0,0,0.6246533272178267,0.06189840792519364,0.07583320847148742,12.0,7.75,7.75,27.3,2.275
Trent Taylor,WR,2018,nflreadpy,26.0,40,215.0,1.0,0,0,239,101,11,-0.491577160306257,1,9,2,1,0,0.9452441418230891,0.09026116474392337,0.07094808226658195,13.0,8.26923076923077,16.53846153846154,55.5,4.269230769230769
Trent Walker,WR,2024,college_data,81.0,0,901.0,2.0,0,0,0,0,0,,0,0,0,0,0,,,,,11.123456790123457,,183.10000000000002,
Trent Walker,WR,2025,college_data,68.0,0,823.0,2.0,0,0,0,0,0,,0,0,0,0,0,,,,,12.102941176470589,,162.3,
Trenton Irwin,WR,2022,nflreadpy,17.0,27,250.0,4.0,0,0,284,62,13,1.9154384110085465,0,11,6,3,1,0.8733503179436194,0.06694219974990688,0.09750405815636588,11.0,14.705882352941176,22.727272727272727,66.0,6.0
Trenton Irwin,WR,2023,nflreadpy,25.0,32,316.0,1.0,1,0,337,110,15,1.9366652398907793,0,13,8,7,0,1.5506160216981595,0.07446965974519738,0.1223640206605096,12.0,12.64,26.333333333333332,60.6,5.05
Trenton Leary,WR,2024,college_data,40.0,0,396.0,3.0,0,0,0,0,0,,0,0,0,0,0,,,,,9.9,,97.6,
Trenton Leary,WR,2025,college_data,31.0,0,314.0,2.0,0,0,0,0,0,,0,0,0,0,0,,,,,10.129032258064516,,74.4,
Treon Sibley,WR,2024,college_data,28.0,0,510.0,2.0,0,0,0,0,0,,0,0,0,0,0,,,,,18.214285714285715,,91.0,
Trevin Ewing,WR,2025,college_data,13.0,0,159.0,1.0,0,0,0,0,0,,0,0,0,0,0,,,,,12.23076923076923,,34.9,
Trevon Kleint,WR,2024,college_data,16.0,0,147.0,0.0,0,0,0,0,0,,0,0,0,0,0,,,,,9.1875,,30.700000000000003,
Trevon Tate,WR,2025,college_data,20.0,0,227.0,1.0,0,0,0,0,0,,0,0,0,0,0,,,,,11.35,,48.7,
Trevon West,WR,2025,college_data,44.0,0,749.0,5.0,0,0,0,0,0,,0,0,0,0,0,,,,,17.022727272727273,,148.9,
Trevonte Rucker,WR,2024,college_data,53.0,0,759.0,8.0,0,0,0,0,0,,0,0,0,0,0,,,,,14.320754716981131,,176.9,
Trevor Foley,WR,2025,college_data,32.0,0,569.0,2.0,0,0,0,0,0,,0,0,0,0,0,,,,,17.78125,,100.9,
Trey Cleveland,WR,2024,college_data,34.0,0,317.0,1.0,0,0,0,0,0,,0,0,0,0,0,,,,,9.323529411764707,,71.7,
Trey Goodman,WR,2024,college_data,47.0,0,469.0,0.0,0,0,0,0,0,,0,0,0,0,0,,,,,9.97872340425532,,93.9,
Trey Palmer,WR,2023,nflreadpy,42.0,72,473.0,4.0,3,1,774,163,19,-0.25084725972971134,0,16,10,8,2,0.8324104319369884,0.11495740975732971,0.13636644758838073,19.0,11.261904761904763,24.894736842105264,107.30000000000001,5.647368421052632
Trey Palmer,WR,2024,nflreadpy,12.0,22,172.0,1.0,0,0,315,42,7,0.5945010595227359,0,8,6,2,0,0.7904198803267126,0.03941165013168773,0.08909811447137678,15.0,14.333333333333334,11.466666666666667,35.2,2.3466666666666667
Trey Quinn,WR,2019,nflreadpy,26.0,47,198.0,1.0,1,1,324,61,10,-1.6254447893731623,1,6,1,0,0,0.6371351249073572,0.1412018260621575,0.17291568019061965,12.0,7.615384615384615,16.5,51.8,4.316666666666666
Trey Radocha,WR,2024,college_data,50.0,0,577.0,4.0,0,0,0,0,0,,0,0,0,0,0,,,,,11.54,,131.7,
Treylon Burks,WR,2022,nflreadpy,33.0,54,444.0,1.0,0,0,624,165,19,0.35474903174181205,0,14,9,8,3,0.6887480507781841,0.17192356671138603,0.23985855357869212,11.0,13.454545454545455,40.36363636363637,83.4,7.581818181818182
Treylon Burks,WR,2023,nflreadpy,16.0,30,221.0,0.0,0,0,547,71,8,-0.08345633400007497,0,7,4,4,1,0.5566904133311662,0.1226997626997627,0.2281526237422314,9.0,13.8125,24.555555555555557,38.1,4.233333333333333
Treyshun Hurry,WR,2024,college_data,28.0,0,482.0,2.0,0,0,0,0,0,,0,0,0,0,0,,,,,17.214285714285715,,88.2,
Treyshun Hurry,WR,2025,college_data,15.0,0,122.0,1.0,0,0,0,0,0,,0,0,0,0,0,,,,,8.133333333333333,,33.2,
Treyvhon Saunders,WR,2024,college_data,86.0,0,826.0,2.0,0,0,0,0,0,,0,0,0,0,0,,,,,9.604651162790697,,180.60000000000002,
Treyvhon Saunders,WR,2025,college_data,50.0,0,700.0,6.0,0,0,0,0,0,,0,0,0,0,0,,,,,14.0,,156.0,
Tristan Smith,WR,2024,college_data,76.0,0,934.0,6.0,0,0,0,0,0,,0,0,0,0,0,,,,,12.289473684210526,,205.4,
Tristan Smith,WR,2025,college_data,24.0,0,239.0,1.0,0,0,0,0,0,,0,0,0,0,0,,,,,9.958333333333334,,53.900000000000006,
Tristen Riley,WR,2024,college_data,15.0,0,155.0,2.0,0,0,0,0,0,,0,0,0,0,0,,,,,10.333333333333334,,42.5,
Tristen Riley,WR,2025,college_data,46.0,0,483.0,2.0,0,0,0,0,0,,0,0,0,0,0,,,,,10.5,,106.30000000000001,
Tristian Gardner,WR,2025,college_data,30.0,0,465.0,6.0,0,0,0,0,0,,0,0,0,0,0,,,,,15.5,,112.5,
Tristin Duncan,WR,2024,college_data,24.0,0,260.0,1.0,0,0,0,0,0,,0,0,0,0,0,,,,,10.833333333333334,,56.0,
Tristin Duncan,WR,2025,college_data,40.0,0,458.0,0.0,0,0,0,0,0,,0,0,0,0,0,,,,,11.45,,85.80000000000001,
Trond Grizzell,WR,2024,college_data,27.0,0,401.0,1.0,0,0,0,0,0,,0,0,0,0,0,,,,,14.851851851851851,,73.1,
Trond Grizzell,WR,2025,college_data,55.0,0,788.0,1.0,0,0,0,0,0,,0,0,0,0,0,,,,,14.327272727272728,,139.8,
Troy Franklin,WR,2024,nflreadpy,30.0,56,317.0,3.0,0,0,750,163,13,-0.8723014789166998,0,10,8,6,1,0.3376629919285368,0.1089685540592955,0.1846055810642463,17.0,10.566666666666666,18.647058823529413,79.7,4.688235294117647
Troy Franklin,WR,2025,nflreadpy,65.0,104,709.0,6.0,1,1,1321,282,32,0.5757958108194784,3,26,15,9,2,0.7538993776637035,0.1822351849728562,0.28000817091495595,17.0,10.907692307692308,41.705882352941174,175.9,10.347058823529412
Troy Omeire,WR,2025,college_data,32.0,0,521.0,5.0,0,0,0,0,0,,0,0,0,0,0,,,,,16.28125,,114.1,
Troy Stellato,WR,2024,college_data,26.0,0,266.0,1.0,0,0,0,0,0,,0,0,0,0,0,,,,,10.23076923076923,,58.6,
Troy Worrell,WR,2025,college_data,25.0,0,376.0,5.0,0,0,0,0,0,,0,0,0,0,0,,,,,15.04,,92.6,
Tru Edwards,WR,2024,college_data,85.0,0,989.0,6.0,0,0,0,0,0,,0,0,0,0,0,,,,,11.635294117647058,,219.9,
Tsion Nunnally,WR,2024,college_data,23.0,0,166.0,2.0,0,0,0,0,0,,0,0,0,0,0,,,,,7.217391304347826,,51.6,
Tsion Nunnally,WR,2025,college_data,63.0,0,845.0,6.0,0,0,0,0,0,,0,0,0,0,0,,,,,13.412698412698413,,183.5,
Tutu Atwell,WR,2022,nflreadpy,18.0,35,298.0,1.0,0,0,622,60,11,0.36790002848123665,0,9,6,5,2,0.5327111553335532,0.11427432445426229,0.22819128830603064,12.0,16.555555555555557,24.833333333333332,53.8,4.483333333333333
Tutu Atwell,WR,2023,nflreadpy,40.0,68,521.0,4.0,0,0,783,126,27,0.8616193619489103,1,21,11,9,2,0.7225315383229151,0.13615569381277018,0.1835201127032194,15.0,13.025,34.733333333333334,118.1,7.873333333333333
Tutu Atwell,WR,2024,nflreadpy,43.0,63,580.0,0.0,0,0,759,126,30,1.2607790246973658,0,26,17,10,1,0.8744326166759935,0.1319317441610494,0.19974166699239979,16.0,13.488372093023257,36.25,101.0,6.3125
Ty Curran,WR,2025,college_data,22.0,0,254.0,0.0,0,0,0,0,0,,0,0,0,0,0,,,,,11.545454545454545,,47.400000000000006,
Ty Durham,WR,2025,college_data,36.0,0,508.0,2.0,0,0,0,0,0,,0,0,0,0,0,,,,,14.11111111111111,,98.80000000000001,
Ty Harding,WR,2024,college_data,18.0,0,303.0,5.0,0,0,0,0,0,,0,0,0,0,0,,,,,16.833333333333332,,78.3,
Ty McCullouch,WR,2024,college_data,42.0,0,529.0,5.0,0,0,0,0,0,,0,0,0,0,0,,,,,12.595238095238095,,124.9,
Ty Montgomery,WR,2018,nflreadpy,25.0,40,235.0,0.0,0,0,68,213,7,-0.4601134113181615,0,8,3,2,1,5.21455938697318,0.08955655749929346,0.019133372929594446,14.0,9.4,16.785714285714285,48.5,3.4642857142857144
Ty Montgomery,WR,2019,nflreadpy,13.0,18,90.0,0.0,2,2,24,96,5,-0.44097834022832105,2,6,4,3,2,1.1051948051948053,0.16885128261101565,0.13897988617248735,15.0,6.923076923076923,6.0,22.0,1.4666666666666666
Ty Montgomery,WR,2021,nflreadpy,16.0,20,95.0,0.0,9,9,43,23,10,-0.4862527673891164,9,10,9,9,9,0.5549999999999999,0.6669777306468717,0.6553219338556385,14.0,5.9375,6.785714285714286,25.5,1.8214285714285714
Ty Moore,WR,2025,college_data,12.0,0,232.0,4.0,0,0,0,0,0,,0,0,0,0,0,,,,,19.333333333333332,,59.2,
Ty Robinson,WR,2025,college_data,11.0,0,113.0,0.0,0,0,0,0,0,,0,0,0,0,0,,,,,10.272727272727273,,22.3,
Tychaun Chapman,WR,2024,college_data,17.0,0,146.0,1.0,0,0,0,0,0,,0,0,0,0,0,,,,,8.588235294117647,,37.6,
Tychaun Chapman,WR,2025,college_data,24.0,0,444.0,3.0,0,0,0,0,0,,0,0,0,0,0,,,,,18.5,,86.4,
Tyion Berry,WR,2024,college_data,13.0,0,163.0,2.0,0,0,0,0,0,,0,0,0,0,0,,,,,12.538461538461538,,41.3,
Tykeem Wallace,WR,2024,college_data,23.0,0,181.0,0.0,0,0,0,0,0,,0,0,0,0,0,,,,,7.869565217391305,,41.1,
Tylan Wallace,WR,2024,nflreadpy,13.0,15,241.0,1.0,1,0,100,153,7,1.5510837229609025,0,9,5,4,1,1.913510101010101,0.04016525821268919,0.030715435088276177,14.0,18.53846153846154,17.214285714285715,41.1,2.935714285714286
Tyler Boyd,WR,2018,nflreadpy,76.0,108,1028.0,7.0,0,0,1008,418,54,5.214046543061506,0,43,26,21,1,1.267168205019901,0.22062337536640672,0.26531946141478313,14.0,13.526315789473685,73.42857142857143,220.8,15.771428571428572
Tyler Boyd,WR,2019,nflreadpy,90.0,128,1046.0,5.0,4,4,1190,291,42,0.5072203056949416,2,40,18,11,5,0.7556261342276468,0.3433174951209126,0.3683595757697674,16.0,11.622222222222222,65.375,220.60000000000002,13.787500000000001
Tyler Boyd,WR,2020,nflreadpy,79.0,15,841.0,4.0,15,15,15,15,15,2.5085846504021876,15,15,15,15,15,0.8340296126963003,1.0,1.0,15.0,10.645569620253164,56.06666666666667,187.10000000000002,12.473333333333334
Tyler Boyd,WR,2021,nflreadpy,82.0,60,938.0,6.0,12,11,384,210,31,1.1788080447917964,11,28,21,16,13,1.1351718518158787,0.6237011579387319,0.6217214225834821,20.0,11.439024390243903,46.9,209.8,10.49
Tyler Boyd,WR,2022,nflreadpy,64.0,89,851.0,5.0,0,0,854,263,46,1.9498596049969181,1,37,18,12,3,1.221413373005366,0.1276494743351621,0.16504961480023594,19.0,13.296875,44.78947368421053,181.10000000000002,9.531578947368422
Tyler Boyd,WR,2023,nflreadpy,67.0,98,667.0,2.0,0,0,629,279,28,0.34287293120047047,0,23,8,6,2,1.2426882524335938,0.16323982026038375,0.17411100766673362,17.0,9.955223880597014,39.23529411764706,145.7,8.570588235294117
Tyler Boyd,WR,2024,nflreadpy,39.0,57,390.0,0.0,0,0,420,189,20,0.20563383498847967,0,16,7,4,1,1.5352960305187768,0.12563974852822224,0.1219608715041902,15.0,10.0,26.0,78.0,5.2
Tyler Brown,WR,2025,college_data,22.0,0,191.0,0.0,0,0,0,0,0,,0,0,0,0,0,,,,,8.681818181818182,,41.1,
Tyler Cherry,WR,2024,college_data,16.0,0,303.0,2.0,0,0,0,0,0,,0,0,0,0,0,,,,,18.9375,,58.3,
Tyler Daniels,WR,2024,college_data,20.0,0,269.0,1.0,0,0,0,0,0,,0,0,0,0,0,,,,,13.45,,52.900000000000006,
Tyler Daniels,WR,2025,college_data,12.0,0,248.0,2.0,0,0,0,0,0,,0,0,0,0,0,,,,,20.666666666666668,,48.8,
Tyler Griffin,WR,2025,college_data,13.0,0,168.0,2.0,0,0,0,0,0,,0,0,0,0,0,,,,,12.923076923076923,,41.8,
Tyler Johnson,WR,2020,nflreadpy,14.0,13,200.0,2.0,13,13,13,13,13,1.109836079731504,13,13,13,13,13,0.5301243158386015,1.0,1.0,13.0,14.285714285714286,15.384615384615385,46.0,3.5384615384615383
Tyler Johnson,WR,2021,nflreadpy,41.0,43,405.0,0.0,9,9,199,98,17,0.2566677458400326,9,14,12,10,9,1.0572654050440198,0.5424039288273106,0.5292693464898426,18.0,9.878048780487806,22.5,81.5,4.527777777777778
Tyler Johnson,WR,2024,nflreadpy,26.0,41,291.0,1.0,0,0,229,183,10,-0.24220178190188923,0,8,4,4,1,1.1741640310573553,0.11552550590575028,0.09238656342222205,11.0,11.192307692307692,26.454545454545453,61.1,5.554545454545455
Tyler Johnson,WR,2025,nflreadpy,12.0,18,197.0,1.0,0,0,210,64,8,1.175453055581098,0,8,5,5,0,0.866862127041518,0.07845368271127284,0.10797108085033874,9.0,16.416666666666668,21.88888888888889,37.7,4.188888888888889
Tyler King,WR,2024,college_data,17.0,0,236.0,0.0,0,0,0,0,0,,0,0,0,0,0,,,,,13.882352941176471,,40.6,
Tyler King,WR,2025,college_data,41.0,0,588.0,3.0,0,0,0,0,0,,0,0,0,0,0,,,,,14.341463414634147,,117.80000000000001,
Tyler Kirkwood,WR,2024,college_data,16.0,0,206.0,0.0,0,0,0,0,0,,0,0,0,0,0,,,,,12.875,,36.6,
Tyler Lockett,WR,2018,nflreadpy,61.0,76,1085.0,10.0,1,0,1077,241,40,4.661072479443891,1,39,24,20,8,1.1779013296850698,0.182756804946146,0.27184992955915277,17.0,17.78688524590164,63.8235294117647,229.5,13.5
Tyler Lockett,WR,2019,nflreadpy,95.0,100,1255.0,9.0,4,4,1197,284,52,3.9286807563569996,4,46,26,19,7,0.8545283753596625,0.3882367029223093,0.4360943352223449,18.0,13.210526315789474,69.72222222222223,274.5,15.25
Tyler Lockett,WR,2020,nflreadpy,102.0,17,1097.0,10.0,17,17,17,17,17,4.41981705244532,17,17,17,17,17,0.981623965848969,1.0,1.0,17.0,10.754901960784315,64.52941176470588,271.7,15.98235294117647
Tyler Lockett,WR,2021,nflreadpy,73.0,42,1175.0,8.0,11,11,502,81,26,3.351384140222036,12,25,20,18,13,0.9313387553299233,0.7537073474573475,0.7900577054567154,16.0,16.095890410958905,73.4375,240.5,15.03125
Tyler Lockett,WR,2022,nflreadpy,90.0,125,1072.0,9.0,1,1,1298,278,53,2.1813765139274675,0,43,20,14,1,0.9768411467814251,0.22676315586998796,0.30123549664100574,17.0,11.911111111111111,63.05882352941177,249.2,14.658823529411764
Tyler Lockett,WR,2023,nflreadpy,79.0,122,894.0,5.0,0,0,1322,210,47,2.4283717158978484,2,39,16,9,0,0.6853850505633231,0.2215287194502964,0.32727273640480253,17.0,11.316455696202532,52.588235294117645,202.4,11.905882352941177
Tyler Lockett,WR,2024,nflreadpy,49.0,74,600.0,2.0,0,0,783,134,36,0.723746388651914,0,25,16,7,0,0.892932312194685,0.13258796606438947,0.1981517247598092,17.0,12.244897959183673,35.294117647058826,121.0,7.117647058823529
Tyler Lockett,WR,2025,nflreadpy,32.0,55,291.0,1.0,0,0,426,79,14,-0.502693295959687,0,9,4,2,0,0.8006649938448781,0.11106679483480243,0.13291263049944624,17.0,9.09375,17.11764705882353,67.1,3.9470588235294115
Tyler Morris,WR,2024,college_data,23.0,0,248.0,2.0,0,0,0,0,0,,0,0,0,0,0,,,,,10.782608695652174,,59.8,
Tyler Pezza,WR,2024,college_data,28.0,0,230.0,1.0,0,0,0,0,0,,0,0,0,0,0,,,,,8.214285714285714,,57.0,
Tyler Pezza,WR,2025,college_data,44.0,0,579.0,7.0,0,0,0,0,0,,0,0,0,0,0,,,,,13.159090909090908,,143.9,
Tyler Scott,WR,2023,nflreadpy,17.0,32,168.0,0.0,1,1,370,70,10,-0.9211529072469667,0,8,2,1,0,0.9756859993954693,0.09193226625255803,0.15276972408367684,13.0,9.882352941176471,12.923076923076923,31.799999999999997,2.446153846153846
Tyler Terhark,WR,2024,college_data,11.0,0,115.0,0.0,0,0,0,0,0,,0,0,0,0,0,,,,,10.454545454545455,,22.5,
Tyquan Henderson,WR,2024,college_data,14.0,0,238.0,1.0,0,0,0,0,0,,0,0,0,0,0,,,,,17.0,,43.8,
Tyquan Thornton,WR,2022,nflreadpy,22.0,45,247.0,2.0,0,0,646,63,13,-0.24111045961686628,0,11,6,4,0,0.7346591737924109,0.12475950219688496,0.22362426997162235,12.0,11.227272727272727,20.583333333333332,58.7,4.891666666666667
Tyquan Thornton,WR,2023,nflreadpy,13.0,23,91.0,0.0,0,0,230,50,3,-1.4710673187186734,0,4,0,0,0,0.4847343944165281,0.08413559433814496,0.11338852874992661,9.0,7.0,10.11111111111111,22.1,2.4555555555555557
Tyquan Thornton,WR,2025,nflreadpy,19.0,37,438.0,3.0,0,0,995,59,15,2.3861938920738255,0,14,11,11,2,0.4154614911218593,0.09029038925324066,0.2745210687225282,12.0,23.05263157894737,36.5,80.80000000000001,6.733333333333334
Tyquan Thornton,WR,2026,nflreadpy,11.0,15,219.0,2.0,0,0,281,48,8,4.75922710607847,0,5,5,4,3,0.7261554621848739,0.12906901846234506,0.28430955572275496,4.0,19.90909090909091,54.75,44.900000000000006,11.225000000000001
Tyran Warren,WR,2025,college_data,24.0,0,442.0,4.0,0,0,0,0,0,,0,0,0,0,0,,,,,18.416666666666668,,92.2,
Tyree Kelly,WR,2025,college_data,13.0,0,113.0,0.0,0,0,0,0,0,,0,0,0,0,0,,,,,8.692307692307692,,24.3,
Tyreek Hill,WR,2018,nflreadpy,96.0,153,1593.0,12.0,0,0,2319,556,66,4.6124863991388665,0,56,35,28,9,0.7192018402740961,0.23827495249619352,0.38448188375897474,18.0,16.59375,88.5,327.3,18.183333333333334
Tyreek Hill,WR,2019,nflreadpy,75.0,84,1073.0,9.0,5,5,1041,249,39,3.600491848496245,5,33,19,15,10,0.8394184234979414,0.47975748694211945,0.5821796139308149,15.0,14.306666666666667,71.53333333333333,236.3,15.753333333333334
Tyreek Hill,WR,2020,nflreadpy,111.0,18,1631.0,15.0,18,18,18,18,18,5.138828077291396,18,18,18,18,18,0.9116166013727494,1.0,1.0,18.0,14.693693693693694,90.61111111111111,364.1,20.227777777777778
Tyreek Hill,WR,2021,nflreadpy,134.0,76,1524.0,12.0,11,11,621,243,41,3.6045747202056284,11,33,23,20,13,0.8857605275485276,0.6400888509391766,0.6822084821010621,20.0,11.373134328358208,76.2,358.4,17.919999999999998
Tyreek Hill,WR,2022,nflreadpy,126.0,185,1779.0,7.0,1,0,2263,517,81,3.4561610465662125,1,73,46,25,7,0.8144757041631848,0.3052709654435526,0.38170313213384666,18.0,14.119047619047619,98.83333333333333,345.9,19.216666666666665
Tyreek Hill,WR,2023,nflreadpy,124.0,179,1861.0,14.0,1,1,1930,683,84,5.253205700405586,0,65,47,30,10,1.0908438385681634,0.32311992901552467,0.42784047154981464,17.0,15.008064516129032,109.47058823529412,392.1,23.064705882352943
Tyreek Hill,WR,2024,nflreadpy,81.0,123,959.0,6.0,0,0,1397,292,54,1.5438500857743578,0,44,22,13,1,0.721295568677261,0.21854133803306403,0.39183885198991475,17.0,11.839506172839506,56.411764705882355,212.9,12.523529411764706
Tyreek Hill,WR,2025,nflreadpy,21.0,29,265.0,1.0,0,0,399,57,17,4.958648752683075,0,11,5,4,1,0.8357993400377122,0.2388321725317693,0.47074758366174924,4.0,12.619047619047619,66.25,53.5,13.375
Tyrell Pollard,WR,2025,college_data,26.0,0,515.0,7.0,0,0,0,0,0,,0,0,0,0,0,,,,,19.807692307692307,,119.5,
Tyrell Shavers,WR,2025,nflreadpy,16.0,25,259.0,1.0,0,0,320,68,12,1.2298145024000073,0,10,8,6,1,0.869783229455534,0.07568524068524068,0.11944332657656696,12.0,16.1875,21.583333333333332,47.900000000000006,3.991666666666667
Tyrell Williams,WR,2018,nflreadpy,48.0,76,756.0,5.0,2,0,973,220,34,1.5476062202189367,0,28,19,13,4,0.9163451292771013,0.13946696577580703,0.21090233931166408,17.0,15.75,44.470588235294116,149.60000000000002,8.8
Tyrell Williams,WR,2019,nflreadpy,42.0,61,651.0,6.0,1,1,830,150,31,2.2191574414840245,1,26,17,11,4,0.9055602472870603,0.23208268183454286,0.3722453034594023,13.0,15.5,50.07692307692308,143.10000000000002,11.00769230769231
Tyron Johnson,WR,2020,nflreadpy,20.0,11,398.0,3.0,11,11,11,11,11,2.9332042508613085,11,11,11,11,11,0.8382234177393597,1.0,1.0,11.0,19.9,36.18181818181818,77.80000000000001,7.072727272727274
Tyrone Broden Jr.,WR,2024,college_data,15.0,0,197.0,1.0,0,0,0,0,0,,0,0,0,0,0,,,,,13.133333333333333,,40.7,
Tysen Boze,WR,2025,college_data,18.0,0,281.0,2.0,0,0,0,0,0,,0,0,0,0,0,,,,,15.61111111111111,,58.1,
Tysen Kershaw,WR,2024,college_data,12.0,0,193.0,1.0,0,0,0,0,0,,0,0,0,0,0,,,,,16.083333333333332,,37.3,
Tysen Kershaw,WR,2025,college_data,30.0,0,454.0,2.0,0,0,0,0,0,,0,0,0,0,0,,,,,15.133333333333333,,87.4,
Tyson Davis,WR,2025,college_data,25.0,0,323.0,2.0,0,0,0,0,0,,0,0,0,0,0,,,,,12.92,,69.30000000000001,
Tyson Edwards,WR,2025,college_data,11.0,0,176.0,0.0,0,0,0,0,0,,0,0,0,0,0,,,,,16.0,,28.6,
Tyson George,WR,2025,college_data,31.0,0,419.0,2.0,0,0,0,0,0,,0,0,0,0,0,,,,,13.516129032258064,,84.9,
Tyson Mobley,WR,2024,college_data,29.0,0,276.0,1.0,0,0,0,0,0,,0,0,0,0,0,,,,,9.517241379310345,,62.6,
Tyson Schilling,WR,2024,college_data,19.0,0,221.0,2.0,0,0,0,0,0,,0,0,0,0,0,,,,,11.631578947368421,,53.1,
Tyson Schilling,WR,2025,college_data,13.0,0,276.0,1.0,0,0,0,0,0,,0,0,0,0,0,,,,,21.23076923076923,,46.6,
Umari Hatcher,WR,2024,college_data,17.0,0,273.0,3.0,0,0,0,0,0,,0,0,0,0,0,,,,,16.058823529411764,,62.3,
Van Jefferson,WR,2020,nflreadpy,25.0,16,266.0,2.0,16,16,16,16,16,0.39041124019872414,16,16,16,16,16,0.8098182423641828,1.0,1.0,16.0,10.64,16.625,63.599999999999994,3.9749999999999996
Van Jefferson,WR,2021,nflreadpy,59.0,63,904.0,6.0,10,10,790,137,23,1.4796971761125246,10,21,18,15,13,0.7659207994563854,0.5463169893896495,0.5925188335360697,21.0,15.322033898305085,43.04761904761905,185.4,8.82857142857143
Van Jefferson,WR,2022,nflreadpy,24.0,44,369.0,3.0,0,0,695,38,20,1.1800790292327292,0,17,13,7,0,0.6527636442885851,0.17231257793022497,0.3364189092840519,10.0,15.375,36.9,78.9,7.890000000000001
Van Jefferson,WR,2023,nflreadpy,20.0,43,209.0,0.0,0,0,686,25,10,-1.2599687340898282,0,8,2,1,1,0.30449010551883865,0.09484307275185926,0.18174397246443533,14.0,10.45,14.928571428571429,40.900000000000006,2.9214285714285717
Van Jefferson,WR,2024,nflreadpy,26.0,42,313.0,3.0,0,0,502,78,13,0.34151041203314497,0,12,5,5,1,0.6701234180747361,0.10044694210642487,0.13122577543058994,16.0,12.038461538461538,19.5625,75.3,4.70625
Van Jefferson,WR,2025,nflreadpy,29.0,52,350.0,1.0,0,0,623,83,17,0.6384604672298441,0,15,6,6,1,1.4578243912303972,0.1203991887651996,0.20002955380960377,14.0,12.068965517241379,25.0,70.0,5.0
Vandrevious Jacobs,WR,2024,college_data,12.0,0,181.0,0.0,0,0,0,0,0,,0,0,0,0,0,,,,,15.083333333333334,,30.1,
Vandrevious Jacobs,WR,2025,college_data,32.0,0,548.0,4.0,0,0,0,0,0,,0,0,0,0,0,,,,,17.125,,110.80000000000001,
Vernell Brown III,WR,2025,college_data,40.0,0,524.0,0.0,0,0,0,0,0,,0,0,0,0,0,,,,,13.1,,92.4,
Victor Snow,WR,2024,college_data,55.0,0,651.0,6.0,0,0,0,0,0,,0,0,0,0,0,,,,,11.836363636363636,,156.10000000000002,
Victor Snow,WR,2025,college_data,62.0,0,815.0,8.0,0,0,0,0,0,,0,0,0,0,0,,,,,13.14516129032258,,191.5,
Vincent Wilkins,WR,2024,college_data,37.0,0,504.0,6.0,0,0,0,0,0,,0,0,0,0,0,,,,,13.621621621621621,,123.4,
Vinny Anthony,WR,2024,college_data,39.0,0,672.0,4.0,0,0,0,0,0,,0,0,0,0,0,,,,,17.23076923076923,,130.2,
Vinny Anthony,WR,2025,college_data,31.0,0,391.0,1.0,0,0,0,0,0,,0,0,0,0,0,,,,,12.612903225806452,,76.1,
Vinson Davis,WR,2024,college_data,38.0,0,396.0,1.0,0,0,0,0,0,,0,0,0,0,0,,,,,10.421052631578947,,83.6,
Vinson Davis,WR,2025,college_data,55.0,0,786.0,5.0,0,0,0,0,0,,0,0,0,0,0,,,,,14.290909090909091,,163.60000000000002,
Vyncint Smith,WR,2019,nflreadpy,17.0,25,225.0,0.0,2,2,274,91,9,-0.2716460949983836,2,8,6,6,2,0.7709766379539565,0.20945102864329357,0.22947309436808275,13.0,13.235294117647058,17.307692307692307,39.5,3.0384615384615383
Waden Charles,WR,2025,college_data,26.0,0,290.0,0.0,0,0,0,0,0,,0,0,0,0,0,,,,,11.153846153846153,,55.0,
Wan'Dale Robinson,WR,2022,nflreadpy,23.0,31,227.0,1.0,0,0,192,126,13,1.963637602734796,0,10,5,0,0,1.5240299823633157,0.17048372815941357,0.12778962392727825,6.0,9.869565217391305,37.833333333333336,51.7,8.616666666666667
Wan'Dale Robinson,WR,2023,nflreadpy,60.0,78,525.0,1.0,0,0,410,287,29,1.4607080479392531,0,20,8,7,0,1.678125222915793,0.18362502453706733,0.13606291969604722,15.0,8.75,35.0,118.5,7.9
Wan'Dale Robinson,WR,2024,nflreadpy,93.0,140,699.0,3.0,0,0,656,361,36,-1.4258538935600635,0,21,7,4,0,1.342545325490324,0.25093455288908684,0.16418856234296056,17.0,7.516129032258065,41.11764705882353,180.9,10.641176470588235
Wan'Dale Robinson,WR,2025,nflreadpy,92.0,140,1014.0,4.0,1,0,1187,386,39,1.2164089443831707,0,34,19,14,2,0.8715331152285384,0.30265772214460096,0.284523664461736,16.0,11.021739130434783,63.375,215.4,13.4625
Wan'Dale Robinson,WR,2026,nflreadpy,16.0,23,123.0,2.0,0,0,129,67,10,1.0661159764058539,0,4,1,0,0,1.1428821879382889,0.19149159663865545,0.1506265664160401,4.0,7.6875,30.75,40.3,10.075
Wayne Harris,WR,2025,college_data,35.0,0,383.0,1.0,0,0,0,0,0,,0,0,0,0,0,,,,,10.942857142857143,,79.30000000000001,
Wesley Carlock,WR,2024,college_data,13.0,0,108.0,1.0,0,0,0,0,0,,0,0,0,0,0,,,,,8.307692307692308,,29.8,
Wesley Garrett,WR,2024,college_data,15.0,0,202.0,1.0,0,0,0,0,0,,0,0,0,0,0,,,,,13.466666666666667,,41.2,
Wesley Garrett,WR,2025,college_data,22.0,0,253.0,0.0,0,0,0,0,0,,0,0,0,0,0,,,,,11.5,,47.3,
Wesley Grimes,WR,2024,college_data,24.0,0,319.0,1.0,0,0,0,0,0,,0,0,0,0,0,,,,,13.291666666666666,,61.900000000000006,
Wesley Grimes,WR,2025,college_data,31.0,0,458.0,3.0,0,0,0,0,0,,0,0,0,0,0,,,,,14.774193548387096,,94.80000000000001,
Will Downes,WR,2024,college_data,18.0,0,267.0,2.0,0,0,0,0,0,,0,0,0,0,0,,,,,14.833333333333334,,56.7,
Will Fuller,WR,2018,nflreadpy,32.0,45,503.0,4.0,0,0,662,166,23,4.480730293644426,0,20,13,7,1,0.9325027210977025,0.21761166506201451,0.32479962686619096,7.0,15.71875,71.85714285714286,106.30000000000001,15.185714285714287
Will Fuller,WR,2019,nflreadpy,54.0,71,759.0,3.0,3,2,1003,220,28,2.784694826388428,2,22,13,12,6,0.7893345208806988,0.3514522823637935,0.42545925778466104,12.0,14.055555555555555,63.25,145.9,12.158333333333333
Will Fuller,WR,2020,nflreadpy,53.0,11,879.0,8.0,11,11,11,11,11,5.820421300592352,11,11,11,11,11,1.0595672425613567,1.0,1.0,11.0,16.58490566037736,79.9090909090909,188.9,17.172727272727272
Will Pauling,WR,2024,college_data,42.0,0,407.0,3.0,0,0,0,0,0,,0,0,0,0,0,,,,,9.69047619047619,,100.7,
Will Pauling,WR,2025,college_data,26.0,0,381.0,6.0,0,0,0,0,0,,0,0,0,0,0,,,,,14.653846153846153,,100.1,
Will Pelissier,WR,2024,college_data,14.0,0,212.0,0.0,0,0,0,0,0,,0,0,0,0,0,,,,,15.142857142857142,,35.2,
Will Secker,WR,2025,college_data,17.0,0,137.0,1.0,0,0,0,0,0,,0,0,0,0,0,,,,,8.058823529411764,,36.7,
Will Sheppard,WR,2024,college_data,48.0,0,621.0,6.0,0,0,0,0,0,,0,0,0,0,0,,,,,12.9375,,146.1,
Willie McCoy,WR,2024,college_data,28.0,0,536.0,4.0,0,0,0,0,0,,0,0,0,0,0,,,,,19.142857142857142,,105.6,
Willie Snead,WR,2018,nflreadpy,65.0,101,701.0,1.0,0,0,832,305,39,0.6160826232637837,0,32,14,6,0,0.9496863824620265,0.19408015317964963,0.1801678358906302,16.0,10.784615384615385,43.8125,141.10000000000002,8.818750000000001
Willie Snead,WR,2019,nflreadpy,37.0,43,395.0,5.0,2,2,394,122,22,0.9811177284785174,2,14,6,6,3,1.0789413804737582,0.2084345668644764,0.21578477826115075,17.0,10.675675675675675,23.235294117647058,106.5,6.264705882352941
Willie Snead,WR,2020,nflreadpy,40.0,15,466.0,3.0,15,15,15,15,15,1.2346481752722651,15,15,15,15,15,1.1208869006420499,1.0,1.0,15.0,11.65,31.066666666666666,104.6,6.973333333333333
Winston Moore,WR,2024,college_data,31.0,0,277.0,0.0,0,0,0,0,0,,0,0,0,0,0,,,,,8.935483870967742,,58.7,
Winston Moore,WR,2025,college_data,25.0,0,376.0,2.0,0,0,0,0,0,,0,0,0,0,0,,,,,15.04,,74.6,
Winston Watkins,WR,2025,college_data,26.0,0,373.0,1.0,0,0,0,0,0,,0,0,0,0,0,,,,,14.346153846153847,,69.30000000000001,
Winston Wright,WR,2024,college_data,54.0,0,556.0,8.0,0,0,0,0,0,,0,0,0,0,0,,,,,10.296296296296296,,157.6,
Wondame Davis Jr.,WR,2025,college_data,25.0,0,604.0,6.0,0,0,0,0,0,,0,0,0,0,0,,,,,24.16,,121.4,
Wyatt Rogers,WR,2025,college_data,14.0,0,195.0,1.0,0,0,0,0,0,,0,0,0,0,0,,,,,13.928571428571429,,39.5,
Wyatt Young,WR,2024,college_data,18.0,0,295.0,2.0,0,0,0,0,0,,0,0,0,0,0,,,,,16.38888888888889,,59.5,
Wyatt Young,WR,2025,college_data,70.0,0,1264.0,10.0,0,0,0,0,0,,0,0,0,0,0,,,,,18.057142857142857,,256.4,
Xavier Daisy,WR,2025,college_data,18.0,0,177.0,1.0,0,0,0,0,0,,0,0,0,0,0,,,,,9.833333333333334,,41.7,
Xavier Gaillardetz,WR,2024,college_data,13.0,0,211.0,3.0,0,0,0,0,0,,0,0,0,0,0,,,,,16.23076923076923,,52.1,
Xavier Gipson,WR,2023,nflreadpy,21.0,38,229.0,0.0,0,0,358,109,9,-0.05303797690774396,0,8,5,4,0,0.6889311983065846,0.06842082784989359,0.08433711566903296,17.0,10.904761904761905,13.470588235294118,43.900000000000006,2.5823529411764707
Xavier Guillory,WR,2024,college_data,22.0,0,339.0,5.0,0,0,0,0,0,,0,0,0,0,0,,,,,15.409090909090908,,85.9,
Xavier Hutchinson,WR,2023,nflreadpy,12.0,23,99.0,0.0,0,0,207,38,3,-0.746191066880812,0,2,2,1,0,0.40952692468821505,0.05335636218264964,0.05397344848977662,14.0,8.25,7.071428571428571,21.9,1.5642857142857143
Xavier Hutchinson,WR,2024,nflreadpy,17.0,33,203.0,0.0,0,0,351,62,8,-0.0928475171866597,0,11,4,1,0,0.6359037952787953,0.06808095786445104,0.07343223726736946,16.0,11.941176470588236,12.6875,37.3,2.33125
Xavier Hutchinson,WR,2025,nflreadpy,41.0,74,493.0,3.0,0,0,740,164,22,-0.42342396845011016,0,20,13,8,0,0.8993642802567624,0.1225882435335946,0.13974182912724833,18.0,12.024390243902438,27.38888888888889,108.30000000000001,6.0166666666666675
Xavier Hutchinson,WR,2026,nflreadpy,12.0,26,166.0,0.0,0,0,361,64,7,0.3766622862603981,0,8,5,3,0,0.49028389471962996,0.19361746361746363,0.2396044303727285,4.0,13.833333333333334,41.5,28.6,7.15
Xavier Legette,WR,2024,nflreadpy,49.0,84,497.0,4.0,0,0,1030,112,27,0.30118423605574046,0,20,10,7,0,0.7329073928749408,0.18531771043956272,0.22483845609215816,15.0,10.142857142857142,33.13333333333333,122.7,8.18
Xavier Legette,WR,2025,nflreadpy,36.0,68,371.0,3.0,1,0,677,79,18,-0.45607364665373895,0,14,7,7,0,0.45543897292638974,0.14079121844542666,0.19212104877235656,16.0,10.305555555555555,23.1875,89.1,5.56875
Xavier Loyd,WR,2024,college_data,64.0,0,885.0,6.0,0,0,0,0,0,,0,0,0,0,0,,,,,13.828125,,188.5,
Xavier Restrepo,WR,2024,college_data,69.0,0,1127.0,11.0,0,0,0,0,0,,0,0,0,0,0,,,,,16.333333333333332,,247.7,
Xavier Smith,WR,2025,nflreadpy,18.0,24,303.0,0.0,0,0,405,107,11,2.1934939986560495,0,8,6,5,2,0.6670830558755088,0.038559998524544614,0.06456055075080412,19.0,16.833333333333332,15.947368421052632,48.3,2.5421052631578944
Xavier Townsend,WR,2025,college_data,18.0,0,243.0,0.0,0,0,0,0,0,,0,0,0,0,0,,,,,13.5,,42.3,
Xavier Worthy,WR,2024,nflreadpy,78.0,119,925.0,9.0,0,0,1073,519,49,2.1692107610468425,0,38,15,10,3,1.67901892436962,0.19139163983439178,0.2516539516878252,19.0,11.85897435897436,48.68421052631579,224.5,11.81578947368421
Xavier Worthy,WR,2025,nflreadpy,42.0,73,532.0,1.0,0,0,944,193,22,1.059143740614554,0,20,11,9,1,0.5771371982380659,0.16056959397469212,0.2675937548079978,14.0,12.666666666666666,38.0,101.2,7.228571428571429
Xavier Worthy,WR,2026,nflreadpy,14.0,22,133.0,1.0,0,0,210,65,6,-0.8348972678577411,0,5,3,1,1,0.8001821548017201,0.18725161966820209,0.22312253827846512,4.0,9.5,33.25,33.3,8.325
Xayvion Noland,WR,2025,college_data,37.0,0,776.0,7.0,0,0,0,0,0,,0,0,0,0,0,,,,,20.972972972972972,,156.60000000000002,
Xzavier Henderson,WR,2024,college_data,58.0,0,735.0,4.0,0,0,0,0,0,,0,0,0,0,0,,,,,12.672413793103448,,155.5,
Yamir Knight,WR,2024,college_data,52.0,0,605.0,4.0,0,0,0,0,0,,0,0,0,0,0,,,,,11.634615384615385,,136.5,
Yamir Knight,WR,2025,college_data,54.0,0,637.0,5.0,0,0,0,0,0,,0,0,0,0,0,,,,,11.796296296296296,,147.7,
Yannick Smith,WR,2024,college_data,25.0,0,434.0,3.0,0,0,0,0,0,,0,0,0,0,0,,,,,17.36,,86.4,
Yannick Smith,WR,2025,college_data,44.0,0,583.0,5.0,0,0,0,0,0,,0,0,0,0,0,,,,,13.25,,132.3,
Yulkeith Brown,WR,2024,college_data,35.0,0,470.0,4.0,0,0,0,0,0,,0,0,0,0,0,,,,,13.428571428571429,,106.0,
Zach Jones,WR,2025,college_data,15.0,0,269.0,5.0,0,0,0,0,0,,0,0,0,0,0,,,,,17.933333333333334,,71.9,
Zach Pascal,WR,2018,nflreadpy,29.0,52,281.0,2.0,0,0,515,90,15,-0.8930701665641224,0,13,5,1,0,0.8165049557180022,0.07533422085011289,0.08346176781092556,16.0,9.689655172413794,17.5625,69.1,4.31875
Zach Pascal,WR,2019,nflreadpy,41.0,68,607.0,5.0,2,2,765,228,30,1.4513688425699256,3,26,19,13,2,0.7018270789915076,0.2503942213860692,0.29392479163665786,16.0,14.804878048780488,37.9375,133.7,8.35625
Zach Pascal,WR,2020,nflreadpy,47.0,17,666.0,6.0,17,17,17,17,17,1.4944456186513861,17,17,17,17,17,0.9299960224417188,1.0,1.0,17.0,14.170212765957446,39.1764705882353,149.60000000000002,8.8
Zach Pascal,WR,2021,nflreadpy,38.0,21,384.0,3.0,12,12,96,21,13,-0.8042564580944194,12,13,13,13,12,0.6109420918098692,0.7784580721003135,0.7857336406713814,16.0,10.105263157894736,24.0,94.4,5.9
Zach Pascal,WR,2022,nflreadpy,18.0,23,165.0,1.0,0,0,136,88,10,0.06359584427361066,0,5,2,2,0,1.1990038314176246,0.042713714632704576,0.028340920579063827,18.0,9.166666666666666,9.166666666666666,40.5,2.25
Zachariah Branch,WR,2024,college_data,47.0,0,503.0,1.0,0,0,0,0,0,,0,0,0,0,0,,,,,10.702127659574469,,103.30000000000001,
Zachariah Branch,WR,2025,college_data,81.0,0,811.0,6.0,0,0,0,0,0,,0,0,0,0,0,,,,,10.012345679012345,,198.10000000000002,
Zachary Dodson-Green,WR,2025,college_data,36.0,0,290.0,1.0,0,0,0,0,0,,0,0,0,0,0,,,,,8.055555555555555,,71.0,
Zachary Kim,WR,2025,college_data,32.0,0,423.0,5.0,0,0,0,0,0,,0,0,0,0,0,,,,,13.21875,,104.30000000000001,
Zachary Mitchell,WR,2025,college_data,11.0,0,91.0,0.0,0,0,0,0,0,,0,0,0,0,0,,,,,8.272727272727273,,20.1,
Zackary Drawdy,WR,2025,college_data,17.0,0,167.0,0.0,0,0,0,0,0,,0,0,0,0,0,,,,,9.823529411764707,,33.7,
Zaden Jackson,WR,2025,college_data,15.0,0,152.0,1.0,0,0,0,0,0,,0,0,0,0,0,,,,,10.133333333333333,,36.2,
Zakhari Franklin,WR,2024,college_data,56.0,0,658.0,4.0,0,0,0,0,0,,0,0,0,0,0,,,,,11.75,,145.8,
Zavion Taylor,WR,2024,college_data,33.0,0,291.0,2.0,0,0,0,0,0,,0,0,0,0,0,,,,,8.818181818181818,,74.1,
Zavion Thomas,WR,2024,college_data,23.0,0,218.0,2.0,0,0,0,0,0,,0,0,0,0,0,,,,,9.478260869565217,,56.8,
Zavion Thomas,WR,2025,college_data,41.0,0,488.0,4.0,0,0,0,0,0,,0,0,0,0,0,,,,,11.902439024390244,,113.80000000000001,
Zay Flowers,WR,2023,nflreadpy,86.0,121,1014.0,6.0,1,1,1053,435,47,1.664395115371943,1,36,21,14,5,1.125840783695348,0.23854861946319797,0.24139625270552909,18.0,11.790697674418604,56.333333333333336,223.4,12.411111111111111
Zay Flowers,WR,2024,nflreadpy,74.0,116,1059.0,4.0,0,0,1207,463,48,2.6268640686963494,0,45,26,19,4,1.038644312628782,0.2542485451049339,0.2649792429631046,17.0,14.31081081081081,62.294117647058826,203.9,11.994117647058824
Zay Flowers,WR,2025,nflreadpy,86.0,118,1211.0,5.0,3,3,1204,458,48,2.7284825093177765,0,43,28,19,4,1.2313294204486738,0.2988172538071384,0.36047907061019185,17.0,14.081395348837209,71.23529411764706,231.10000000000002,13.594117647058825
Zay Flowers,WR,2026,nflreadpy,18.0,22,352.0,2.0,0,0,224,165,14,7.994775677520724,0,13,9,6,3,1.5628149628149626,0.29827586206896556,0.3408817236727482,3.0,19.555555555555557,117.33333333333333,65.2,21.733333333333334
Zay Jones,WR,2018,nflreadpy,56.0,102,652.0,7.0,1,0,1226,142,33,0.030686053598636964,1,29,10,7,1,0.6544427598325733,0.21406119811671953,0.24888876043225558,16.0,11.642857142857142,40.75,163.2,10.2
Zay Jones,WR,2019,nflreadpy,27.0,42,216.0,0.0,2,2,453,77,11,-1.0869201227705494,2,10,4,4,2,0.8949397330708047,0.233260756161734,0.2576700494887507,14.0,8.0,15.428571428571429,48.6,3.4714285714285715
Zay Jones,WR,2020,nflreadpy,14.0,11,154.0,1.0,11,11,11,11,11,-0.11626646217773669,11,11,11,11,11,0.7370927318295739,1.0,1.0,11.0,11.0,14.0,35.4,3.2181818181818183
Zay Jones,WR,2021,nflreadpy,52.0,64,607.0,2.0,10,10,669,89,32,0.6482678496512895,9,26,13,11,10,1.4464625592233846,0.6618668209443749,0.7052161134231856,16.0,11.673076923076923,37.9375,122.69999999999999,7.668749999999999
Zay Jones,WR,2022,nflreadpy,95.0,141,980.0,6.0,0,0,1235,313,49,2.2233873621699587,1,37,16,9,1,0.8689266822789024,0.21634563561775688,0.26253437062959084,18.0,10.31578947368421,54.44444444444444,231.0,12.833333333333334
Zay Jones,WR,2023,nflreadpy,34.0,64,321.0,2.0,0,0,871,51,14,-0.4907343039155194,0,12,5,3,0,0.4902822678589593,0.17901897934844435,0.26651557071488674,9.0,9.441176470588236,35.666666666666664,78.1,8.677777777777777
Zay Jones,WR,2025,nflreadpy,12.0,18,183.0,0.0,0,0,241,36,7,0.9337535095401108,0,7,6,4,1,0.8053595261928596,0.08489951000092988,0.142228734984404,6.0,15.25,30.5,30.3,5.05
Zay Perkins,WR,2024,college_data,14.0,0,152.0,0.0,0,0,0,0,0,,0,0,0,0,0,,,,,10.857142857142858,,29.200000000000003,
Zay Perkins,WR,2025,college_data,12.0,0,207.0,1.0,0,0,0,0,0,,0,0,0,0,0,,,,,17.25,,38.7,
Zeriah Beason,WR,2024,college_data,16.0,0,208.0,0.0,0,0,0,0,0,,0,0,0,0,0,,,,,13.0,,36.8,
Zimere Winston,WR,2024,college_data,15.0,0,223.0,1.0,0,0,0,0,0,,0,0,0,0,0,,,,,14.866666666666667,,43.3,
Zimere Winston,WR,2025,college_data,17.0,0,309.0,3.0,0,0,0,0,0,,0,0,0,0,0,,,,,18.176470588235293,,65.9,
Zion Booker,WR,2024,college_data,39.0,0,540.0,4.0,0,0,0,0,0,,0,0,0,0,0,,,,,13.846153846153847,,117.0,
Zion Booker,WR,2025,college_data,46.0,0,418.0,2.0,0,0,0,0,0,,0,0,0,0,0,,,,,9.08695652173913,,99.80000000000001,
Zion Steptoe,WR,2024,college_data,15.0,0,203.0,0.0,0,0,0,0,0,,0,0,0,0,0,,,,,13.533333333333333,,35.3,
Zion Steptoe,WR,2025,college_data,21.0,0,272.0,0.0,0,0,0,0,0,,0,0,0,0,0,,,,,12.952380952380953,,48.2,
Zion Taylor,WR,2025,college_data,11.0,0,129.0,1.0,0,0,0,0,0,,0,0,0,0,0,,,,,11.727272727272727,,29.9,
Zoe Roberts,WR,2024,college_data,12.0,0,194.0,1.0,0,0,0,0,0,,0,0,0,0,0,,,,,16.166666666666668,,37.400000000000006,
Zycarl Lewis Jr.,WR,2025,college_data,24.0,0,330.0,2.0,0,0,0,0,0,,0,0,0,0,0,,,,,13.75,,69.0,
Zyheem Collick,WR,2025,college_data,35.0,0,670.0,4.0,0,0,0,0,0,,0,0,0,0,0,,,,,19.142857142857142,,126.0,
